Date,Rainfall (mm)
01/01/1990,0
02/01/1990,0
03/01/1990,0
04/01/1990,0
05/01/1990,0
06/01/1990,0
07/01/1990,0
08/01/1990,0
09/01/1990,0
10/01/1990,0
11/01/1990,0
12/01/1990,0
13/01/1990,0
14/01/1990,0
15/01/1990,0
16/01/1990,0
17/01/1990,0
18/01/1990,0
19/01/1990,0
20/01/1990,2.310227156
21/01/1990,4.286177635
22/01/1990,0
23/01/1990,0
24/01/1990,2.143088818
25/01/1990,0
26/01/1990,0
27/01/1990,0
28/01/1990,0
29/01/1990,0
30/01/1990,0
31/01/1990,0
01/02/1990,0
02/02/1990,1.789526463
03/02/1990,0
04/02/1990,0
05/02/1990,0
06/02/1990,0
07/02/1990,0
08/02/1990,0
09/02/1990,1.596365213
10/02/1990,0
11/02/1990,0
12/02/1990,0
13/02/1990,0
14/02/1990,0
15/02/1990,0
16/02/1990,0
17/02/1990,0
18/02/1990,2.093807697
19/02/1990,1.744839787
20/02/1990,0
21/02/1990,0
22/02/1990,0
23/02/1990,2.747813463
24/02/1990,0
25/02/1990,0
26/02/1990,0
27/02/1990,0
28/02/1990,0
01/03/1990,0
02/03/1990,0
03/03/1990,0
04/03/1990,0
05/03/1990,0
06/03/1990,0
07/03/1990,0
08/03/1990,0
09/03/1990,0
10/03/1990,0
11/03/1990,0
12/03/1990,0
13/03/1990,0
14/03/1990,0
15/03/1990,0
16/03/1990,0
17/03/1990,0
18/03/1990,0
19/03/1990,0
20/03/1990,2.126705647
21/03/1990,0
22/03/1990,0
23/03/1990,0
24/03/1990,0
25/03/1990,0
26/03/1990,0
27/03/1990,0
28/03/1990,0
29/03/1990,0
30/03/1990,5.226961136
31/03/1990,0
01/04/1990,0
02/04/1990,0
03/04/1990,0
04/04/1990,3.467292547
05/04/1990,6.934585094
06/04/1990,1.139983058
07/04/1990,15.85433006
08/04/1990,9.310959816
09/04/1990,0
10/04/1990,0
11/04/1990,0
12/04/1990,1.458977461
13/04/1990,7.294886112
14/04/1990,7.294886112
15/04/1990,5.835909843
16/04/1990,13.78009987
17/04/1990,0
18/04/1990,0
19/04/1990,6.890049934
20/04/1990,0
21/04/1990,0.477115929
22/04/1990,1.695465565
23/04/1990,6.662583351
24/04/1990,18.5223217
25/04/1990,0
26/04/1990,0
27/04/1990,0
28/04/1990,6.279831886
29/04/1990,0
30/04/1990,0
01/05/1990,0
02/05/1990,0
03/05/1990,16.09673119
04/05/1990,9.198132515
05/05/1990,0
06/05/1990,8.24900341
07/05/1990,0
08/05/1990,8.24900341
09/05/1990,0
10/05/1990,18.85486603
11/05/1990,4.996254921
12/05/1990,0
13/05/1990,7.200485706
14/05/1990,14.84181595
15/05/1990,6.612690449
16/05/1990,4.232694149
17/05/1990,0
18/05/1990,0
19/05/1990,0
20/05/1990,0
21/05/1990,9.451465607
22/05/1990,0
23/05/1990,0
24/05/1990,4.725732803
25/05/1990,4.725732803
26/05/1990,0
27/05/1990,3.893141747
28/05/1990,0
29/05/1990,3.893141747
30/05/1990,0
31/05/1990,0
01/06/1990,6.487607002
02/06/1990,6.487607002
03/06/1990,19.46282005
04/06/1990,0
05/06/1990,0
06/06/1990,0
07/06/1990,8.866117477
08/06/1990,0
09/06/1990,8.866117477
10/06/1990,0
11/06/1990,0
12/06/1990,0
13/06/1990,13.62414455
14/06/1990,0
15/06/1990,13.62414455
16/06/1990,0
17/06/1990,0
18/06/1990,0
19/06/1990,0
20/06/1990,0
21/06/1990,8.925479889
22/06/1990,0
23/06/1990,0
24/06/1990,8.925479889
25/06/1990,8.925479889
26/06/1990,9.496273994
27/06/1990,9.496273994
28/06/1990,9.496273994
29/06/1990,0
30/06/1990,0
01/07/1990,16.40239143
02/07/1990,0
03/07/1990,4.100597858
04/07/1990,4.100597858
05/07/1990,4.100597858
06/07/1990,5.276211739
07/07/1990,5.276211739
08/07/1990,0
09/07/1990,0
10/07/1990,0
11/07/1990,0
12/07/1990,7.301539421
13/07/1990,0
14/07/1990,0
15/07/1990,10.95230961
16/07/1990,9.317698479
17/07/1990,0
18/07/1990,4.658849239
19/07/1990,9.317698479
20/07/1990,0
21/07/1990,5.506482601
22/07/1990,5.506482601
23/07/1990,11.0129652
24/07/1990,5.506482601
25/07/1990,0
26/07/1990,8.678805351
27/07/1990,0
28/07/1990,15.18790817
29/07/1990,0
30/07/1990,15.18790817
31/07/1990,30.37581635
01/08/1990,0
02/08/1990,0
03/08/1990,9.576648712
04/08/1990,0
05/08/1990,9.576648712
06/08/1990,6.043802261
07/08/1990,6.907202721
08/08/1990,6.043802261
09/08/1990,6.043802261
10/08/1990,0
11/08/1990,0
12/08/1990,5.460460663
13/08/1990,5.460460663
14/08/1990,0
15/08/1990,0
16/08/1990,5.75427103
17/08/1990,5.75427103
18/08/1990,5.75427103
19/08/1990,0
20/08/1990,0
21/08/1990,5.995831013
22/08/1990,11.99166203
23/08/1990,11.99166203
24/08/1990,5.995831013
25/08/1990,0
26/08/1990,12.4431963
27/08/1990,0
28/08/1990,6.221598148
29/08/1990,6.221598148
30/08/1990,12.4431963
31/08/1990,0
01/09/1990,6.607141495
02/09/1990,13.21428299
03/09/1990,6.607141495
04/09/1990,19.82142448
05/09/1990,0
06/09/1990,7.79730463
07/09/1990,7.79730463
08/09/1990,7.79730463
09/09/1990,7.79730463
10/09/1990,7.79730463
11/09/1990,0
12/09/1990,0
13/09/1990,21.20420456
14/09/1990,0
15/09/1990,27.83051682
16/09/1990,10.63354969
17/09/1990,0
18/09/1990,0
19/09/1990,0
20/09/1990,21.26709938
21/09/1990,9.126745224
22/09/1990,0
23/09/1990,9.126745224
24/09/1990,0
25/09/1990,18.25349045
26/09/1990,10.62015629
27/09/1990,0
28/09/1990,10.62015629
29/09/1990,0
30/09/1990,10.62015629
01/10/1990,0
02/10/1990,0
03/10/1990,0
04/10/1990,4.931097031
05/10/1990,9.862194061
06/10/1990,0
07/10/1990,2.97410655
08/10/1990,11.8964262
09/10/1990,0
10/10/1990,0
11/10/1990,5.689700603
12/10/1990,0
13/10/1990,5.689700603
14/10/1990,17.06910133
15/10/1990,5.689700603
16/10/1990,4.417058468
17/10/1990,0
18/10/1990,8.834116936
19/10/1990,0
20/10/1990,0
21/10/1990,0
22/10/1990,7.536718845
23/10/1990,0
24/10/1990,2.512239695
25/10/1990,2.512239695
26/10/1990,0
27/10/1990,0
28/10/1990,0
29/10/1990,0
30/10/1990,0
31/10/1990,5.593488216
01/11/1990,3.545991659
02/11/1990,0
03/11/1990,0
04/11/1990,0
05/11/1990,0
06/11/1990,1.721703529
07/11/1990,0
08/11/1990,0
09/11/1990,0
10/11/1990,0
11/11/1990,0
12/11/1990,0
13/11/1990,0.842862725
14/11/1990,0.561908424
15/11/1990,0
16/11/1990,0
17/11/1990,0
18/11/1990,0
19/11/1990,0
20/11/1990,0
21/11/1990,0
22/11/1990,0
23/11/1990,0
24/11/1990,0
25/11/1990,0
26/11/1990,0
27/11/1990,0
28/11/1990,0
29/11/1990,0
30/11/1990,0
01/12/1990,0
02/12/1990,0
03/12/1990,0
04/12/1990,0
05/12/1990,0
06/12/1990,0
07/12/1990,0
08/12/1990,0
09/12/1990,0
10/12/1990,0
11/12/1990,1.888599992
12/12/1990,3.777199984
13/12/1990,3.777199984
14/12/1990,3.777199984
15/12/1990,0
16/12/1990,0
17/12/1990,0
18/12/1990,0
19/12/1990,0
20/12/1990,0
21/12/1990,0
22/12/1990,4.837591648
23/12/1990,5.52867651
24/12/1990,0
25/12/1990,0
26/12/1990,0
27/12/1990,0
28/12/1990,0
29/12/1990,0
30/12/1990,5.020766258
31/12/1990,0
01/01/1991,0
02/01/1991,0
03/01/1991,0
04/01/1991,0
05/01/1991,0
06/01/1991,0
07/01/1991,0
08/01/1991,0
09/01/1991,0
10/01/1991,0
11/01/1991,0
12/01/1991,0
13/01/1991,0
14/01/1991,0
15/01/1991,0
16/01/1991,0
17/01/1991,0
18/01/1991,0
19/01/1991,0
20/01/1991,0
21/01/1991,0
22/01/1991,0
23/01/1991,0
24/01/1991,0
25/01/1991,0
26/01/1991,0
27/01/1991,0
28/01/1991,0
29/01/1991,0
30/01/1991,0
31/01/1991,0
01/02/1991,0
02/02/1991,0
03/02/1991,0
04/02/1991,2.388583183
05/02/1991,0
06/02/1991,0
07/02/1991,2.497638226
08/02/1991,2.497638226
09/02/1991,1.248819113
10/02/1991,0
11/02/1991,0
12/02/1991,0
13/02/1991,5.114461422
14/02/1991,1.704820514
15/02/1991,1.704820514
16/02/1991,1.526314616
17/02/1991,0
18/02/1991,1.526314616
19/02/1991,0
20/02/1991,1.526314616
21/02/1991,1.987506032
22/02/1991,0
23/02/1991,1.987506032
24/02/1991,0
25/02/1991,0
26/02/1991,0
27/02/1991,2.480807543
28/02/1991,1.240403771
01/03/1991,0
02/03/1991,4.78118372
03/03/1991,0
04/03/1991,0
05/03/1991,0
06/03/1991,0
07/03/1991,0
08/03/1991,0
09/03/1991,0
10/03/1991,0
11/03/1991,0
12/03/1991,10.69110394
13/03/1991,3.563701391
14/03/1991,0
15/03/1991,10.69110394
16/03/1991,0
17/03/1991,2.507265329
18/03/1991,7.521795273
19/03/1991,0
20/03/1991,0
21/03/1991,2.173067331
22/03/1991,2.173067331
23/03/1991,0
24/03/1991,0
25/03/1991,0
26/03/1991,0
27/03/1991,0
28/03/1991,0
29/03/1991,0
30/03/1991,0
31/03/1991,0
01/04/1991,22.83405113
02/04/1991,4.526865959
03/04/1991,0
04/04/1991,0
05/04/1991,5.059439182
06/04/1991,5.420535088
07/04/1991,5.420535088
08/04/1991,0
09/04/1991,10.84107018
10/04/1991,5.420535088
11/04/1991,0
12/04/1991,0
13/04/1991,3.950036764
14/04/1991,11.85011101
15/04/1991,0
16/04/1991,0
17/04/1991,0
18/04/1991,12.77063847
19/04/1991,0
20/04/1991,8.513758659
21/04/1991,0
22/04/1991,0
23/04/1991,0
24/04/1991,0
25/04/1991,14.78421974
26/04/1991,0
27/04/1991,6.776918888
28/04/1991,13.55383778
29/04/1991,0
30/04/1991,20.33075714
01/05/1991,0
02/05/1991,3.254442453
03/05/1991,0
04/05/1991,9.763326645
05/05/1991,3.719362736
06/05/1991,7.006380558
07/05/1991,0
08/05/1991,0
09/05/1991,7.006380558
10/05/1991,8.007291794
11/05/1991,0
12/05/1991,6.050798893
13/05/1991,6.050798893
14/05/1991,3.025399446
15/05/1991,6.050798893
16/05/1991,3.94362855
17/05/1991,10.35202503
18/05/1991,13.80270004
19/05/1991,11.83088589
20/05/1991,6.901350021
21/05/1991,0
22/05/1991,0
23/05/1991,4.79429245
24/05/1991,9.5885849
25/05/1991,9.5885849
26/05/1991,3.028452158
27/05/1991,3.461088181
28/05/1991,12.11380863
29/05/1991,0
30/05/1991,3.028452158
31/05/1991,3.028452158
01/06/1991,12.89788532
02/06/1991,0
03/06/1991,6.448942661
04/06/1991,0
05/06/1991,0
06/06/1991,6.084963322
07/06/1991,24.33985329
08/06/1991,0
09/06/1991,0
10/06/1991,0
11/06/1991,9.032987595
12/06/1991,0
13/06/1991,4.516493797
14/06/1991,4.516493797
15/06/1991,0
16/06/1991,0
17/06/1991,9.39545536
18/06/1991,0
19/06/1991,0
20/06/1991,18.79091072
21/06/1991,0
22/06/1991,13.49909306
23/06/1991,0
24/06/1991,0
25/06/1991,0
26/06/1991,6.390975952
27/06/1991,0
28/06/1991,0
29/06/1991,0
30/06/1991,19.17292786
01/07/1991,5.923359394
02/07/1991,23.69343758
03/07/1991,0
04/07/1991,11.84671879
05/07/1991,0
06/07/1991,0
07/07/1991,0
08/07/1991,0
09/07/1991,9.084503174
10/07/1991,0
11/07/1991,0
12/07/1991,16.8795433
13/07/1991,19.29090881
14/07/1991,8.439771652
15/07/1991,0
16/07/1991,4.689572811
17/07/1991,4.689572811
18/07/1991,9.379145622
19/07/1991,4.689572811
20/07/1991,4.689572811
21/07/1991,6.058793068
22/07/1991,6.058793068
23/07/1991,0
24/07/1991,0
25/07/1991,12.11758614
26/07/1991,11.14741325
27/07/1991,0
28/07/1991,0
29/07/1991,0
30/07/1991,0
31/07/1991,0
01/08/1991,0
02/08/1991,0
03/08/1991,13.14751244
04/08/1991,0
05/08/1991,15.02573013
06/08/1991,0
07/08/1991,0
08/08/1991,0
09/08/1991,0
10/08/1991,0
11/08/1991,0
12/08/1991,0
13/08/1991,35.19530869
14/08/1991,0
15/08/1991,0
16/08/1991,0
17/08/1991,18.34930992
18/08/1991,9.174654961
19/08/1991,0
20/08/1991,27.52396584
21/08/1991,0
22/08/1991,0
23/08/1991,0
24/08/1991,0
25/08/1991,0
26/08/1991,0
27/08/1991,0
28/08/1991,16.55950737
29/08/1991,0
30/08/1991,0
31/08/1991,0
01/09/1991,9.40557003
02/09/1991,0
03/09/1991,0
04/09/1991,18.81114006
05/09/1991,0
06/09/1991,13.29156017
07/09/1991,0
08/09/1991,0
09/09/1991,13.29156017
10/09/1991,13.29156017
11/09/1991,14.70894146
12/09/1991,22.06341362
13/09/1991,14.70894146
14/09/1991,14.70894146
15/09/1991,7.35447073
16/09/1991,7.117255211
17/09/1991,14.23451042
18/09/1991,7.117255211
19/09/1991,14.23451042
20/09/1991,28.46902084
21/09/1991,12.43074036
22/09/1991,6.215370178
23/09/1991,6.215370178
24/09/1991,12.43074036
25/09/1991,6.215370178
26/09/1991,10.26095772
27/09/1991,0
28/09/1991,0
29/09/1991,10.26095772
30/09/1991,10.26095772
01/10/1991,4.589815617
02/10/1991,18.35926247
03/10/1991,18.35926247
04/10/1991,4.589815617
05/10/1991,4.589815617
06/10/1991,4.174478531
07/10/1991,4.174478531
08/10/1991,0
09/10/1991,0
10/10/1991,0
11/10/1991,0
12/10/1991,0
13/10/1991,0
14/10/1991,3.280965567
15/10/1991,3.280965567
16/10/1991,6.807779312
17/10/1991,6.807779312
18/10/1991,6.807779312
19/10/1991,0
20/10/1991,0
21/10/1991,16.72066307
22/10/1991,8.360331535
23/10/1991,0
24/10/1991,0
25/10/1991,0
26/10/1991,0
27/10/1991,4.427426338
28/10/1991,4.427426338
29/10/1991,0
30/10/1991,4.427426338
31/10/1991,4.427426338
01/11/1991,2.576495647
02/11/1991,0
03/11/1991,0
04/11/1991,0
05/11/1991,0
06/11/1991,0
07/11/1991,0
08/11/1991,0
09/11/1991,0
10/11/1991,0
11/11/1991,0.539066792
12/11/1991,0
13/11/1991,0
14/11/1991,0
15/11/1991,0
16/11/1991,0
17/11/1991,0
18/11/1991,0
19/11/1991,0
20/11/1991,0
21/11/1991,0
22/11/1991,0
23/11/1991,0
24/11/1991,0
25/11/1991,0
26/11/1991,0
27/11/1991,0
28/11/1991,0
29/11/1991,0
30/11/1991,0
01/12/1991,0
02/12/1991,0
03/12/1991,0
04/12/1991,0
05/12/1991,0
06/12/1991,0
07/12/1991,0
08/12/1991,0
09/12/1991,0
10/12/1991,0
11/12/1991,0
12/12/1991,0
13/12/1991,0
14/12/1991,0
15/12/1991,0
16/12/1991,0
17/12/1991,0
18/12/1991,0
19/12/1991,0
20/12/1991,0
21/12/1991,3.361931086
22/12/1991,3.361931086
23/12/1991,0
24/12/1991,0
25/12/1991,0
26/12/1991,0
27/12/1991,0
28/12/1991,0
29/12/1991,0
30/12/1991,0
31/12/1991,0
01/01/1992,0
02/01/1992,0
03/01/1992,0
04/01/1992,0
05/01/1992,0
06/01/1992,0
07/01/1992,0
08/01/1992,0
09/01/1992,0
10/01/1992,0
11/01/1992,0
12/01/1992,0
13/01/1992,0
14/01/1992,0
15/01/1992,0
16/01/1992,0
17/01/1992,0
18/01/1992,0
19/01/1992,0
20/01/1992,0
21/01/1992,0
22/01/1992,0
23/01/1992,0
24/01/1992,0
25/01/1992,0
26/01/1992,0
27/01/1992,0
28/01/1992,0
29/01/1992,0
30/01/1992,0
31/01/1992,0
01/02/1992,0
02/02/1992,0
03/02/1992,0
04/02/1992,0
05/02/1992,0
06/02/1992,0
07/02/1992,0
08/02/1992,0
09/02/1992,0
10/02/1992,0
11/02/1992,0
12/02/1992,0
13/02/1992,0
14/02/1992,0
15/02/1992,0
16/02/1992,0
17/02/1992,0
18/02/1992,0
19/02/1992,0
20/02/1992,0
21/02/1992,0
22/02/1992,0
23/02/1992,0
24/02/1992,0
25/02/1992,0
26/02/1992,0
27/02/1992,0
28/02/1992,0
29/02/1992,0
01/03/1992,0.501289487
02/03/1992,0
03/03/1992,0
04/03/1992,0
05/03/1992,0.207430124
06/03/1992,0.664795876
07/03/1992,0.664795876
08/03/1992,0
09/03/1992,0
10/03/1992,0
11/03/1992,0
12/03/1992,0
13/03/1992,0
14/03/1992,0
15/03/1992,0
16/03/1992,0
17/03/1992,0
18/03/1992,0
19/03/1992,1.877756119
20/03/1992,0
21/03/1992,1.782583237
22/03/1992,0
23/03/1992,0
24/03/1992,0
25/03/1992,0
26/03/1992,0
27/03/1992,7.268681526
28/03/1992,0
29/03/1992,0
30/03/1992,0
31/03/1992,0
01/04/1992,0
02/04/1992,0
03/04/1992,6.161058426
04/04/1992,3.520605087
05/04/1992,6.161058426
06/04/1992,20.13731384
07/04/1992,5.3350811
08/04/1992,2.458321333
09/04/1992,0
10/04/1992,0.679961205
11/04/1992,9.196469307
12/04/1992,6.130979538
13/04/1992,0
14/04/1992,0
15/04/1992,0
16/04/1992,4.776566505
17/04/1992,8.358990669
18/04/1992,0
19/04/1992,4.179495335
20/04/1992,0
21/04/1992,13.57830811
22/04/1992,0
23/04/1992,0
24/04/1992,0
25/04/1992,0
26/04/1992,0
27/04/1992,0
28/04/1992,2.993929625
29/04/1992,0
30/04/1992,0
01/05/1992,0
02/05/1992,0
03/05/1992,8.79852581
04/05/1992,0
05/05/1992,10.05545902
06/05/1992,0
07/05/1992,10.39100838
08/05/1992,5.937719345
09/05/1992,0
10/05/1992,5.195504189
11/05/1992,0
12/05/1992,0
13/05/1992,16.96777534
14/05/1992,0
15/05/1992,11.31184959
16/05/1992,2.884232521
17/05/1992,5.768465042
18/05/1992,0
19/05/1992,0
20/05/1992,11.53693008
21/05/1992,8.39012146
22/05/1992,0
23/05/1992,0
24/05/1992,0
25/05/1992,5.593414307
26/05/1992,0
27/05/1992,0
28/05/1992,0
29/05/1992,9.110628128
30/05/1992,0
31/05/1992,9.110628128
01/06/1992,0
02/06/1992,7.132221699
03/06/1992,0
04/06/1992,7.132221699
05/06/1992,0
06/06/1992,7.599288464
07/06/1992,15.19857693
08/06/1992,15.19857693
09/06/1992,0
10/06/1992,0
11/06/1992,0
12/06/1992,0
13/06/1992,0
14/06/1992,8.918207169
15/06/1992,0
16/06/1992,18.36513901
17/06/1992,9.182569504
18/06/1992,0
19/06/1992,0
20/06/1992,9.182569504
21/06/1992,17.33557701
22/06/1992,0
23/06/1992,0
24/06/1992,0
25/06/1992,0
26/06/1992,0
27/06/1992,0
28/06/1992,0
29/06/1992,0
30/06/1992,0
01/07/1992,0
02/07/1992,0
03/07/1992,0
04/07/1992,0
05/07/1992,0
06/07/1992,0
07/07/1992,6.467270374
08/07/1992,12.93454075
09/07/1992,6.467270374
10/07/1992,0
11/07/1992,3.677929163
12/07/1992,9.130778313
13/07/1992,5.507744312
14/07/1992,6.550738811
15/07/1992,8.289065361
16/07/1992,0
17/07/1992,20.65945244
18/07/1992,0
19/07/1992,17.29037285
20/07/1992,0
21/07/1992,0
22/07/1992,0
23/07/1992,7.365816593
24/07/1992,7.365816593
25/07/1992,0
26/07/1992,0
27/07/1992,0
28/07/1992,0
29/07/1992,0
30/07/1992,0
31/07/1992,0
01/08/1992,0
02/08/1992,0
03/08/1992,0
04/08/1992,0
05/08/1992,0
06/08/1992,0
07/08/1992,44.39922333
08/08/1992,0
09/08/1992,0
10/08/1992,0
11/08/1992,0
12/08/1992,18.87088394
13/08/1992,9.435441971
14/08/1992,0
15/08/1992,0
16/08/1992,5.939839363
17/08/1992,5.939839363
18/08/1992,11.87967873
19/08/1992,0
20/08/1992,0
21/08/1992,0
22/08/1992,0
23/08/1992,0
24/08/1992,0
25/08/1992,10.02280045
26/08/1992,0
27/08/1992,0
28/08/1992,0
29/08/1992,0
30/08/1992,0
31/08/1992,0
01/09/1992,0
02/09/1992,0
03/09/1992,0
04/09/1992,27.08033752
05/09/1992,0
06/09/1992,0
07/09/1992,0
08/09/1992,32.30592728
09/09/1992,10.76864243
10/09/1992,0
11/09/1992,0
12/09/1992,18.75184441
13/09/1992,0
14/09/1992,18.75184441
15/09/1992,0
16/09/1992,11.27513409
17/09/1992,9.86574173
18/09/1992,19.73148346
19/09/1992,9.86574173
20/09/1992,19.73148346
21/09/1992,0
22/09/1992,13.3475132
23/09/1992,0
24/09/1992,13.3475132
25/09/1992,13.3475132
26/09/1992,3.785225153
27/09/1992,0
28/09/1992,34.06702423
29/09/1992,26.17442703
30/09/1992,17.95968628
01/10/1992,0
02/10/1992,10.92882538
03/10/1992,0
04/10/1992,0
05/10/1992,0
06/10/1992,0
07/10/1992,0
08/10/1992,0
09/10/1992,0
10/10/1992,6.035784721
11/10/1992,5.741958618
12/10/1992,5.741958618
13/10/1992,0
14/10/1992,0
15/10/1992,11.48391724
16/10/1992,4.273481846
17/10/1992,8.546963692
18/10/1992,0
19/10/1992,8.546963692
20/10/1992,4.273481846
21/10/1992,16.38565063
22/10/1992,8.192825317
23/10/1992,0
24/10/1992,0
25/10/1992,0
26/10/1992,0
27/10/1992,0
28/10/1992,0
29/10/1992,0
30/10/1992,22.56246376
31/10/1992,16.92184639
01/11/1992,0
02/11/1992,0
03/11/1992,0
04/11/1992,0
05/11/1992,0
06/11/1992,1.961348414
07/11/1992,0
08/11/1992,2.241541147
09/11/1992,0
10/11/1992,0
11/11/1992,0
12/11/1992,0
13/11/1992,0
14/11/1992,0
15/11/1992,0
16/11/1992,0
17/11/1992,0
18/11/1992,0
19/11/1992,0
20/11/1992,0
21/11/1992,0
22/11/1992,0
23/11/1992,0
24/11/1992,0
25/11/1992,0
26/11/1992,0
27/11/1992,0
28/11/1992,0
29/11/1992,0
30/11/1992,0
01/12/1992,0
02/12/1992,0
03/12/1992,0
04/12/1992,0
05/12/1992,0
06/12/1992,0
07/12/1992,0
08/12/1992,0
09/12/1992,0
10/12/1992,0
11/12/1992,0
12/12/1992,0
13/12/1992,0
14/12/1992,0
15/12/1992,0
16/12/1992,0
17/12/1992,0
18/12/1992,0
19/12/1992,0
20/12/1992,0
21/12/1992,0
22/12/1992,0
23/12/1992,0
24/12/1992,0
25/12/1992,0
26/12/1992,0
27/12/1992,0
28/12/1992,0
29/12/1992,0
30/12/1992,0
31/12/1992,0
01/01/1993,0
02/01/1993,0
03/01/1993,0
04/01/1993,0
05/01/1993,0
06/01/1993,0
07/01/1993,0
08/01/1993,0
09/01/1993,0
10/01/1993,0
11/01/1993,0
12/01/1993,0
13/01/1993,0
14/01/1993,0
15/01/1993,0
16/01/1993,0
17/01/1993,0
18/01/1993,0
19/01/1993,0
20/01/1993,0
21/01/1993,0
22/01/1993,0
23/01/1993,0
24/01/1993,0
25/01/1993,0
26/01/1993,0
27/01/1993,0
28/01/1993,0
29/01/1993,0
30/01/1993,0
31/01/1993,0
01/02/1993,0
02/02/1993,0
03/02/1993,1.647143006
04/02/1993,0
05/02/1993,0
06/02/1993,0
07/02/1993,0
08/02/1993,0
09/02/1993,0
10/02/1993,0
11/02/1993,0
12/02/1993,0
13/02/1993,0
14/02/1993,1.511501312
15/02/1993,1.511501312
16/02/1993,0
17/02/1993,0.444874555
18/02/1993,0.622824252
19/02/1993,0
20/02/1993,0
21/02/1993,0
22/02/1993,0
23/02/1993,1.194553852
24/02/1993,1.194553852
25/02/1993,2.389107704
26/02/1993,0
27/02/1993,0
28/02/1993,1.996103883
01/03/1993,7.316747189
02/03/1993,0
03/03/1993,0
04/03/1993,0
05/03/1993,0
06/03/1993,3.030655622
07/03/1993,3.030655622
08/03/1993,3.030655622
09/03/1993,3.030655622
10/03/1993,9.091967583
11/03/1993,0
12/03/1993,7.094767094
13/03/1993,4.054152966
14/03/1993,12.16245747
15/03/1993,3.547383547
16/03/1993,0
17/03/1993,0
18/03/1993,0
19/03/1993,3.15590024
20/03/1993,0
21/03/1993,0
22/03/1993,0
23/03/1993,0
24/03/1993,0
25/03/1993,0
26/03/1993,0
27/03/1993,0
28/03/1993,0
29/03/1993,0
30/03/1993,0
31/03/1993,6.287336349
01/04/1993,3.033536434
02/04/1993,0
03/04/1993,0
04/04/1993,0
05/04/1993,3.033536434
06/04/1993,5.359279633
07/04/1993,2.679639816
08/04/1993,2.679639816
09/04/1993,0
10/04/1993,0
11/04/1993,0
12/04/1993,0
13/04/1993,0
14/04/1993,0
15/04/1993,0.781998694
16/04/1993,2.519398451
17/04/1993,1.923205018
18/04/1993,10.4814682
19/04/1993,1.846276999
20/04/1993,0.153856412
21/04/1993,4.957289696
22/04/1993,0.838473439
23/04/1993,3.280343533
24/04/1993,0
25/04/1993,0
26/04/1993,0
27/04/1993,3.073256969
28/04/1993,1.423084497
29/04/1993,1.483641267
30/04/1993,2.391993284
01/05/1993,0
02/05/1993,17.68829536
03/05/1993,10.31817245
04/05/1993,0
05/05/1993,0
06/05/1993,5.216367722
07/05/1993,0
08/05/1993,5.216367722
09/05/1993,4.564321518
10/05/1993,13.69296551
11/05/1993,0
12/05/1993,0
13/05/1993,3.67633152
14/05/1993,0
15/05/1993,8.403043747
16/05/1993,0
17/05/1993,0
18/05/1993,0
19/05/1993,10.00144863
20/05/1993,0
21/05/1993,3.169367075
22/05/1993,0
23/05/1993,6.33873415
24/05/1993,3.169367075
25/05/1993,0
26/05/1993,0
27/05/1993,1.873522043
28/05/1993,0
29/05/1993,0
30/05/1993,9.915957451
31/05/1993,23.35048103
01/06/1993,9.059889793
02/06/1993,0
03/06/1993,4.529944897
04/06/1993,13.58983517
05/06/1993,13.58983517
06/06/1993,0
07/06/1993,7.253577232
08/06/1993,7.253577232
09/06/1993,14.50715446
10/06/1993,7.253577232
11/06/1993,0
12/06/1993,0
13/06/1993,0
14/06/1993,7.344302177
15/06/1993,7.344302177
16/06/1993,0
17/06/1993,0
18/06/1993,10.24620152
19/06/1993,0
20/06/1993,10.24620152
21/06/1993,15.86529446
22/06/1993,7.932647228
23/06/1993,0
24/06/1993,0
25/06/1993,0
26/06/1993,0
27/06/1993,21.51324081
28/06/1993,0
29/06/1993,5.378310204
30/06/1993,16.13492966
01/07/1993,11.47971249
02/07/1993,0
03/07/1993,0
04/07/1993,11.47971249
05/07/1993,0
06/07/1993,0
07/07/1993,10.05711269
08/07/1993,5.028556347
09/07/1993,5.028556347
10/07/1993,0
11/07/1993,3.483350039
12/07/1993,0
13/07/1993,0
14/07/1993,3.483350039
15/07/1993,0
16/07/1993,6.807851791
17/07/1993,0
18/07/1993,0
19/07/1993,0
20/07/1993,6.807851791
21/07/1993,0
22/07/1993,0.618195474
23/07/1993,0
24/07/1993,0
25/07/1993,0.36125797
26/07/1993,3.81838274
27/07/1993,4.065727234
28/07/1993,0
29/07/1993,0
30/07/1993,15.36628723
31/07/1993,12.83100319
01/08/1993,4.926410675
02/08/1993,0
03/08/1993,0
04/08/1993,14.77923203
05/08/1993,0
06/08/1993,0
07/08/1993,0
08/08/1993,0
09/08/1993,6.790917397
10/08/1993,0
11/08/1993,5.723235607
12/08/1993,6.684926033
13/08/1993,6.309633255
14/08/1993,0
15/08/1993,0
16/08/1993,14.93485737
17/08/1993,0
18/08/1993,0
19/08/1993,0
20/08/1993,4.978285789
21/08/1993,15.49696064
22/08/1993,23.24544144
23/08/1993,23.24544144
24/08/1993,7.74848032
25/08/1993,0
26/08/1993,6.151090145
27/08/1993,0
28/08/1993,0
29/08/1993,6.151090145
30/08/1993,12.30218029
31/08/1993,12.30218029
01/09/1993,7.045012951
02/09/1993,0
03/09/1993,14.0900259
04/09/1993,14.0900259
05/09/1993,49.31509018
06/09/1993,8.541405678
07/09/1993,17.08281136
08/09/1993,0
09/09/1993,37.36865234
10/09/1993,0
11/09/1993,4.791908741
12/09/1993,4.791908741
13/09/1993,23.95954323
14/09/1993,4.791908741
15/09/1993,9.583817482
16/09/1993,11.78476238
17/09/1993,0
18/09/1993,17.677145
19/09/1993,11.78476238
20/09/1993,0
21/09/1993,0
22/09/1993,6.854023933
23/09/1993,20.56207085
24/09/1993,6.854023933
25/09/1993,0
26/09/1993,13.13133717
27/09/1993,4.377111912
28/09/1993,8.754223824
29/09/1993,0
30/09/1993,4.377111912
01/10/1993,0
02/10/1993,0
03/10/1993,12.71134281
04/10/1993,4.571194172
05/10/1993,0.909349918
06/10/1993,0
07/10/1993,7.251704693
08/10/1993,0
09/10/1993,14.50340939
10/10/1993,0
11/10/1993,5.492187977
12/10/1993,21.96875191
13/10/1993,0
14/10/1993,0
15/10/1993,0
16/10/1993,3.247116089
17/10/1993,3.918461084
18/10/1993,3.055303097
19/10/1993,2.7401824
20/10/1993,2.315454245
21/10/1993,0
22/10/1993,4.958417416
23/10/1993,9.916834831
24/10/1993,4.958417416
25/10/1993,0
26/10/1993,5.321424007
27/10/1993,10.64284801
28/10/1993,0
29/10/1993,0
30/10/1993,0
31/10/1993,0
01/11/1993,0
02/11/1993,5.863325596
03/11/1993,0
04/11/1993,0
05/11/1993,0
06/11/1993,0
07/11/1993,0
08/11/1993,0
09/11/1993,0
10/11/1993,0
11/11/1993,0
12/11/1993,0
13/11/1993,0
14/11/1993,0
15/11/1993,0
16/11/1993,0
17/11/1993,0
18/11/1993,0
19/11/1993,0
20/11/1993,0
21/11/1993,0
22/11/1993,0
23/11/1993,0
24/11/1993,0
25/11/1993,0
26/11/1993,0
27/11/1993,0
28/11/1993,0
29/11/1993,0
30/11/1993,0
01/12/1993,0
02/12/1993,4.126325607
03/12/1993,0
04/12/1993,0
05/12/1993,0
06/12/1993,0
07/12/1993,0
08/12/1993,0
09/12/1993,0
10/12/1993,0
11/12/1993,0
12/12/1993,0
13/12/1993,3.053770065
14/12/1993,0
15/12/1993,0
16/12/1993,0
17/12/1993,0
18/12/1993,0
19/12/1993,0
20/12/1993,0
21/12/1993,0
22/12/1993,0
23/12/1993,0
24/12/1993,0
25/12/1993,0
26/12/1993,0
27/12/1993,0
28/12/1993,0
29/12/1993,0
30/12/1993,0
31/12/1993,0
01/01/1994,0
02/01/1994,0
03/01/1994,0
04/01/1994,0
05/01/1994,0
06/01/1994,0
07/01/1994,0
08/01/1994,0
09/01/1994,0
10/01/1994,0
11/01/1994,0
12/01/1994,0
13/01/1994,0
14/01/1994,0
15/01/1994,0
16/01/1994,0
17/01/1994,0
18/01/1994,0
19/01/1994,0
20/01/1994,0
21/01/1994,0
22/01/1994,0
23/01/1994,0
24/01/1994,5.691396713
25/01/1994,5.691396713
26/01/1994,8.86848259
27/01/1994,0
28/01/1994,0
29/01/1994,0
30/01/1994,0
31/01/1994,0
01/02/1994,0
02/02/1994,0
03/02/1994,0
04/02/1994,3.251382113
05/02/1994,0
06/02/1994,0
07/02/1994,0
08/02/1994,0
09/02/1994,0
10/02/1994,0
11/02/1994,0
12/02/1994,0
13/02/1994,0
14/02/1994,0
15/02/1994,0
16/02/1994,0
17/02/1994,0
18/02/1994,0
19/02/1994,0
20/02/1994,0
21/02/1994,2.84114933
22/02/1994,0
23/02/1994,0
24/02/1994,0
25/02/1994,0
26/02/1994,0
27/02/1994,0
28/02/1994,0
01/03/1994,0
02/03/1994,1.91740346
03/03/1994,0
04/03/1994,0
05/03/1994,0
06/03/1994,0
07/03/1994,0
08/03/1994,0
09/03/1994,1.957442045
10/03/1994,2.936163187
11/03/1994,9.872010231
12/03/1994,0
13/03/1994,0
14/03/1994,5.923206329
15/03/1994,4.936004639
16/03/1994,0
17/03/1994,2.364749193
18/03/1994,0
19/03/1994,0
20/03/1994,0
21/03/1994,4.500197887
22/03/1994,1.968836546
23/03/1994,0
24/03/1994,0
25/03/1994,0
26/03/1994,2.224303007
27/03/1994,0
28/03/1994,0
29/03/1994,0
30/03/1994,0
31/03/1994,0
01/04/1994,0
02/04/1994,0
03/04/1994,12.52750683
04/04/1994,39.75074387
05/04/1994,13.00933361
06/04/1994,13.98922729
07/04/1994,13.98922729
08/04/1994,4.663075924
09/04/1994,0
10/04/1994,0
11/04/1994,0
12/04/1994,0
13/04/1994,0.789980114
14/04/1994,7.307315826
15/04/1994,0
16/04/1994,8.553027153
17/04/1994,10.56550407
18/04/1994,0
19/04/1994,0
20/04/1994,0
21/04/1994,6.988908291
22/04/1994,0
23/04/1994,7.987324238
24/04/1994,6.988908291
25/04/1994,0
26/04/1994,8.195569038
27/04/1994,4.097784519
28/04/1994,8.195569038
29/04/1994,4.097784519
30/04/1994,4.097784519
01/05/1994,5.633982658
02/05/1994,19.71893692
03/05/1994,9.85946846
04/05/1994,19.71893692
05/05/1994,0
06/05/1994,0
07/05/1994,0
08/05/1994,0
09/05/1994,15.79861832
10/05/1994,5.266206264
11/05/1994,4.385097027
12/05/1994,13.15529156
13/05/1994,0
14/05/1994,5.011539459
15/05/1994,0
16/05/1994,0
17/05/1994,0
18/05/1994,8.083357811
19/05/1994,0
20/05/1994,0
21/05/1994,13.96326542
22/05/1994,13.96326542
23/05/1994,0
24/05/1994,0
25/05/1994,9.308843613
26/05/1994,10.72059631
27/05/1994,5.360298157
28/05/1994,5.360298157
29/05/1994,10.72059631
30/05/1994,0
31/05/1994,0
01/06/1994,5.175367832
02/06/1994,0
03/06/1994,5.175367832
04/06/1994,5.91470623
05/06/1994,0
06/06/1994,7.690338612
07/06/1994,7.690338612
08/06/1994,15.38067722
09/06/1994,15.38067722
10/06/1994,7.690338612
11/06/1994,0
12/06/1994,0
13/06/1994,0
14/06/1994,0
15/06/1994,0
16/06/1994,0
17/06/1994,8.642181396
18/06/1994,0
19/06/1994,8.642181396
20/06/1994,0
21/06/1994,4.750780582
22/06/1994,4.750780582
23/06/1994,4.750780582
24/06/1994,9.501561165
25/06/1994,0
26/06/1994,8.073172569
27/06/1994,8.073172569
28/06/1994,0
29/06/1994,0
30/06/1994,0
01/07/1994,5.55855608
02/07/1994,5.55855608
03/07/1994,0
04/07/1994,5.55855608
05/07/1994,0
06/07/1994,0
07/07/1994,9.560531616
08/07/1994,9.560531616
09/07/1994,19.12106323
10/07/1994,0
11/07/1994,4.263043404
12/07/1994,8.526086807
13/07/1994,4.263043404
14/07/1994,0
15/07/1994,4.263043404
16/07/1994,15.1108551
17/07/1994,0
18/07/1994,0
19/07/1994,0
20/07/1994,8.634774208
21/07/1994,0
22/07/1994,13.19605637
23/07/1994,0
24/07/1994,0
25/07/1994,0
26/07/1994,0
27/07/1994,0
28/07/1994,0
29/07/1994,12.85861206
30/07/1994,0
31/07/1994,0
01/08/1994,0
02/08/1994,0
03/08/1994,0
04/08/1994,0
05/08/1994,0
06/08/1994,0
07/08/1994,0
08/08/1994,0
09/08/1994,0
10/08/1994,13.88489056
11/08/1994,0
12/08/1994,0
13/08/1994,0
14/08/1994,0
15/08/1994,20.17488098
16/08/1994,23.40784645
17/08/1994,11.70392323
18/08/1994,11.70392323
19/08/1994,11.70392323
20/08/1994,0
21/08/1994,0
22/08/1994,0
23/08/1994,8.813300133
24/08/1994,8.813300133
25/08/1994,0
26/08/1994,0
27/08/1994,30.77261353
28/08/1994,0
29/08/1994,10.25753784
30/08/1994,10.25753784
31/08/1994,0
01/09/1994,14.78285694
02/09/1994,14.78285694
03/09/1994,7.391428471
04/09/1994,14.78285694
05/09/1994,0
06/09/1994,0
07/09/1994,0
08/09/1994,31.29931068
09/09/1994,0
10/09/1994,0
11/09/1994,0
12/09/1994,0
13/09/1994,11.83819866
14/09/1994,11.83819866
15/09/1994,13.52937126
16/09/1994,16.06456184
17/09/1994,0
18/09/1994,8.032280922
19/09/1994,16.06456184
20/09/1994,0
21/09/1994,0
22/09/1994,10.40628242
23/09/1994,10.40628242
24/09/1994,10.40628242
25/09/1994,0
26/09/1994,10.08379459
27/09/1994,10.08379459
28/09/1994,5.041897297
29/09/1994,15.12569237
30/09/1994,5.041897297
01/10/1994,12.32251263
02/10/1994,12.32251263
03/10/1994,8.215008736
04/10/1994,4.107504368
05/10/1994,0
06/10/1994,0
07/10/1994,0
08/10/1994,4.33537674
09/10/1994,4.33537674
10/10/1994,0
11/10/1994,5.191521168
12/10/1994,0
13/10/1994,9.085160255
14/10/1994,4.542580128
15/10/1994,5.191521168
16/10/1994,9.547330856
17/10/1994,4.773665428
18/10/1994,19.09466171
19/10/1994,14.32099724
20/10/1994,14.32099724
21/10/1994,0
22/10/1994,3.057772398
23/10/1994,3.057772398
24/10/1994,6.115544796
25/10/1994,0
26/10/1994,9.656084061
27/10/1994,0
28/10/1994,4.82804203
29/10/1994,4.82804203
30/10/1994,4.82804203
31/10/1994,0
01/11/1994,0
02/11/1994,0
03/11/1994,2.551157236
04/11/1994,2.551157236
05/11/1994,1.275578618
06/11/1994,0
07/11/1994,0.718132794
08/11/1994,0
09/11/1994,0
10/11/1994,0
11/11/1994,0
12/11/1994,0
13/11/1994,0
14/11/1994,0
15/11/1994,0
16/11/1994,0
17/11/1994,0
18/11/1994,0
19/11/1994,0
20/11/1994,0
21/11/1994,0
22/11/1994,0
23/11/1994,0
24/11/1994,0
25/11/1994,0
26/11/1994,0
27/11/1994,0
28/11/1994,0
29/11/1994,0
30/11/1994,0
01/12/1994,0
02/12/1994,0
03/12/1994,0
04/12/1994,0
05/12/1994,0
06/12/1994,0
07/12/1994,0
08/12/1994,0
09/12/1994,0
10/12/1994,0
11/12/1994,0
12/12/1994,0
13/12/1994,0
14/12/1994,0
15/12/1994,0
16/12/1994,0
17/12/1994,0
18/12/1994,0
19/12/1994,0
20/12/1994,0
21/12/1994,0
22/12/1994,0
23/12/1994,0
24/12/1994,0
25/12/1994,0
26/12/1994,0
27/12/1994,0
28/12/1994,0
29/12/1994,0
30/12/1994,0
31/12/1994,0
01/01/1995,0
02/01/1995,0
03/01/1995,0
04/01/1995,0
05/01/1995,0
06/01/1995,0
07/01/1995,0
08/01/1995,0
09/01/1995,0
10/01/1995,0
11/01/1995,0
12/01/1995,0
13/01/1995,0
14/01/1995,0
15/01/1995,0
16/01/1995,0
17/01/1995,0
18/01/1995,0
19/01/1995,0
20/01/1995,0
21/01/1995,0
22/01/1995,0
23/01/1995,5.250364304
24/01/1995,0
25/01/1995,0
26/01/1995,0
27/01/1995,0
28/01/1995,0
29/01/1995,0
30/01/1995,0
31/01/1995,0
01/02/1995,0
02/02/1995,0
03/02/1995,0
04/02/1995,0
05/02/1995,0
06/02/1995,0
07/02/1995,0
08/02/1995,0
09/02/1995,0
10/02/1995,0
11/02/1995,0
12/02/1995,0
13/02/1995,0
14/02/1995,0
15/02/1995,0
16/02/1995,0
17/02/1995,0
18/02/1995,0
19/02/1995,0
20/02/1995,0
21/02/1995,0
22/02/1995,0
23/02/1995,0
24/02/1995,0
25/02/1995,0
26/02/1995,0
27/02/1995,8.619531631
28/02/1995,0
01/03/1995,0
02/03/1995,0
03/03/1995,0
04/03/1995,2.650690794
05/03/1995,0
06/03/1995,2.926744461
07/03/1995,0
08/03/1995,2.926744461
09/03/1995,2.926744461
10/03/1995,5.853488922
11/03/1995,0
12/03/1995,2.538321257
13/03/1995,0.581698656
14/03/1995,11.15803814
15/03/1995,2.37967658
16/03/1995,0
17/03/1995,0.982596934
18/03/1995,3.895294666
19/03/1995,0
20/03/1995,9.369762421
21/03/1995,0
22/03/1995,2.947418213
23/03/1995,2.947418213
24/03/1995,2.947418213
25/03/1995,0
26/03/1995,0
27/03/1995,0
28/03/1995,1.707225919
29/03/1995,0
30/03/1995,1.707225919
31/03/1995,3.414451838
01/04/1995,6.432779789
02/04/1995,3.675874233
03/04/1995,6.432779789
04/04/1995,0
05/04/1995,0
06/04/1995,0
07/04/1995,4.031921864
08/04/1995,0
09/04/1995,0
10/04/1995,8.063843727
11/04/1995,8.156115532
12/04/1995,8.156115532
13/04/1995,0
14/04/1995,4.078057766
15/04/1995,4.078057766
16/04/1995,12.36459827
17/04/1995,5.409511089
18/04/1995,0
19/04/1995,0
20/04/1995,5.409511089
21/04/1995,6.52082634
22/04/1995,5.705722332
23/04/1995,13.04165268
24/04/1995,0
25/04/1995,0
26/04/1995,0
27/04/1995,0
28/04/1995,14.26551819
29/04/1995,6.241164207
30/04/1995,0
01/05/1995,5.582891464
02/05/1995,12.76089573
03/05/1995,0
04/05/1995,11.16578293
05/05/1995,0
06/05/1995,0
07/05/1995,4.813938618
08/05/1995,11.00328922
09/05/1995,0
10/05/1995,4.813938618
11/05/1995,6.589961052
12/05/1995,0
13/05/1995,5.766215324
14/05/1995,0
15/05/1995,0
16/05/1995,0
17/05/1995,9.805323601
18/05/1995,4.9026618
19/05/1995,9.805323601
20/05/1995,0
21/05/1995,0
22/05/1995,0
23/05/1995,0
24/05/1995,20.8648243
25/05/1995,0
26/05/1995,11.44769001
27/05/1995,5.723845005
28/05/1995,0
29/05/1995,5.723845005
30/05/1995,11.44769001
31/05/1995,11.44769001
01/06/1995,0
02/06/1995,4.494484425
03/06/1995,22.47242355
04/06/1995,0
05/06/1995,0
06/06/1995,0
07/06/1995,0
08/06/1995,29.96476555
09/06/1995,19.66437721
10/06/1995,6.554792881
11/06/1995,0
12/06/1995,12.9186697
13/06/1995,25.8373394
14/06/1995,0
15/06/1995,6.45933485
16/06/1995,0
17/06/1995,8.561495781
18/06/1995,0
19/06/1995,17.12299156
20/06/1995,8.561495781
21/06/1995,0
22/06/1995,0
23/06/1995,11.79297829
24/06/1995,23.58595657
25/06/1995,0
26/06/1995,0
27/06/1995,6.100989819
28/06/1995,12.20197964
29/06/1995,6.100989819
30/06/1995,6.100989819
01/07/1995,0
02/07/1995,0
03/07/1995,13.34215164
04/07/1995,0
05/07/1995,0
06/07/1995,6.05957222
07/07/1995,12.11914444
08/07/1995,12.11914444
09/07/1995,0
10/07/1995,6.05957222
11/07/1995,12.48966789
12/07/1995,0
13/07/1995,6.244833946
14/07/1995,0
15/07/1995,12.48966789
16/07/1995,0
17/07/1995,0
18/07/1995,0
19/07/1995,5.654732227
20/07/1995,5.654732227
21/07/1995,9.96330452
22/07/1995,9.96330452
23/07/1995,0
24/07/1995,9.96330452
25/07/1995,9.96330452
26/07/1995,8.663507462
27/07/1995,0
28/07/1995,0
29/07/1995,17.32701492
30/07/1995,25.99052238
31/07/1995,0
01/08/1995,11.12564087
02/08/1995,0
03/08/1995,0
04/08/1995,11.12564087
05/08/1995,0
06/08/1995,8.251485825
07/08/1995,0
08/08/1995,33.0059433
09/08/1995,0
10/08/1995,0
11/08/1995,18.41709518
12/08/1995,0
13/08/1995,9.574691772
14/08/1995,5.821705818
15/08/1995,8.879015923
16/08/1995,5.374575138
17/08/1995,0
18/08/1995,10.74915028
19/08/1995,10.74915028
20/08/1995,5.374575138
21/08/1995,13.77057362
22/08/1995,13.77057362
23/08/1995,0
24/08/1995,13.77057362
25/08/1995,20.65585899
26/08/1995,14.87433624
27/08/1995,0
28/08/1995,0
29/08/1995,14.87433624
30/08/1995,0
31/08/1995,7.437168121
01/09/1995,17.34575462
02/09/1995,0
03/09/1995,0
04/09/1995,0
05/09/1995,17.34575462
06/09/1995,0
07/09/1995,0
08/09/1995,16.80950165
09/09/1995,8.404750824
10/09/1995,0
11/09/1995,15.65758324
12/09/1995,15.65758324
13/09/1995,0
14/09/1995,0
15/09/1995,0
16/09/1995,23.76366234
17/09/1995,0
18/09/1995,0
19/09/1995,7.921220779
20/09/1995,15.84244156
21/09/1995,13.38317204
22/09/1995,0
23/09/1995,26.76634407
24/09/1995,6.691586018
25/09/1995,6.691586018
26/09/1995,9.761521339
27/09/1995,0
28/09/1995,29.28456497
29/09/1995,0
30/09/1995,0
01/10/1995,9.55992794
02/10/1995,9.55992794
03/10/1995,0
04/10/1995,4.77996397
05/10/1995,9.55992794
06/10/1995,4.224855423
07/10/1995,8.449710846
08/10/1995,8.449710846
09/10/1995,8.449710846
10/10/1995,4.224855423
11/10/1995,6.907164574
12/10/1995,6.907164574
13/10/1995,0
14/10/1995,0
15/10/1995,3.453582287
16/10/1995,3.234895706
17/10/1995,0
18/10/1995,0
19/10/1995,9.704687119
20/10/1995,3.234895706
21/10/1995,17.0710144
22/10/1995,14.9371376
23/10/1995,0
24/10/1995,0
25/10/1995,14.9371376
26/10/1995,20.20864868
27/10/1995,0
28/10/1995,0
29/10/1995,5.05216217
30/10/1995,0
31/10/1995,0
01/11/1995,3.146834612
02/11/1995,3.146834612
03/11/1995,6.293669224
04/11/1995,0
05/11/1995,3.146834612
06/11/1995,1.645300984
07/11/1995,0
08/11/1995,3.290601969
09/11/1995,0
10/11/1995,0
11/11/1995,0
12/11/1995,0
13/11/1995,0
14/11/1995,0
15/11/1995,0
16/11/1995,0
17/11/1995,0
18/11/1995,0
19/11/1995,0
20/11/1995,0
21/11/1995,0
22/11/1995,0
23/11/1995,0
24/11/1995,0
25/11/1995,0
26/11/1995,0
27/11/1995,0
28/11/1995,0
29/11/1995,0
30/11/1995,0
01/12/1995,0
02/12/1995,0
03/12/1995,0
04/12/1995,0
05/12/1995,2.297207117
06/12/1995,0
07/12/1995,0
08/12/1995,0
09/12/1995,0
10/12/1995,0
11/12/1995,0
12/12/1995,0
13/12/1995,0
14/12/1995,0
15/12/1995,0
16/12/1995,0
17/12/1995,0
18/12/1995,0
19/12/1995,0
20/12/1995,0
21/12/1995,0
22/12/1995,3.608756304
23/12/1995,1.804378152
24/12/1995,0
25/12/1995,0
26/12/1995,0
27/12/1995,0
28/12/1995,0
29/12/1995,2.688373089
30/12/1995,0
31/12/1995,0
01/01/1996,0
02/01/1996,0
03/01/1996,0
04/01/1996,0
05/01/1996,0
06/01/1996,0
07/01/1996,0
08/01/1996,0
09/01/1996,0
10/01/1996,0
11/01/1996,0
12/01/1996,0
13/01/1996,0
14/01/1996,0
15/01/1996,0
16/01/1996,0
17/01/1996,0
18/01/1996,0
19/01/1996,0
20/01/1996,0
21/01/1996,0
22/01/1996,3.44693327
23/01/1996,0
24/01/1996,0
25/01/1996,0
26/01/1996,5.710497379
27/01/1996,0
28/01/1996,0
29/01/1996,0
30/01/1996,0
31/01/1996,0
01/02/1996,0
02/02/1996,2.581297874
03/02/1996,0
04/02/1996,0
05/02/1996,0
06/02/1996,0
07/02/1996,0
08/02/1996,3.193814754
09/02/1996,0
10/02/1996,0
11/02/1996,4.212285042
12/02/1996,0
13/02/1996,2.106142521
14/02/1996,2.106142521
15/02/1996,0
16/02/1996,0
17/02/1996,3.690059662
18/02/1996,0
19/02/1996,0
20/02/1996,0
21/02/1996,0
22/02/1996,0
23/02/1996,0
24/02/1996,0
25/02/1996,0
26/02/1996,0
27/02/1996,0
28/02/1996,1.327057123
29/02/1996,1.327057123
01/03/1996,3.873106956
02/03/1996,0
03/03/1996,3.873106956
04/03/1996,3.873106956
05/03/1996,0
06/03/1996,0
07/03/1996,3.176280737
08/03/1996,0
09/03/1996,3.176280737
10/03/1996,0
11/03/1996,9.601573944
12/03/1996,4.800786972
13/03/1996,2.743306875
14/03/1996,2.400393486
15/03/1996,4.800786972
16/03/1996,0
17/03/1996,0
18/03/1996,0
19/03/1996,0
20/03/1996,0
21/03/1996,4.497626781
22/03/1996,2.248813391
23/03/1996,4.497626781
24/03/1996,0
25/03/1996,0
26/03/1996,0
27/03/1996,0
28/03/1996,7.012097359
29/03/1996,2.337365627
30/03/1996,2.337365627
31/03/1996,0
01/04/1996,0
02/04/1996,0
03/04/1996,8.708986282
04/04/1996,8.708986282
05/04/1996,8.708986282
06/04/1996,10.77081394
07/04/1996,0
08/04/1996,0
09/04/1996,0
10/04/1996,0
11/04/1996,14.83362579
12/04/1996,4.944541931
13/04/1996,9.889083862
14/04/1996,14.83362579
15/04/1996,4.944541931
16/04/1996,13.57842731
17/04/1996,0
18/04/1996,11.88112354
19/04/1996,17.82168579
20/04/1996,0
21/04/1996,9.48486805
22/04/1996,8.299259186
23/04/1996,0
24/04/1996,0
25/04/1996,0
26/04/1996,0
27/04/1996,5.660242558
28/04/1996,0
29/04/1996,24.76355934
30/04/1996,0
01/05/1996,3.005774498
02/05/1996,6.870342255
03/05/1996,3.005774498
04/05/1996,3.005774498
05/05/1996,9.017323494
06/05/1996,4.081154823
07/05/1996,0
08/05/1996,8.162309647
09/05/1996,0
10/05/1996,24.48692894
11/05/1996,0
12/05/1996,0
13/05/1996,0
14/05/1996,5.480794907
15/05/1996,21.92317963
16/05/1996,0
17/05/1996,2.652815819
18/05/1996,7.958447456
19/05/1996,0
20/05/1996,10.61126328
21/05/1996,0
22/05/1996,0
23/05/1996,0
24/05/1996,9.765307426
25/05/1996,6.510205269
26/05/1996,0
27/05/1996,13.12400818
28/05/1996,4.374669552
29/05/1996,17.49867821
30/05/1996,0
31/05/1996,0
01/06/1996,0
02/06/1996,15.67550564
03/06/1996,0
04/06/1996,0
05/06/1996,0
06/06/1996,0
07/06/1996,0
08/06/1996,0
09/06/1996,0
10/06/1996,20.605896
11/06/1996,8.535892487
12/06/1996,0
13/06/1996,0
14/06/1996,25.60767937
15/06/1996,8.535892487
16/06/1996,0
17/06/1996,7.856885433
18/06/1996,7.856885433
19/06/1996,0
20/06/1996,7.856885433
21/06/1996,14.1839962
22/06/1996,0
23/06/1996,16.21027946
24/06/1996,0
25/06/1996,0
26/06/1996,12.85694981
27/06/1996,0
28/06/1996,0
29/06/1996,6.428474903
30/06/1996,6.428474903
01/07/1996,6.693915844
02/07/1996,6.693915844
03/07/1996,6.693915844
04/07/1996,6.693915844
05/07/1996,0
06/07/1996,0
07/07/1996,0
08/07/1996,7.987732887
09/07/1996,15.97546577
10/07/1996,0
11/07/1996,0
12/07/1996,10.47068882
13/07/1996,31.41206932
14/07/1996,20.94137764
15/07/1996,31.41206932
16/07/1996,9.53352356
17/07/1996,0
18/07/1996,0
19/07/1996,0
20/07/1996,0
21/07/1996,0
22/07/1996,0
23/07/1996,0
24/07/1996,0
25/07/1996,0
26/07/1996,8.963235855
27/07/1996,8.963235855
28/07/1996,0
29/07/1996,0
30/07/1996,0
31/07/1996,0
01/08/1996,0
02/08/1996,0
03/08/1996,0
04/08/1996,0
05/08/1996,0
06/08/1996,0
07/08/1996,0
08/08/1996,0
09/08/1996,11.06906033
10/08/1996,0
11/08/1996,0
12/08/1996,6.992190361
13/08/1996,0
14/08/1996,6.992190361
15/08/1996,0
16/08/1996,25.4083786
17/08/1996,16.93891907
18/08/1996,0
19/08/1996,0
20/08/1996,42.34730148
21/08/1996,0
22/08/1996,0
23/08/1996,7.301493168
24/08/1996,14.60298634
25/08/1996,7.301493168
26/08/1996,0
27/08/1996,18.17551041
28/08/1996,0
29/08/1996,0
30/08/1996,0
31/08/1996,0
01/09/1996,11.29518795
02/09/1996,22.5903759
03/09/1996,0
04/09/1996,11.29518795
05/09/1996,11.29518795
06/09/1996,0
07/09/1996,14.60032463
08/09/1996,21.9004879
09/09/1996,7.300162315
10/09/1996,21.9004879
11/09/1996,19.21867371
12/09/1996,0
13/09/1996,0
14/09/1996,9.609336853
15/09/1996,0
16/09/1996,0
17/09/1996,13.44982815
18/09/1996,13.44982815
19/09/1996,0
20/09/1996,13.44982815
21/09/1996,22.46853828
22/09/1996,0
23/09/1996,7.48951292
24/09/1996,0
25/09/1996,0
26/09/1996,10.74606228
27/09/1996,21.49212456
28/09/1996,10.74606228
29/09/1996,0
30/09/1996,0
01/10/1996,0
02/10/1996,0
03/10/1996,7.963219643
04/10/1996,0
05/10/1996,7.963219643
06/10/1996,0
07/10/1996,9.313099861
08/10/1996,0
09/10/1996,0
10/10/1996,0
11/10/1996,0
12/10/1996,12.13336086
13/10/1996,0
14/10/1996,0
15/10/1996,0
16/10/1996,0
17/10/1996,0
18/10/1996,0
19/10/1996,0
20/10/1996,0
21/10/1996,0
22/10/1996,0
23/10/1996,0
24/10/1996,0
25/10/1996,6.519072056
26/10/1996,6.736649513
27/10/1996,0
28/10/1996,0
29/10/1996,0
30/10/1996,0
31/10/1996,0
01/11/1996,0
02/11/1996,0
03/11/1996,0
04/11/1996,0
05/11/1996,0
06/11/1996,0
07/11/1996,0
08/11/1996,0
09/11/1996,0
10/11/1996,0
11/11/1996,0
12/11/1996,0
13/11/1996,0
14/11/1996,0
15/11/1996,0
16/11/1996,0
17/11/1996,0
18/11/1996,0
19/11/1996,0
20/11/1996,0
21/11/1996,0
22/11/1996,0
23/11/1996,0
24/11/1996,0
25/11/1996,0
26/11/1996,0
27/11/1996,0
28/11/1996,0
29/11/1996,0
30/11/1996,0
01/12/1996,0
02/12/1996,0
03/12/1996,0
04/12/1996,0
05/12/1996,0
06/12/1996,0
07/12/1996,0
08/12/1996,0
09/12/1996,0
10/12/1996,0
11/12/1996,0
12/12/1996,0
13/12/1996,0
14/12/1996,0
15/12/1996,0
16/12/1996,0
17/12/1996,0
18/12/1996,0
19/12/1996,0
20/12/1996,0
21/12/1996,0
22/12/1996,0
23/12/1996,0
24/12/1996,0
25/12/1996,0
26/12/1996,0
27/12/1996,0
28/12/1996,0
29/12/1996,0
30/12/1996,0
31/12/1996,0
01/01/1997,0
02/01/1997,0
03/01/1997,0
04/01/1997,0
05/01/1997,0
06/01/1997,0
07/01/1997,0
08/01/1997,0
09/01/1997,0
10/01/1997,0
11/01/1997,0
12/01/1997,0
13/01/1997,0
14/01/1997,8.817930222
15/01/1997,0
16/01/1997,0
17/01/1997,0
18/01/1997,0
19/01/1997,0
20/01/1997,0
21/01/1997,0
22/01/1997,0
23/01/1997,0
24/01/1997,0
25/01/1997,0
26/01/1997,0
27/01/1997,0
28/01/1997,0
29/01/1997,0
30/01/1997,0
31/01/1997,0
01/02/1997,0
02/02/1997,0
03/02/1997,0
04/02/1997,0
05/02/1997,0
06/02/1997,0
07/02/1997,0
08/02/1997,0
09/02/1997,0
10/02/1997,0
11/02/1997,0
12/02/1997,0
13/02/1997,0
14/02/1997,0
15/02/1997,0
16/02/1997,0
17/02/1997,0
18/02/1997,0
19/02/1997,0
20/02/1997,0
21/02/1997,0
22/02/1997,0
23/02/1997,0
24/02/1997,0
25/02/1997,0
26/02/1997,0
27/02/1997,0
28/02/1997,0
01/03/1997,5.462856293
02/03/1997,2.731428146
03/03/1997,0
04/03/1997,0
05/03/1997,0
06/03/1997,0
07/03/1997,0
08/03/1997,0
09/03/1997,0
10/03/1997,0
11/03/1997,0
12/03/1997,0
13/03/1997,6.496024609
14/03/1997,6.496024609
15/03/1997,0
16/03/1997,3.042630196
17/03/1997,3.477291584
18/03/1997,3.042630196
19/03/1997,6.085260391
20/03/1997,0
21/03/1997,0
22/03/1997,0
23/03/1997,0.511787951
24/03/1997,15.92320919
25/03/1997,6.124945641
26/03/1997,10.12461472
27/03/1997,4.218589783
28/03/1997,0
29/03/1997,0
30/03/1997,15.18692493
31/03/1997,1.687435985
01/04/1997,13.10111523
02/04/1997,9.825836182
03/04/1997,0
04/04/1997,13.10111523
05/04/1997,0
06/04/1997,10.0165205
07/04/1997,0
08/04/1997,0
09/04/1997,0
10/04/1997,6.677680016
11/04/1997,3.944895267
12/04/1997,7.889790535
13/04/1997,0
14/04/1997,0
15/04/1997,0
16/04/1997,3.858399391
17/04/1997,0
18/04/1997,7.716798782
19/04/1997,7.716798782
20/04/1997,0
21/04/1997,0
22/04/1997,5.420390606
23/04/1997,9.485682487
24/04/1997,4.742841244
25/04/1997,0
26/04/1997,8.042220116
27/04/1997,8.042220116
28/04/1997,7.036941528
29/04/1997,16.08444023
30/04/1997,7.036941528
01/05/1997,0
02/05/1997,5.15312767
03/05/1997,0
04/05/1997,5.15312767
05/05/1997,10.30625534
06/05/1997,9.262563705
07/05/1997,4.631281853
08/05/1997,9.262563705
09/05/1997,4.631281853
10/05/1997,0
11/05/1997,0
12/05/1997,6.216780186
13/05/1997,0
14/05/1997,3.108390093
15/05/1997,0
16/05/1997,5.264113426
17/05/1997,0
18/05/1997,15.79234028
19/05/1997,0
20/05/1997,0
21/05/1997,0
22/05/1997,14.9118824
23/05/1997,0
24/05/1997,0
25/05/1997,0
26/05/1997,8.331721306
27/05/1997,0
28/05/1997,0
29/05/1997,0
30/05/1997,0
31/05/1997,0
01/06/1997,0
02/06/1997,0
03/06/1997,14.12294292
04/06/1997,23.27301979
05/06/1997,0
06/06/1997,7.008159637
07/06/1997,0
08/06/1997,0
09/06/1997,0
10/06/1997,0
11/06/1997,7.992504597
12/06/1997,0
13/06/1997,34.96720505
14/06/1997,13.98688126
15/06/1997,6.993440628
16/06/1997,22.50606918
17/06/1997,0
18/06/1997,0
19/06/1997,11.25303459
20/06/1997,0
21/06/1997,0
22/06/1997,0
23/06/1997,17.08494186
24/06/1997,14.94932365
25/06/1997,9.966215134
26/06/1997,0
27/06/1997,0
28/06/1997,18.6208992
29/06/1997,0
30/06/1997,9.3104496
01/07/1997,0
02/07/1997,16.34757233
03/07/1997,0
04/07/1997,0
05/07/1997,0
06/07/1997,0
07/07/1997,0
08/07/1997,5.013575554
09/07/1997,0
10/07/1997,5.013575554
11/07/1997,0
12/07/1997,9.242699623
13/07/1997,18.48539925
14/07/1997,9.242699623
15/07/1997,18.48539925
16/07/1997,0
17/07/1997,0
18/07/1997,0
19/07/1997,7.58486414
20/07/1997,0
21/07/1997,0
22/07/1997,0
23/07/1997,0
24/07/1997,0
25/07/1997,0
26/07/1997,0
27/07/1997,0
28/07/1997,0
29/07/1997,0
30/07/1997,41.1568222
31/07/1997,0
01/08/1997,0
02/08/1997,0
03/08/1997,0
04/08/1997,8.830572128
05/08/1997,0
06/08/1997,0
07/08/1997,0
08/08/1997,0
09/08/1997,7.306301594
10/08/1997,0
11/08/1997,0
12/08/1997,0
13/08/1997,4.852161884
14/08/1997,4.852161884
15/08/1997,14.55648518
16/08/1997,12.5471487
17/08/1997,0
18/08/1997,0
19/08/1997,0
20/08/1997,6.273574352
21/08/1997,9.037612915
22/08/1997,0
23/08/1997,4.518806458
24/08/1997,0
25/08/1997,9.037612915
26/08/1997,0
27/08/1997,10.7023859
28/08/1997,21.4047718
29/08/1997,10.7023859
30/08/1997,0
31/08/1997,0
01/09/1997,7.693133354
02/09/1997,7.693133354
03/09/1997,7.693133354
04/09/1997,0
05/09/1997,7.693133354
06/09/1997,0
07/09/1997,28.30619621
08/09/1997,0
09/09/1997,7.076549053
10/09/1997,14.15309811
11/09/1997,6.129563808
12/09/1997,0
13/09/1997,6.129563808
14/09/1997,0
15/09/1997,12.25912762
16/09/1997,0
17/09/1997,13.35368538
18/09/1997,6.67684269
19/09/1997,20.03052711
20/09/1997,0
21/09/1997,0
22/09/1997,0
23/09/1997,0
24/09/1997,17.4763298
25/09/1997,5.825443268
26/09/1997,0
27/09/1997,14.53264236
28/09/1997,0
29/09/1997,0
30/09/1997,21.79896164
01/10/1997,0
02/10/1997,0
03/10/1997,18.42053413
04/10/1997,6.140178204
05/10/1997,0
06/10/1997,2.919857264
07/10/1997,0
08/10/1997,0
09/10/1997,5.839714527
10/10/1997,8.759572029
11/10/1997,0
12/10/1997,3.477698088
13/10/1997,13.91079235
14/10/1997,10.43309307
15/10/1997,3.477698088
16/10/1997,0
17/10/1997,4.238672256
18/10/1997,8.477344513
19/10/1997,12.71601677
20/10/1997,0
21/10/1997,2.720406771
22/10/1997,2.720406771
23/10/1997,0
24/10/1997,0
25/10/1997,2.720406771
26/10/1997,0
27/10/1997,0
28/10/1997,0
29/10/1997,7.200502872
30/10/1997,0
31/10/1997,21.60150909
01/11/1997,5.791381836
02/11/1997,0
03/11/1997,0
04/11/1997,0
05/11/1997,0
06/11/1997,0
07/11/1997,0.794986486
08/11/1997,0
09/11/1997,0
10/11/1997,0
11/11/1997,0
12/11/1997,0
13/11/1997,0
14/11/1997,0
15/11/1997,0
16/11/1997,0
17/11/1997,0
18/11/1997,0
19/11/1997,0
20/11/1997,0
21/11/1997,0
22/11/1997,0
23/11/1997,0
24/11/1997,0
25/11/1997,0
26/11/1997,0
27/11/1997,0
28/11/1997,0
29/11/1997,0
30/11/1997,0
01/12/1997,0
02/12/1997,0
03/12/1997,0
04/12/1997,0
05/12/1997,0
06/12/1997,0
07/12/1997,1.722388387
08/12/1997,0
09/12/1997,0
10/12/1997,5.167165279
11/12/1997,3.973208189
12/12/1997,5.959812164
13/12/1997,1.986604095
14/12/1997,0
15/12/1997,0
16/12/1997,0
17/12/1997,0
18/12/1997,0
19/12/1997,0
20/12/1997,0
21/12/1997,0
22/12/1997,0
23/12/1997,0
24/12/1997,0
25/12/1997,0
26/12/1997,0
27/12/1997,0
28/12/1997,0
29/12/1997,0
30/12/1997,0
31/12/1997,0
01/01/1998,0
02/01/1998,0
03/01/1998,0
04/01/1998,0
05/01/1998,0
06/01/1998,0
07/01/1998,0
08/01/1998,0
09/01/1998,0
10/01/1998,0
11/01/1998,0
12/01/1998,0
13/01/1998,0
14/01/1998,8.064687729
15/01/1998,0
16/01/1998,0
17/01/1998,0
18/01/1998,0
19/01/1998,0
20/01/1998,0
21/01/1998,0
22/01/1998,0
23/01/1998,0
24/01/1998,0
25/01/1998,0
26/01/1998,0
27/01/1998,0
28/01/1998,0
29/01/1998,0
30/01/1998,0
31/01/1998,0
01/02/1998,0
02/02/1998,0
03/02/1998,0
04/02/1998,0
05/02/1998,0
06/02/1998,0
07/02/1998,0
08/02/1998,0
09/02/1998,0
10/02/1998,3.888564348
11/02/1998,6.322740555
12/02/1998,0
13/02/1998,0
14/02/1998,0
15/02/1998,0
16/02/1998,0
17/02/1998,0
18/02/1998,0
19/02/1998,0
20/02/1998,0
21/02/1998,0
22/02/1998,0
23/02/1998,0
24/02/1998,0
25/02/1998,0
26/02/1998,0
27/02/1998,0
28/02/1998,0
01/03/1998,0
02/03/1998,0
03/03/1998,0
04/03/1998,0
05/03/1998,0
06/03/1998,0
07/03/1998,0
08/03/1998,0
09/03/1998,0
10/03/1998,0
11/03/1998,0
12/03/1998,0
13/03/1998,0
14/03/1998,6.322299957
15/03/1998,14.4509716
16/03/1998,0
17/03/1998,0
18/03/1998,0
19/03/1998,0
20/03/1998,0
21/03/1998,0
22/03/1998,0
23/03/1998,0
24/03/1998,0
25/03/1998,0
26/03/1998,0
27/03/1998,0
28/03/1998,0
29/03/1998,9.425915718
30/03/1998,14.13887501
31/03/1998,0
01/04/1998,0
02/04/1998,0
03/04/1998,5.78663063
04/04/1998,0
05/04/1998,5.78663063
06/04/1998,3.826202631
07/04/1998,0
08/04/1998,3.826202631
09/04/1998,3.826202631
10/04/1998,0
11/04/1998,21.93890762
12/04/1998,12.53651905
13/04/1998,0
14/04/1998,0
15/04/1998,5.484726906
16/04/1998,0
17/04/1998,3.855289936
18/04/1998,7.710579872
19/04/1998,7.710579872
20/04/1998,7.710579872
21/04/1998,13.28136158
22/04/1998,0
23/04/1998,0
24/04/1998,0
25/04/1998,0
26/04/1998,8.840925217
27/04/1998,4.420462608
28/04/1998,4.420462608
29/04/1998,13.26138687
30/04/1998,17.68185043
01/05/1998,4.24326992
02/05/1998,9.698903084
03/05/1998,0
04/05/1998,4.24326992
05/05/1998,0
06/05/1998,20.69310951
07/05/1998,1.288180351
08/05/1998,2.548952579
09/05/1998,0
10/05/1998,0
11/05/1998,0
12/05/1998,0
13/05/1998,0
14/05/1998,0
15/05/1998,7.13803196
16/05/1998,9.548597336
17/05/1998,0
18/05/1998,9.548597336
19/05/1998,5.45634222
20/05/1998,0
21/05/1998,7.054537296
22/05/1998,7.054537296
23/05/1998,12.34543896
24/05/1998,0
25/05/1998,0
26/05/1998,0
27/05/1998,0
28/05/1998,9.592604637
29/05/1998,6.395069599
30/05/1998,3.1975348
31/05/1998,6.395069599
01/06/1998,12.76391506
02/06/1998,21.94558716
03/06/1998,9.599020004
04/06/1998,6.538463116
05/06/1998,10.19026375
06/06/1998,0
07/06/1998,0
08/06/1998,10.85285759
09/06/1998,0
10/06/1998,0
11/06/1998,0
12/06/1998,14.79212952
13/06/1998,0
14/06/1998,0
15/06/1998,0
16/06/1998,0
17/06/1998,0
18/06/1998,13.19093323
19/06/1998,0
20/06/1998,7.537676811
21/06/1998,12.56925392
22/06/1998,10.99809551
23/06/1998,0
24/06/1998,0
25/06/1998,5.499047756
26/06/1998,16.24598122
27/06/1998,12.18448639
28/06/1998,12.18448639
29/06/1998,0
30/06/1998,0
01/07/1998,0
02/07/1998,8.759407043
03/07/1998,0
04/07/1998,0
05/07/1998,0
06/07/1998,7.554687023
07/07/1998,7.554687023
08/07/1998,0
09/07/1998,0
10/07/1998,7.554687023
11/07/1998,0
12/07/1998,14.15868855
13/07/1998,12.38885212
14/07/1998,0
15/07/1998,0
16/07/1998,0
17/07/1998,0
18/07/1998,9.641516685
19/07/1998,9.641516685
20/07/1998,9.641516685
21/07/1998,0
22/07/1998,0
23/07/1998,0
24/07/1998,0
25/07/1998,0
26/07/1998,0
27/07/1998,0
28/07/1998,10.43181705
29/07/1998,0
30/07/1998,0
31/07/1998,10.43181705
01/08/1998,0
02/08/1998,0
03/08/1998,19.13718987
04/08/1998,0
05/08/1998,19.13718987
06/08/1998,0
07/08/1998,0
08/08/1998,0
09/08/1998,0
10/08/1998,28.60733986
11/08/1998,0
12/08/1998,0
13/08/1998,21.97853851
14/08/1998,0
15/08/1998,10.98926926
16/08/1998,0
17/08/1998,0
18/08/1998,16.34213448
19/08/1998,0
20/08/1998,0
21/08/1998,0
22/08/1998,29.67683411
23/08/1998,0
24/08/1998,0
25/08/1998,0
26/08/1998,0
27/08/1998,0
28/08/1998,9.362335205
29/08/1998,18.72467041
30/08/1998,0
31/08/1998,0
01/09/1998,0
02/09/1998,0
03/09/1998,0
04/09/1998,0
05/09/1998,0
06/09/1998,0
07/09/1998,0
08/09/1998,0
09/09/1998,0
10/09/1998,0
11/09/1998,0
12/09/1998,0
13/09/1998,36.29368591
14/09/1998,18.14684296
15/09/1998,0
16/09/1998,0
17/09/1998,12.07639408
18/09/1998,24.15278816
19/09/1998,0
20/09/1998,12.07639408
21/09/1998,31.23672676
22/09/1998,31.23672676
23/09/1998,0
24/09/1998,0
25/09/1998,0
26/09/1998,9.003227234
27/09/1998,0
28/09/1998,18.00645447
29/09/1998,18.00645447
30/09/1998,9.003227234
01/10/1998,10.80027294
02/10/1998,0
03/10/1998,0
04/10/1998,0
05/10/1998,0
06/10/1998,0
07/10/1998,0
08/10/1998,0
09/10/1998,3.00545907
10/10/1998,20.83445549
11/10/1998,10.78830051
12/10/1998,0
13/10/1998,0
14/10/1998,0
15/10/1998,5.394150257
16/10/1998,0
17/10/1998,16.84357643
18/10/1998,11.22905064
19/10/1998,0
20/10/1998,0
21/10/1998,0
22/10/1998,4.104982853
23/10/1998,0
24/10/1998,8.209965706
25/10/1998,0
26/10/1998,0
27/10/1998,0
28/10/1998,0
29/10/1998,0
30/10/1998,5.883548737
31/10/1998,0
01/11/1998,0
02/11/1998,0
03/11/1998,0
04/11/1998,0
05/11/1998,0
06/11/1998,0
07/11/1998,0
08/11/1998,0
09/11/1998,0
10/11/1998,0
11/11/1998,0
12/11/1998,0
13/11/1998,0
14/11/1998,0
15/11/1998,0
16/11/1998,0
17/11/1998,0
18/11/1998,0
19/11/1998,0
20/11/1998,0
21/11/1998,0
22/11/1998,0
23/11/1998,0
24/11/1998,0
25/11/1998,0
26/11/1998,0
27/11/1998,0
28/11/1998,0
29/11/1998,0
30/11/1998,0
01/12/1998,0
02/12/1998,0
03/12/1998,0
04/12/1998,0
05/12/1998,0
06/12/1998,0
07/12/1998,7.180933952
08/12/1998,0
09/12/1998,0
10/12/1998,0
11/12/1998,0
12/12/1998,0
13/12/1998,0
14/12/1998,0
15/12/1998,0
16/12/1998,0
17/12/1998,0
18/12/1998,0
19/12/1998,0
20/12/1998,0
21/12/1998,0
22/12/1998,0
23/12/1998,0
24/12/1998,0
25/12/1998,0
26/12/1998,0
27/12/1998,0
28/12/1998,0
29/12/1998,0
30/12/1998,0
31/12/1998,0
01/01/1999,0
02/01/1999,0
03/01/1999,0
04/01/1999,0
05/01/1999,0
06/01/1999,0
07/01/1999,0
08/01/1999,0
09/01/1999,0
10/01/1999,0
11/01/1999,0
12/01/1999,0
13/01/1999,0
14/01/1999,0
15/01/1999,0
16/01/1999,0
17/01/1999,0
18/01/1999,0
19/01/1999,0
20/01/1999,0
21/01/1999,0
22/01/1999,0
23/01/1999,0
24/01/1999,0
25/01/1999,0
26/01/1999,0
27/01/1999,0
28/01/1999,0
29/01/1999,0
30/01/1999,0
31/01/1999,0
01/02/1999,0
02/02/1999,0
03/02/1999,0
04/02/1999,0
05/02/1999,0
06/02/1999,0
07/02/1999,0
08/02/1999,0
09/02/1999,0
10/02/1999,0
11/02/1999,0
12/02/1999,0
13/02/1999,0
14/02/1999,2.651814938
15/02/1999,2.651814938
16/02/1999,4.367446899
17/02/1999,0
18/02/1999,0
19/02/1999,0
20/02/1999,0
21/02/1999,0
22/02/1999,0
23/02/1999,2.1075418
24/02/1999,2.1075418
25/02/1999,0
26/02/1999,0
27/02/1999,0
28/02/1999,2.675596952
01/03/1999,0
02/03/1999,0
03/03/1999,0
04/03/1999,10.77239323
05/03/1999,0
06/03/1999,0
07/03/1999,0
08/03/1999,0
09/03/1999,7.238446236
10/03/1999,2.75750351
11/03/1999,2.455284834
12/03/1999,4.910569668
13/03/1999,2.455284834
14/03/1999,0
15/03/1999,0
16/03/1999,5.627885342
17/03/1999,4.287912846
18/03/1999,4.287912846
19/03/1999,1.875961781
20/03/1999,1.875961781
21/03/1999,2.404048443
22/03/1999,0
23/03/1999,2.747484446
24/03/1999,0
25/03/1999,0
26/03/1999,0
27/03/1999,0
28/03/1999,0
29/03/1999,2.563359499
30/03/1999,0
31/03/1999,0
01/04/1999,3.358983994
02/04/1999,6.717967987
03/04/1999,5.878221512
04/04/1999,5.878221512
05/04/1999,17.63466454
06/04/1999,9.341580391
07/04/1999,0
08/04/1999,3.113860369
09/04/1999,0
10/04/1999,0
11/04/1999,0
12/04/1999,0
13/04/1999,0
14/04/1999,4.209925652
15/04/1999,12.62977695
16/04/1999,8.697662354
17/04/1999,9.940185547
18/04/1999,0
19/04/1999,0
20/04/1999,0
21/04/1999,0
22/04/1999,10.44375896
23/04/1999,0
24/04/1999,0
25/04/1999,0
26/04/1999,3.624164581
27/04/1999,10.87249374
28/04/1999,0
29/04/1999,0
30/04/1999,0
01/05/1999,0
02/05/1999,0
03/05/1999,0
04/05/1999,0
05/05/1999,0
06/05/1999,0
07/05/1999,3.838469982
08/05/1999,7.676939964
09/05/1999,11.51541138
10/05/1999,0
11/05/1999,7.191757202
12/05/1999,0
13/05/1999,7.191757202
14/05/1999,0
15/05/1999,0
16/05/1999,7.592507839
17/05/1999,0
18/05/1999,0
19/05/1999,3.79625392
20/05/1999,11.38876057
21/05/1999,0
22/05/1999,0
23/05/1999,0
24/05/1999,10.27345085
25/05/1999,6.848967552
26/05/1999,5.511829853
27/05/1999,0
28/05/1999,11.02365971
29/05/1999,0
30/05/1999,5.511829853
31/05/1999,0
01/06/1999,0
02/06/1999,7.987004757
03/06/1999,7.987004757
04/06/1999,3.993502378
05/06/1999,3.993502378
06/06/1999,0
07/06/1999,0
08/06/1999,0
09/06/1999,10.57969666
10/06/1999,0
11/06/1999,12.26174259
12/06/1999,0
13/06/1999,0
14/06/1999,12.26174259
15/06/1999,18.39261246
16/06/1999,0
17/06/1999,0
18/06/1999,12.41471386
19/06/1999,12.41471386
20/06/1999,0
21/06/1999,5.443053722
22/06/1999,10.88610744
23/06/1999,10.88610744
24/06/1999,10.88610744
25/06/1999,0
26/06/1999,20.73854065
27/06/1999,0
28/06/1999,10.36927032
29/06/1999,0
30/06/1999,5.184635162
01/07/1999,13.21396351
02/07/1999,0
03/07/1999,0
04/07/1999,6.606981754
05/07/1999,6.606981754
06/07/1999,0
07/07/1999,15.57548428
08/07/1999,7.787742138
09/07/1999,7.787742138
10/07/1999,7.787742138
11/07/1999,7.77710104
12/07/1999,7.77710104
13/07/1999,0
14/07/1999,7.77710104
15/07/1999,7.77710104
16/07/1999,16.06276321
17/07/1999,8.031381607
18/07/1999,8.031381607
19/07/1999,0
20/07/1999,0
21/07/1999,8.657512665
22/07/1999,8.657512665
23/07/1999,8.657512665
24/07/1999,0
25/07/1999,8.657512665
26/07/1999,0
27/07/1999,22.26125717
28/07/1999,11.13062859
29/07/1999,0
30/07/1999,33.39188385
31/07/1999,0
01/08/1999,0
02/08/1999,0
03/08/1999,0
04/08/1999,0
05/08/1999,0
06/08/1999,0
07/08/1999,0
08/08/1999,0
09/08/1999,0
10/08/1999,0
11/08/1999,0
12/08/1999,4.379034996
13/08/1999,4.379034996
14/08/1999,4.379034996
15/08/1999,0
16/08/1999,28.34663391
17/08/1999,28.34663391
18/08/1999,0
19/08/1999,14.17331696
20/08/1999,7.086658478
21/08/1999,0
22/08/1999,14.12646484
23/08/1999,7.063232422
24/08/1999,0
25/08/1999,7.063232422
26/08/1999,16.89236259
27/08/1999,8.446181297
28/08/1999,16.89236259
29/08/1999,0
30/08/1999,25.33854485
31/08/1999,0
01/09/1999,0
02/09/1999,21.33580208
03/09/1999,21.33580208
04/09/1999,7.111934185
05/09/1999,0
06/09/1999,39.508255
07/09/1999,0
08/09/1999,0
09/09/1999,7.901650906
10/09/1999,0
11/09/1999,0
12/09/1999,0
13/09/1999,14.96830082
14/09/1999,7.48415041
15/09/1999,7.48415041
16/09/1999,0
17/09/1999,17.71876717
18/09/1999,0
19/09/1999,8.859383583
20/09/1999,20.25002098
21/09/1999,8.497825623
22/09/1999,16.99565125
23/09/1999,0
24/09/1999,16.99565125
25/09/1999,0
26/09/1999,0
27/09/1999,0
28/09/1999,12.38558674
29/09/1999,14.15495682
30/09/1999,12.38558674
01/10/1999,4.81812191
02/10/1999,4.81812191
03/10/1999,0
04/10/1999,4.81812191
05/10/1999,11.01284981
06/10/1999,6.855104923
07/10/1999,0
08/10/1999,6.855104923
09/10/1999,6.855104923
10/10/1999,13.71020985
11/10/1999,4.330750942
12/10/1999,0
13/10/1999,4.330750942
14/10/1999,12.9922533
15/10/1999,4.330750942
16/10/1999,0
17/10/1999,0
18/10/1999,4.960037231
19/10/1999,0
20/10/1999,0
21/10/1999,0
22/10/1999,0
23/10/1999,10.41088104
24/10/1999,10.41088104
25/10/1999,10.41088104
26/10/1999,4.623548508
27/10/1999,4.623548508
28/10/1999,0
29/10/1999,0
30/10/1999,0
31/10/1999,0
01/11/1999,0
02/11/1999,3.487952709
03/11/1999,1.743976355
04/11/1999,0
05/11/1999,0
06/11/1999,0
07/11/1999,0
08/11/1999,0
09/11/1999,0
10/11/1999,1.336900234
11/11/1999,0.228055254
12/11/1999,0
13/11/1999,0
14/11/1999,0
15/11/1999,0
16/11/1999,0
17/11/1999,0
18/11/1999,0
19/11/1999,0
20/11/1999,0
21/11/1999,0
22/11/1999,0
23/11/1999,0
24/11/1999,0
25/11/1999,0
26/11/1999,0
27/11/1999,0
28/11/1999,0
29/11/1999,0
30/11/1999,0
01/12/1999,0
02/12/1999,0
03/12/1999,0
04/12/1999,0
05/12/1999,0
06/12/1999,0
07/12/1999,0
08/12/1999,0
09/12/1999,0
10/12/1999,0
11/12/1999,0
12/12/1999,0
13/12/1999,0
14/12/1999,0
15/12/1999,0
16/12/1999,0
17/12/1999,0
18/12/1999,0
19/12/1999,0
20/12/1999,0
21/12/1999,0
22/12/1999,0
23/12/1999,0
24/12/1999,0
25/12/1999,0
26/12/1999,0
27/12/1999,0
28/12/1999,0
29/12/1999,0
30/12/1999,0
31/12/1999,6.756928444
01/01/2000,0
02/01/2000,0
03/01/2000,0
04/01/2000,0
05/01/2000,0
06/01/2000,0
07/01/2000,0
08/01/2000,0
09/01/2000,0
10/01/2000,0
11/01/2000,0
12/01/2000,0
13/01/2000,0
14/01/2000,2.285438776
15/01/2000,2.285438776
16/01/2000,0
17/01/2000,0
18/01/2000,0
19/01/2000,0
20/01/2000,2.829128265
21/01/2000,0
22/01/2000,0
23/01/2000,0
24/01/2000,0
25/01/2000,0
26/01/2000,0
27/01/2000,0
28/01/2000,0
29/01/2000,0
30/01/2000,0
31/01/2000,0
01/02/2000,0
02/02/2000,0
03/02/2000,0
04/02/2000,0
05/02/2000,0
06/02/2000,0
07/02/2000,0
08/02/2000,0
09/02/2000,0
10/02/2000,0
11/02/2000,0
12/02/2000,0
13/02/2000,0
14/02/2000,0
15/02/2000,0
16/02/2000,0
17/02/2000,0
18/02/2000,0
19/02/2000,0
20/02/2000,0
21/02/2000,0
22/02/2000,0
23/02/2000,0
24/02/2000,0
25/02/2000,0
26/02/2000,0
27/02/2000,0
28/02/2000,0
29/02/2000,0
01/03/2000,0
02/03/2000,0
03/03/2000,0
04/03/2000,0
05/03/2000,0
06/03/2000,0
07/03/2000,0
08/03/2000,0
09/03/2000,0
10/03/2000,0
11/03/2000,0
12/03/2000,0
13/03/2000,0
14/03/2000,0
15/03/2000,0
16/03/2000,4.199739456
17/03/2000,0
18/03/2000,0
19/03/2000,8.399478912
20/03/2000,4.199739456
21/03/2000,1.56690228
22/03/2000,0
23/03/2000,0
24/03/2000,0
25/03/2000,3.13380456
26/03/2000,5.603969574
27/03/2000,2.801984787
28/03/2000,0
29/03/2000,0
30/03/2000,2.801984787
31/03/2000,0
01/04/2000,5.630163193
02/04/2000,14.07540894
03/04/2000,2.815081596
04/04/2000,2.815081596
05/04/2000,5.630163193
06/04/2000,0
07/04/2000,4.386538506
08/04/2000,4.386538506
09/04/2000,8.773077011
10/04/2000,8.773077011
11/04/2000,2.66459465
12/04/2000,0
13/04/2000,5.329189301
14/04/2000,3.552793026
15/04/2000,0
16/04/2000,5.271926403
17/04/2000,5.271926403
18/04/2000,0
19/04/2000,0
20/04/2000,10.54385281
21/04/2000,4.716318607
22/04/2000,9.432637215
23/04/2000,4.716318607
24/04/2000,0
25/04/2000,0
26/04/2000,0
27/04/2000,0
28/04/2000,0
29/04/2000,5.637406826
30/04/2000,5.637406826
01/05/2000,7.248575211
02/05/2000,0
03/05/2000,0
04/05/2000,4.228335381
05/05/2000,4.228335381
06/05/2000,6.760825634
07/05/2000,0
08/05/2000,0
09/05/2000,0
10/05/2000,0
11/05/2000,0
12/05/2000,0
13/05/2000,8.156650543
14/05/2000,12.23497486
15/05/2000,0
16/05/2000,10.97338581
17/05/2000,10.97338581
18/05/2000,5.486692905
19/05/2000,0
20/05/2000,10.97338581
21/05/2000,0
22/05/2000,13.83824158
23/05/2000,13.83824158
24/05/2000,0
25/05/2000,0
26/05/2000,12.06316757
27/05/2000,0
28/05/2000,0
29/05/2000,4.021056175
30/05/2000,8.04211235
31/05/2000,8.04211235
01/06/2000,22.58389473
02/06/2000,11.29194736
03/06/2000,16.93792152
04/06/2000,0
05/06/2000,5.645973682
06/06/2000,0
07/06/2000,7.08989048
08/06/2000,14.17978096
09/06/2000,7.08989048
10/06/2000,0
11/06/2000,17.89049721
12/06/2000,0
13/06/2000,0
14/06/2000,8.945248604
15/06/2000,8.945248604
16/06/2000,7.489245892
17/06/2000,0
18/06/2000,14.97849178
19/06/2000,0
20/06/2000,7.489245892
21/06/2000,0
22/06/2000,16.41666603
23/06/2000,16.41666603
24/06/2000,0
25/06/2000,8.208333015
26/06/2000,0
27/06/2000,5.411971092
28/06/2000,0
29/06/2000,10.82394218
30/06/2000,0
01/07/2000,0
02/07/2000,21.59378624
03/07/2000,5.39844656
04/07/2000,5.39844656
05/07/2000,0
06/07/2000,9.227959633
07/07/2000,0
08/07/2000,9.227959633
09/07/2000,4.613979816
10/07/2000,9.227959633
11/07/2000,0
12/07/2000,0
13/07/2000,0
14/07/2000,0
15/07/2000,0
16/07/2000,0
17/07/2000,6.258747101
18/07/2000,0
19/07/2000,6.258747101
20/07/2000,0
21/07/2000,0
22/07/2000,0
23/07/2000,0
24/07/2000,0
25/07/2000,0
26/07/2000,0
27/07/2000,10.31897163
28/07/2000,0
29/07/2000,10.31897163
30/07/2000,0
31/07/2000,20.63794327
01/08/2000,0
02/08/2000,0
03/08/2000,49.1699028
04/08/2000,9.83398056
05/08/2000,0
06/08/2000,0
07/08/2000,0
08/08/2000,0
09/08/2000,0
10/08/2000,0
11/08/2000,0
12/08/2000,0
13/08/2000,23.71110344
14/08/2000,0
15/08/2000,0
16/08/2000,0
17/08/2000,0
18/08/2000,11.96796513
19/08/2000,0
20/08/2000,11.96796513
21/08/2000,0
22/08/2000,0
23/08/2000,0
24/08/2000,0
25/08/2000,13.51609039
26/08/2000,0
27/08/2000,14.37720108
28/08/2000,0
29/08/2000,0
30/08/2000,7.18860054
31/08/2000,7.18860054
01/09/2000,7.031853199
02/09/2000,7.031853199
03/09/2000,0
04/09/2000,0
05/09/2000,21.09556007
06/09/2000,20.2036438
07/09/2000,26.93818855
08/09/2000,0
09/09/2000,6.734547138
10/09/2000,13.46909428
11/09/2000,19.74199104
12/09/2000,7.520759106
13/09/2000,0
14/09/2000,6.580663681
15/09/2000,6.580663681
16/09/2000,0
17/09/2000,7.135829449
18/09/2000,0
19/09/2000,14.2716589
20/09/2000,21.40748596
21/09/2000,5.619373322
22/09/2000,5.619373322
23/09/2000,0
24/09/2000,11.23874664
25/09/2000,5.619373322
26/09/2000,0
27/09/2000,13.79559898
28/09/2000,6.897799492
29/09/2000,0
30/09/2000,13.79559898
01/10/2000,0
02/10/2000,0
03/10/2000,0
04/10/2000,0
05/10/2000,0
06/10/2000,14.2489996
07/10/2000,14.2489996
08/10/2000,7.124499798
09/10/2000,0
10/10/2000,7.124499798
11/10/2000,5.66600275
12/10/2000,0
13/10/2000,5.66600275
14/10/2000,0
15/10/2000,5.66600275
16/10/2000,0
17/10/2000,5.501283646
18/10/2000,11.00256729
19/10/2000,0
20/10/2000,0
21/10/2000,6.666074753
22/10/2000,3.333037376
23/10/2000,0
24/10/2000,6.666074753
25/10/2000,6.666074753
26/10/2000,0
27/10/2000,7.398504257
28/10/2000,7.398504257
29/10/2000,11.09775639
30/10/2000,0
31/10/2000,0
01/11/2000,0
02/11/2000,2.668666363
03/11/2000,0
04/11/2000,0
05/11/2000,0
06/11/2000,0
07/11/2000,0
08/11/2000,0
09/11/2000,0
10/11/2000,0
11/11/2000,0
12/11/2000,0
13/11/2000,0
14/11/2000,0
15/11/2000,0
16/11/2000,0
17/11/2000,0
18/11/2000,0
19/11/2000,0
20/11/2000,0
21/11/2000,0
22/11/2000,0
23/11/2000,0
24/11/2000,0
25/11/2000,0
26/11/2000,0
27/11/2000,0
28/11/2000,0
29/11/2000,0
30/11/2000,0
01/12/2000,0
02/12/2000,0
03/12/2000,0
04/12/2000,0
05/12/2000,0
06/12/2000,0
07/12/2000,0
08/12/2000,0
09/12/2000,0
10/12/2000,0
11/12/2000,0
12/12/2000,0
13/12/2000,0
14/12/2000,0
15/12/2000,0
16/12/2000,0
17/12/2000,0
18/12/2000,0
19/12/2000,0
20/12/2000,0
21/12/2000,0
22/12/2000,0
23/12/2000,0
24/12/2000,0
25/12/2000,2.101475954
26/12/2000,0
27/12/2000,0
28/12/2000,3.541855335
29/12/2000,0
30/12/2000,0
31/12/2000,0
01/01/2001,0
02/01/2001,0
03/01/2001,0
04/01/2001,0
05/01/2001,0
06/01/2001,6.065673828
07/01/2001,0
08/01/2001,0
09/01/2001,0
10/01/2001,0
11/01/2001,0
12/01/2001,0
13/01/2001,0
14/01/2001,0
15/01/2001,0
16/01/2001,0
17/01/2001,0
18/01/2001,0
19/01/2001,0
20/01/2001,0
21/01/2001,0
22/01/2001,0
23/01/2001,0
24/01/2001,0
25/01/2001,0
26/01/2001,0
27/01/2001,0
28/01/2001,0
29/01/2001,0
30/01/2001,0
31/01/2001,0
01/02/2001,0
02/02/2001,0
03/02/2001,5.521404743
04/02/2001,0
05/02/2001,0
06/02/2001,0
07/02/2001,0
08/02/2001,0
09/02/2001,0
10/02/2001,0
11/02/2001,0
12/02/2001,0
13/02/2001,0
14/02/2001,0
15/02/2001,0
16/02/2001,0
17/02/2001,0
18/02/2001,0
19/02/2001,0
20/02/2001,0
21/02/2001,0
22/02/2001,0
23/02/2001,0
24/02/2001,0
25/02/2001,0
26/02/2001,0
27/02/2001,0
28/02/2001,0
01/03/2001,0
02/03/2001,0
03/03/2001,0
04/03/2001,0
05/03/2001,0
06/03/2001,0
07/03/2001,0
08/03/2001,0
09/03/2001,0
10/03/2001,0
11/03/2001,2.292816639
12/03/2001,0
13/03/2001,2.292816639
14/03/2001,0
15/03/2001,2.292816639
16/03/2001,4.152036667
17/03/2001,0
18/03/2001,1.384012341
19/03/2001,0
20/03/2001,0
21/03/2001,0
22/03/2001,1.586497664
23/03/2001,0
24/03/2001,0
25/03/2001,0
26/03/2001,0
27/03/2001,4.451929092
28/03/2001,4.451929092
29/03/2001,0
30/03/2001,0
31/03/2001,0
01/04/2001,7.111644268
02/04/2001,3.555822134
03/04/2001,14.22328854
04/04/2001,7.111644268
05/04/2001,3.555822134
06/04/2001,0
07/04/2001,0
08/04/2001,0
09/04/2001,0
10/04/2001,4.160979271
11/04/2001,0
12/04/2001,6.582785606
13/04/2001,3.291392803
14/04/2001,9.874177933
15/04/2001,6.582785606
16/04/2001,3.361665964
17/04/2001,0
18/04/2001,16.80832863
19/04/2001,0
20/04/2001,0
21/04/2001,0
22/04/2001,0
23/04/2001,6.415942669
24/04/2001,6.415942669
25/04/2001,9.623912811
26/04/2001,7.65675211
27/04/2001,0
28/04/2001,2.552250624
29/04/2001,7.65675211
30/04/2001,0
01/05/2001,0
02/05/2001,10.07720375
03/05/2001,6.718135834
04/05/2001,0
05/05/2001,6.718135834
06/05/2001,12.33974743
07/05/2001,4.113249302
08/05/2001,12.33974743
09/05/2001,8.226498604
10/05/2001,4.113249302
11/05/2001,0
12/05/2001,5.12250042
13/05/2001,15.36750126
14/05/2001,0
15/05/2001,15.36750126
16/05/2001,0
17/05/2001,4.23003006
18/05/2001,8.46006012
19/05/2001,0
20/05/2001,0
21/05/2001,0
22/05/2001,0
23/05/2001,0
24/05/2001,0
25/05/2001,0
26/05/2001,5.091081619
27/05/2001,5.091081619
28/05/2001,5.091081619
29/05/2001,25.45541
30/05/2001,0
31/05/2001,0
01/06/2001,15.97361946
02/06/2001,0
03/06/2001,0
04/06/2001,10.64907932
05/06/2001,15.97361946
06/06/2001,0
07/06/2001,6.417915821
08/06/2001,0
09/06/2001,0
10/06/2001,19.25374603
11/06/2001,10.62854481
12/06/2001,0
13/06/2001,10.62854481
14/06/2001,0
15/06/2001,0
16/06/2001,17.89834785
17/06/2001,0
18/06/2001,0
19/06/2001,0
20/06/2001,8.949173927
21/06/2001,6.833389759
22/06/2001,13.66677952
23/06/2001,6.833389759
24/06/2001,0
25/06/2001,0
26/06/2001,10.31749535
27/06/2001,0
28/06/2001,0
29/06/2001,0
30/06/2001,10.31749535
01/07/2001,2.969905853
02/07/2001,2.969905853
03/07/2001,0
04/07/2001,2.969905853
05/07/2001,0
06/07/2001,9.379595757
07/07/2001,0
08/07/2001,0
09/07/2001,0
10/07/2001,14.0693922
11/07/2001,3.970515013
12/07/2001,0
13/07/2001,0
14/07/2001,0
15/07/2001,3.970515013
16/07/2001,0
17/07/2001,0
18/07/2001,0
19/07/2001,0
20/07/2001,0
21/07/2001,15.15695572
22/07/2001,0
23/07/2001,0
24/07/2001,0
25/07/2001,0
26/07/2001,0
27/07/2001,0
28/07/2001,8.710021973
29/07/2001,8.710021973
30/07/2001,4.355010986
31/07/2001,0
01/08/2001,11.8446207
02/08/2001,0
03/08/2001,0
04/08/2001,0
05/08/2001,0
06/08/2001,0
07/08/2001,21.21209335
08/08/2001,0
09/08/2001,0
10/08/2001,0
11/08/2001,0
12/08/2001,11.59179878
13/08/2001,0
14/08/2001,0
15/08/2001,0
16/08/2001,0
17/08/2001,0
18/08/2001,0
19/08/2001,0
20/08/2001,0
21/08/2001,0
22/08/2001,0
23/08/2001,0
24/08/2001,18.10611725
25/08/2001,0
26/08/2001,0
27/08/2001,25.87049675
28/08/2001,0
29/08/2001,0
30/08/2001,0
31/08/2001,0
01/09/2001,0
02/09/2001,0
03/09/2001,19.23235703
04/09/2001,9.616178513
05/09/2001,9.616178513
06/09/2001,23.89197159
07/09/2001,0
08/09/2001,23.89197159
09/09/2001,0
10/09/2001,0
11/09/2001,14.1930027
12/09/2001,14.1930027
13/09/2001,0
14/09/2001,14.1930027
15/09/2001,14.1930027
16/09/2001,0
17/09/2001,14.86690617
18/09/2001,29.73381233
19/09/2001,0
20/09/2001,0
21/09/2001,0
22/09/2001,21.40341949
23/09/2001,0
24/09/2001,7.134472847
25/09/2001,14.26894569
26/09/2001,0
27/09/2001,27.80516243
28/09/2001,0
29/09/2001,0
30/09/2001,0
01/10/2001,7.351609707
02/10/2001,0
03/10/2001,3.675804853
04/10/2001,7.351609707
05/10/2001,3.675804853
06/10/2001,5.067214966
07/10/2001,0
08/10/2001,0
09/10/2001,5.067214966
10/10/2001,2.533607483
11/10/2001,0
12/10/2001,8.34696579
13/10/2001,0
14/10/2001,8.34696579
15/10/2001,4.173482895
16/10/2001,5.732901096
17/10/2001,0
18/10/2001,5.732901096
19/10/2001,0
20/10/2001,5.732901096
21/10/2001,0
22/10/2001,0
23/10/2001,0
24/10/2001,0
25/10/2001,0
26/10/2001,0
27/10/2001,0
28/10/2001,0
29/10/2001,0
30/10/2001,0
31/10/2001,0
01/11/2001,0
02/11/2001,0
03/11/2001,0
04/11/2001,0
05/11/2001,0
06/11/2001,0
07/11/2001,0
08/11/2001,0
09/11/2001,0
10/11/2001,0
11/11/2001,0.778606832
12/11/2001,0.778606832
13/11/2001,0
14/11/2001,0
15/11/2001,0
16/11/2001,0
17/11/2001,0
18/11/2001,0
19/11/2001,0
20/11/2001,0
21/11/2001,0
22/11/2001,0
23/11/2001,0
24/11/2001,0
25/11/2001,0
26/11/2001,0
27/11/2001,0
28/11/2001,0
29/11/2001,0
30/11/2001,0
01/12/2001,0
02/12/2001,0
03/12/2001,0
04/12/2001,0
05/12/2001,0
06/12/2001,0
07/12/2001,0
08/12/2001,0
09/12/2001,0
10/12/2001,0
11/12/2001,0
12/12/2001,0
13/12/2001,0
14/12/2001,2.546706676
15/12/2001,0
16/12/2001,0
17/12/2001,0
18/12/2001,0
19/12/2001,0
20/12/2001,0
21/12/2001,0
22/12/2001,0
23/12/2001,0
24/12/2001,0
25/12/2001,0
26/12/2001,0
27/12/2001,0
28/12/2001,0
29/12/2001,4.31606245
30/12/2001,0
31/12/2001,0
01/01/2002,0
02/01/2002,0
03/01/2002,0
04/01/2002,0
05/01/2002,0
06/01/2002,5.968645096
07/01/2002,0
08/01/2002,0
09/01/2002,0
10/01/2002,0
11/01/2002,0
12/01/2002,0
13/01/2002,0
14/01/2002,0
15/01/2002,0
16/01/2002,0
17/01/2002,0
18/01/2002,0
19/01/2002,0
20/01/2002,0
21/01/2002,0
22/01/2002,0
23/01/2002,0
24/01/2002,0
25/01/2002,0
26/01/2002,0
27/01/2002,0
28/01/2002,0
29/01/2002,0
30/01/2002,0
31/01/2002,0
01/02/2002,0
02/02/2002,0
03/02/2002,0
04/02/2002,0
05/02/2002,0
06/02/2002,0
07/02/2002,0
08/02/2002,0
09/02/2002,0
10/02/2002,0
11/02/2002,0
12/02/2002,0
13/02/2002,0
14/02/2002,0
15/02/2002,0
16/02/2002,0
17/02/2002,0
18/02/2002,0
19/02/2002,0
20/02/2002,0
21/02/2002,0
22/02/2002,0
23/02/2002,0
24/02/2002,0
25/02/2002,0
26/02/2002,0
27/02/2002,1.708646894
28/02/2002,0
01/03/2002,0
02/03/2002,0
03/03/2002,0
04/03/2002,0
05/03/2002,0
06/03/2002,2.667260408
07/03/2002,5.334520817
08/03/2002,5.334520817
09/03/2002,5.334520817
10/03/2002,2.667260408
11/03/2002,8.698236465
12/03/2002,0
13/03/2002,0
14/03/2002,0
15/03/2002,0
16/03/2002,3.57669282
17/03/2002,0
18/03/2002,0
19/03/2002,6.131474018
20/03/2002,0
21/03/2002,0
22/03/2002,0
23/03/2002,2.447125912
24/03/2002,0
25/03/2002,1.223562956
26/03/2002,0
27/03/2002,3.327424526
28/03/2002,6.654849052
29/03/2002,6.654849052
30/03/2002,0
31/03/2002,0
01/04/2002,0
02/04/2002,0
03/04/2002,3.710878372
04/04/2002,3.710878372
05/04/2002,3.710878372
06/04/2002,5.323211193
07/04/2002,5.323211193
08/04/2002,9.125505447
09/04/2002,2.661605597
10/04/2002,0
11/04/2002,2.955363512
12/04/2002,0
13/04/2002,11.82145405
14/04/2002,5.910727024
15/04/2002,5.910727024
16/04/2002,0
17/04/2002,0
18/04/2002,8.738957405
19/04/2002,13.10843754
20/04/2002,0
21/04/2002,3.255052328
22/04/2002,0
23/04/2002,0
24/04/2002,9.765156746
25/04/2002,0
26/04/2002,0
27/04/2002,0
28/04/2002,0
29/04/2002,2.961091995
30/04/2002,5.92218399
01/05/2002,9.886791229
02/05/2002,0
03/05/2002,0
04/05/2002,3.295597076
05/05/2002,6.591194153
06/05/2002,4.538050175
07/05/2002,0
08/05/2002,9.076100349
09/05/2002,0
10/05/2002,9.076100349
11/05/2002,0
12/05/2002,0
13/05/2002,6.52205658
14/05/2002,6.52205658
15/05/2002,0
16/05/2002,0
17/05/2002,8.704014778
18/05/2002,0
19/05/2002,8.704014778
20/05/2002,4.352007389
21/05/2002,3.166635275
22/05/2002,6.33327055
23/05/2002,0
24/05/2002,0
25/05/2002,3.166635275
26/05/2002,0
27/05/2002,3.110425949
28/05/2002,9.331277847
29/05/2002,6.220851898
30/05/2002,0
31/05/2002,0
01/06/2002,0
02/06/2002,0
03/06/2002,0
04/06/2002,0
05/06/2002,10.53835106
06/06/2002,27.08118439
07/06/2002,0
08/06/2002,0
09/06/2002,9.027061462
10/06/2002,0
11/06/2002,12.14002132
12/06/2002,8.093347549
13/06/2002,8.093347549
14/06/2002,4.624769688
15/06/2002,8.093347549
16/06/2002,0
17/06/2002,0
18/06/2002,0
19/06/2002,0
20/06/2002,26.06249046
21/06/2002,0
22/06/2002,6.634064198
23/06/2002,6.634064198
24/06/2002,6.634064198
25/06/2002,0
26/06/2002,16.80202293
27/06/2002,8.401011467
28/06/2002,0
29/06/2002,0
30/06/2002,8.401011467
01/07/2002,7.912603378
02/07/2002,0
03/07/2002,23.73781204
04/07/2002,0
05/07/2002,7.912603378
06/07/2002,12.41713715
07/07/2002,0
08/07/2002,12.41713715
09/07/2002,0
10/07/2002,0
11/07/2002,0
12/07/2002,9.565609932
13/07/2002,0
14/07/2002,0
15/07/2002,9.565609932
16/07/2002,23.05709457
17/07/2002,0
18/07/2002,15.37139702
19/07/2002,0
20/07/2002,0
21/07/2002,0
22/07/2002,16.80984116
23/07/2002,0
24/07/2002,5.603280067
25/07/2002,5.603280067
26/07/2002,0
27/07/2002,0
28/07/2002,6.891533852
29/07/2002,0
30/07/2002,6.891533852
31/07/2002,0
01/08/2002,0
02/08/2002,0
03/08/2002,0
04/08/2002,27.8765564
05/08/2002,27.8765564
06/08/2002,0
07/08/2002,0
08/08/2002,0
09/08/2002,17.67389488
10/08/2002,0
11/08/2002,17.85572624
12/08/2002,8.927863121
13/08/2002,8.927863121
14/08/2002,26.78358841
15/08/2002,0
16/08/2002,7.773048401
17/08/2002,0
18/08/2002,0
19/08/2002,7.773048401
20/08/2002,0
21/08/2002,10.32524109
22/08/2002,0
23/08/2002,5.162620544
24/08/2002,5.162620544
25/08/2002,15.48786163
26/08/2002,0
27/08/2002,0
28/08/2002,11.58471107
29/08/2002,0
30/08/2002,0
31/08/2002,0
01/09/2002,13.31700325
02/09/2002,0
03/09/2002,0
04/09/2002,0
05/09/2002,26.6340065
06/09/2002,0
07/09/2002,0
08/09/2002,25.74367905
09/09/2002,0
10/09/2002,0
11/09/2002,9.160637856
12/09/2002,0
13/09/2002,0
14/09/2002,9.160637856
15/09/2002,18.32127571
16/09/2002,12.81376648
17/09/2002,0
18/09/2002,25.62753296
19/09/2002,0
20/09/2002,0
21/09/2002,23.93314552
22/09/2002,0
23/09/2002,0
24/09/2002,13.67608166
25/09/2002,0
26/09/2002,0
27/09/2002,0
28/09/2002,0
29/09/2002,0
30/09/2002,0
01/10/2002,7.904551983
02/10/2002,7.904551983
03/10/2002,0
04/10/2002,3.952275991
05/10/2002,3.952275991
06/10/2002,9.633032799
07/10/2002,4.816516399
08/10/2002,0
09/10/2002,9.633032799
10/10/2002,9.633032799
11/10/2002,3.11651206
12/10/2002,3.11651206
13/10/2002,9.349536896
14/10/2002,3.11651206
15/10/2002,3.11651206
16/10/2002,14.60051632
17/10/2002,0
18/10/2002,0
19/10/2002,0
20/10/2002,0
21/10/2002,8.752017021
22/10/2002,13.12802505
23/10/2002,8.752017021
24/10/2002,13.12802505
25/10/2002,0
26/10/2002,3.283827066
27/10/2002,5.746697903
28/10/2002,8.620046616
29/10/2002,2.873348951
30/10/2002,0
31/10/2002,0
01/11/2002,0
02/11/2002,0
03/11/2002,0
04/11/2002,0
05/11/2002,5.750808716
06/11/2002,0
07/11/2002,0
08/11/2002,0
09/11/2002,0
10/11/2002,0
11/11/2002,0
12/11/2002,0
13/11/2002,0
14/11/2002,0
15/11/2002,0
16/11/2002,0
17/11/2002,0
18/11/2002,0
19/11/2002,0
20/11/2002,0
21/11/2002,0
22/11/2002,0
23/11/2002,0
24/11/2002,0
25/11/2002,0
26/11/2002,0
27/11/2002,0
28/11/2002,0
29/11/2002,0
30/11/2002,0
01/12/2002,0
02/12/2002,0
03/12/2002,0
04/12/2002,0
05/12/2002,0
06/12/2002,0
07/12/2002,0
08/12/2002,0
09/12/2002,0
10/12/2002,0
11/12/2002,3.431331873
12/12/2002,0
13/12/2002,0
14/12/2002,3.431331873
15/12/2002,0
16/12/2002,0
17/12/2002,0
18/12/2002,0
19/12/2002,0
20/12/2002,0
21/12/2002,0
22/12/2002,0
23/12/2002,0
24/12/2002,0
25/12/2002,0
26/12/2002,0
27/12/2002,0
28/12/2002,0
29/12/2002,0
30/12/2002,0
31/12/2002,0
01/01/2003,0
02/01/2003,0
03/01/2003,0
04/01/2003,0
05/01/2003,0
06/01/2003,0
07/01/2003,0
08/01/2003,0
09/01/2003,0
10/01/2003,0
11/01/2003,1.351424932
12/01/2003,1.351424932
13/01/2003,0
14/01/2003,0
15/01/2003,0
16/01/2003,0
17/01/2003,0
18/01/2003,1.270378113
19/01/2003,0
20/01/2003,0
21/01/2003,0
22/01/2003,5.70451498
23/01/2003,0
24/01/2003,0
25/01/2003,0
26/01/2003,0
27/01/2003,0
28/01/2003,0
29/01/2003,0
30/01/2003,0
31/01/2003,0
01/02/2003,0
02/02/2003,0
03/02/2003,0
04/02/2003,0
05/02/2003,0
06/02/2003,0
07/02/2003,0
08/02/2003,0
09/02/2003,0.827536941
10/02/2003,0
11/02/2003,0
12/02/2003,0
13/02/2003,0
14/02/2003,0
15/02/2003,2.529995918
16/02/2003,1.240152359
17/02/2003,3.720457077
18/02/2003,0
19/02/2003,0
20/02/2003,0
21/02/2003,1.986594915
22/02/2003,1.986594915
23/02/2003,5.959784985
24/02/2003,0
25/02/2003,0
26/02/2003,2.790055513
27/02/2003,0
28/02/2003,0
01/03/2003,0
02/03/2003,0
03/03/2003,0
04/03/2003,0
05/03/2003,0
06/03/2003,0
07/03/2003,0
08/03/2003,0
09/03/2003,0
10/03/2003,0
11/03/2003,0
12/03/2003,0
13/03/2003,0
14/03/2003,0
15/03/2003,0
16/03/2003,0
17/03/2003,0
18/03/2003,0
19/03/2003,1.927380919
20/03/2003,1.65204072
21/03/2003,2.036826849
22/03/2003,0
23/03/2003,4.073653698
24/03/2003,0
25/03/2003,0
26/03/2003,0
27/03/2003,2.665445566
28/03/2003,0
29/03/2003,0
30/03/2003,0
31/03/2003,0
01/04/2003,0
02/04/2003,3.916980267
03/04/2003,11.75094128
04/04/2003,0
05/04/2003,3.916980267
06/04/2003,21.60632706
07/04/2003,0
08/04/2003,0
09/04/2003,0
10/04/2003,0
11/04/2003,15.37315273
12/04/2003,7.686576366
13/04/2003,0
14/04/2003,4.392329216
15/04/2003,11.52986526
16/04/2003,0
17/04/2003,3.728551388
18/04/2003,3.728551388
19/04/2003,7.457102776
20/04/2003,0
21/04/2003,3.132550478
22/04/2003,3.132550478
23/04/2003,6.265100956
24/04/2003,3.132550478
25/04/2003,6.265100956
26/04/2003,0
27/04/2003,10.31175137
28/04/2003,0
29/04/2003,3.437250137
30/04/2003,0
01/05/2003,0
02/05/2003,0
03/05/2003,0
04/05/2003,0
05/05/2003,0
06/05/2003,0
07/05/2003,13.10489845
08/05/2003,0
09/05/2003,0
10/05/2003,0
11/05/2003,14.0788908
12/05/2003,9.3859272
13/05/2003,0
14/05/2003,0
15/05/2003,0
16/05/2003,0
17/05/2003,13.67524719
18/05/2003,0
19/05/2003,0
20/05/2003,0
21/05/2003,0
22/05/2003,5.512872219
23/05/2003,0
24/05/2003,0
25/05/2003,2.75643611
26/05/2003,4.64800787
27/05/2003,0
28/05/2003,18.59203148
29/05/2003,0
30/05/2003,0
31/05/2003,13.94402313
01/06/2003,0
02/06/2003,0
03/06/2003,6.849878788
04/06/2003,20.54963493
05/06/2003,13.69975758
06/06/2003,14.99135303
07/06/2003,4.997117519
08/06/2003,0
09/06/2003,0
10/06/2003,4.997117519
11/06/2003,0
12/06/2003,14.04271317
13/06/2003,14.04271317
14/06/2003,0
15/06/2003,0
16/06/2003,8.411280632
17/06/2003,8.411280632
18/06/2003,4.205640316
19/06/2003,8.411280632
20/06/2003,4.205640316
21/06/2003,9.641571045
22/06/2003,0
23/06/2003,9.641571045
24/06/2003,4.820785522
25/06/2003,9.641571045
26/06/2003,0
27/06/2003,0
28/06/2003,0
29/06/2003,24.75691986
30/06/2003,0
01/07/2003,5.723522186
02/07/2003,5.723522186
03/07/2003,5.723522186
04/07/2003,0
05/07/2003,0
06/07/2003,0
07/07/2003,0
08/07/2003,0
09/07/2003,0
10/07/2003,3.389766693
11/07/2003,0
12/07/2003,7.808667183
13/07/2003,0
14/07/2003,7.808667183
15/07/2003,0
16/07/2003,13.53557491
17/07/2003,4.511857986
18/07/2003,0
19/07/2003,4.511857986
20/07/2003,4.511857986
21/07/2003,18.95282364
22/07/2003,0
23/07/2003,0
24/07/2003,0
25/07/2003,6.31760788
26/07/2003,15.13712025
27/07/2003,0
28/07/2003,0
29/07/2003,0
30/07/2003,0
31/07/2003,5.045706749
01/08/2003,4.301530838
02/08/2003,0
03/08/2003,0
04/08/2003,0
05/08/2003,0
06/08/2003,0
07/08/2003,0
08/08/2003,0
09/08/2003,17.63696671
10/08/2003,0
11/08/2003,0
12/08/2003,19.00909615
13/08/2003,9.504548073
14/08/2003,0
15/08/2003,0
16/08/2003,0
17/08/2003,0
18/08/2003,6.818211555
19/08/2003,27.27284622
20/08/2003,0
21/08/2003,0
22/08/2003,12.92659473
23/08/2003,0
24/08/2003,0
25/08/2003,0
26/08/2003,0
27/08/2003,7.308673859
28/08/2003,0
29/08/2003,0
30/08/2003,0
31/08/2003,0
01/09/2003,0
02/09/2003,13.17558193
03/09/2003,13.17558193
04/09/2003,15.05780888
05/09/2003,0
06/09/2003,8.220468521
07/09/2003,8.220468521
08/09/2003,16.44093704
09/09/2003,8.220468521
10/09/2003,0
11/09/2003,8.347431183
12/09/2003,16.69486237
13/09/2003,8.347431183
14/09/2003,0
15/09/2003,8.347431183
16/09/2003,0
17/09/2003,12.0225029
18/09/2003,12.0225029
19/09/2003,12.0225029
20/09/2003,0
21/09/2003,0
22/09/2003,13.21136379
23/09/2003,15.09870243
24/09/2003,0
25/09/2003,13.21136379
26/09/2003,17.12606049
27/09/2003,8.563030243
28/09/2003,0
29/09/2003,17.12606049
30/09/2003,8.563030243
01/10/2003,3.422482729
02/10/2003,3.422482729
03/10/2003,0
04/10/2003,0
05/10/2003,10.26744843
06/10/2003,0
07/10/2003,0
08/10/2003,13.73884964
09/10/2003,13.73884964
10/10/2003,0
11/10/2003,10.33356667
12/10/2003,10.33356667
13/10/2003,5.166783333
14/10/2003,5.166783333
15/10/2003,15.50034904
16/10/2003,3.078958511
17/10/2003,3.078958511
18/10/2003,9.236875534
19/10/2003,0
20/10/2003,0
21/10/2003,0
22/10/2003,0
23/10/2003,0
24/10/2003,0
25/10/2003,0
26/10/2003,0
27/10/2003,0
28/10/2003,0
29/10/2003,5.582527637
30/10/2003,11.16505527
31/10/2003,5.582527637
01/11/2003,0
02/11/2003,5.148635387
03/11/2003,3.432423353
04/11/2003,0
05/11/2003,0
06/11/2003,0.415344477
07/11/2003,0.830688953
08/11/2003,1.24603343
09/11/2003,0
10/11/2003,0
11/11/2003,0
12/11/2003,0
13/11/2003,0
14/11/2003,0
15/11/2003,0
16/11/2003,0
17/11/2003,0
18/11/2003,0
19/11/2003,0
20/11/2003,0
21/11/2003,0
22/11/2003,0
23/11/2003,0
24/11/2003,0
25/11/2003,0
26/11/2003,0
27/11/2003,0
28/11/2003,0
29/11/2003,0
30/11/2003,0
01/12/2003,0
02/12/2003,0
03/12/2003,0
04/12/2003,3.943117857
05/12/2003,0
06/12/2003,0
07/12/2003,0
08/12/2003,0
09/12/2003,0
10/12/2003,0
11/12/2003,0
12/12/2003,0
13/12/2003,2.824013472
14/12/2003,0
15/12/2003,0
16/12/2003,0
17/12/2003,0
18/12/2003,0
19/12/2003,0
20/12/2003,0
21/12/2003,0
22/12/2003,0
23/12/2003,0
24/12/2003,0
25/12/2003,0
26/12/2003,0
27/12/2003,0
28/12/2003,0
29/12/2003,0
30/12/2003,0
31/12/2003,0
01/01/2004,0
02/01/2004,0
03/01/2004,0
04/01/2004,0
05/01/2004,0
06/01/2004,0
07/01/2004,0
08/01/2004,0
09/01/2004,0
10/01/2004,0
11/01/2004,0
12/01/2004,0
13/01/2004,0
14/01/2004,0
15/01/2004,0
16/01/2004,0
17/01/2004,0
18/01/2004,0
19/01/2004,0
20/01/2004,6.017056465
21/01/2004,5.780367851
22/01/2004,0
23/01/2004,0
24/01/2004,0
25/01/2004,0
26/01/2004,0
27/01/2004,0
28/01/2004,0
29/01/2004,0
30/01/2004,0
31/01/2004,0
01/02/2004,0
02/02/2004,0
03/02/2004,0
04/02/2004,0
05/02/2004,0
06/02/2004,0
07/02/2004,0
08/02/2004,0
09/02/2004,0
10/02/2004,0
11/02/2004,0
12/02/2004,0
13/02/2004,0
14/02/2004,0
15/02/2004,0
16/02/2004,0
17/02/2004,0
18/02/2004,0
19/02/2004,0
20/02/2004,0
21/02/2004,0
22/02/2004,0
23/02/2004,0
24/02/2004,0
25/02/2004,0
26/02/2004,2.641743422
27/02/2004,5.283486843
28/02/2004,0
29/02/2004,2.641743422
01/03/2004,1.681803346
02/03/2004,5.045410156
03/03/2004,1.681803346
04/03/2004,0
05/03/2004,1.681803346
06/03/2004,0
07/03/2004,0
08/03/2004,0
09/03/2004,0
10/03/2004,0
11/03/2004,0
12/03/2004,0
13/03/2004,0
14/03/2004,0
15/03/2004,1.647949219
16/03/2004,1.995550156
17/03/2004,0
18/03/2004,0
19/03/2004,0
20/03/2004,0
21/03/2004,0
22/03/2004,0
23/03/2004,0
24/03/2004,0
25/03/2004,0
26/03/2004,0
27/03/2004,1.814509273
28/03/2004,0
29/03/2004,1.814509273
30/03/2004,0
31/03/2004,0
01/04/2004,3.655914068
02/04/2004,10.96774197
03/04/2004,0
04/04/2004,3.655914068
05/04/2004,7.311828136
06/04/2004,7.737944603
07/04/2004,7.737944603
08/04/2004,0
09/04/2004,0
10/04/2004,0
11/04/2004,0
12/04/2004,4.8464818
13/04/2004,9.6929636
14/04/2004,0
15/04/2004,9.6929636
16/04/2004,0
17/04/2004,0
18/04/2004,4.432878971
19/04/2004,4.432878971
20/04/2004,4.432878971
21/04/2004,0
22/04/2004,7.100074291
23/04/2004,0
24/04/2004,0
25/04/2004,0
26/04/2004,0
27/04/2004,16.19986534
28/04/2004,8.099932671
29/04/2004,24.29979897
30/04/2004,0
01/05/2004,0
02/05/2004,2.728290081
03/05/2004,5.456580162
04/05/2004,2.728290081
05/05/2004,0
06/05/2004,23.68597031
07/05/2004,0
08/05/2004,0
09/05/2004,0
10/05/2004,5.921492577
11/05/2004,12.2405529
12/05/2004,6.120276451
13/05/2004,0
14/05/2004,6.120276451
15/05/2004,6.120276451
16/05/2004,0
17/05/2004,0
18/05/2004,12.20189381
19/05/2004,0
20/05/2004,6.100946903
21/05/2004,4.314745903
22/05/2004,4.314745903
23/05/2004,12.94423866
24/05/2004,0
25/05/2004,8.629491806
26/05/2004,13.88346863
27/05/2004,0
28/05/2004,9.255644798
29/05/2004,0
30/05/2004,4.627822399
31/05/2004,13.88346863
01/06/2004,12.97786427
02/06/2004,0
03/06/2004,12.97786427
04/06/2004,32.44466019
05/06/2004,0
06/06/2004,0
07/06/2004,15.03867149
08/06/2004,5.012890339
09/06/2004,15.03867149
10/06/2004,0
11/06/2004,0
12/06/2004,0
13/06/2004,24.85170746
14/06/2004,8.283902168
15/06/2004,0
16/06/2004,4.440528393
17/06/2004,8.881056786
18/06/2004,4.440528393
19/06/2004,0
20/06/2004,4.440528393
21/06/2004,0
22/06/2004,0
23/06/2004,4.619432926
24/06/2004,13.85829926
25/06/2004,0
26/06/2004,0
27/06/2004,0
28/06/2004,20.90023804
29/06/2004,0
30/06/2004,10.45011902
01/07/2004,5.613098621
02/07/2004,11.22619724
03/07/2004,5.613098621
04/07/2004,0
05/07/2004,11.22619724
06/07/2004,12.63697338
07/07/2004,6.318486691
08/07/2004,18.95545959
09/07/2004,6.318486691
10/07/2004,12.63697338
11/07/2004,0
12/07/2004,0
13/07/2004,7.871555328
14/07/2004,0
15/07/2004,7.871555328
16/07/2004,8.507321358
17/07/2004,8.507321358
18/07/2004,8.507321358
19/07/2004,0
20/07/2004,8.507321358
21/07/2004,12.80446053
22/07/2004,0
23/07/2004,0
24/07/2004,12.80446053
25/07/2004,0
26/07/2004,0
27/07/2004,0
28/07/2004,0
29/07/2004,0
30/07/2004,22.00104713
31/07/2004,0
01/08/2004,8.718639374
02/08/2004,8.718639374
03/08/2004,8.718639374
04/08/2004,8.718639374
05/08/2004,0
06/08/2004,7.452706337
07/08/2004,0
08/08/2004,7.452706337
09/08/2004,0
10/08/2004,0
11/08/2004,0
12/08/2004,0
13/08/2004,16.34812164
14/08/2004,0
15/08/2004,0
16/08/2004,0
17/08/2004,0
18/08/2004,0
19/08/2004,0
20/08/2004,0
21/08/2004,0
22/08/2004,9.179368019
23/08/2004,0
24/08/2004,0
25/08/2004,0
26/08/2004,0
27/08/2004,9.791893959
28/08/2004,19.58378792
29/08/2004,0
30/08/2004,9.791893959
31/08/2004,9.791893959
01/09/2004,17.4395256
02/09/2004,0
03/09/2004,0
04/09/2004,0
05/09/2004,17.4395256
06/09/2004,13.59747219
07/09/2004,0
08/09/2004,6.798736095
09/09/2004,6.798736095
10/09/2004,13.59747219
11/09/2004,21.76358604
12/09/2004,0
13/09/2004,10.88179302
14/09/2004,16.32268715
15/09/2004,0
16/09/2004,13.07225704
17/09/2004,0
18/09/2004,26.14451408
19/09/2004,0
20/09/2004,0
21/09/2004,14.7413044
22/09/2004,11.05597878
23/09/2004,5.527989388
24/09/2004,11.05597878
25/09/2004,0
26/09/2004,11.27661228
27/09/2004,22.55322456
28/09/2004,0
29/09/2004,11.27661228
30/09/2004,11.27661228
01/10/2004,0
02/10/2004,0
03/10/2004,16.1582222
04/10/2004,32.3164444
05/10/2004,0
06/10/2004,4.325545788
07/10/2004,4.325545788
08/10/2004,8.651091576
09/10/2004,4.325545788
10/10/2004,0
11/10/2004,0
12/10/2004,0
13/10/2004,5.806639671
14/10/2004,11.61327934
15/10/2004,11.61327934
16/10/2004,9.012453079
17/10/2004,4.50622654
18/10/2004,0
19/10/2004,0
20/10/2004,4.50622654
21/10/2004,0
22/10/2004,6.123999596
23/10/2004,0
24/10/2004,12.24799919
25/10/2004,0
26/10/2004,3.859523058
27/10/2004,3.859523058
28/10/2004,0
29/10/2004,3.859523058
30/10/2004,3.859523058
31/10/2004,3.859523058
01/11/2004,0
02/11/2004,0
03/11/2004,0
04/11/2004,0
05/11/2004,0
06/11/2004,2.717451811
07/11/2004,0
08/11/2004,0
09/11/2004,0
10/11/2004,0
11/11/2004,0
12/11/2004,0
13/11/2004,0.694210172
14/11/2004,0
15/11/2004,0.347105086
16/11/2004,0
17/11/2004,0
18/11/2004,0
19/11/2004,0
20/11/2004,0
21/11/2004,0
22/11/2004,0
23/11/2004,0
24/11/2004,0
25/11/2004,0
26/11/2004,0
27/11/2004,0
28/11/2004,0
29/11/2004,0
30/11/2004,0
01/12/2004,0
02/12/2004,0
03/12/2004,0
04/12/2004,0
05/12/2004,0
06/12/2004,0
07/12/2004,0
08/12/2004,0
09/12/2004,0
10/12/2004,0
11/12/2004,0
12/12/2004,0
13/12/2004,0
14/12/2004,0
15/12/2004,0
16/12/2004,0
17/12/2004,0
18/12/2004,0
19/12/2004,0
20/12/2004,0
21/12/2004,0
22/12/2004,0
23/12/2004,3.854897022
24/12/2004,0
25/12/2004,0
26/12/2004,3.524455786
27/12/2004,0
28/12/2004,0
29/12/2004,0
30/12/2004,0
31/12/2004,0
01/01/2005,0
02/01/2005,0
03/01/2005,0
04/01/2005,0
05/01/2005,0
06/01/2005,0
07/01/2005,0
08/01/2005,0
09/01/2005,0
10/01/2005,0
11/01/2005,0
12/01/2005,0
13/01/2005,0
14/01/2005,0
15/01/2005,0
16/01/2005,0
17/01/2005,0
18/01/2005,0
19/01/2005,0
20/01/2005,0
21/01/2005,0
22/01/2005,0
23/01/2005,0
24/01/2005,0
25/01/2005,0
26/01/2005,0
27/01/2005,0
28/01/2005,0
29/01/2005,0
30/01/2005,0
31/01/2005,4.29404974
01/02/2005,0
02/02/2005,0
03/02/2005,0
04/02/2005,0
05/02/2005,0
06/02/2005,4.518243313
07/02/2005,0
08/02/2005,0
09/02/2005,1.129560828
10/02/2005,0
11/02/2005,0
12/02/2005,0
13/02/2005,0
14/02/2005,0
15/02/2005,0
16/02/2005,0
17/02/2005,0
18/02/2005,0
19/02/2005,1.804216504
20/02/2005,0
21/02/2005,0
22/02/2005,0
23/02/2005,0
24/02/2005,0
25/02/2005,4.494916439
26/02/2005,4.866168022
27/02/2005,0
28/02/2005,0
01/03/2005,3.476783752
02/03/2005,0
03/03/2005,0
04/03/2005,3.476783752
05/03/2005,0
06/03/2005,0
07/03/2005,12.48600292
08/03/2005,0
09/03/2005,6.243001461
10/03/2005,0
11/03/2005,0
12/03/2005,7.334589958
13/03/2005,0
14/03/2005,6.417766094
15/03/2005,6.417766094
16/03/2005,0
17/03/2005,3.791580915
18/03/2005,7.583161831
19/03/2005,0
20/03/2005,0
21/03/2005,2.713380337
22/03/2005,2.713380337
23/03/2005,0
24/03/2005,0
25/03/2005,0
26/03/2005,0
27/03/2005,0
28/03/2005,0
29/03/2005,0
30/03/2005,0
31/03/2005,5.213565826
01/04/2005,3.792294741
02/04/2005,0
03/04/2005,0
04/04/2005,0
05/04/2005,0
06/04/2005,0
07/04/2005,0
08/04/2005,0
09/04/2005,0
10/04/2005,0
11/04/2005,0
12/04/2005,6.49781847
13/04/2005,3.248909235
14/04/2005,6.49781847
15/04/2005,9.746727943
16/04/2005,0
17/04/2005,0
18/04/2005,0
19/04/2005,3.916135788
20/04/2005,10.27985668
21/04/2005,12.29590893
22/04/2005,6.147954464
23/04/2005,0
24/04/2005,9.221930504
25/04/2005,0
26/04/2005,6.183568478
27/04/2005,0
28/04/2005,0
29/04/2005,6.183568478
30/04/2005,0
01/05/2005,0
02/05/2005,0
03/05/2005,4.720522404
04/05/2005,14.16156864
05/05/2005,23.60261154
06/05/2005,0
07/05/2005,4.124996662
08/05/2005,8.249993324
09/05/2005,0
10/05/2005,0
11/05/2005,0
12/05/2005,0
13/05/2005,0
14/05/2005,4.275624752
15/05/2005,12.82687378
16/05/2005,3.483668089
17/05/2005,0
18/05/2005,6.967336178
19/05/2005,0
20/05/2005,0
21/05/2005,2.646315813
22/05/2005,2.646315813
23/05/2005,2.646315813
24/05/2005,2.646315813
25/05/2005,2.646315813
26/05/2005,6.330667496
27/05/2005,0
28/05/2005,3.165333748
29/05/2005,0
30/05/2005,9.496001244
31/05/2005,0
01/06/2005,0
02/06/2005,15.59717369
03/06/2005,7.798586845
04/06/2005,0
05/06/2005,7.798586845
06/06/2005,7.891844273
07/06/2005,0
08/06/2005,15.78368855
09/06/2005,0
10/06/2005,0
11/06/2005,20.14536095
12/06/2005,0
13/06/2005,0
14/06/2005,0
15/06/2005,13.43024158
16/06/2005,5.124890804
17/06/2005,5.124890804
18/06/2005,5.124890804
19/06/2005,0
20/06/2005,0
21/06/2005,0
22/06/2005,8.507969856
23/06/2005,8.507969856
24/06/2005,8.507969856
25/06/2005,8.507969856
26/06/2005,8.535603523
27/06/2005,0
28/06/2005,4.267801762
29/06/2005,0
30/06/2005,0
01/07/2005,11.43108368
02/07/2005,5.71554184
03/07/2005,0
04/07/2005,5.71554184
05/07/2005,11.43108368
06/07/2005,7.572535515
07/07/2005,0
08/07/2005,3.786267757
09/07/2005,7.572535515
10/07/2005,0
11/07/2005,2.894464254
12/07/2005,2.894464254
13/07/2005,5.788928509
14/07/2005,2.894464254
15/07/2005,2.894464254
16/07/2005,15.73300838
17/07/2005,0
18/07/2005,5.993527889
19/07/2005,10.48867226
20/07/2005,0
21/07/2005,6.253493309
22/07/2005,6.253493309
23/07/2005,6.253493309
24/07/2005,12.50698662
25/07/2005,6.253493309
26/07/2005,22.0328598
27/07/2005,0
28/07/2005,0
29/07/2005,0
30/07/2005,0
31/07/2005,0
01/08/2005,0
02/08/2005,0
03/08/2005,0
04/08/2005,9.576820374
05/08/2005,0
06/08/2005,0
07/08/2005,0
08/08/2005,0
09/08/2005,0
10/08/2005,0
11/08/2005,0
12/08/2005,0
13/08/2005,0
14/08/2005,0
15/08/2005,0
16/08/2005,0
17/08/2005,0
18/08/2005,0
19/08/2005,0
20/08/2005,0
21/08/2005,0
22/08/2005,5.221908569
23/08/2005,0
24/08/2005,0
25/08/2005,10.44381714
26/08/2005,0
27/08/2005,0
28/08/2005,21.71144676
29/08/2005,21.71144676
30/08/2005,0
31/08/2005,10.85572338
01/09/2005,14.49438858
02/09/2005,0
03/09/2005,0
04/09/2005,14.49438858
05/09/2005,7.24719429
06/09/2005,7.195086479
07/09/2005,7.195086479
08/09/2005,14.39017296
09/09/2005,7.195086479
10/09/2005,7.195086479
11/09/2005,0
12/09/2005,0
13/09/2005,14.99375153
14/09/2005,14.99375153
15/09/2005,7.496875763
16/09/2005,0
17/09/2005,0
18/09/2005,10.58487988
19/09/2005,10.58487988
20/09/2005,21.16975975
21/09/2005,13.20870018
22/09/2005,6.60435009
23/09/2005,13.20870018
24/09/2005,13.20870018
25/09/2005,0
26/09/2005,7.036067486
27/09/2005,14.07213497
28/09/2005,0
29/09/2005,7.036067486
30/09/2005,14.07213497
01/10/2005,9.818016052
02/10/2005,0
03/10/2005,3.740196705
04/10/2005,0
05/10/2005,6.545344353
06/10/2005,7.856100559
07/10/2005,0
08/10/2005,0
09/10/2005,7.856100559
10/10/2005,15.71220112
11/10/2005,7.718421459
12/10/2005,0
13/10/2005,0
14/10/2005,0
15/10/2005,7.718421459
16/10/2005,6.727344036
17/10/2005,0
18/10/2005,3.363672018
19/10/2005,0
20/10/2005,6.727344036
21/10/2005,4.155317307
22/10/2005,0
23/10/2005,0
24/10/2005,4.155317307
25/10/2005,0
26/10/2005,0
27/10/2005,0
28/10/2005,0
29/10/2005,0
30/10/2005,4.476115227
31/10/2005,4.476115227
01/11/2005,1.741657495
02/11/2005,1.741657495
03/11/2005,0
04/11/2005,3.047900677
05/11/2005,0
06/11/2005,0
07/11/2005,0
08/11/2005,0
09/11/2005,0
10/11/2005,0
11/11/2005,0
12/11/2005,0
13/11/2005,0
14/11/2005,0
15/11/2005,0
16/11/2005,0
17/11/2005,0
18/11/2005,0
19/11/2005,0
20/11/2005,0
21/11/2005,0
22/11/2005,0
23/11/2005,0
24/11/2005,0
25/11/2005,0
26/11/2005,0
27/11/2005,0
28/11/2005,0
29/11/2005,0
30/11/2005,0
01/12/2005,0
02/12/2005,1.594605565
03/12/2005,0
04/12/2005,0
05/12/2005,0
06/12/2005,1.984565377
07/12/2005,0
08/12/2005,0
09/12/2005,0
10/12/2005,0
11/12/2005,4.140226364
12/12/2005,0
13/12/2005,0
14/12/2005,0
15/12/2005,0
16/12/2005,0
17/12/2005,0
18/12/2005,0
19/12/2005,0
20/12/2005,0
21/12/2005,0
22/12/2005,0
23/12/2005,0
24/12/2005,0
25/12/2005,0
26/12/2005,0
27/12/2005,0
28/12/2005,0
29/12/2005,0
30/12/2005,0
31/12/2005,0
01/01/2006,0
02/01/2006,0
03/01/2006,0
04/01/2006,0
05/01/2006,0
06/01/2006,0
07/01/2006,2.872932911
08/01/2006,2.872932911
09/01/2006,0
10/01/2006,0
11/01/2006,0
12/01/2006,0
13/01/2006,0
14/01/2006,3.469795704
15/01/2006,0
16/01/2006,0
17/01/2006,0
18/01/2006,0
19/01/2006,0
20/01/2006,0
21/01/2006,0
22/01/2006,0
23/01/2006,0
24/01/2006,0
25/01/2006,0
26/01/2006,2.946705818
27/01/2006,2.946705818
28/01/2006,1.473352909
29/01/2006,0
30/01/2006,0
31/01/2006,0
01/02/2006,0
02/02/2006,0
03/02/2006,0
04/02/2006,0
05/02/2006,0
06/02/2006,0
07/02/2006,0
08/02/2006,0
09/02/2006,0
10/02/2006,0
11/02/2006,0
12/02/2006,0
13/02/2006,0
14/02/2006,3.107616186
15/02/2006,0
16/02/2006,0
17/02/2006,0
18/02/2006,2.739057779
19/02/2006,0
20/02/2006,0
21/02/2006,2.820532084
22/02/2006,2.820532084
23/02/2006,1.410266042
24/02/2006,0
25/02/2006,0
26/02/2006,0
27/02/2006,0
28/02/2006,0
01/03/2006,6.610336781
02/03/2006,3.30516839
03/03/2006,0
04/03/2006,3.30516839
05/03/2006,0
06/03/2006,1.84262979
07/03/2006,5.527889252
08/03/2006,1.84262979
09/03/2006,3.685259581
10/03/2006,0
11/03/2006,0
12/03/2006,0
13/03/2006,0
14/03/2006,8.042959213
15/03/2006,0
16/03/2006,6.336486816
17/03/2006,0
18/03/2006,0
19/03/2006,6.336486816
20/03/2006,0
21/03/2006,0
22/03/2006,9.624110222
23/03/2006,0
24/03/2006,0
25/03/2006,0
26/03/2006,5.549976349
27/03/2006,0
28/03/2006,0
29/03/2006,0
30/03/2006,0
31/03/2006,5.549976349
01/04/2006,0
02/04/2006,2.11254406
03/04/2006,4.22508812
04/04/2006,4.22508812
05/04/2006,2.11254406
06/04/2006,0
07/04/2006,0
08/04/2006,0
09/04/2006,0
10/04/2006,0
11/04/2006,0
12/04/2006,0
13/04/2006,0
14/04/2006,0
15/04/2006,0
16/04/2006,8.008062363
17/04/2006,0
18/04/2006,0
19/04/2006,8.008062363
20/04/2006,4.004031181
21/04/2006,5.163526535
22/04/2006,0
23/04/2006,2.581763268
24/04/2006,7.745290756
25/04/2006,10.32705307
26/04/2006,4.194450378
27/04/2006,8.388900757
28/04/2006,8.388900757
29/04/2006,12.58335114
30/04/2006,0
01/05/2006,3.526689768
02/05/2006,0
03/05/2006,0
04/05/2006,3.526689768
05/05/2006,0
06/05/2006,3.960567951
07/05/2006,11.88170433
08/05/2006,0
09/05/2006,0
10/05/2006,15.8422718
11/05/2006,0
12/05/2006,0
13/05/2006,10.64779758
14/05/2006,10.64779758
15/05/2006,5.323898792
16/05/2006,10.18888187
17/05/2006,0
18/05/2006,0
19/05/2006,5.094440937
20/05/2006,25.47220421
21/05/2006,0
22/05/2006,10.37643147
23/05/2006,0
24/05/2006,0
25/05/2006,10.37643147
26/05/2006,0
27/05/2006,4.296099186
28/05/2006,17.18439674
29/05/2006,4.296099186
30/05/2006,4.296099186
31/05/2006,0
01/06/2006,0
02/06/2006,3.976266146
03/06/2006,3.976266146
04/06/2006,7.952532291
05/06/2006,0
06/06/2006,0
07/06/2006,9.873325348
08/06/2006,4.936662674
09/06/2006,19.7466507
10/06/2006,9.873325348
11/06/2006,8.361973763
12/06/2006,0
13/06/2006,0
14/06/2006,4.180986881
15/06/2006,12.54296017
16/06/2006,9.142836571
17/06/2006,13.71425629
18/06/2006,0
19/06/2006,4.571418285
20/06/2006,4.571418285
21/06/2006,7.369915962
22/06/2006,0
23/06/2006,14.73983192
24/06/2006,7.369915962
25/06/2006,0
26/06/2006,0
27/06/2006,0
28/06/2006,0
29/06/2006,0
30/06/2006,19.08939171
01/07/2006,4.681393147
02/07/2006,4.681393147
03/07/2006,0
04/07/2006,4.681393147
05/07/2006,4.681393147
06/07/2006,0
07/07/2006,0
08/07/2006,0
09/07/2006,0
10/07/2006,6.832798004
11/07/2006,7.13007164
12/07/2006,0
13/07/2006,7.13007164
14/07/2006,7.13007164
15/07/2006,0
16/07/2006,4.410128593
17/07/2006,8.820257187
18/07/2006,13.23038578
19/07/2006,0
20/07/2006,8.820257187
21/07/2006,0
22/07/2006,0
23/07/2006,0
24/07/2006,5.768642902
25/07/2006,0
26/07/2006,0
27/07/2006,0
28/07/2006,21.28370094
29/07/2006,0
30/07/2006,10.64185047
31/07/2006,10.64185047
01/08/2006,29.53248024
02/08/2006,19.68832207
03/08/2006,39.37664413
04/08/2006,0
05/08/2006,0
06/08/2006,0
07/08/2006,0
08/08/2006,0
09/08/2006,0
10/08/2006,18.91633034
11/08/2006,10.90452385
12/08/2006,0
13/08/2006,0
14/08/2006,0
15/08/2006,0
16/08/2006,0
17/08/2006,0
18/08/2006,0
19/08/2006,0
20/08/2006,0
21/08/2006,0
22/08/2006,0
23/08/2006,6.419597149
24/08/2006,0
25/08/2006,0
26/08/2006,22.04917145
27/08/2006,0
28/08/2006,0
29/08/2006,0
30/08/2006,14.69944668
31/08/2006,29.39889336
01/09/2006,0
02/09/2006,0
03/09/2006,25.04476357
04/09/2006,12.52238178
05/09/2006,0
06/09/2006,7.764022827
07/09/2006,0
08/09/2006,7.764022827
09/09/2006,7.764022827
10/09/2006,15.52804565
11/09/2006,16.76920891
12/09/2006,16.76920891
13/09/2006,0
14/09/2006,16.76920891
15/09/2006,16.76920891
16/09/2006,11.26435089
17/09/2006,11.26435089
18/09/2006,11.26435089
19/09/2006,0
20/09/2006,0
21/09/2006,8.491752625
22/09/2006,8.491752625
23/09/2006,16.98350525
24/09/2006,0
25/09/2006,8.491752625
26/09/2006,5.037321568
27/09/2006,5.037321568
28/09/2006,0
29/09/2006,15.11196423
30/09/2006,10.07464314
01/10/2006,5.182451725
02/10/2006,10.36490345
03/10/2006,0
04/10/2006,0
05/10/2006,10.36490345
06/10/2006,0
07/10/2006,3.439230204
08/10/2006,6.878460407
09/10/2006,10.31769085
10/10/2006,6.878460407
11/10/2006,0
12/10/2006,0
13/10/2006,8.54711628
14/10/2006,4.27355814
15/10/2006,4.27355814
16/10/2006,4.93260622
17/10/2006,4.93260622
18/10/2006,14.79781818
19/10/2006,4.93260622
20/10/2006,0
21/10/2006,0
22/10/2006,7.145175457
23/10/2006,10.71776295
24/10/2006,3.572587729
25/10/2006,0
26/10/2006,3.424387455
27/10/2006,10.27316284
28/10/2006,0
29/10/2006,10.27316284
30/10/2006,0
31/10/2006,0
01/11/2006,4.394627094
02/11/2006,6.59194088
03/11/2006,0
04/11/2006,0
05/11/2006,0
06/11/2006,0
07/11/2006,0
08/11/2006,0.783899963
09/11/2006,0.783899963
10/11/2006,0
11/11/2006,0
12/11/2006,0
13/11/2006,0
14/11/2006,0
15/11/2006,0
16/11/2006,0
17/11/2006,0
18/11/2006,0
19/11/2006,0
20/11/2006,0
21/11/2006,0
22/11/2006,0
23/11/2006,0
24/11/2006,0
25/11/2006,0
26/11/2006,0
27/11/2006,0
28/11/2006,0
29/11/2006,0
30/11/2006,0
01/12/2006,0
02/12/2006,0
03/12/2006,0
04/12/2006,0
05/12/2006,0
06/12/2006,0
07/12/2006,0
08/12/2006,0
09/12/2006,0
10/12/2006,0
11/12/2006,0
12/12/2006,0
13/12/2006,0
14/12/2006,0
15/12/2006,0
16/12/2006,0
17/12/2006,0
18/12/2006,0
19/12/2006,0
20/12/2006,0
21/12/2006,0
22/12/2006,0
23/12/2006,0
24/12/2006,3.611852169
25/12/2006,3.611852169
26/12/2006,0
27/12/2006,0
28/12/2006,0
29/12/2006,0
30/12/2006,0
31/12/2006,0
01/01/2007,0
02/01/2007,0
03/01/2007,0
04/01/2007,0
05/01/2007,0
06/01/2007,0
07/01/2007,0
08/01/2007,0
09/01/2007,0
10/01/2007,0
11/01/2007,0
12/01/2007,0
13/01/2007,0
14/01/2007,0
15/01/2007,0
16/01/2007,0
17/01/2007,0
18/01/2007,0
19/01/2007,0
20/01/2007,0
21/01/2007,0
22/01/2007,0
23/01/2007,0
24/01/2007,0
25/01/2007,0
26/01/2007,0
27/01/2007,0
28/01/2007,0
29/01/2007,0
30/01/2007,0
31/01/2007,0
01/02/2007,0
02/02/2007,0
03/02/2007,0
04/02/2007,0
05/02/2007,0
06/02/2007,0
07/02/2007,0
08/02/2007,1.696600556
09/02/2007,1.696600556
10/02/2007,3.393201113
11/02/2007,0
12/02/2007,0
13/02/2007,0
14/02/2007,0
15/02/2007,0
16/02/2007,0
17/02/2007,0
18/02/2007,0
19/02/2007,0
20/02/2007,0
21/02/2007,3.314617634
22/02/2007,3.314617634
23/02/2007,0
24/02/2007,0
25/02/2007,0
26/02/2007,0
27/02/2007,0
28/02/2007,0
01/03/2007,0
02/03/2007,0
03/03/2007,0
04/03/2007,0
05/03/2007,0
06/03/2007,0
07/03/2007,0
08/03/2007,0
09/03/2007,0
10/03/2007,0
11/03/2007,0
12/03/2007,0
13/03/2007,0
14/03/2007,0
15/03/2007,0
16/03/2007,0
17/03/2007,0
18/03/2007,0
19/03/2007,0
20/03/2007,0
21/03/2007,0
22/03/2007,4.577886105
23/03/2007,0
24/03/2007,4.577886105
25/03/2007,2.288943052
26/03/2007,7.558130741
27/03/2007,0
28/03/2007,0
29/03/2007,7.558130741
30/03/2007,0
31/03/2007,3.779065371
01/04/2007,3.597296953
02/04/2007,1.199099064
03/04/2007,0
04/04/2007,0
05/04/2007,2.398198128
06/04/2007,16.12371635
07/04/2007,0
08/04/2007,0
09/04/2007,0
10/04/2007,0
11/04/2007,0
12/04/2007,5.186028957
13/04/2007,0
14/04/2007,2.593014479
15/04/2007,2.593014479
16/04/2007,6.280849934
17/04/2007,12.56169987
18/04/2007,6.280849934
19/04/2007,6.280849934
20/04/2007,6.280849934
21/04/2007,0
22/04/2007,2.652498007
23/04/2007,7.957493782
24/04/2007,5.304996014
25/04/2007,5.304996014
26/04/2007,1.67075038
27/04/2007,5.012251377
28/04/2007,1.67075038
29/04/2007,3.341500759
30/04/2007,0
01/05/2007,13.33517265
02/05/2007,13.33517265
03/05/2007,20.00275803
04/05/2007,0
05/05/2007,6.667586327
06/05/2007,0
07/05/2007,15.14178944
08/05/2007,0
09/05/2007,0
10/05/2007,15.14178944
11/05/2007,17.76514053
12/05/2007,0
13/05/2007,8.882570267
14/05/2007,8.882570267
15/05/2007,4.441285133
16/05/2007,13.14240265
17/05/2007,0
18/05/2007,6.571201324
19/05/2007,6.571201324
20/05/2007,0
21/05/2007,13.9077177
22/05/2007,0
23/05/2007,9.271812439
24/05/2007,0
25/05/2007,0
26/05/2007,4.168365002
27/05/2007,8.336730003
28/05/2007,0
29/05/2007,4.168365002
30/05/2007,12.50509453
31/05/2007,0
01/06/2007,0
02/06/2007,24.43700981
03/06/2007,0
04/06/2007,12.21850491
05/06/2007,12.21850491
06/06/2007,5.674161911
07/06/2007,17.02248573
08/06/2007,5.674161911
09/06/2007,0
10/06/2007,0
11/06/2007,12.65336323
12/06/2007,0
13/06/2007,18.98004532
14/06/2007,0
15/06/2007,0
16/06/2007,11.7688818
17/06/2007,0
18/06/2007,0
19/06/2007,0
20/06/2007,0
21/06/2007,0
22/06/2007,0
23/06/2007,0
24/06/2007,18.45230865
25/06/2007,0
26/06/2007,0
27/06/2007,0
28/06/2007,0
29/06/2007,0
30/06/2007,26.3862896
01/07/2007,0
02/07/2007,0
03/07/2007,0
04/07/2007,0
05/07/2007,0
06/07/2007,0
07/07/2007,0
08/07/2007,6.288857937
09/07/2007,0
10/07/2007,0
11/07/2007,0
12/07/2007,8.640851021
13/07/2007,0
14/07/2007,4.32042551
15/07/2007,4.32042551
16/07/2007,10.31299686
17/07/2007,5.156498432
18/07/2007,0
19/07/2007,0
20/07/2007,5.156498432
21/07/2007,20.16371918
22/07/2007,10.08185959
23/07/2007,0
24/07/2007,20.16371918
25/07/2007,30.24557877
26/07/2007,0
27/07/2007,1.593497515
28/07/2007,0
29/07/2007,0
30/07/2007,0
31/07/2007,0
01/08/2007,9.549541473
02/08/2007,0
03/08/2007,0
04/08/2007,0
05/08/2007,0
06/08/2007,0
07/08/2007,0
08/08/2007,8.816669464
09/08/2007,0
10/08/2007,0
11/08/2007,0
12/08/2007,0
13/08/2007,24.55405807
14/08/2007,16.36937332
15/08/2007,0
16/08/2007,4.59846735
17/08/2007,9.1969347
18/08/2007,0
19/08/2007,0
20/08/2007,27.59080505
21/08/2007,0
22/08/2007,0
23/08/2007,10.27634335
24/08/2007,0
25/08/2007,10.27634335
26/08/2007,9.793535233
27/08/2007,9.793535233
28/08/2007,0
29/08/2007,0
30/08/2007,9.793535233
31/08/2007,9.793535233
01/09/2007,0
02/09/2007,0
03/09/2007,17.29799271
04/09/2007,25.94698906
05/09/2007,8.648996353
06/09/2007,0
07/09/2007,0
08/09/2007,17.47142601
09/09/2007,0
10/09/2007,17.47142601
11/09/2007,0
12/09/2007,0
13/09/2007,20.09040833
14/09/2007,20.09040833
15/09/2007,0
16/09/2007,15.68459415
17/09/2007,7.842297077
18/09/2007,15.68459415
19/09/2007,0
20/09/2007,15.68459415
21/09/2007,0
22/09/2007,10.50816631
23/09/2007,10.50816631
24/09/2007,0
25/09/2007,31.52449799
26/09/2007,7.589796543
27/09/2007,0
28/09/2007,22.76939011
29/09/2007,15.17959309
30/09/2007,0
01/10/2007,0
02/10/2007,3.578897476
03/10/2007,7.157794952
04/10/2007,3.578897476
05/10/2007,3.578897476
06/10/2007,18.66009521
07/10/2007,9.330047607
08/10/2007,0
09/10/2007,0
10/10/2007,0
11/10/2007,2.333184242
12/10/2007,0
13/10/2007,4.666368484
14/10/2007,0
15/10/2007,0
16/10/2007,4.473136902
17/10/2007,4.473136902
18/10/2007,4.473136902
19/10/2007,0
20/10/2007,0
21/10/2007,4.212142944
22/10/2007,0
23/10/2007,4.212142944
24/10/2007,2.106071472
25/10/2007,4.212142944
26/10/2007,8.080159187
27/10/2007,16.16031837
28/10/2007,8.080159187
29/10/2007,0
30/10/2007,0
31/10/2007,0
01/11/2007,0
02/11/2007,0
03/11/2007,0
04/11/2007,0
05/11/2007,0
06/11/2007,0
07/11/2007,0
08/11/2007,0
09/11/2007,3.059910297
10/11/2007,0
11/11/2007,0
12/11/2007,0
13/11/2007,0
14/11/2007,0
15/11/2007,0
16/11/2007,0
17/11/2007,0
18/11/2007,0
19/11/2007,0
20/11/2007,0
21/11/2007,0
22/11/2007,0
23/11/2007,0
24/11/2007,0
25/11/2007,0
26/11/2007,0
27/11/2007,0
28/11/2007,0
29/11/2007,0
30/11/2007,0
01/12/2007,0
02/12/2007,0
03/12/2007,0
04/12/2007,4.708968639
05/12/2007,0
06/12/2007,0
07/12/2007,0
08/12/2007,5.944325924
09/12/2007,0
10/12/2007,0
11/12/2007,0
12/12/2007,0
13/12/2007,0
14/12/2007,0
15/12/2007,0
16/12/2007,0
17/12/2007,0
18/12/2007,0
19/12/2007,0
20/12/2007,0
21/12/2007,0
22/12/2007,0
23/12/2007,0
24/12/2007,0
25/12/2007,0
26/12/2007,0
27/12/2007,0
28/12/2007,0
29/12/2007,0
30/12/2007,0
31/12/2007,0
01/01/2008,0
02/01/2008,0
03/01/2008,0
04/01/2008,0
05/01/2008,0
06/01/2008,0
07/01/2008,0
08/01/2008,0
09/01/2008,0
10/01/2008,0
11/01/2008,0
12/01/2008,0
13/01/2008,0
14/01/2008,0
15/01/2008,0
16/01/2008,0
17/01/2008,0
18/01/2008,0
19/01/2008,0
20/01/2008,0
21/01/2008,0
22/01/2008,0
23/01/2008,0
24/01/2008,0
25/01/2008,0
26/01/2008,0
27/01/2008,0
28/01/2008,0
29/01/2008,0
30/01/2008,0
31/01/2008,0
01/02/2008,0
02/02/2008,0
03/02/2008,0
04/02/2008,0
05/02/2008,0
06/02/2008,0
07/02/2008,0
08/02/2008,0
09/02/2008,0
10/02/2008,0
11/02/2008,0
12/02/2008,0
13/02/2008,0
14/02/2008,0
15/02/2008,0
16/02/2008,0
17/02/2008,0
18/02/2008,0
19/02/2008,0
20/02/2008,0
21/02/2008,0
22/02/2008,0
23/02/2008,0
24/02/2008,0
25/02/2008,0
26/02/2008,0
27/02/2008,0
28/02/2008,0
29/02/2008,0
01/03/2008,1.79908061
02/03/2008,1.79908061
03/03/2008,0
04/03/2008,0
05/03/2008,1.79908061
06/03/2008,0
07/03/2008,0
08/03/2008,0
09/03/2008,2.587769985
10/03/2008,0
11/03/2008,2.464376211
12/03/2008,1.232188106
13/03/2008,3.696564674
14/03/2008,0
15/03/2008,0
16/03/2008,0
17/03/2008,2.168661594
18/03/2008,4.337323189
19/03/2008,4.337323189
20/03/2008,0
21/03/2008,3.752463341
22/03/2008,0
23/03/2008,1.87623167
24/03/2008,3.752463341
25/03/2008,1.87623167
26/03/2008,0
27/03/2008,0
28/03/2008,0
29/03/2008,0
30/03/2008,0
31/03/2008,9.231676102
01/04/2008,0
02/04/2008,11.77985287
03/04/2008,0
04/04/2008,7.853234768
05/04/2008,3.926617384
06/04/2008,4.816059113
07/04/2008,9.632118225
08/04/2008,0
09/04/2008,0
10/04/2008,0
11/04/2008,0
12/04/2008,0
13/04/2008,0
14/04/2008,0
15/04/2008,0
16/04/2008,0
17/04/2008,5.487103462
18/04/2008,5.487103462
19/04/2008,0
20/04/2008,0
21/04/2008,0
22/04/2008,0
23/04/2008,5.21182251
24/04/2008,10.42364502
25/04/2008,5.21182251
26/04/2008,0
27/04/2008,6.167426586
28/04/2008,0
29/04/2008,2.055808783
30/04/2008,2.055808783
01/05/2008,0
02/05/2008,11.32468319
03/05/2008,3.774894238
04/05/2008,0
05/05/2008,0
06/05/2008,7.02826786
07/05/2008,7.02826786
08/05/2008,0
09/05/2008,0
10/05/2008,0
11/05/2008,4.459376812
12/05/2008,2.229688406
13/05/2008,0
14/05/2008,8.918753624
15/05/2008,0
16/05/2008,16.80085182
17/05/2008,16.80085182
18/05/2008,12.60063839
19/05/2008,0
20/05/2008,0
21/05/2008,15.04355049
22/05/2008,4.298157215
23/05/2008,0
24/05/2008,11.2826643
25/05/2008,7.521775246
26/05/2008,0
27/05/2008,0
28/05/2008,0
29/05/2008,20.07491493
30/05/2008,10.03745747
31/05/2008,10.03745747
01/06/2008,0
02/06/2008,0
03/06/2008,33.65151978
04/06/2008,0
05/06/2008,0
06/06/2008,20.82154274
07/06/2008,0
08/06/2008,6.940514088
09/06/2008,6.940514088
10/06/2008,13.88102818
11/06/2008,0
12/06/2008,4.961624146
13/06/2008,4.961624146
14/06/2008,0
15/06/2008,4.961624146
16/06/2008,0
17/06/2008,0
18/06/2008,13.51434994
19/06/2008,0
20/06/2008,0
21/06/2008,0
22/06/2008,19.24604797
23/06/2008,0
24/06/2008,19.24604797
25/06/2008,9.623023987
26/06/2008,5.030986786
27/06/2008,10.06197357
28/06/2008,10.06197357
29/06/2008,10.06197357
30/06/2008,15.0929594
01/07/2008,12.88407516
02/07/2008,2.57681489
03/07/2008,0
04/07/2008,0
05/07/2008,2.57681489
06/07/2008,14.38131618
07/07/2008,7.190658092
08/07/2008,3.595329046
09/07/2008,0
10/07/2008,0
11/07/2008,0
12/07/2008,0
13/07/2008,12.7683754
14/07/2008,12.7683754
15/07/2008,0
16/07/2008,4.909996033
17/07/2008,19.63998413
18/07/2008,14.72998905
19/07/2008,0
20/07/2008,0
21/07/2008,8.142348289
22/07/2008,4.071174145
23/07/2008,4.071174145
24/07/2008,0
25/07/2008,8.142348289
26/07/2008,36.39109802
27/07/2008,36.39109802
28/07/2008,12.13036728
29/07/2008,12.13036728
30/07/2008,12.13036728
31/07/2008,0
01/08/2008,0
02/08/2008,6.856214523
03/08/2008,13.71242905
04/08/2008,0
05/08/2008,0
06/08/2008,25.69033241
07/08/2008,25.69033241
08/08/2008,0
09/08/2008,0
10/08/2008,0
11/08/2008,8.67798996
12/08/2008,8.67798996
13/08/2008,0
14/08/2008,0
15/08/2008,0
16/08/2008,0
17/08/2008,0
18/08/2008,0
19/08/2008,0
20/08/2008,7.98037529
21/08/2008,8.352104187
22/08/2008,2.784034967
23/08/2008,0
24/08/2008,11.13613987
25/08/2008,8.352104187
26/08/2008,8.236536026
27/08/2008,0
28/08/2008,8.236536026
29/08/2008,8.236536026
30/08/2008,16.47307205
31/08/2008,8.236536026
01/09/2008,20.49791718
02/09/2008,0
03/09/2008,0
04/09/2008,20.49791718
05/09/2008,10.24895859
06/09/2008,0
07/09/2008,8.176139832
08/09/2008,0
09/09/2008,0
10/09/2008,24.52841949
11/09/2008,0
12/09/2008,0
13/09/2008,0
14/09/2008,20.27893639
15/09/2008,20.27893639
16/09/2008,7.992316246
17/09/2008,7.992316246
18/09/2008,7.992316246
19/09/2008,15.98463249
20/09/2008,0
21/09/2008,4.934139252
22/09/2008,19.73655701
23/09/2008,4.934139252
24/09/2008,4.934139252
25/09/2008,4.934139252
26/09/2008,18.7624054
27/09/2008,0
28/09/2008,18.7624054
29/09/2008,12.50826931
30/09/2008,18.7624054
01/10/2008,0
02/10/2008,4.484816074
03/10/2008,4.484816074
04/10/2008,8.969632149
05/10/2008,8.969632149
06/10/2008,4.603599548
07/10/2008,4.603599548
08/10/2008,4.603599548
09/10/2008,0
10/10/2008,13.81079769
11/10/2008,10.05595207
12/10/2008,10.05595207
13/10/2008,3.351984024
14/10/2008,0
15/10/2008,10.05595207
16/10/2008,7.528708935
17/10/2008,7.528708935
18/10/2008,3.764354467
19/10/2008,7.528708935
20/10/2008,0
21/10/2008,0
22/10/2008,0
23/10/2008,0
24/10/2008,0
25/10/2008,0
26/10/2008,0
27/10/2008,9.979613304
28/10/2008,9.979613304
29/10/2008,0
30/10/2008,0
31/10/2008,0
01/11/2008,0
02/11/2008,0
03/11/2008,0
04/11/2008,0
05/11/2008,0
06/11/2008,0
07/11/2008,0
08/11/2008,0
09/11/2008,0
10/11/2008,1.080186129
11/11/2008,0
12/11/2008,0
13/11/2008,0
14/11/2008,0
15/11/2008,0
16/11/2008,0
17/11/2008,0
18/11/2008,0
19/11/2008,0
20/11/2008,0
21/11/2008,0
22/11/2008,0
23/11/2008,0
24/11/2008,0
25/11/2008,0
26/11/2008,0
27/11/2008,0
28/11/2008,0
29/11/2008,0
30/11/2008,0
01/12/2008,0
02/12/2008,0
03/12/2008,5.419695854
04/12/2008,0
05/12/2008,5.419695854
06/12/2008,2.078688622
07/12/2008,0
08/12/2008,0
09/12/2008,0
10/12/2008,0
11/12/2008,0
12/12/2008,0
13/12/2008,0
14/12/2008,0
15/12/2008,0
16/12/2008,0
17/12/2008,0
18/12/2008,0
19/12/2008,0
20/12/2008,0
21/12/2008,0
22/12/2008,0
23/12/2008,0
24/12/2008,0
25/12/2008,0
26/12/2008,0
27/12/2008,0
28/12/2008,0
29/12/2008,0
30/12/2008,0
31/12/2008,0
01/01/2009,0
02/01/2009,0
03/01/2009,0
04/01/2009,0
05/01/2009,0
06/01/2009,0
07/01/2009,0
08/01/2009,0
09/01/2009,3.340805769
10/01/2009,1.670402884
11/01/2009,0
12/01/2009,2.106430769
13/01/2009,0
14/01/2009,0
15/01/2009,0
16/01/2009,0
17/01/2009,0
18/01/2009,0
19/01/2009,2.944562435
20/01/2009,0
21/01/2009,1.266156077
22/01/2009,0
23/01/2009,0
24/01/2009,0
25/01/2009,0
26/01/2009,0
27/01/2009,0
28/01/2009,0
29/01/2009,0
30/01/2009,0
31/01/2009,0
01/02/2009,0
02/02/2009,0
03/02/2009,0
04/02/2009,2.33652854
05/02/2009,0
06/02/2009,0
07/02/2009,0
08/02/2009,2.747605324
09/02/2009,1.373802662
10/02/2009,1.373802662
11/02/2009,0
12/02/2009,0
13/02/2009,0
14/02/2009,2.30134654
15/02/2009,0
16/02/2009,0
17/02/2009,4.128464699
18/02/2009,0
19/02/2009,0
20/02/2009,0
21/02/2009,0
22/02/2009,0
23/02/2009,0
24/02/2009,1.374479413
25/02/2009,2.748958826
26/02/2009,2.184752226
27/02/2009,0
28/02/2009,0
01/03/2009,0
02/03/2009,0
03/03/2009,0
04/03/2009,0
05/03/2009,0
06/03/2009,0
07/03/2009,2.913674593
08/03/2009,0
09/03/2009,0
10/03/2009,0
11/03/2009,0
12/03/2009,0
13/03/2009,0
14/03/2009,3.603693008
15/03/2009,5.405539989
16/03/2009,0
17/03/2009,0
18/03/2009,1.5606004
19/03/2009,3.1212008
20/03/2009,0
21/03/2009,0
22/03/2009,0
23/03/2009,1.202096224
24/03/2009,1.202096224
25/03/2009,0
26/03/2009,0
27/03/2009,0
28/03/2009,3.579226255
29/03/2009,3.579226255
30/03/2009,0
31/03/2009,3.579226255
01/04/2009,0
02/04/2009,2.120190859
03/04/2009,4.240381718
04/04/2009,8.480763435
05/04/2009,0
06/04/2009,3.577819347
07/04/2009,3.577819347
08/04/2009,3.577819347
09/04/2009,0
10/04/2009,0
11/04/2009,0
12/04/2009,3.787954092
13/04/2009,7.575908184
14/04/2009,1.893977046
15/04/2009,3.787954092
16/04/2009,7.362303257
17/04/2009,0
18/04/2009,11.04345512
19/04/2009,0
20/04/2009,0
21/04/2009,13.65010643
22/04/2009,6.825053215
23/04/2009,0
24/04/2009,20.47515869
25/04/2009,0
26/04/2009,4.861443043
27/04/2009,7.292164803
28/04/2009,2.430721521
29/04/2009,0
30/04/2009,0
01/05/2009,0
02/05/2009,5.101358414
03/05/2009,2.550679207
04/05/2009,2.550679207
05/05/2009,5.101358414
06/05/2009,3.617096663
07/05/2009,0
08/05/2009,1.808548331
09/05/2009,3.617096663
10/05/2009,1.808548331
11/05/2009,0
12/05/2009,0
13/05/2009,9.478347778
14/05/2009,9.478347778
15/05/2009,4.739173889
16/05/2009,0
17/05/2009,2.968957901
18/05/2009,0
19/05/2009,0
20/05/2009,2.968957901
21/05/2009,0
22/05/2009,0
23/05/2009,0
24/05/2009,1.585102081
25/05/2009,4.755305767
26/05/2009,0
27/05/2009,0
28/05/2009,0
29/05/2009,6.191307068
30/05/2009,6.191307068
31/05/2009,0
01/06/2009,0
02/06/2009,0
03/06/2009,0
04/06/2009,9.626933098
05/06/2009,19.2538662
06/06/2009,0
07/06/2009,5.116231918
08/06/2009,5.116231918
09/06/2009,5.116231918
10/06/2009,10.23246384
11/06/2009,8.48901844
12/06/2009,8.48901844
13/06/2009,8.48901844
14/06/2009,0
15/06/2009,8.48901844
16/06/2009,0
17/06/2009,0
18/06/2009,4.71777153
19/06/2009,0
20/06/2009,4.71777153
21/06/2009,17.33038521
22/06/2009,0
23/06/2009,8.665192604
24/06/2009,8.665192604
25/06/2009,0
26/06/2009,22.74647522
27/06/2009,5.686618805
28/06/2009,11.37323761
29/06/2009,5.686618805
30/06/2009,5.686618805
01/07/2009,0
02/07/2009,0
03/07/2009,21.23898315
04/07/2009,0
05/07/2009,0
06/07/2009,8.099362373
07/07/2009,8.099362373
08/07/2009,8.099362373
09/07/2009,16.19872475
10/07/2009,4.049681187
11/07/2009,0
12/07/2009,0
13/07/2009,10.83959389
14/07/2009,10.83959389
15/07/2009,0
16/07/2009,5.204798698
17/07/2009,10.4095974
18/07/2009,0
19/07/2009,0
20/07/2009,5.204798698
21/07/2009,14.52842045
22/07/2009,7.264210224
23/07/2009,14.52842045
24/07/2009,14.52842045
25/07/2009,0
26/07/2009,5.087695122
27/07/2009,10.17539024
28/07/2009,0
29/07/2009,0
30/07/2009,0
31/07/2009,10.17539024
01/08/2009,0
02/08/2009,0
03/08/2009,14.62858105
04/08/2009,0
05/08/2009,29.25716209
06/08/2009,0
07/08/2009,0
08/08/2009,0
09/08/2009,12.66281509
10/08/2009,0
11/08/2009,0
12/08/2009,33.83586121
13/08/2009,22.55724144
14/08/2009,0
15/08/2009,0
16/08/2009,25.76196861
17/08/2009,51.52393723
18/08/2009,0
19/08/2009,12.88098431
20/08/2009,0
21/08/2009,25.51018333
22/08/2009,12.75509167
23/08/2009,0
24/08/2009,12.75509167
25/08/2009,25.51018333
26/08/2009,0
27/08/2009,12.20905304
28/08/2009,24.41810608
29/08/2009,0
30/08/2009,0
31/08/2009,12.20905304
01/09/2009,0
02/09/2009,0
03/09/2009,20.69597244
04/09/2009,0
05/09/2009,41.39194489
06/09/2009,0
07/09/2009,0
08/09/2009,27.43364906
09/09/2009,13.71682453
10/09/2009,13.71682453
11/09/2009,12.51302433
12/09/2009,6.256512165
13/09/2009,6.256512165
14/09/2009,6.256512165
15/09/2009,18.76953506
16/09/2009,31.37457275
17/09/2009,0
18/09/2009,31.37457275
19/09/2009,15.68728638
20/09/2009,0
21/09/2009,14.42223358
22/09/2009,28.84446716
23/09/2009,0
24/09/2009,0
25/09/2009,14.42223358
26/09/2009,0
27/09/2009,0
28/09/2009,12.5344162
29/09/2009,0
30/09/2009,37.6032486
01/10/2009,0
02/10/2009,0
03/10/2009,0
04/10/2009,5.167574406
05/10/2009,5.167574406
06/10/2009,1.895213962
07/10/2009,1.895213962
08/10/2009,5.685641766
09/10/2009,0
10/10/2009,0
11/10/2009,0
12/10/2009,4.316784382
13/10/2009,0
14/10/2009,4.316784382
15/10/2009,8.633568764
16/10/2009,0
17/10/2009,3.639827728
18/10/2009,0
19/10/2009,0
20/10/2009,3.639827728
21/10/2009,6.845930099
22/10/2009,0
23/10/2009,20.53778839
24/10/2009,13.6918602
25/10/2009,6.845930099
26/10/2009,0
27/10/2009,5.306458473
28/10/2009,5.306458473
29/10/2009,10.61291695
30/10/2009,5.306458473
31/10/2009,0
01/11/2009,0
02/11/2009,4.335665226
03/11/2009,0
04/11/2009,0
05/11/2009,2.167832613
06/11/2009,1.507227302
07/11/2009,0
08/11/2009,0
09/11/2009,2.260841131
10/11/2009,0
11/11/2009,0
12/11/2009,0
13/11/2009,0
14/11/2009,0
15/11/2009,0
16/11/2009,0
17/11/2009,0
18/11/2009,0
19/11/2009,0
20/11/2009,0
21/11/2009,0
22/11/2009,0
23/11/2009,0
24/11/2009,0
25/11/2009,0
26/11/2009,0
27/11/2009,0
28/11/2009,0
29/11/2009,0
30/11/2009,0
01/12/2009,0
02/12/2009,0
03/12/2009,0
04/12/2009,0
05/12/2009,0
06/12/2009,0
07/12/2009,0
08/12/2009,0
09/12/2009,0
10/12/2009,0
11/12/2009,0
12/12/2009,0
13/12/2009,0
14/12/2009,0
15/12/2009,0
16/12/2009,0
17/12/2009,0
18/12/2009,0
19/12/2009,2.632370949
20/12/2009,0
21/12/2009,0
22/12/2009,2.509312391
23/12/2009,0
24/12/2009,0
25/12/2009,0
26/12/2009,0
27/12/2009,0
28/12/2009,0
29/12/2009,0
30/12/2009,0
31/12/2009,0
01/01/2010,0
02/01/2010,0
03/01/2010,0
04/01/2010,0
05/01/2010,0
06/01/2010,0
07/01/2010,0
08/01/2010,0
09/01/2010,0
10/01/2010,0
11/01/2010,0
12/01/2010,0
13/01/2010,0
14/01/2010,0
15/01/2010,0
16/01/2010,0
17/01/2010,0
18/01/2010,0
19/01/2010,0
20/01/2010,0
21/01/2010,0
22/01/2010,0
23/01/2010,0
24/01/2010,0
25/01/2010,0
26/01/2010,0
27/01/2010,0
28/01/2010,0
29/01/2010,0
30/01/2010,0
31/01/2010,0
01/02/2010,0
02/02/2010,0
03/02/2010,0
04/02/2010,0
05/02/2010,0
06/02/2010,0
07/02/2010,0
08/02/2010,0
09/02/2010,0
10/02/2010,0
11/02/2010,0
12/02/2010,2.509845018
13/02/2010,5.019690037
14/02/2010,2.509845018
15/02/2010,0
16/02/2010,0
17/02/2010,0
18/02/2010,0
19/02/2010,0
20/02/2010,0
21/02/2010,1.994329691
22/02/2010,0
23/02/2010,0
24/02/2010,0
25/02/2010,0
26/02/2010,0
27/02/2010,0
28/02/2010,0
01/03/2010,0
02/03/2010,0
03/03/2010,0
04/03/2010,0
05/03/2010,0
06/03/2010,0
07/03/2010,0
08/03/2010,2.077335119
09/03/2010,4.154670238
10/03/2010,2.077335119
11/03/2010,0
12/03/2010,2.796793222
13/03/2010,2.796793222
14/03/2010,0
15/03/2010,5.593586445
16/03/2010,2.337226152
17/03/2010,0
18/03/2010,2.337226152
19/03/2010,0
20/03/2010,0
21/03/2010,0
22/03/2010,0
23/03/2010,0
24/03/2010,0
25/03/2010,0
26/03/2010,0
27/03/2010,0
28/03/2010,0
29/03/2010,0
30/03/2010,0
31/03/2010,0
01/04/2010,0
02/04/2010,7.479207993
03/04/2010,0
04/04/2010,7.479207993
05/04/2010,0
06/04/2010,0
07/04/2010,0
08/04/2010,0
09/04/2010,0
10/04/2010,5.392362118
11/04/2010,0
12/04/2010,0
13/04/2010,1.994070292
14/04/2010,0
15/04/2010,1.994070292
16/04/2010,11.33447266
17/04/2010,8.500854492
18/04/2010,0
19/04/2010,0
20/04/2010,0
21/04/2010,7.820213318
22/04/2010,7.820213318
23/04/2010,7.820213318
24/04/2010,7.820213318
25/04/2010,0
26/04/2010,5.387845993
27/04/2010,0
28/04/2010,2.693922997
29/04/2010,2.693922997
30/04/2010,2.693922997
01/05/2010,0
02/05/2010,6.796973228
03/05/2010,6.796973228
04/05/2010,3.398486614
05/05/2010,6.796973228
06/05/2010,10.82927132
07/05/2010,10.82927132
08/05/2010,10.82927132
09/05/2010,0
10/05/2010,0
11/05/2010,0
12/05/2010,2.265832901
13/05/2010,0
14/05/2010,0
15/05/2010,0
16/05/2010,5.50415659
17/05/2010,11.00831318
18/05/2010,0
19/05/2010,0
20/05/2010,0
21/05/2010,0
22/05/2010,0
23/05/2010,6.291530132
24/05/2010,6.291530132
25/05/2010,0
26/05/2010,7.848423004
27/05/2010,0
28/05/2010,0
29/05/2010,3.139369249
30/05/2010,0
31/05/2010,1.569684625
01/06/2010,5.591274738
02/06/2010,11.18254948
03/06/2010,5.591274738
04/06/2010,0
05/06/2010,0
06/06/2010,7.95412302
07/06/2010,0
08/06/2010,0
09/06/2010,15.90824604
10/06/2010,15.90824604
11/06/2010,9.53028965
12/06/2010,0
13/06/2010,9.53028965
14/06/2010,9.53028965
15/06/2010,0
16/06/2010,0
17/06/2010,0
18/06/2010,4.088191986
19/06/2010,8.176383972
20/06/2010,4.088191986
21/06/2010,10.87532806
22/06/2010,0
23/06/2010,10.87532806
24/06/2010,0
25/06/2010,5.437664032
26/06/2010,0
27/06/2010,5.055962086
28/06/2010,0
29/06/2010,0
30/06/2010,10.11192417
01/07/2010,13.20139027
02/07/2010,0
03/07/2010,0
04/07/2010,3.300347567
05/07/2010,0
06/07/2010,4.600384235
07/07/2010,9.200768471
08/07/2010,4.600384235
09/07/2010,13.80115318
10/07/2010,4.600384235
11/07/2010,0
12/07/2010,6.260327339
13/07/2010,6.260327339
14/07/2010,6.260327339
15/07/2010,0
16/07/2010,4.113667011
17/07/2010,0
18/07/2010,4.113667011
19/07/2010,8.227334023
20/07/2010,8.227334023
21/07/2010,0
22/07/2010,0
23/07/2010,18.34575462
24/07/2010,0
25/07/2010,0
26/07/2010,0
27/07/2010,9.075126648
28/07/2010,0
29/07/2010,0
30/07/2010,0
31/07/2010,0
01/08/2010,0
02/08/2010,0
03/08/2010,0
04/08/2010,0
05/08/2010,0
06/08/2010,13.95239449
07/08/2010,6.976197243
08/08/2010,0
09/08/2010,20.92859077
10/08/2010,0
11/08/2010,16.73608208
12/08/2010,50.20824432
13/08/2010,0
14/08/2010,0
15/08/2010,0
16/08/2010,25.38131523
17/08/2010,0
18/08/2010,0
19/08/2010,8.460438728
20/08/2010,16.92087746
21/08/2010,9.933860779
22/08/2010,0
23/08/2010,22.70596886
24/08/2010,0
25/08/2010,0
26/08/2010,0
27/08/2010,7.467716694
28/08/2010,14.93543339
29/08/2010,0
30/08/2010,14.93543339
31/08/2010,0
01/09/2010,0
02/09/2010,4.649777412
03/09/2010,9.299554825
04/09/2010,13.94933128
05/09/2010,18.59910965
06/09/2010,0
07/09/2010,7.216444492
08/09/2010,7.216444492
09/09/2010,7.216444492
10/09/2010,0
11/09/2010,19.23784828
12/09/2010,0
13/09/2010,0
14/09/2010,0
15/09/2010,0
16/09/2010,0
17/09/2010,12.91902924
18/09/2010,6.459514618
19/09/2010,6.459514618
20/09/2010,12.91902924
21/09/2010,17.92302895
22/09/2010,8.961514473
23/09/2010,26.88454437
24/09/2010,17.92302895
25/09/2010,0
26/09/2010,11.7312088
27/09/2010,17.5968132
28/09/2010,17.5968132
29/09/2010,5.865604401
30/09/2010,17.5968132
01/10/2010,12.9539175
02/10/2010,4.317972183
03/10/2010,4.317972183
04/10/2010,4.317972183
05/10/2010,4.317972183
06/10/2010,0
07/10/2010,0
08/10/2010,9.146075249
09/10/2010,4.573037624
10/10/2010,0
11/10/2010,7.902198792
12/10/2010,0
13/10/2010,7.902198792
14/10/2010,0
15/10/2010,0
16/10/2010,0
17/10/2010,0
18/10/2010,3.694047451
19/10/2010,11.08214283
20/10/2010,7.388094902
21/10/2010,33.62085342
22/10/2010,0
23/10/2010,13.44834137
24/10/2010,13.44834137
25/10/2010,0
26/10/2010,0
27/10/2010,0
28/10/2010,3.80819869
29/10/2010,3.80819869
30/10/2010,3.80819869
31/10/2010,7.616397381
01/11/2010,4.836221695
02/11/2010,4.836221695
03/11/2010,0
04/11/2010,0
05/11/2010,0
06/11/2010,0.886905193
07/11/2010,0.886905193
08/11/2010,0
09/11/2010,0
10/11/2010,0
11/11/2010,0
12/11/2010,0
13/11/2010,0
14/11/2010,0
15/11/2010,0
16/11/2010,0
17/11/2010,0
18/11/2010,0
19/11/2010,0
20/11/2010,0
21/11/2010,0
22/11/2010,0
23/11/2010,0
24/11/2010,0
25/11/2010,0
26/11/2010,0
27/11/2010,0
28/11/2010,0
29/11/2010,0
30/11/2010,0
01/12/2010,0
02/12/2010,0
03/12/2010,0
04/12/2010,0
05/12/2010,0
06/12/2010,0
07/12/2010,0
08/12/2010,0
09/12/2010,0
10/12/2010,0
11/12/2010,0
12/12/2010,0
13/12/2010,0
14/12/2010,0
15/12/2010,0
16/12/2010,0
17/12/2010,0
18/12/2010,0
19/12/2010,0
20/12/2010,0
21/12/2010,0
22/12/2010,0
23/12/2010,0
24/12/2010,0
25/12/2010,0
26/12/2010,0
27/12/2010,0
28/12/2010,0
29/12/2010,0
30/12/2010,3.10742712
31/12/2010,0
01/01/2011,0
02/01/2011,0
03/01/2011,0
04/01/2011,0
05/01/2011,0
06/01/2011,0
07/01/2011,0
08/01/2011,0
09/01/2011,0
10/01/2011,0
11/01/2011,0
12/01/2011,0
13/01/2011,0
14/01/2011,0
15/01/2011,0
16/01/2011,0
17/01/2011,0
18/01/2011,0
19/01/2011,0
20/01/2011,0
21/01/2011,0
22/01/2011,0
23/01/2011,0
24/01/2011,0
25/01/2011,0
26/01/2011,0
27/01/2011,0
28/01/2011,0
29/01/2011,0
30/01/2011,0
31/01/2011,0
01/02/2011,1.755304933
02/02/2011,0
03/02/2011,1.755304933
04/02/2011,1.755304933
05/02/2011,0
06/02/2011,0
07/02/2011,0
08/02/2011,0
09/02/2011,0
10/02/2011,4.15820837
11/02/2011,3.420926332
12/02/2011,6.841852665
13/02/2011,3.420926332
14/02/2011,6.841852665
15/02/2011,0
16/02/2011,0
17/02/2011,0
18/02/2011,5.069977283
19/02/2011,5.069977283
20/02/2011,0
21/02/2011,1.743031621
22/02/2011,0
23/02/2011,1.743031621
24/02/2011,0
25/02/2011,3.486063242
26/02/2011,4.719612598
27/02/2011,7.079419613
28/02/2011,0
01/03/2011,0
02/03/2011,1.748360753
03/03/2011,3.496721506
04/03/2011,1.748360753
05/03/2011,0
06/03/2011,0
07/03/2011,0
08/03/2011,3.751883507
09/03/2011,0
10/03/2011,0
11/03/2011,0
12/03/2011,0
13/03/2011,0
14/03/2011,0
15/03/2011,0
16/03/2011,0
17/03/2011,0
18/03/2011,1.118520498
19/03/2011,0
20/03/2011,0
21/03/2011,0
22/03/2011,6.657551289
23/03/2011,3.328775644
24/03/2011,0
25/03/2011,0
26/03/2011,4.596837044
27/03/2011,0
28/03/2011,0
29/03/2011,0
30/03/2011,0
31/03/2011,0
01/04/2011,0
02/04/2011,2.557577133
03/04/2011,5.115154266
04/04/2011,0
05/04/2011,0
06/04/2011,0
07/04/2011,0
08/04/2011,0
09/04/2011,3.030811548
10/04/2011,3.030811548
11/04/2011,0
12/04/2011,0
13/04/2011,5.719556808
14/04/2011,2.859778404
15/04/2011,0
16/04/2011,0
17/04/2011,1.775371909
18/04/2011,0
19/04/2011,0
20/04/2011,0
21/04/2011,2.47030735
22/04/2011,4.9406147
23/04/2011,0
24/04/2011,4.9406147
25/04/2011,7.41092205
26/04/2011,3.776914597
27/04/2011,0
28/04/2011,7.553829193
29/04/2011,0
30/04/2011,7.553829193
01/05/2011,0
02/05/2011,3.963132858
03/05/2011,3.963132858
04/05/2011,7.926265717
05/05/2011,0
06/05/2011,0
07/05/2011,0
08/05/2011,10.18337536
09/05/2011,10.18337536
10/05/2011,0
11/05/2011,0
12/05/2011,4.927386761
13/05/2011,9.854773521
14/05/2011,9.854773521
15/05/2011,0
16/05/2011,0
17/05/2011,7.552119255
18/05/2011,0
19/05/2011,0
20/05/2011,3.776059628
21/05/2011,0
22/05/2011,5.787974834
23/05/2011,5.787974834
24/05/2011,0
25/05/2011,5.787974834
26/05/2011,0
27/05/2011,0
28/05/2011,5.740468502
29/05/2011,11.480937
30/05/2011,11.480937
31/05/2011,5.740468502
01/06/2011,0
02/06/2011,0
03/06/2011,5.753012657
04/06/2011,17.25903702
05/06/2011,0
06/06/2011,0
07/06/2011,21.08932686
08/06/2011,21.08932686
09/06/2011,10.54466343
10/06/2011,5.272331715
11/06/2011,4.329487324
12/06/2011,0
13/06/2011,0
14/06/2011,4.329487324
15/06/2011,8.658974648
16/06/2011,5.363452911
17/06/2011,5.363452911
18/06/2011,5.363452911
19/06/2011,0
20/06/2011,5.363452911
21/06/2011,19.13068199
22/06/2011,0
23/06/2011,0
24/06/2011,9.565340996
25/06/2011,0
26/06/2011,8.544730186
27/06/2011,0
28/06/2011,0
29/06/2011,17.08946037
30/06/2011,0
01/07/2011,0
02/07/2011,12.72151947
03/07/2011,6.360759735
04/07/2011,0
05/07/2011,6.360759735
06/07/2011,0
07/07/2011,0
08/07/2011,0
09/07/2011,12.02625751
10/07/2011,24.05251503
11/07/2011,0
12/07/2011,0
13/07/2011,0
14/07/2011,0
15/07/2011,14.09055328
16/07/2011,4.383527279
17/07/2011,8.767054558
18/07/2011,0
19/07/2011,4.383527279
20/07/2011,13.15058136
21/07/2011,9.108567238
22/07/2011,0
23/07/2011,0
24/07/2011,0
25/07/2011,0
26/07/2011,0
27/07/2011,0
28/07/2011,0
29/07/2011,0
30/07/2011,0
31/07/2011,0
01/08/2011,19.1526413
02/08/2011,19.1526413
03/08/2011,19.1526413
04/08/2011,0
05/08/2011,0
06/08/2011,25.54022789
07/08/2011,0
08/08/2011,0
09/08/2011,0
10/08/2011,6.385056973
11/08/2011,7.484879017
12/08/2011,6.549268723
13/08/2011,0
14/08/2011,0
15/08/2011,0
16/08/2011,0
17/08/2011,0
18/08/2011,0
19/08/2011,0
20/08/2011,0
21/08/2011,3.168342829
22/08/2011,6.336685658
23/08/2011,0
24/08/2011,0
25/08/2011,0
26/08/2011,24.98038292
27/08/2011,6.24509573
28/08/2011,0
29/08/2011,6.24509573
30/08/2011,12.49019146
31/08/2011,6.24509573
01/09/2011,6.523615837
02/09/2011,0
03/09/2011,0
04/09/2011,13.04723167
05/09/2011,6.523615837
06/09/2011,0
07/09/2011,10.41736126
08/09/2011,11.90555573
09/09/2011,5.20868063
10/09/2011,0
11/09/2011,4.309832573
12/09/2011,4.309832573
13/09/2011,8.619665146
14/09/2011,12.92949867
15/09/2011,4.309832573
16/09/2011,0
17/09/2011,26.64322472
18/09/2011,26.64322472
19/09/2011,0
20/09/2011,26.64322472
21/09/2011,11.49290276
22/09/2011,0
23/09/2011,11.49290276
24/09/2011,11.49290276
25/09/2011,0
26/09/2011,23.6331234
27/09/2011,7.877707481
28/09/2011,7.877707481
29/09/2011,0
30/09/2011,7.877707481
01/10/2011,4.258419514
02/10/2011,0
03/10/2011,4.258419514
04/10/2011,4.258419514
05/10/2011,4.258419514
06/10/2011,12.66016006
07/10/2011,12.66016006
08/10/2011,4.220053196
09/10/2011,4.220053196
10/10/2011,8.440106392
11/10/2011,5.720242977
12/10/2011,8.580364227
13/10/2011,5.720242977
14/10/2011,2.860121489
15/10/2011,5.720242977
16/10/2011,7.790514469
17/10/2011,0
18/10/2011,0
19/10/2011,0
20/10/2011,3.895257235
21/10/2011,8.146121025
22/10/2011,16.29224205
23/10/2011,4.073060513
24/10/2011,8.146121025
25/10/2011,4.073060513
26/10/2011,0
27/10/2011,0
28/10/2011,0
29/10/2011,0
30/10/2011,6.571898937
31/10/2011,6.571898937
01/11/2011,0
02/11/2011,0
03/11/2011,0
04/11/2011,0
05/11/2011,0
06/11/2011,0
07/11/2011,0
08/11/2011,0
09/11/2011,0
10/11/2011,0
11/11/2011,0
12/11/2011,0
13/11/2011,0
14/11/2011,0
15/11/2011,0
16/11/2011,0
17/11/2011,0
18/11/2011,0
19/11/2011,0
20/11/2011,0
21/11/2011,0
22/11/2011,0
23/11/2011,0
24/11/2011,0
25/11/2011,0
26/11/2011,0
27/11/2011,0
28/11/2011,0
29/11/2011,0
30/11/2011,0
01/12/2011,0
02/12/2011,0
03/12/2011,0
04/12/2011,0
05/12/2011,0
06/12/2011,0
07/12/2011,0
08/12/2011,0
09/12/2011,0
10/12/2011,0
11/12/2011,0
12/12/2011,0
13/12/2011,0
14/12/2011,0
15/12/2011,0
16/12/2011,0
17/12/2011,0
18/12/2011,0
19/12/2011,0
20/12/2011,2.145660162
21/12/2011,0
22/12/2011,0
23/12/2011,0
24/12/2011,0
25/12/2011,0
26/12/2011,0
27/12/2011,0
28/12/2011,0
29/12/2011,3.413697243
30/12/2011,0
31/12/2011,0
01/01/2012,0
02/01/2012,0
03/01/2012,0
04/01/2012,0
05/01/2012,0
06/01/2012,0
07/01/2012,0
08/01/2012,0
09/01/2012,0
10/01/2012,0
11/01/2012,0
12/01/2012,0
13/01/2012,0
14/01/2012,0
15/01/2012,0
16/01/2012,0
17/01/2012,0
18/01/2012,0
19/01/2012,0
20/01/2012,1.411522746
21/01/2012,0
22/01/2012,0
23/01/2012,0
24/01/2012,0
25/01/2012,0
26/01/2012,0
27/01/2012,3.795900822
28/01/2012,0
29/01/2012,0
30/01/2012,0
31/01/2012,0
01/02/2012,0
02/02/2012,0
03/02/2012,0.693392634
04/02/2012,0
05/02/2012,0
06/02/2012,0
07/02/2012,0
08/02/2012,0
09/02/2012,0
10/02/2012,0
11/02/2012,0
12/02/2012,0
13/02/2012,0
14/02/2012,0
15/02/2012,0
16/02/2012,0
17/02/2012,0
18/02/2012,2.958389759
19/02/2012,0
20/02/2012,5.916779518
21/02/2012,6.797789097
22/02/2012,0
23/02/2012,0
24/02/2012,0
25/02/2012,0
26/02/2012,0
27/02/2012,0
28/02/2012,1.775318623
29/02/2012,1.775318623
01/03/2012,4.146131039
02/03/2012,4.146131039
03/03/2012,4.146131039
04/03/2012,2.073065519
05/03/2012,2.073065519
06/03/2012,0
07/03/2012,0
08/03/2012,0
09/03/2012,4.254570484
10/03/2012,2.127285242
11/03/2012,0
12/03/2012,0
13/03/2012,0
14/03/2012,0
15/03/2012,0
16/03/2012,0
17/03/2012,0
18/03/2012,0
19/03/2012,0
20/03/2012,0
21/03/2012,0
22/03/2012,0
23/03/2012,0
24/03/2012,0
25/03/2012,3.428662062
26/03/2012,0
27/03/2012,0
28/03/2012,0
29/03/2012,0
30/03/2012,0
31/03/2012,0
01/04/2012,0
02/04/2012,2.269471884
03/04/2012,2.269471884
04/04/2012,4.538943768
05/04/2012,6.808415413
06/04/2012,6.121674061
07/04/2012,0
08/04/2012,6.121674061
09/04/2012,6.121674061
10/04/2012,0
11/04/2012,18.16681671
12/04/2012,0
13/04/2012,12.11120987
14/04/2012,0
15/04/2012,12.11120987
16/04/2012,10.82161427
17/04/2012,5.410807133
18/04/2012,5.410807133
19/04/2012,16.23241997
20/04/2012,0
21/04/2012,0
22/04/2012,0
23/04/2012,0
24/04/2012,3.346101761
25/04/2012,6.692203522
26/04/2012,0
27/04/2012,0
28/04/2012,0
29/04/2012,0
30/04/2012,3.955691814
01/05/2012,0
02/05/2012,7.635737419
03/05/2012,0
04/05/2012,5.090491295
05/05/2012,7.635737419
06/05/2012,0
07/05/2012,0
08/05/2012,0
09/05/2012,0
10/05/2012,0
11/05/2012,6.397620201
12/05/2012,6.397620201
13/05/2012,6.397620201
14/05/2012,19.19286156
15/05/2012,6.397620201
16/05/2012,12.90076828
17/05/2012,0
18/05/2012,0
19/05/2012,4.300256252
20/05/2012,0
21/05/2012,4.458054066
22/05/2012,4.458054066
23/05/2012,8.916108131
24/05/2012,0
25/05/2012,4.458054066
26/05/2012,0
27/05/2012,0
28/05/2012,10.64197159
29/05/2012,7.094647884
30/05/2012,7.094647884
31/05/2012,0
01/06/2012,0
02/06/2012,4.389656544
03/06/2012,0
04/06/2012,4.389656544
05/06/2012,13.16897011
06/06/2012,0
07/06/2012,0
08/06/2012,0
09/06/2012,23.00757027
10/06/2012,0
11/06/2012,5.847243309
12/06/2012,17.54173088
13/06/2012,0
14/06/2012,5.847243309
15/06/2012,5.847243309
16/06/2012,8.429497719
17/06/2012,0
18/06/2012,4.214748859
19/06/2012,4.214748859
20/06/2012,8.429497719
21/06/2012,0
22/06/2012,0
23/06/2012,0
24/06/2012,14.3765974
25/06/2012,0
26/06/2012,20.58282661
27/06/2012,20.58282661
28/06/2012,0
29/06/2012,0
30/06/2012,0
01/07/2012,15.08309746
02/07/2012,22.62464523
03/07/2012,0
04/07/2012,0
05/07/2012,0
06/07/2012,0
07/07/2012,6.738645554
08/07/2012,0
09/07/2012,0
10/07/2012,6.738645554
11/07/2012,7.004386902
12/07/2012,0
13/07/2012,7.004386902
14/07/2012,14.0087738
15/07/2012,0
16/07/2012,0
17/07/2012,0
18/07/2012,20.84691429
19/07/2012,0
20/07/2012,0
21/07/2012,2.513969421
22/07/2012,5.027938843
23/07/2012,0
24/07/2012,0
25/07/2012,0
26/07/2012,0
27/07/2012,0
28/07/2012,0
29/07/2012,0
30/07/2012,0
31/07/2012,36.33927155
01/08/2012,0
02/08/2012,8.761796951
03/08/2012,8.761796951
04/08/2012,0
05/08/2012,0
06/08/2012,0
07/08/2012,0
08/08/2012,0
09/08/2012,0
10/08/2012,10.84738827
11/08/2012,0
12/08/2012,0
13/08/2012,0
14/08/2012,5.897247791
15/08/2012,0
16/08/2012,0
17/08/2012,0
18/08/2012,30.97244835
19/08/2012,0
20/08/2012,0
21/08/2012,0
22/08/2012,0
23/08/2012,0
24/08/2012,25.30038452
25/08/2012,0
26/08/2012,23.76350975
27/08/2012,0
28/08/2012,0
29/08/2012,0
30/08/2012,0
31/08/2012,0
01/09/2012,0
02/09/2012,21.29986954
03/09/2012,0
04/09/2012,0
05/09/2012,0
06/09/2012,0
07/09/2012,0
08/09/2012,0
09/09/2012,20.95689774
10/09/2012,0
11/09/2012,34.93009567
12/09/2012,0
13/09/2012,17.46504784
14/09/2012,0
15/09/2012,0
16/09/2012,34.2807312
17/09/2012,17.1403656
18/09/2012,34.2807312
19/09/2012,17.1403656
20/09/2012,17.1403656
21/09/2012,0
22/09/2012,7.852638721
23/09/2012,15.70527744
24/09/2012,0
25/09/2012,7.852638721
26/09/2012,24.32025909
27/09/2012,8.106752396
28/09/2012,0
29/09/2012,32.42700958
30/09/2012,8.106752396
01/10/2012,3.025468588
02/10/2012,6.050937176
03/10/2012,0
04/10/2012,0
05/10/2012,0
06/10/2012,0
07/10/2012,4.466777802
08/10/2012,8.933555603
09/10/2012,0
10/10/2012,8.933555603
11/10/2012,9.971347809
12/10/2012,9.971347809
13/10/2012,0
14/10/2012,4.985673904
15/10/2012,4.985673904
16/10/2012,8.365117073
17/10/2012,8.365117073
18/10/2012,5.576745033
19/10/2012,8.365117073
20/10/2012,2.788372517
21/10/2012,10.96819305
22/10/2012,16.45228958
23/10/2012,16.45228958
24/10/2012,5.484096527
25/10/2012,0
26/10/2012,10.52135468
27/10/2012,0
28/10/2012,15.78203201
29/10/2012,0
30/10/2012,0
31/10/2012,0
01/11/2012,0
02/11/2012,1.579485416
03/11/2012,0
04/11/2012,0.789742708
05/11/2012,1.579485416
06/11/2012,0
07/11/2012,0.463409156
08/11/2012,0
09/11/2012,0.231704578
10/11/2012,0
11/11/2012,0.0453633
12/11/2012,0.0453633
13/11/2012,0
14/11/2012,0
15/11/2012,0
16/11/2012,0
17/11/2012,0
18/11/2012,0
19/11/2012,0
20/11/2012,0
21/11/2012,0
22/11/2012,0
23/11/2012,0
24/11/2012,0
25/11/2012,0
26/11/2012,0
27/11/2012,0
28/11/2012,0
29/11/2012,0
30/11/2012,0
01/12/2012,0
02/12/2012,1.740120053
03/12/2012,1.740120053
04/12/2012,0
05/12/2012,0
06/12/2012,0
07/12/2012,0
08/12/2012,0
09/12/2012,0
10/12/2012,0
11/12/2012,3.775171518
12/12/2012,0
13/12/2012,0
14/12/2012,0
15/12/2012,0
16/12/2012,0
17/12/2012,0
18/12/2012,0
19/12/2012,0
20/12/2012,0
21/12/2012,0
22/12/2012,0
23/12/2012,0
24/12/2012,0
25/12/2012,0
26/12/2012,0
27/12/2012,0
28/12/2012,0
29/12/2012,0
30/12/2012,0
31/12/2012,0
01/01/2013,0
02/01/2013,0
03/01/2013,0
04/01/2013,0
05/01/2013,0
06/01/2013,0
07/01/2013,0
08/01/2013,0
09/01/2013,0
10/01/2013,0
11/01/2013,0
12/01/2013,0
13/01/2013,0
14/01/2013,0
15/01/2013,0
16/01/2013,0
17/01/2013,0
18/01/2013,0
19/01/2013,2.081584215
20/01/2013,2.081584215
21/01/2013,0
22/01/2013,0
23/01/2013,0
24/01/2013,0
25/01/2013,0
26/01/2013,0
27/01/2013,0
28/01/2013,0
29/01/2013,0
30/01/2013,0
31/01/2013,0
01/02/2013,0
02/02/2013,0
03/02/2013,0
04/02/2013,0
05/02/2013,0
06/02/2013,0
07/02/2013,0
08/02/2013,0
09/02/2013,0
10/02/2013,1.571024537
11/02/2013,0
12/02/2013,0
13/02/2013,0
14/02/2013,0
15/02/2013,0
16/02/2013,2.239068508
17/02/2013,1.119534254
18/02/2013,2.239068508
19/02/2013,2.239068508
20/02/2013,2.239068508
21/02/2013,6.157909393
22/02/2013,0
23/02/2013,0
24/02/2013,0
25/02/2013,0
26/02/2013,0
27/02/2013,1.996059418
28/02/2013,0
01/03/2013,0
02/03/2013,4.474570751
03/03/2013,0
04/03/2013,6.711855888
05/03/2013,2.237285376
06/03/2013,0
07/03/2013,0
08/03/2013,5.386397839
09/03/2013,2.693198919
10/03/2013,0
11/03/2013,1.63040936
12/03/2013,1.63040936
13/03/2013,0
14/03/2013,0
15/03/2013,0
16/03/2013,4.247228622
17/03/2013,6.370842457
18/03/2013,0
19/03/2013,0
20/03/2013,0
21/03/2013,3.956220865
22/03/2013,0
23/03/2013,5.934331417
24/03/2013,3.956220865
25/03/2013,3.956220865
26/03/2013,2.25287962
27/03/2013,2.25287962
28/03/2013,0
29/03/2013,0
30/03/2013,0
31/03/2013,0
01/04/2013,4.909605026
02/04/2013,7.364408493
03/04/2013,0
04/04/2013,0
05/04/2013,0
06/04/2013,0
07/04/2013,5.88330698
08/04/2013,1.961102366
09/04/2013,0
10/04/2013,0
11/04/2013,0
12/04/2013,2.693512678
13/04/2013,0
14/04/2013,5.387025356
15/04/2013,5.387025356
16/04/2013,0
17/04/2013,1.249221563
18/04/2013,1.249221563
19/04/2013,1.249221563
20/04/2013,2.498443127
21/04/2013,2.145826101
22/04/2013,2.145826101
23/04/2013,1.072913051
24/04/2013,0
25/04/2013,2.145826101
26/04/2013,2.24849844
27/04/2013,2.24849844
28/04/2013,4.49699688
29/04/2013,0
30/04/2013,0
01/05/2013,5.104705811
02/05/2013,0
03/05/2013,1.701568604
04/05/2013,1.701568604
05/05/2013,0
06/05/2013,7.332334518
07/05/2013,0
08/05/2013,3.666167259
09/05/2013,0
10/05/2013,0
11/05/2013,7.688220024
12/05/2013,3.844110012
13/05/2013,11.53232956
14/05/2013,7.688220024
15/05/2013,3.844110012
16/05/2013,0
17/05/2013,0
18/05/2013,0
19/05/2013,0
20/05/2013,7.404499531
21/05/2013,2.835386753
22/05/2013,2.835386753
23/05/2013,0
24/05/2013,0
25/05/2013,2.835386753
26/05/2013,4.617221832
27/05/2013,2.609578133
28/05/2013,0.989658237
29/05/2013,2.308610916
30/05/2013,2.308610916
31/05/2013,0
01/06/2013,0
02/06/2013,0
03/06/2013,8.740363121
04/06/2013,4.370181561
05/06/2013,8.740363121
06/06/2013,0
07/06/2013,0
08/06/2013,8.165043831
09/06/2013,0
10/06/2013,2.721681356
11/06/2013,6.537409782
12/06/2013,0
13/06/2013,0
14/06/2013,3.268704891
15/06/2013,9.806114197
16/06/2013,0
17/06/2013,1.887456536
18/06/2013,1.887456536
19/06/2013,1.887456536
20/06/2013,0
21/06/2013,6.605891228
22/06/2013,0
23/06/2013,6.605891228
24/06/2013,6.605891228
25/06/2013,0
26/06/2013,6.131729603
27/06/2013,3.065864801
28/06/2013,9.197593689
29/06/2013,0
30/06/2013,0
01/07/2013,0
02/07/2013,7.087425709
03/07/2013,0
04/07/2013,10.6311388
05/07/2013,0
06/07/2013,0
07/07/2013,5.283311844
08/07/2013,3.522207499
09/07/2013,0
10/07/2013,0
11/07/2013,4.037004471
12/07/2013,0
13/07/2013,0
14/07/2013,16.14801788
15/07/2013,0
16/07/2013,0
17/07/2013,1.667170882
18/07/2013,3.334341764
19/07/2013,1.667170882
20/07/2013,3.334341764
21/07/2013,0
22/07/2013,0
23/07/2013,0
24/07/2013,16.99274254
25/07/2013,0
26/07/2013,1.872166991
27/07/2013,0
28/07/2013,0
29/07/2013,0
30/07/2013,0
31/07/2013,0
01/08/2013,0
02/08/2013,0
03/08/2013,0
04/08/2013,0
05/08/2013,0
06/08/2013,3.194245815
07/08/2013,0
08/08/2013,0
09/08/2013,0
10/08/2013,0
11/08/2013,0
12/08/2013,2.244252682
13/08/2013,0
14/08/2013,0
15/08/2013,0
16/08/2013,0
17/08/2013,0
18/08/2013,0
19/08/2013,0
20/08/2013,1.645022273
21/08/2013,0.658272862
22/08/2013,0
23/08/2013,0
24/08/2013,0
25/08/2013,0
26/08/2013,0
27/08/2013,0
28/08/2013,13.95469379
29/08/2013,0
30/08/2013,6.977346897
31/08/2013,0
01/09/2013,22.74404335
02/09/2013,11.37202168
03/09/2013,0
04/09/2013,11.37202168
05/09/2013,34.11606598
06/09/2013,0
07/09/2013,8.763549805
08/09/2013,8.763549805
09/09/2013,0
10/09/2013,0
11/09/2013,0
12/09/2013,13.88780594
13/09/2013,13.88780594
14/09/2013,13.88780594
15/09/2013,0
16/09/2013,0
17/09/2013,21.11602211
18/09/2013,0
19/09/2013,0
20/09/2013,0
21/09/2013,6.198811054
22/09/2013,12.39762211
23/09/2013,30.99405289
24/09/2013,6.198811054
25/09/2013,0
26/09/2013,0
27/09/2013,0
28/09/2013,0
29/09/2013,0
30/09/2013,0
01/10/2013,16.89990425
02/10/2013,4.224976063
03/10/2013,4.224976063
04/10/2013,0
05/10/2013,0
06/10/2013,5.450984955
07/10/2013,5.450984955
08/10/2013,16.35295677
09/10/2013,5.450984955
10/10/2013,0
11/10/2013,13.56189537
12/10/2013,0
13/10/2013,0
14/10/2013,9.041262627
15/10/2013,4.520631313
16/10/2013,0
17/10/2013,0
18/10/2013,0
19/10/2013,0
20/10/2013,0
21/10/2013,0
22/10/2013,0
23/10/2013,0
24/10/2013,6.276190758
25/10/2013,6.276190758
26/10/2013,0
27/10/2013,0
28/10/2013,0
29/10/2013,9.564674377
30/10/2013,9.564674377
31/10/2013,9.564674377
01/11/2013,0
02/11/2013,0
03/11/2013,0
04/11/2013,0
05/11/2013,0
06/11/2013,0
07/11/2013,0
08/11/2013,0
09/11/2013,1.228627205
10/11/2013,0
11/11/2013,0
12/11/2013,0
13/11/2013,0
14/11/2013,0
15/11/2013,0
16/11/2013,0
17/11/2013,0
18/11/2013,0
19/11/2013,0
20/11/2013,0
21/11/2013,0
22/11/2013,0
23/11/2013,0
24/11/2013,0
25/11/2013,0
26/11/2013,0
27/11/2013,0
28/11/2013,0
29/11/2013,0
30/11/2013,0
01/12/2013,0
02/12/2013,0
03/12/2013,0
04/12/2013,0
05/12/2013,0
06/12/2013,0
07/12/2013,0
08/12/2013,8.851433754
09/12/2013,0
10/12/2013,0
11/12/2013,0
12/12/2013,0
13/12/2013,0
14/12/2013,0
15/12/2013,0
16/12/2013,0
17/12/2013,0
18/12/2013,0
19/12/2013,0
20/12/2013,0
21/12/2013,0
22/12/2013,0
23/12/2013,0
24/12/2013,0
25/12/2013,0
26/12/2013,0
27/12/2013,0
28/12/2013,0
29/12/2013,0
30/12/2013,0
31/12/2013,0
01/01/2014,0
02/01/2014,0
03/01/2014,0
04/01/2014,0
05/01/2014,0
06/01/2014,0
07/01/2014,0
08/01/2014,0
09/01/2014,0
10/01/2014,0
11/01/2014,0
12/01/2014,0
13/01/2014,0
14/01/2014,0
15/01/2014,0
16/01/2014,0
17/01/2014,0.849048138
18/01/2014,0
19/01/2014,0
20/01/2014,0
21/01/2014,0
22/01/2014,0
23/01/2014,1.155477524
24/01/2014,2.310955048
25/01/2014,0
26/01/2014,0
27/01/2014,0
28/01/2014,0
29/01/2014,0
30/01/2014,4.73866415
31/01/2014,4.73866415
01/02/2014,0
02/02/2014,0.856622875
03/02/2014,0
04/02/2014,0
05/02/2014,0
06/02/2014,0
07/02/2014,0
08/02/2014,0
09/02/2014,0
10/02/2014,0
11/02/2014,0
12/02/2014,0
13/02/2014,0
14/02/2014,0
15/02/2014,0
16/02/2014,0
17/02/2014,0
18/02/2014,0
19/02/2014,0
20/02/2014,0
21/02/2014,0
22/02/2014,0
23/02/2014,0
24/02/2014,2.093667507
25/02/2014,0
26/02/2014,0
27/02/2014,2.775174379
28/02/2014,2.775174379
01/03/2014,4.495774269
02/03/2014,0
03/03/2014,0
04/03/2014,0
05/03/2014,1.798309684
06/03/2014,4.728251457
07/03/2014,2.364125729
08/03/2014,0
09/03/2014,0
10/03/2014,0
11/03/2014,3.584090471
12/03/2014,0
13/03/2014,3.584090471
14/03/2014,1.792045236
15/03/2014,0
16/03/2014,5.860842228
17/03/2014,0
18/03/2014,8.79126358
19/03/2014,5.860842228
20/03/2014,0
21/03/2014,0
22/03/2014,0
23/03/2014,5.805128574
24/03/2014,2.902564287
25/03/2014,0
26/03/2014,0
27/03/2014,5.832215309
28/03/2014,11.66443062
29/03/2014,5.832215309
30/03/2014,2.916107655
31/03/2014,11.66443062
01/04/2014,0
02/04/2014,0
03/04/2014,7.360673904
04/04/2014,0
05/04/2014,3.680336952
06/04/2014,0
07/04/2014,4.849865913
08/04/2014,4.849865913
09/04/2014,0
10/04/2014,12.12466526
11/04/2014,8.653692245
12/04/2014,0
13/04/2014,4.326846123
14/04/2014,4.326846123
15/04/2014,0
16/04/2014,4.062411785
17/04/2014,0
18/04/2014,12.18723583
19/04/2014,0
20/04/2014,4.062411785
21/04/2014,6.796374798
22/04/2014,3.398187399
23/04/2014,0
24/04/2014,10.19456196
25/04/2014,6.796374798
26/04/2014,2.908100605
27/04/2014,2.908100605
28/04/2014,0
29/04/2014,0
30/04/2014,2.908100605
01/05/2014,8.976309776
02/05/2014,0
03/05/2014,0
04/05/2014,8.976309776
05/05/2014,8.976309776
06/05/2014,18.54279137
07/05/2014,9.271395683
08/05/2014,13.907094
09/05/2014,0
10/05/2014,9.271395683
11/05/2014,10.48236179
12/05/2014,0
13/05/2014,0
14/05/2014,0
15/05/2014,5.241180897
16/05/2014,9.261761665
17/05/2014,4.630880833
18/05/2014,0
19/05/2014,13.89264393
20/05/2014,4.630880833
21/05/2014,0
22/05/2014,0
23/05/2014,6.440758228
24/05/2014,6.440758228
25/05/2014,0
26/05/2014,0
27/05/2014,12.39972401
28/05/2014,6.199862003
29/05/2014,12.39972401
30/05/2014,12.39972401
31/05/2014,0
01/06/2014,9.102654457
02/06/2014,0
03/06/2014,9.102654457
04/06/2014,0
05/06/2014,9.102654457
06/06/2014,0
07/06/2014,0
08/06/2014,6.196146488
09/06/2014,0
10/06/2014,6.196146488
11/06/2014,6.992109776
12/06/2014,6.992109776
13/06/2014,6.992109776
14/06/2014,0
15/06/2014,0
16/06/2014,12.61398315
17/06/2014,0
18/06/2014,12.61398315
19/06/2014,0
20/06/2014,0
21/06/2014,9.663519859
22/06/2014,0
23/06/2014,9.663519859
24/06/2014,0
25/06/2014,0
26/06/2014,0
27/06/2014,0
28/06/2014,26.30182457
29/06/2014,10.52072906
30/06/2014,10.52072906
01/07/2014,23.41491508
02/07/2014,0
03/07/2014,11.70745754
04/07/2014,5.853728771
05/07/2014,0
06/07/2014,0
07/07/2014,0
08/07/2014,3.917036772
09/07/2014,3.917036772
10/07/2014,0
11/07/2014,0
12/07/2014,8.24438858
13/07/2014,0
14/07/2014,0
15/07/2014,16.48877716
16/07/2014,7.539662361
17/07/2014,7.539662361
18/07/2014,0
19/07/2014,3.769831181
20/07/2014,3.769831181
21/07/2014,0
22/07/2014,0
23/07/2014,0
24/07/2014,0
25/07/2014,0
26/07/2014,0
27/07/2014,0
28/07/2014,5.572548389
29/07/2014,5.572548389
30/07/2014,0
31/07/2014,11.14509678
01/08/2014,0
02/08/2014,0
03/08/2014,12.90713406
04/08/2014,0
05/08/2014,38.72140503
06/08/2014,0
07/08/2014,0
08/08/2014,0
09/08/2014,0
10/08/2014,0
11/08/2014,0
12/08/2014,0
13/08/2014,0
14/08/2014,0
15/08/2014,0
16/08/2014,0
17/08/2014,0
18/08/2014,7.332525253
19/08/2014,14.66505051
20/08/2014,0
21/08/2014,7.750782013
22/08/2014,15.50156403
23/08/2014,0
24/08/2014,0
25/08/2014,7.750782013
26/08/2014,17.49683952
27/08/2014,0
28/08/2014,0
29/08/2014,8.748419762
30/08/2014,8.748419762
31/08/2014,0
01/09/2014,0
02/09/2014,0
03/09/2014,0
04/09/2014,24.71558952
05/09/2014,12.35779476
06/09/2014,0
07/09/2014,0
08/09/2014,34.16219711
09/09/2014,0
10/09/2014,0
11/09/2014,16.83117867
12/09/2014,16.83117867
13/09/2014,0
14/09/2014,0
15/09/2014,25.24676895
16/09/2014,18.48962402
17/09/2014,0
18/09/2014,9.244812012
19/09/2014,9.244812012
20/09/2014,18.48962402
21/09/2014,0
22/09/2014,28.76165199
23/09/2014,0
24/09/2014,0
25/09/2014,0
26/09/2014,0
27/09/2014,7.372468472
28/09/2014,14.74493694
29/09/2014,0
30/09/2014,22.11740685
01/10/2014,18.01333809
02/10/2014,6.004445553
03/10/2014,6.004445553
04/10/2014,6.004445553
05/10/2014,6.004445553
06/10/2014,14.40071583
07/10/2014,19.20095444
08/10/2014,0
09/10/2014,0
10/10/2014,4.800238609
11/10/2014,10.27318573
12/10/2014,5.136592865
13/10/2014,10.27318573
14/10/2014,0
15/10/2014,0
16/10/2014,0
17/10/2014,10.59484863
18/10/2014,0
19/10/2014,0
20/10/2014,0
21/10/2014,0
22/10/2014,0
23/10/2014,8.083421707
24/10/2014,0
25/10/2014,0
26/10/2014,8.98865509
27/10/2014,0
28/10/2014,8.98865509
29/10/2014,8.98865509
30/10/2014,0
31/10/2014,0
01/11/2014,0
02/11/2014,1.916169763
03/11/2014,0.958084881
04/11/2014,0.958084881
05/11/2014,2.874254704
06/11/2014,0
07/11/2014,0.391033232
08/11/2014,0
09/11/2014,0.782066464
10/11/2014,0
11/11/2014,0
12/11/2014,0
13/11/2014,0
14/11/2014,0
15/11/2014,0
16/11/2014,0
17/11/2014,0
18/11/2014,0
19/11/2014,0
20/11/2014,0
21/11/2014,0
22/11/2014,0
23/11/2014,0
24/11/2014,0
25/11/2014,0
26/11/2014,0
27/11/2014,0
28/11/2014,0
29/11/2014,0
30/11/2014,0
01/12/2014,0
02/12/2014,0
03/12/2014,0
04/12/2014,0
05/12/2014,0
06/12/2014,0
07/12/2014,0
08/12/2014,0
09/12/2014,0
10/12/2014,0
11/12/2014,0
12/12/2014,0
13/12/2014,0
14/12/2014,0
15/12/2014,0
16/12/2014,0
17/12/2014,0
18/12/2014,0
19/12/2014,0
20/12/2014,0
21/12/2014,3.936983347
22/12/2014,0
23/12/2014,0
24/12/2014,0
25/12/2014,0
26/12/2014,0
27/12/2014,0
28/12/2014,0
29/12/2014,3.688601494
30/12/2014,0
31/12/2014,0
01/01/2015,0
02/01/2015,0
03/01/2015,0
04/01/2015,0
05/01/2015,0
06/01/2015,0
07/01/2015,0
08/01/2015,0
09/01/2015,0
10/01/2015,0
11/01/2015,0
12/01/2015,0
13/01/2015,0
14/01/2015,0
15/01/2015,0
16/01/2015,0
17/01/2015,0
18/01/2015,0
19/01/2015,0
20/01/2015,0
21/01/2015,0
22/01/2015,0
23/01/2015,0
24/01/2015,0
25/01/2015,0
26/01/2015,0
27/01/2015,0
28/01/2015,0
29/01/2015,3.099718332
30/01/2015,4.498100758
31/01/2015,0
01/02/2015,0
02/02/2015,0
03/02/2015,0
04/02/2015,0
05/02/2015,0
06/02/2015,1.116790533
07/02/2015,0
08/02/2015,0
09/02/2015,2.233581066
10/02/2015,0
11/02/2015,0
12/02/2015,0
13/02/2015,0
14/02/2015,0
15/02/2015,0
16/02/2015,2.38401556
17/02/2015,0
18/02/2015,2.38401556
19/02/2015,0
20/02/2015,0
21/02/2015,0
22/02/2015,0
23/02/2015,2.935614586
24/02/2015,0
25/02/2015,0
26/02/2015,0
27/02/2015,0
28/02/2015,0
01/03/2015,0
02/03/2015,0
03/03/2015,0
04/03/2015,0
05/03/2015,0
06/03/2015,0
07/03/2015,0
08/03/2015,0
09/03/2015,0
10/03/2015,0
11/03/2015,0
12/03/2015,0
13/03/2015,0
14/03/2015,0
15/03/2015,10.76461029
16/03/2015,8.841794968
17/03/2015,4.420897484
18/03/2015,4.420897484
19/03/2015,0
20/03/2015,8.841794968
21/03/2015,7.330392838
22/03/2015,2.443464279
23/03/2015,0
24/03/2015,2.443464279
25/03/2015,12.2173214
26/03/2015,5.264594555
27/03/2015,0
28/03/2015,0
29/03/2015,0
30/03/2015,15.79378319
31/03/2015,0
01/04/2015,0
02/04/2015,0
03/04/2015,0
04/04/2015,0
05/04/2015,1.915404081
06/04/2015,7.272087097
07/04/2015,0
08/04/2015,0
09/04/2015,14.54417419
10/04/2015,0
11/04/2015,0
12/04/2015,0
13/04/2015,0
14/04/2015,0
15/04/2015,0
16/04/2015,0
17/04/2015,0
18/04/2015,0
19/04/2015,0
20/04/2015,0
21/04/2015,0
22/04/2015,0
23/04/2015,4.3716259
24/04/2015,4.3716259
25/04/2015,4.3716259
26/04/2015,0
27/04/2015,0
28/04/2015,0
29/04/2015,0
30/04/2015,0
01/05/2015,0
02/05/2015,3.699572563
03/05/2015,7.399145126
04/05/2015,11.09871769
05/05/2015,11.09871769
06/05/2015,0
07/05/2015,0
08/05/2015,0
09/05/2015,7.127677441
10/05/2015,0
11/05/2015,10.9654398
12/05/2015,0
13/05/2015,10.9654398
14/05/2015,21.93087959
15/05/2015,16.44815826
16/05/2015,0
17/05/2015,12.75902271
18/05/2015,0
19/05/2015,4.253007412
20/05/2015,4.253007412
21/05/2015,3.810807228
22/05/2015,7.621614456
23/05/2015,11.43242168
24/05/2015,0
25/05/2015,0
26/05/2015,0
27/05/2015,0
28/05/2015,2.69486928
29/05/2015,5.38973856
30/05/2015,2.69486928
31/05/2015,0
01/06/2015,0
02/06/2015,7.443085194
03/06/2015,3.721542597
04/06/2015,3.721542597
05/06/2015,11.16462898
06/06/2015,18.92176247
07/06/2015,0
08/06/2015,9.460881233
09/06/2015,0
10/06/2015,0
11/06/2015,0
12/06/2015,0
13/06/2015,0
14/06/2015,0
15/06/2015,0
16/06/2015,0
17/06/2015,6.557504654
18/06/2015,0
19/06/2015,0
20/06/2015,19.67251587
21/06/2015,0
22/06/2015,0
23/06/2015,0
24/06/2015,17.07258224
25/06/2015,0
26/06/2015,0
27/06/2015,0
28/06/2015,0
29/06/2015,0
30/06/2015,0
01/07/2015,0
02/07/2015,7.318444729
03/07/2015,0
04/07/2015,0
05/07/2015,7.318444729
06/07/2015,7.215044498
07/07/2015,7.215044498
08/07/2015,7.215044498
09/07/2015,0
10/07/2015,14.430089
11/07/2015,4.731399536
12/07/2015,0
13/07/2015,0
14/07/2015,4.731399536
15/07/2015,4.731399536
16/07/2015,0
17/07/2015,0
18/07/2015,0
19/07/2015,0
20/07/2015,12.23974609
21/07/2015,0
22/07/2015,0
23/07/2015,0
24/07/2015,0
25/07/2015,0
26/07/2015,4.185578823
27/07/2015,12.55673695
28/07/2015,0
29/07/2015,0
30/07/2015,0
31/07/2015,0
01/08/2015,4.997329235
02/08/2015,0
03/08/2015,0
04/08/2015,0
05/08/2015,0
06/08/2015,11.37473202
07/08/2015,11.37473202
08/08/2015,0
09/08/2015,0
10/08/2015,0
11/08/2015,0
12/08/2015,0
13/08/2015,0
14/08/2015,0
15/08/2015,0
16/08/2015,10.33783245
17/08/2015,10.33783245
18/08/2015,0
19/08/2015,0
20/08/2015,20.6756649
21/08/2015,0
22/08/2015,0
23/08/2015,17.73492432
24/08/2015,0
25/08/2015,0
26/08/2015,0
27/08/2015,15.00378036
28/08/2015,30.00756073
29/08/2015,0
30/08/2015,0
31/08/2015,45.01134109
01/09/2015,0
02/09/2015,0
03/09/2015,0
04/09/2015,9.442803383
05/09/2015,28.3284111
06/09/2015,0
07/09/2015,8.931909561
08/09/2015,0
09/09/2015,0
10/09/2015,8.931909561
11/09/2015,13.57711697
12/09/2015,13.57711697
13/09/2015,27.15423393
14/09/2015,13.57711697
15/09/2015,13.57711697
16/09/2015,0
17/09/2015,10.21937943
18/09/2015,0
19/09/2015,0
20/09/2015,10.21937943
21/09/2015,15.62499714
22/09/2015,0
23/09/2015,0
24/09/2015,15.62499714
25/09/2015,0
26/09/2015,0
27/09/2015,0
28/09/2015,9.567602158
29/09/2015,14.35140228
30/09/2015,0
01/10/2015,0
02/10/2015,3.205557823
03/10/2015,3.205557823
04/10/2015,6.411115646
05/10/2015,6.411115646
06/10/2015,22.09049416
07/10/2015,11.04524708
08/10/2015,11.04524708
09/10/2015,0
10/10/2015,11.04524708
11/10/2015,6.483827591
12/10/2015,0
13/10/2015,0
14/10/2015,2.161275864
15/10/2015,0
16/10/2015,0
17/10/2015,0
18/10/2015,0
19/10/2015,0
20/10/2015,3.824257612
21/10/2015,0
22/10/2015,4.306635857
23/10/2015,0
24/10/2015,0
25/10/2015,0
26/10/2015,3.188729763
27/10/2015,9.566188812
28/10/2015,0
29/10/2015,6.377459526
30/10/2015,3.188729763
31/10/2015,3.188729763
01/11/2015,1.248637915
02/11/2015,2.497275829
03/11/2015,0
04/11/2015,0
05/11/2015,0
06/11/2015,0
07/11/2015,0.353267431
08/11/2015,0
09/11/2015,0
10/11/2015,0
11/11/2015,0
12/11/2015,0
13/11/2015,0
14/11/2015,0
15/11/2015,0
16/11/2015,0
17/11/2015,0
18/11/2015,0
19/11/2015,0
20/11/2015,0
21/11/2015,0
22/11/2015,0
23/11/2015,0
24/11/2015,0
25/11/2015,0
26/11/2015,0
27/11/2015,0
28/11/2015,0
29/11/2015,0
30/11/2015,0
01/12/2015,0
02/12/2015,2.040504694
03/12/2015,0
04/12/2015,0
05/12/2015,0
06/12/2015,0
07/12/2015,0
08/12/2015,0
09/12/2015,0
10/12/2015,0
11/12/2015,0
12/12/2015,0
13/12/2015,3.353879929
14/12/2015,0
15/12/2015,0
16/12/2015,0
17/12/2015,0
18/12/2015,0
19/12/2015,0
20/12/2015,0
21/12/2015,0
22/12/2015,0
23/12/2015,0
24/12/2015,0
25/12/2015,0
26/12/2015,0
27/12/2015,0
28/12/2015,0
29/12/2015,0
30/12/2015,0
31/12/2015,0
01/01/2016,0
02/01/2016,0
03/01/2016,2.788507462
04/01/2016,0
05/01/2016,2.788507462
06/01/2016,0
07/01/2016,0
08/01/2016,0
09/01/2016,0
10/01/2016,0
11/01/2016,0
12/01/2016,0
13/01/2016,0
14/01/2016,0
15/01/2016,0
16/01/2016,0
17/01/2016,0
18/01/2016,0
19/01/2016,0
20/01/2016,0
21/01/2016,0
22/01/2016,0
23/01/2016,0
24/01/2016,0
25/01/2016,0
26/01/2016,0
27/01/2016,0
28/01/2016,0
29/01/2016,0
30/01/2016,0
31/01/2016,0
01/02/2016,0
02/02/2016,0
03/02/2016,0
04/02/2016,0
05/02/2016,0
06/02/2016,0
07/02/2016,0
08/02/2016,0
09/02/2016,0
10/02/2016,0
11/02/2016,0
12/02/2016,0
13/02/2016,0
14/02/2016,0
15/02/2016,0
16/02/2016,0
17/02/2016,0
18/02/2016,0
19/02/2016,0
20/02/2016,0
21/02/2016,0
22/02/2016,0
23/02/2016,0
24/02/2016,0
25/02/2016,0
26/02/2016,0
27/02/2016,0
28/02/2016,3.575212002
29/02/2016,0
01/03/2016,0
02/03/2016,0
03/03/2016,0
04/03/2016,0
05/03/2016,0
06/03/2016,0
07/03/2016,2.524259329
08/03/2016,2.524259329
09/03/2016,0
10/03/2016,0
11/03/2016,4.179125786
12/03/2016,8.358251572
13/03/2016,16.71650314
14/03/2016,0
15/03/2016,0
16/03/2016,4.615719795
17/03/2016,4.615719795
18/03/2016,4.615719795
19/03/2016,0
20/03/2016,2.307859898
21/03/2016,0
22/03/2016,0
23/03/2016,6.572187424
24/03/2016,6.572187424
25/03/2016,3.286093712
26/03/2016,0
27/03/2016,0
28/03/2016,0
29/03/2016,0
30/03/2016,0
31/03/2016,0
01/04/2016,0
02/04/2016,0
03/04/2016,0
04/04/2016,0
05/04/2016,11.32557297
06/04/2016,13.68288898
07/04/2016,0
08/04/2016,0
09/04/2016,13.68288898
10/04/2016,0
11/04/2016,8.64520359
12/04/2016,4.322601795
13/04/2016,0
14/04/2016,8.64520359
15/04/2016,12.96780586
16/04/2016,0
17/04/2016,3.95488286
18/04/2016,0
19/04/2016,0
20/04/2016,0
21/04/2016,0
22/04/2016,5.429883957
23/04/2016,0
24/04/2016,0
25/04/2016,5.429883957
26/04/2016,0
27/04/2016,3.357024908
28/04/2016,10.07107449
29/04/2016,0
30/04/2016,3.357024908
01/05/2016,2.276891947
02/05/2016,0
03/05/2016,0
04/05/2016,4.553783894
05/05/2016,0
06/05/2016,0
07/05/2016,4.084703445
08/05/2016,8.169406891
09/05/2016,4.084703445
10/05/2016,0
11/05/2016,4.629883766
12/05/2016,9.259767532
13/05/2016,0
14/05/2016,0
15/05/2016,0
16/05/2016,0
17/05/2016,11.68764305
18/05/2016,0
19/05/2016,17.53146362
20/05/2016,0
21/05/2016,9.296152115
22/05/2016,9.296152115
23/05/2016,13.94422913
24/05/2016,0
25/05/2016,0
26/05/2016,0
27/05/2016,0
28/05/2016,14.86947918
29/05/2016,0
30/05/2016,0
31/05/2016,9.912986755
01/06/2016,21.83920479
02/06/2016,0
03/06/2016,5.459801197
04/06/2016,0
05/06/2016,10.91960239
06/06/2016,0
07/06/2016,13.95211315
08/06/2016,0
09/06/2016,13.95211315
10/06/2016,6.976056576
11/06/2016,0
12/06/2016,30.33429527
13/06/2016,6.066859245
14/06/2016,0
15/06/2016,12.13371849
16/06/2016,0
17/06/2016,0
18/06/2016,6.124077797
19/06/2016,12.24815559
20/06/2016,6.124077797
21/06/2016,6.391187668
22/06/2016,0
23/06/2016,6.391187668
24/06/2016,12.78237534
25/06/2016,0
26/06/2016,3.817619085
27/06/2016,7.635238171
28/06/2016,3.817619085
29/06/2016,0
30/06/2016,0
01/07/2016,6.229042053
02/07/2016,6.229042053
03/07/2016,0
04/07/2016,0
05/07/2016,0
06/07/2016,0
07/07/2016,0
08/07/2016,10.34291458
09/07/2016,5.171457291
10/07/2016,10.34291458
11/07/2016,0
12/07/2016,0
13/07/2016,17.52094078
14/07/2016,8.76047039
15/07/2016,8.76047039
16/07/2016,17.37273598
17/07/2016,0
18/07/2016,5.790912151
19/07/2016,11.5818243
20/07/2016,5.790912151
21/07/2016,8.055090904
22/07/2016,8.055090904
23/07/2016,24.16527367
24/07/2016,0
25/07/2016,24.16527367
26/07/2016,3.689068794
27/07/2016,0
28/07/2016,7.378137589
29/07/2016,7.378137589
30/07/2016,0
31/07/2016,11.06720638
01/08/2016,0
02/08/2016,0
03/08/2016,0
04/08/2016,0
05/08/2016,19.36600685
06/08/2016,0
07/08/2016,0
08/08/2016,0
09/08/2016,0
10/08/2016,0
11/08/2016,0
12/08/2016,16.69374084
13/08/2016,0
14/08/2016,16.69374084
15/08/2016,0
16/08/2016,0
17/08/2016,14.19623661
18/08/2016,14.19623661
19/08/2016,0
20/08/2016,14.19623661
21/08/2016,0
22/08/2016,0
23/08/2016,0
24/08/2016,9.577390671
25/08/2016,0
26/08/2016,13.75854492
27/08/2016,20.63781548
28/08/2016,6.879272461
29/08/2016,0
30/08/2016,20.63781548
31/08/2016,6.879272461
01/09/2016,3.557291508
02/09/2016,0
03/09/2016,3.557291508
04/09/2016,3.557291508
05/09/2016,10.67187405
06/09/2016,10.23071575
07/09/2016,0
08/09/2016,0
09/09/2016,0
10/09/2016,20.4614315
11/09/2016,0
12/09/2016,16.14450455
13/09/2016,16.14450455
14/09/2016,0
15/09/2016,0
16/09/2016,4.904901505
17/09/2016,0
18/09/2016,4.904901505
19/09/2016,14.71470451
20/09/2016,9.809803009
21/09/2016,19.78081703
22/09/2016,9.890408516
23/09/2016,9.890408516
24/09/2016,29.6712265
25/09/2016,0
26/09/2016,10.59280682
27/09/2016,0
28/09/2016,10.59280682
29/09/2016,21.18561363
30/09/2016,21.18561363
01/10/2016,10.72455311
02/10/2016,3.574851036
03/10/2016,0
04/10/2016,7.149702072
05/10/2016,7.149702072
06/10/2016,0
07/10/2016,4.190020561
08/10/2016,0
09/10/2016,7.332535744
10/10/2016,7.332535744
11/10/2016,4.707033157
12/10/2016,0
13/10/2016,0
14/10/2016,9.414066315
15/10/2016,0
16/10/2016,0
17/10/2016,0
18/10/2016,4.934665203
19/10/2016,4.934665203
20/10/2016,0
21/10/2016,12.3145256
22/10/2016,12.3145256
23/10/2016,8.209683418
24/10/2016,0
25/10/2016,0
26/10/2016,0
27/10/2016,0
28/10/2016,0
29/10/2016,0
30/10/2016,0
31/10/2016,12.5028286
01/11/2016,1.868554473
02/11/2016,0.934277236
03/11/2016,0
04/11/2016,0
05/11/2016,0
06/11/2016,0
07/11/2016,0
08/11/2016,0
09/11/2016,0
10/11/2016,0
11/11/2016,0
12/11/2016,0
13/11/2016,0
14/11/2016,0
15/11/2016,0
16/11/2016,0
17/11/2016,0
18/11/2016,0
19/11/2016,0
20/11/2016,0
21/11/2016,0
22/11/2016,0
23/11/2016,0
24/11/2016,0
25/11/2016,0
26/11/2016,0
27/11/2016,0
28/11/2016,0
29/11/2016,0
30/11/2016,0
01/12/2016,0
02/12/2016,0
03/12/2016,0
04/12/2016,0
05/12/2016,0
06/12/2016,0
07/12/2016,0
08/12/2016,0
09/12/2016,0
10/12/2016,0
11/12/2016,0
12/12/2016,0
13/12/2016,0
14/12/2016,0
15/12/2016,0
16/12/2016,0
17/12/2016,0
18/12/2016,0
19/12/2016,0
20/12/2016,0
21/12/2016,0
22/12/2016,2.973888397
23/12/2016,0
24/12/2016,0
25/12/2016,0
26/12/2016,2.287417412
27/12/2016,0
28/12/2016,0
29/12/2016,0
30/12/2016,0
31/12/2016,0
01/01/2017,0
02/01/2017,0
03/01/2017,0
04/01/2017,0
05/01/2017,0
06/01/2017,0
07/01/2017,0
08/01/2017,0
09/01/2017,0
10/01/2017,0
11/01/2017,0
12/01/2017,0
13/01/2017,0
14/01/2017,0
15/01/2017,0
16/01/2017,0
17/01/2017,0
18/01/2017,0
19/01/2017,0
20/01/2017,0
21/01/2017,0.749331117
22/01/2017,0.749331117
23/01/2017,0
24/01/2017,0
25/01/2017,0
26/01/2017,0
27/01/2017,0
28/01/2017,0
29/01/2017,0
30/01/2017,0
31/01/2017,4.575859547
01/02/2017,0
02/02/2017,0
03/02/2017,0
04/02/2017,0
05/02/2017,0
06/02/2017,0
07/02/2017,0
08/02/2017,0
09/02/2017,0
10/02/2017,0
11/02/2017,0
12/02/2017,0
13/02/2017,0
14/02/2017,0
15/02/2017,0
16/02/2017,0
17/02/2017,0
18/02/2017,0
19/02/2017,0
20/02/2017,0
21/02/2017,0
22/02/2017,0
23/02/2017,0
24/02/2017,0
25/02/2017,0
26/02/2017,0
27/02/2017,0
28/02/2017,0
01/03/2017,0
02/03/2017,0
03/03/2017,0
04/03/2017,1.398123264
05/03/2017,0
06/03/2017,2.495230675
07/03/2017,1.247615337
08/03/2017,0
09/03/2017,0
10/03/2017,0
11/03/2017,0
12/03/2017,0
13/03/2017,0
14/03/2017,0
15/03/2017,0
16/03/2017,0
17/03/2017,0
18/03/2017,0
19/03/2017,0.971157789
20/03/2017,1.942315578
21/03/2017,0
22/03/2017,0
23/03/2017,2.583543062
24/03/2017,5.167086124
25/03/2017,5.167086124
26/03/2017,1.763380885
27/03/2017,0
28/03/2017,0
29/03/2017,0
30/03/2017,0.881690443
31/03/2017,1.763380885
01/04/2017,4.828937054
02/04/2017,0
03/04/2017,0
04/04/2017,0
05/04/2017,0
06/04/2017,3.862349272
07/04/2017,0
08/04/2017,2.574899673
09/04/2017,2.574899673
10/04/2017,0
11/04/2017,0
12/04/2017,0
13/04/2017,4.29183054
14/04/2017,4.29183054
15/04/2017,8.583661079
16/04/2017,2.136814833
17/04/2017,0
18/04/2017,6.41044426
19/04/2017,4.273629665
20/04/2017,6.41044426
21/04/2017,0
22/04/2017,0
23/04/2017,5.063348293
24/04/2017,0
25/04/2017,0
26/04/2017,0
27/04/2017,6.037203789
28/04/2017,6.037203789
29/04/2017,3.018601894
30/04/2017,0
01/05/2017,8.898877144
02/05/2017,0
03/05/2017,4.449438572
04/05/2017,22.24719238
05/05/2017,8.898877144
06/05/2017,8.672645569
07/05/2017,17.34529114
08/05/2017,0
09/05/2017,8.672645569
10/05/2017,0
11/05/2017,0
12/05/2017,14.88360119
13/05/2017,4.961200714
14/05/2017,0
15/05/2017,14.88360119
16/05/2017,6.609661102
17/05/2017,0
18/05/2017,3.304830551
19/05/2017,3.304830551
20/05/2017,3.304830551
21/05/2017,7.058639526
22/05/2017,7.058639526
23/05/2017,7.058639526
24/05/2017,0
25/05/2017,3.529319763
26/05/2017,4.271555424
27/05/2017,3.737610579
28/05/2017,0
29/05/2017,0
30/05/2017,7.475221157
31/05/2017,11.2128315
01/06/2017,0
02/06/2017,0
03/06/2017,0
04/06/2017,16.76603508
05/06/2017,0
06/06/2017,0
07/06/2017,4.588028431
08/06/2017,0
09/06/2017,4.588028431
10/06/2017,13.76408672
11/06/2017,22.99127007
12/06/2017,15.32751465
13/06/2017,15.32751465
14/06/2017,0
15/06/2017,0
16/06/2017,14.65065193
17/06/2017,21.97597694
18/06/2017,7.325325966
19/06/2017,7.325325966
20/06/2017,21.97597694
21/06/2017,0
22/06/2017,0
23/06/2017,7.05132246
24/06/2017,0
25/06/2017,21.1539669
26/06/2017,0
27/06/2017,5.443141937
28/06/2017,10.88628387
29/06/2017,10.88628387
30/06/2017,5.443141937
01/07/2017,9.02682972
02/07/2017,0
03/07/2017,9.02682972
04/07/2017,13.5402441
05/07/2017,0
06/07/2017,0
07/07/2017,0
08/07/2017,10.69421482
09/07/2017,0
10/07/2017,0
11/07/2017,0
12/07/2017,0
13/07/2017,0
14/07/2017,0
15/07/2017,0
16/07/2017,6.819038391
17/07/2017,13.63807678
18/07/2017,0
19/07/2017,20.45711517
20/07/2017,0
21/07/2017,0
22/07/2017,8.144887924
23/07/2017,0
24/07/2017,0
25/07/2017,0
26/07/2017,0
27/07/2017,12.09799671
28/07/2017,0
29/07/2017,12.09799671
30/07/2017,0
31/07/2017,12.09799671
01/08/2017,12.65507793
02/08/2017,12.65507793
03/08/2017,0
04/08/2017,0
05/08/2017,0
06/08/2017,0
07/08/2017,0
08/08/2017,0
09/08/2017,0
10/08/2017,0
11/08/2017,6.117621899
12/08/2017,12.2352438
13/08/2017,6.117621899
14/08/2017,18.35286713
15/08/2017,18.35286713
16/08/2017,8.967496872
17/08/2017,26.90249062
18/08/2017,0
19/08/2017,0
20/08/2017,0
21/08/2017,0
22/08/2017,8.578829765
23/08/2017,0
24/08/2017,0
25/08/2017,34.31531906
26/08/2017,18.75174522
27/08/2017,9.375872612
28/08/2017,0
29/08/2017,9.375872612
30/08/2017,0
31/08/2017,0
01/09/2017,0
02/09/2017,8.297166824
03/09/2017,24.89150238
04/09/2017,0
05/09/2017,0
06/09/2017,13.3536377
07/09/2017,20.03045654
08/09/2017,0
09/09/2017,0
10/09/2017,20.03045654
11/09/2017,0
12/09/2017,0
13/09/2017,0
14/09/2017,0
15/09/2017,0
16/09/2017,33.97153473
17/09/2017,0
18/09/2017,0
19/09/2017,0
20/09/2017,11.32384491
21/09/2017,15.91191769
22/09/2017,0
23/09/2017,0
24/09/2017,15.91191769
25/09/2017,0
26/09/2017,10.80960846
27/09/2017,0
28/09/2017,21.61921692
29/09/2017,0
30/09/2017,0
01/10/2017,0
02/10/2017,4.281898022
03/10/2017,0
04/10/2017,4.281898022
05/10/2017,4.281898022
06/10/2017,0
07/10/2017,10.66049004
08/10/2017,0
09/10/2017,5.330245018
10/10/2017,5.330245018
11/10/2017,0
12/10/2017,5.60175705
13/10/2017,5.60175705
14/10/2017,5.60175705
15/10/2017,0
16/10/2017,0
17/10/2017,0
18/10/2017,0
19/10/2017,0
20/10/2017,0
21/10/2017,2.553277969
22/10/2017,5.106555939
23/10/2017,0
24/10/2017,2.553277969
25/10/2017,2.553277969
26/10/2017,3.778146982
27/10/2017,3.778146982
28/10/2017,0
29/10/2017,0
30/10/2017,0
31/10/2017,0
01/11/2017,0
02/11/2017,0
03/11/2017,0
04/11/2017,0
05/11/2017,0
06/11/2017,0
07/11/2017,0
08/11/2017,0
09/11/2017,0
10/11/2017,0
11/11/2017,0
12/11/2017,0
13/11/2017,0
14/11/2017,0
15/11/2017,0
16/11/2017,0
17/11/2017,0
18/11/2017,0
19/11/2017,0
20/11/2017,0
21/11/2017,0
22/11/2017,0
23/11/2017,0
24/11/2017,0
25/11/2017,0
26/11/2017,0
27/11/2017,0
28/11/2017,0
29/11/2017,0
30/11/2017,0
01/12/2017,0
02/12/2017,0
03/12/2017,0
04/12/2017,0
05/12/2017,0
06/12/2017,0
07/12/2017,2.623957872
08/12/2017,0
09/12/2017,0
10/12/2017,0
11/12/2017,0
12/12/2017,0
13/12/2017,0
14/12/2017,0
15/12/2017,0
16/12/2017,0
17/12/2017,0
18/12/2017,0
19/12/2017,1.952049851
20/12/2017,3.904099703
21/12/2017,0
22/12/2017,1.729428768
23/12/2017,2.594143152
24/12/2017,0
25/12/2017,0
26/12/2017,0
27/12/2017,0
28/12/2017,0
29/12/2017,0
30/12/2017,0
31/12/2017,0
01/01/2018,0
02/01/2018,0
03/01/2018,0
04/01/2018,0
05/01/2018,0
06/01/2018,0
07/01/2018,0
08/01/2018,0
09/01/2018,0
10/01/2018,0
11/01/2018,0
12/01/2018,0
13/01/2018,0
14/01/2018,0
15/01/2018,0
16/01/2018,0
17/01/2018,0
18/01/2018,0
19/01/2018,0
20/01/2018,0
21/01/2018,0
22/01/2018,0
23/01/2018,0
24/01/2018,0
25/01/2018,0
26/01/2018,4.302404404
27/01/2018,0
28/01/2018,0
29/01/2018,0
30/01/2018,0
31/01/2018,0
01/02/2018,0
02/02/2018,0
03/02/2018,0
04/02/2018,0
05/02/2018,0
06/02/2018,0
07/02/2018,0
08/02/2018,0
09/02/2018,4.659068584
10/02/2018,0
11/02/2018,0
12/02/2018,0
13/02/2018,0
14/02/2018,0
15/02/2018,0
16/02/2018,0
17/02/2018,0
18/02/2018,0
19/02/2018,0
20/02/2018,4.653670788
21/02/2018,0
22/02/2018,0
23/02/2018,5.469818592
24/02/2018,5.469818592
25/02/2018,0
26/02/2018,1.328611851
27/02/2018,1.328611851
28/02/2018,0
01/03/2018,0
02/03/2018,0
03/03/2018,0
04/03/2018,0
05/03/2018,2.546458244
06/03/2018,3.627230644
07/03/2018,7.254461288
08/03/2018,0
09/03/2018,7.254461288
10/03/2018,7.254461288
11/03/2018,0
12/03/2018,0
13/03/2018,0
14/03/2018,0
15/03/2018,0
16/03/2018,0
17/03/2018,7.355017662
18/03/2018,3.677508831
19/03/2018,0
20/03/2018,0
21/03/2018,0
22/03/2018,3.986893892
23/03/2018,3.986893892
24/03/2018,0
25/03/2018,0
26/03/2018,0
27/03/2018,0
28/03/2018,0
29/03/2018,3.011791706
30/03/2018,1.505895853
31/03/2018,0
01/04/2018,0
02/04/2018,0
03/04/2018,5.134970188
04/04/2018,0
05/04/2018,0
06/04/2018,13.49359608
07/04/2018,4.497864723
08/04/2018,0
09/04/2018,8.995729446
10/04/2018,4.497864723
11/04/2018,2.5752244
12/04/2018,0
13/04/2018,0
14/04/2018,5.150448799
15/04/2018,10.3008976
16/04/2018,5.231598377
17/04/2018,0
18/04/2018,10.46319675
19/04/2018,5.231598377
20/04/2018,0
21/04/2018,0
22/04/2018,0
23/04/2018,0
24/04/2018,0
25/04/2018,0
26/04/2018,0
27/04/2018,2.908448458
28/04/2018,0
29/04/2018,0
30/04/2018,0
01/05/2018,0
02/05/2018,6.04146719
03/05/2018,15.10366821
04/05/2018,3.020733595
05/05/2018,9.062200546
06/05/2018,0
07/05/2018,3.690196991
08/05/2018,7.380393982
09/05/2018,0
10/05/2018,11.07059097
11/05/2018,0
12/05/2018,7.55104351
13/05/2018,0
14/05/2018,0
15/05/2018,0
16/05/2018,0
17/05/2018,13.64510918
18/05/2018,4.548369884
19/05/2018,0
20/05/2018,0
21/05/2018,5.237744808
22/05/2018,2.618872404
23/05/2018,0
24/05/2018,0
25/05/2018,5.237744808
26/05/2018,0
27/05/2018,9.947527885
28/05/2018,0
29/05/2018,9.947527885
30/05/2018,0
31/05/2018,4.973763943
01/06/2018,4.010993004
02/06/2018,4.010993004
03/06/2018,12.03297997
04/06/2018,0
05/06/2018,0
06/06/2018,13.35412788
07/06/2018,6.677063942
08/06/2018,6.677063942
09/06/2018,6.677063942
10/06/2018,13.35412788
11/06/2018,0
12/06/2018,7.354620457
13/06/2018,14.70924091
14/06/2018,14.70924091
15/06/2018,0
16/06/2018,0
17/06/2018,12.62960911
18/06/2018,6.314804554
19/06/2018,0
20/06/2018,6.314804554
21/06/2018,0
22/06/2018,5.894721508
23/06/2018,5.894721508
24/06/2018,5.894721508
25/06/2018,5.894721508
26/06/2018,0
27/06/2018,0
28/06/2018,5.859171391
29/06/2018,11.71834278
30/06/2018,11.71834278
01/07/2018,0
02/07/2018,8.565000534
03/07/2018,12.8475008
04/07/2018,4.282500267
05/07/2018,4.282500267
06/07/2018,3.527061462
07/07/2018,3.527061462
08/07/2018,0
09/07/2018,0
10/07/2018,7.054122925
11/07/2018,4.916642666
12/07/2018,4.916642666
13/07/2018,0
14/07/2018,4.916642666
15/07/2018,0
16/07/2018,7.150005817
17/07/2018,7.150005817
18/07/2018,0
19/07/2018,14.30001163
20/07/2018,14.30001163
21/07/2018,6.928428173
22/07/2018,0
23/07/2018,6.928428173
24/07/2018,6.928428173
25/07/2018,6.928428173
26/07/2018,3.833487511
27/07/2018,0
28/07/2018,3.833487511
29/07/2018,3.833487511
30/07/2018,0
31/07/2018,0
01/08/2018,0
02/08/2018,0
03/08/2018,0
04/08/2018,0
05/08/2018,0
06/08/2018,0
07/08/2018,0
08/08/2018,0
09/08/2018,31.2927227
10/08/2018,0
11/08/2018,0
12/08/2018,13.14451218
13/08/2018,39.43354034
14/08/2018,0
15/08/2018,0
16/08/2018,0.492118418
17/08/2018,1.467809319
18/08/2018,1.603585601
19/08/2018,1.53951335
20/08/2018,3.112063408
21/08/2018,11.56492329
22/08/2018,34.694767
23/08/2018,23.12984657
24/08/2018,23.12984657
25/08/2018,0
26/08/2018,0
27/08/2018,19.76322746
28/08/2018,0
29/08/2018,29.64484215
30/08/2018,0
31/08/2018,19.76322746
01/09/2018,8.878239632
02/09/2018,8.878239632
03/09/2018,26.63471985
04/09/2018,17.75647926
05/09/2018,17.75647926
06/09/2018,33.20423508
07/09/2018,16.60211754
08/09/2018,0
09/09/2018,0
10/09/2018,0
11/09/2018,17.13109016
12/09/2018,0
13/09/2018,17.13109016
14/09/2018,0
15/09/2018,0
16/09/2018,20.66051102
17/09/2018,0
18/09/2018,13.77367306
19/09/2018,6.886836529
20/09/2018,0
21/09/2018,12.46983337
22/09/2018,6.234916687
23/09/2018,12.46983337
24/09/2018,6.234916687
25/09/2018,6.234916687
26/09/2018,8.992711067
27/09/2018,8.992711067
28/09/2018,0
29/09/2018,4.496355534
30/09/2018,4.496355534
01/10/2018,7.853979588
02/10/2018,0
03/10/2018,0
04/10/2018,7.853979588
05/10/2018,10.47197247
06/10/2018,0
07/10/2018,5.61826849
08/10/2018,16.85480499
09/10/2018,0
10/10/2018,11.23653698
11/10/2018,0
12/10/2018,5.566489697
13/10/2018,5.566489697
14/10/2018,5.566489697
15/10/2018,5.566489697
16/10/2018,0
17/10/2018,7.141878128
18/10/2018,3.570939064
19/10/2018,0
20/10/2018,0
21/10/2018,2.724202871
22/10/2018,2.724202871
23/10/2018,0
24/10/2018,0
25/10/2018,1.556687474
26/10/2018,0
27/10/2018,3.724116802
28/10/2018,11.17235088
29/10/2018,18.62058449
30/10/2018,0
31/10/2018,0
01/11/2018,0
02/11/2018,0
03/11/2018,1.461312056
04/11/2018,2.922624111
05/11/2018,0
06/11/2018,0
07/11/2018,0.413921922
08/11/2018,0.413921922
09/11/2018,0
10/11/2018,0
11/11/2018,0
12/11/2018,0
13/11/2018,0
14/11/2018,0
15/11/2018,0
16/11/2018,0
17/11/2018,0
18/11/2018,0
19/11/2018,0
20/11/2018,0
21/11/2018,0
22/11/2018,0
23/11/2018,0
24/11/2018,0
25/11/2018,0
26/11/2018,0
27/11/2018,0
28/11/2018,0
29/11/2018,0
30/11/2018,0
01/12/2018,0
02/12/2018,0
03/12/2018,0
04/12/2018,0
05/12/2018,0
06/12/2018,0
07/12/2018,0
08/12/2018,0
09/12/2018,0
10/12/2018,4.862010002
11/12/2018,0
12/12/2018,0
13/12/2018,0
14/12/2018,0
15/12/2018,0
16/12/2018,0
17/12/2018,4.149856567
18/12/2018,0
19/12/2018,0
20/12/2018,0
21/12/2018,0
22/12/2018,0
23/12/2018,0
24/12/2018,0
25/12/2018,0
26/12/2018,0
27/12/2018,0
28/12/2018,0
29/12/2018,0
30/12/2018,0
31/12/2018,0
01/01/2019,0
02/01/2019,0
03/01/2019,0
04/01/2019,0
05/01/2019,0
06/01/2019,0
07/01/2019,7.651269913
08/01/2019,0
09/01/2019,0
10/01/2019,0
11/01/2019,0
12/01/2019,0
13/01/2019,0
14/01/2019,0
15/01/2019,0
16/01/2019,0
17/01/2019,0
18/01/2019,0
19/01/2019,0
20/01/2019,0
21/01/2019,0
22/01/2019,0
23/01/2019,0
24/01/2019,0
25/01/2019,0
26/01/2019,0
27/01/2019,0
28/01/2019,0
29/01/2019,0
30/01/2019,0
31/01/2019,0
01/02/2019,0
02/02/2019,0
03/02/2019,0
04/02/2019,0
05/02/2019,0
06/02/2019,1.696764827
07/02/2019,0
08/02/2019,0
09/02/2019,0
10/02/2019,0
11/02/2019,0
12/02/2019,0
13/02/2019,0
14/02/2019,0
15/02/2019,0
16/02/2019,0
17/02/2019,0
18/02/2019,0
19/02/2019,0
20/02/2019,0
21/02/2019,0
22/02/2019,0
23/02/2019,0
24/02/2019,0
25/02/2019,5.472205162
26/02/2019,2.222083569
27/02/2019,0
28/02/2019,2.222083569
01/03/2019,0
02/03/2019,0
03/03/2019,0
04/03/2019,0
05/03/2019,0
06/03/2019,0
07/03/2019,0
08/03/2019,7.377820015
09/03/2019,11.06672955
10/03/2019,0
11/03/2019,0
12/03/2019,0
13/03/2019,2.015252829
14/03/2019,2.015252829
15/03/2019,0
16/03/2019,5.622808933
17/03/2019,0
18/03/2019,0
19/03/2019,0
20/03/2019,2.459978819
21/03/2019,4.264692307
22/03/2019,0
23/03/2019,0
24/03/2019,0
25/03/2019,0
26/03/2019,0
27/03/2019,0
28/03/2019,0
29/03/2019,5.672084332
30/03/2019,5.672084332
31/03/2019,0
01/04/2019,0
02/04/2019,0
03/04/2019,0
04/04/2019,14.75794315
05/04/2019,0
06/04/2019,10.67633343
07/04/2019,3.558778048
08/04/2019,3.558778048
09/04/2019,10.67633343
10/04/2019,7.117556095
11/04/2019,6.129323006
12/04/2019,6.129323006
13/04/2019,3.064661503
14/04/2019,0
15/04/2019,3.064661503
16/04/2019,9.083167076
17/04/2019,0
18/04/2019,0
19/04/2019,0
20/04/2019,3.027722597
21/04/2019,0.091657102
22/04/2019,6.860316753
23/04/2019,10.73423576
24/04/2019,4.415022373
25/04/2019,4.656574249
26/04/2019,9.301882744
27/04/2019,0
28/04/2019,4.650941372
29/04/2019,4.650941372
30/04/2019,0
01/05/2019,7.077973366
02/05/2019,14.15594673
03/05/2019,10.61696053
04/05/2019,3.538986683
05/05/2019,0
06/05/2019,0
07/05/2019,0
08/05/2019,12.44629669
09/05/2019,0
10/05/2019,0
11/05/2019,6.626309872
12/05/2019,6.626309872
13/05/2019,13.25261974
14/05/2019,13.25261974
15/05/2019,13.25261974
16/05/2019,23.24235725
17/05/2019,0
18/05/2019,0
19/05/2019,0
20/05/2019,4.648471832
21/05/2019,11.34213734
22/05/2019,0
23/05/2019,11.34213734
24/05/2019,17.01320648
25/05/2019,5.671068668
26/05/2019,6.383076668
27/05/2019,3.191538334
28/05/2019,0
29/05/2019,9.574614525
30/05/2019,0
31/05/2019,6.383076668
01/06/2019,0
02/06/2019,20.86038971
03/06/2019,0
04/06/2019,0
05/06/2019,15.64529419
06/06/2019,12.73388767
07/06/2019,0
08/06/2019,0
09/06/2019,6.366943836
10/06/2019,0
11/06/2019,0.443705827
12/06/2019,3.029018402
13/06/2019,18.07115936
14/06/2019,2.960941315
15/06/2019,0.536194265
16/06/2019,0
17/06/2019,0
18/06/2019,0
19/06/2019,0
20/06/2019,10.19830704
21/06/2019,0
22/06/2019,0
23/06/2019,0
24/06/2019,0
25/06/2019,0
26/06/2019,8.867070198
27/06/2019,0
28/06/2019,8.867070198
29/06/2019,0
30/06/2019,8.867070198
01/07/2019,6.385438442
02/07/2019,12.77087688
03/07/2019,0
04/07/2019,19.15631485
05/07/2019,0
06/07/2019,0
07/07/2019,0
08/07/2019,4.992723465
09/07/2019,0
10/07/2019,4.992723465
11/07/2019,14.01922798
12/07/2019,18.69230461
13/07/2019,0
14/07/2019,0
15/07/2019,14.01922798
16/07/2019,0
17/07/2019,0
18/07/2019,0
19/07/2019,27.52920341
20/07/2019,0
21/07/2019,0
22/07/2019,7.257860661
23/07/2019,7.257860661
24/07/2019,0
25/07/2019,7.257860661
26/07/2019,14.51680279
27/07/2019,0
28/07/2019,29.03360558
29/07/2019,0
30/07/2019,0
31/07/2019,0
01/08/2019,0
02/08/2019,0
03/08/2019,0
04/08/2019,0
05/08/2019,0
06/08/2019,0
07/08/2019,0
08/08/2019,17.6005249
09/08/2019,0
10/08/2019,0
11/08/2019,0
12/08/2019,0
13/08/2019,0
14/08/2019,0
15/08/2019,0
16/08/2019,0
17/08/2019,0
18/08/2019,0
19/08/2019,27.4588871
20/08/2019,0
21/08/2019,5.439917088
22/08/2019,5.439917088
23/08/2019,16.31975174
24/08/2019,0
25/08/2019,0
26/08/2019,8.416359901
27/08/2019,8.416359901
28/08/2019,8.416359901
29/08/2019,16.8327198
30/08/2019,0
31/08/2019,16.8327198
01/09/2019,24.17362022
02/09/2019,12.08681011
03/09/2019,6.043405056
04/09/2019,18.13021469
05/09/2019,0
06/09/2019,0
07/09/2019,0
08/09/2019,8.750433922
09/09/2019,0
10/09/2019,17.50086784
11/09/2019,16.7241745
12/09/2019,0
13/09/2019,0
14/09/2019,11.14944935
15/09/2019,0
16/09/2019,9.689452171
17/09/2019,19.37890434
18/09/2019,19.37890434
19/09/2019,9.689452171
20/09/2019,0
21/09/2019,17.31153297
22/09/2019,17.31153297
23/09/2019,25.9672966
24/09/2019,25.9672966
25/09/2019,0
26/09/2019,8.496815681
27/09/2019,16.99363136
28/09/2019,0
29/09/2019,0
30/09/2019,25.49044609
01/10/2019,10.13913345
02/10/2019,5.069566727
03/10/2019,10.13913345
04/10/2019,5.069566727
05/10/2019,5.069566727
06/10/2019,11.20836163
07/10/2019,5.604180813
08/10/2019,11.20836163
09/10/2019,5.604180813
10/10/2019,5.604180813
11/10/2019,2.167005062
12/10/2019,0
13/10/2019,0
14/10/2019,4.334010124
15/10/2019,2.167005062
16/10/2019,7.184638023
17/10/2019,0
18/10/2019,7.184638023
19/10/2019,0
20/10/2019,0
21/10/2019,0
22/10/2019,0
23/10/2019,3.084139585
24/10/2019,3.084139585
25/10/2019,3.084139585
26/10/2019,4.757397652
27/10/2019,14.272192
28/10/2019,14.272192
29/10/2019,4.757397652
30/10/2019,4.757397652
31/10/2019,4.757397652
01/11/2019,0
02/11/2019,2.297235966
03/11/2019,3.44585371
04/11/2019,0
05/11/2019,0
06/11/2019,0
07/11/2019,0
08/11/2019,0
09/11/2019,0
10/11/2019,0
11/11/2019,0.069393724
12/11/2019,0.374098897
13/11/2019,0.209223837
14/11/2019,0
15/11/2019,0.144940808
16/11/2019,0
17/11/2019,0
18/11/2019,0
19/11/2019,0
20/11/2019,0
21/11/2019,0
22/11/2019,0
23/11/2019,0
24/11/2019,0
25/11/2019,0
26/11/2019,0
27/11/2019,0
28/11/2019,0
29/11/2019,0
30/11/2019,0
01/12/2019,0
02/12/2019,0
03/12/2019,0
04/12/2019,0
05/12/2019,0
06/12/2019,0
07/12/2019,0
08/12/2019,0
09/12/2019,0
10/12/2019,0
11/12/2019,0
12/12/2019,0
13/12/2019,0
14/12/2019,0
15/12/2019,0
16/12/2019,0
17/12/2019,0
18/12/2019,0
19/12/2019,4.665984154
20/12/2019,0
21/12/2019,4.360554695
22/12/2019,0
23/12/2019,0
24/12/2019,0
25/12/2019,0
26/12/2019,0
27/12/2019,0
28/12/2019,0
29/12/2019,0
30/12/2019,0
31/12/2019,0
01/01/2020,0
02/01/2020,0
03/01/2020,0
04/01/2020,0
05/01/2020,0
06/01/2020,0
07/01/2020,0
08/01/2020,0
09/01/2020,0
10/01/2020,0
11/01/2020,4.19310379
12/01/2020,0
13/01/2020,0
14/01/2020,0
15/01/2020,0
16/01/2020,0
17/01/2020,0
18/01/2020,0
19/01/2020,0
20/01/2020,0
21/01/2020,0
22/01/2020,0
23/01/2020,0
24/01/2020,0
25/01/2020,0
26/01/2020,0
27/01/2020,0
28/01/2020,0
29/01/2020,0
30/01/2020,0
31/01/2020,0
01/02/2020,0
02/02/2020,0
03/02/2020,0
04/02/2020,0
05/02/2020,0
06/02/2020,0
07/02/2020,0
08/02/2020,0
09/02/2020,0
10/02/2020,0
11/02/2020,0
12/02/2020,0
13/02/2020,0
14/02/2020,0
15/02/2020,0
16/02/2020,0
17/02/2020,0
18/02/2020,0
19/02/2020,0
20/02/2020,0
21/02/2020,0
22/02/2020,0
23/02/2020,0
24/02/2020,0
25/02/2020,0
26/02/2020,0
27/02/2020,0
28/02/2020,0
29/02/2020,0
01/03/2020,0
02/03/2020,2.511784077
03/03/2020,5.023568153
04/03/2020,0
05/03/2020,0
06/03/2020,0
07/03/2020,0
08/03/2020,0
09/03/2020,0
10/03/2020,0.959410191
11/03/2020,5.180510998
12/03/2020,7.770766735
13/03/2020,0
14/03/2020,0
15/03/2020,0
16/03/2020,0
17/03/2020,0
18/03/2020,2.651984215
19/03/2020,3.977976561
20/03/2020,1.325992107
21/03/2020,0
22/03/2020,0
23/03/2020,3.699733973
24/03/2020,3.699733973
25/03/2020,1.849866986
26/03/2020,3.195669889
27/03/2020,6.391339779
28/03/2020,0
29/03/2020,3.195669889
30/03/2020,0
31/03/2020,3.195669889
01/04/2020,0
02/04/2020,0
03/04/2020,4.947412968
04/04/2020,24.73706627
05/04/2020,0
06/04/2020,0
07/04/2020,6.868218899
08/04/2020,3.434109449
09/04/2020,6.868218899
10/04/2020,0
11/04/2020,0
12/04/2020,0
13/04/2020,0
14/04/2020,0
15/04/2020,0
16/04/2020,3.147752523
17/04/2020,9.443256378
18/04/2020,0
19/04/2020,3.147752523
20/04/2020,0
21/04/2020,8.973919868
22/04/2020,13.46088028
23/04/2020,4.486959934
24/04/2020,0
25/04/2020,4.486959934
26/04/2020,4.678943157
27/04/2020,0
28/04/2020,0
29/04/2020,2.339471579
30/04/2020,2.339471579
01/05/2020,0
02/05/2020,0
03/05/2020,10.01632881
04/05/2020,0
05/05/2020,0
06/05/2020,0
07/05/2020,0
08/05/2020,0
09/05/2020,0
10/05/2020,3.568049669
11/05/2020,0
12/05/2020,0
13/05/2020,19.61166382
14/05/2020,0
15/05/2020,0
16/05/2020,0
17/05/2020,10.81679821
18/05/2020,5.408399105
19/05/2020,5.408399105
20/05/2020,0
21/05/2020,4.552355766
22/05/2020,9.2230196
23/05/2020,0.812301397
24/05/2020,8.879482269
25/05/2020,2.314842463
26/05/2020,11.0510664
27/05/2020,11.0510664
28/05/2020,7.367377758
29/05/2020,3.683688879
30/05/2020,3.683688879
31/05/2020,7.367377758
01/06/2020,8.675468445
02/06/2020,4.4938941
03/06/2020,1.388587356
04/06/2020,7.914909363
05/06/2020,6.510392666
06/06/2020,26.64037132
07/06/2020,0
08/06/2020,0
09/06/2020,39.96055984
10/06/2020,0
11/06/2020,17.02951431
12/06/2020,9.055509567
13/06/2020,4.760751724
14/06/2020,2.031864882
15/06/2020,0.774137199
16/06/2020,0
17/06/2020,7.472390175
18/06/2020,7.472390175
19/06/2020,0
20/06/2020,3.736195087
21/06/2020,4.485296249
22/06/2020,0
23/06/2020,0
24/06/2020,0
25/06/2020,8.970592499
26/06/2020,13.27279854
27/06/2020,0
28/06/2020,0
29/06/2020,6.636399269
30/06/2020,6.636399269
01/07/2020,0
02/07/2020,0
03/07/2020,0
04/07/2020,27.1659584
05/07/2020,0
06/07/2020,4.724684715
07/07/2020,14.1740551
08/07/2020,4.724684715
09/07/2020,0
10/07/2020,4.724684715
11/07/2020,0
12/07/2020,10.38833809
13/07/2020,0
14/07/2020,0
15/07/2020,0
16/07/2020,35.06459045
17/07/2020,0.993069291
18/07/2020,3.362285376
19/07/2020,3.115179062
20/07/2020,4.207182884
21/07/2020,0
22/07/2020,5.491004944
23/07/2020,0
24/07/2020,0
25/07/2020,0
26/07/2020,0
27/07/2020,0
28/07/2020,0
29/07/2020,0
30/07/2020,0
31/07/2020,19.49642563
01/08/2020,0
02/08/2020,0
03/08/2020,0
04/08/2020,0
05/08/2020,0
06/08/2020,0
07/08/2020,0
08/08/2020,0
09/08/2020,0
10/08/2020,0
11/08/2020,0
12/08/2020,0
13/08/2020,0
14/08/2020,15.97319984
15/08/2020,0
16/08/2020,0
17/08/2020,0
18/08/2020,0
19/08/2020,0
20/08/2020,0
21/08/2020,15.32367897
22/08/2020,0
23/08/2020,0
24/08/2020,0
25/08/2020,7.661839485
26/08/2020,0
27/08/2020,15.94439697
28/08/2020,0
29/08/2020,0
30/08/2020,0
31/08/2020,15.94439697
01/09/2020,11.78025913
02/09/2020,0
03/09/2020,23.56051826
04/09/2020,23.56051826
05/09/2020,0
06/09/2020,0
07/09/2020,0
08/09/2020,5.73222971
09/09/2020,11.46445942
10/09/2020,0
11/09/2020,0
12/09/2020,4.225743771
13/09/2020,0
14/09/2020,4.225743771
15/09/2020,12.67723083
16/09/2020,31.29381371
17/09/2020,3.829788208
18/09/2020,2.565063
19/09/2020,4.852878571
20/09/2020,3.713363886
21/09/2020,0
22/09/2020,22.316082
23/09/2020,0
24/09/2020,44.632164
25/09/2020,0
26/09/2020,6.280217648
27/09/2020,0
28/09/2020,6.280217648
29/09/2020,6.280217648
30/09/2020,25.12087059
01/10/2020,0
02/10/2020,0
03/10/2020,0
04/10/2020,5.510430336
05/10/2020,5.510430336
06/10/2020,14.01328659
07/10/2020,9.342190742
08/10/2020,4.671095371
09/10/2020,4.671095371
10/10/2020,4.671095371
11/10/2020,0
12/10/2020,2.812294006
13/10/2020,2.812294006
14/10/2020,2.812294006
15/10/2020,0
16/10/2020,2.967694521
17/10/2020,0
18/10/2020,0
19/10/2020,2.967694521
20/10/2020,2.967694521
21/10/2020,0
22/10/2020,5.435301304
23/10/2020,0
24/10/2020,0
25/10/2020,10.87060261
26/10/2020,1.468515992
27/10/2020,0.4163073
28/10/2020,0.120278575
29/10/2020,0.14582786
30/10/2020,0.188789576
31/10/2020,0.147043616
01/11/2020,0
02/11/2020,0
03/11/2020,0
04/11/2020,1.980195165
05/11/2020,0
06/11/2020,0
07/11/2020,0
08/11/2020,0
09/11/2020,0
10/11/2020,0
11/11/2020,0
12/11/2020,0
13/11/2020,0
14/11/2020,0
15/11/2020,0
16/11/2020,0
17/11/2020,0
18/11/2020,0
19/11/2020,0
20/11/2020,0
21/11/2020,0
22/11/2020,0
23/11/2020,0
24/11/2020,0
25/11/2020,0
26/11/2020,0
27/11/2020,0
28/11/2020,0
29/11/2020,0
30/11/2020,0
01/12/2020,0
02/12/2020,0
03/12/2020,0
04/12/2020,0
05/12/2020,0
06/12/2020,0
07/12/2020,0
08/12/2020,5.99969244
09/12/2020,2.99984622
10/12/2020,0
11/12/2020,0
12/12/2020,0
13/12/2020,0
14/12/2020,0
15/12/2020,0
16/12/2020,0
17/12/2020,0
18/12/2020,0
19/12/2020,0
20/12/2020,0
21/12/2020,0
22/12/2020,0
23/12/2020,0
24/12/2020,0
25/12/2020,0
26/12/2020,0
27/12/2020,0
28/12/2020,0
29/12/2020,0
30/12/2020,0
31/12/2020,0
01/01/2021,0
02/01/2021,0
03/01/2021,0
04/01/2021,0
05/01/2021,0
06/01/2021,0
07/01/2021,0
08/01/2021,0
09/01/2021,0
10/01/2021,0
11/01/2021,0
12/01/2021,0
13/01/2021,0
14/01/2021,0
15/01/2021,0
16/01/2021,0
17/01/2021,0
18/01/2021,0
19/01/2021,0
20/01/2021,0
21/01/2021,0
22/01/2021,0
23/01/2021,0
24/01/2021,0
25/01/2021,0
26/01/2021,0
27/01/2021,0
28/01/2021,0
29/01/2021,0
30/01/2021,0
31/01/2021,0
01/02/2021,0
02/02/2021,0
03/02/2021,0
04/02/2021,0
05/02/2021,0
06/02/2021,0
07/02/2021,0
08/02/2021,0
09/02/2021,0
10/02/2021,0
11/02/2021,0
12/02/2021,0
13/02/2021,0
14/02/2021,0
15/02/2021,0
16/02/2021,0
17/02/2021,0
18/02/2021,0
19/02/2021,0
20/02/2021,0
21/02/2021,0
22/02/2021,0
23/02/2021,0
24/02/2021,0
25/02/2021,0
26/02/2021,0
27/02/2021,0
28/02/2021,0
01/03/2021,0
02/03/2021,0
03/03/2021,0
04/03/2021,0
05/03/2021,0
06/03/2021,0
07/03/2021,2.065914869
08/03/2021,0
09/03/2021,0
10/03/2021,4.131829739
11/03/2021,4.428889751
12/03/2021,6.643334866
13/03/2021,4.428889751
14/03/2021,2.214444876
15/03/2021,0
16/03/2021,0
17/03/2021,0
18/03/2021,17.33256721
19/03/2021,0
20/03/2021,8.666283607
21/03/2021,2.975139856
22/03/2021,0
23/03/2021,2.975139856
24/03/2021,2.975139856
25/03/2021,0
26/03/2021,0
27/03/2021,0
28/03/2021,0
29/03/2021,0
30/03/2021,0
31/03/2021,0
01/04/2021,0
02/04/2021,0
03/04/2021,0
04/04/2021,0
05/04/2021,0
06/04/2021,3.278566837
07/04/2021,0
08/04/2021,6.557133675
09/04/2021,13.11426735
10/04/2021,6.557133675
11/04/2021,14.91954327
12/04/2021,0
13/04/2021,7.459771633
14/04/2021,0
15/04/2021,14.91954327
16/04/2021,0
17/04/2021,0
18/04/2021,12.81952953
19/04/2021,0
20/04/2021,0
21/04/2021,2.59741044
22/04/2021,10.38964176
23/04/2021,0
24/04/2021,5.194820881
25/04/2021,5.194820881
26/04/2021,1.773311019
27/04/2021,1.773311019
28/04/2021,5.319933414
29/04/2021,0
30/04/2021,0
01/05/2021,0
02/05/2021,0
03/05/2021,0
04/05/2021,16.51651382
05/05/2021,0
06/05/2021,11.22419739
07/05/2021,16.83629608
08/05/2021,0
09/05/2021,11.22419739
10/05/2021,0
11/05/2021,0
12/05/2021,0
13/05/2021,0
14/05/2021,0
15/05/2021,9.959290504
16/05/2021,0
17/05/2021,7.948734283
18/05/2021,7.948734283
19/05/2021,7.948734283
20/05/2021,3.974367142
21/05/2021,0
22/05/2021,12.03010845
23/05/2021,0
24/05/2021,0
25/05/2021,0
26/05/2021,0
27/05/2021,0
28/05/2021,5.593251228
29/05/2021,5.593251228
30/05/2021,5.593251228
31/05/2021,5.593251228
01/06/2021,19.87182045
02/06/2021,0
03/06/2021,0
04/06/2021,19.87182045
05/06/2021,6.623939514
06/06/2021,0
07/06/2021,0
08/06/2021,21.25453568
09/06/2021,0
10/06/2021,0
11/06/2021,4.379514694
12/06/2021,8.759029388
13/06/2021,0
14/06/2021,0
15/06/2021,8.759029388
16/06/2021,3.177160978
17/06/2021,0
18/06/2021,0
19/06/2021,0
20/06/2021,15.88580608
21/06/2021,8.252123833
22/06/2021,16.50424767
23/06/2021,8.252123833
24/06/2021,0
25/06/2021,0
26/06/2021,11.4261837
27/06/2021,0
28/06/2021,7.617455959
29/06/2021,0
30/06/2021,7.617455959
01/07/2021,3.35030055
02/07/2021,0
03/07/2021,6.700601101
04/07/2021,0
05/07/2021,0
06/07/2021,10.77319336
07/07/2021,0
08/07/2021,0
09/07/2021,0
10/07/2021,0
11/07/2021,6.988321781
12/07/2021,13.97664356
13/07/2021,0
14/07/2021,0
15/07/2021,0
16/07/2021,3.366456509
17/07/2021,0
18/07/2021,0
19/07/2021,0
20/07/2021,0
21/07/2021,0
22/07/2021,0
23/07/2021,0
24/07/2021,0
25/07/2021,0
26/07/2021,0
27/07/2021,0
28/07/2021,0
29/07/2021,0
30/07/2021,0
31/07/2021,0
01/08/2021,0
02/08/2021,9.311828613
03/08/2021,4.655914307
04/08/2021,4.655914307
05/08/2021,0
06/08/2021,0
07/08/2021,21.57452583
08/08/2021,14.38301659
09/08/2021,0
10/08/2021,0
11/08/2021,27.96118355
12/08/2021,0
13/08/2021,9.320394516
14/08/2021,0
15/08/2021,0
16/08/2021,6.424622059
17/08/2021,19.27386475
18/08/2021,0
19/08/2021,6.424622059
20/08/2021,19.27386475
21/08/2021,0
22/08/2021,0
23/08/2021,25.12143517
24/08/2021,50.24287033
25/08/2021,0
26/08/2021,15.44504261
27/08/2021,7.722521305
28/08/2021,0
29/08/2021,23.16756439
30/08/2021,15.44504261
31/08/2021,7.722521305
01/09/2021,34.59464645
02/09/2021,11.5315485
03/09/2021,23.063097
04/09/2021,0
05/09/2021,0
06/09/2021,0
07/09/2021,12.9441061
08/09/2021,12.9441061
09/09/2021,38.83231354
10/09/2021,25.8882122
11/09/2021,7.224854469
12/09/2021,14.44970894
13/09/2021,21.67456245
14/09/2021,14.44970894
15/09/2021,7.224854469
16/09/2021,7.35495615
17/09/2021,7.35495615
18/09/2021,14.7099123
19/09/2021,7.35495615
20/09/2021,7.35495615
21/09/2021,17.35503387
22/09/2021,10.41301918
23/09/2021,0
24/09/2021,6.942013264
25/09/2021,3.471006632
26/09/2021,0
27/09/2021,0
28/09/2021,3.862918139
29/09/2021,11.5887537
30/09/2021,7.725836277
01/10/2021,0
02/10/2021,13.49306774
03/10/2021,0
04/10/2021,0
05/10/2021,26.98613548
06/10/2021,9.672470093
07/10/2021,9.672470093
08/10/2021,0
09/10/2021,14.50870609
10/10/2021,9.672470093
11/10/2021,0
12/10/2021,0
13/10/2021,6.927422047
14/10/2021,0
15/10/2021,3.463711023
16/10/2021,0
17/10/2021,10.88330269
18/10/2021,2.720825672
19/10/2021,5.441651344
20/10/2021,8.162477493
21/10/2021,0
22/10/2021,10.88977528
23/10/2021,10.88977528
24/10/2021,0
25/10/2021,0
26/10/2021,0
27/10/2021,7.104346752
28/10/2021,0
29/10/2021,0
30/10/2021,0
31/10/2021,7.104346752
01/11/2021,2.503791571
02/11/2021,2.503791571
03/11/2021,0
04/11/2021,5.007583141
05/11/2021,2.503791571
06/11/2021,0
07/11/2021,0
08/11/2021,0
09/11/2021,0
10/11/2021,2.331091404
11/11/2021,0.370653242
12/11/2021,0.370653242
13/11/2021,0
14/11/2021,0.185326621
15/11/2021,0
16/11/2021,0
17/11/2021,0
18/11/2021,0
19/11/2021,0
20/11/2021,0
21/11/2021,0
22/11/2021,0
23/11/2021,0
24/11/2021,0
25/11/2021,0
26/11/2021,0
27/11/2021,0
28/11/2021,0
29/11/2021,0
30/11/2021,0
01/12/2021,0
02/12/2021,0
03/12/2021,0
04/12/2021,0
05/12/2021,0
06/12/2021,0
07/12/2021,0
08/12/2021,0
09/12/2021,0
10/12/2021,0
11/12/2021,0
12/12/2021,0
13/12/2021,0
14/12/2021,0
15/12/2021,2.182677746
16/12/2021,3.174372673
17/12/2021,0
18/12/2021,0
19/12/2021,0
20/12/2021,0
21/12/2021,0
22/12/2021,0
23/12/2021,0
24/12/2021,0
25/12/2021,0
26/12/2021,0
27/12/2021,0
28/12/2021,0
29/12/2021,0
30/12/2021,0
31/12/2021,0
01/01/2022,0
02/01/2022,0
03/01/2022,0
04/01/2022,0
05/01/2022,0
06/01/2022,0
07/01/2022,0
08/01/2022,0
09/01/2022,0
10/01/2022,0
11/01/2022,0
12/01/2022,0
13/01/2022,0
14/01/2022,0
15/01/2022,0
16/01/2022,0
17/01/2022,0
18/01/2022,0
19/01/2022,0
20/01/2022,0
21/01/2022,0
22/01/2022,0
23/01/2022,0
24/01/2022,0
25/01/2022,0
26/01/2022,0
27/01/2022,0
28/01/2022,0
29/01/2022,0
30/01/2022,0
31/01/2022,0
01/02/2022,0
02/02/2022,0
03/02/2022,0
04/02/2022,0
05/02/2022,0
06/02/2022,0
07/02/2022,0
08/02/2022,0
09/02/2022,0
10/02/2022,0
11/02/2022,0
12/02/2022,0
13/02/2022,0
14/02/2022,0
15/02/2022,0
16/02/2022,0
17/02/2022,0
18/02/2022,0
19/02/2022,0
20/02/2022,0
21/02/2022,0
22/02/2022,0
23/02/2022,0
24/02/2022,0
25/02/2022,0
26/02/2022,0
27/02/2022,0
28/02/2022,0
01/03/2022,0
02/03/2022,3.4771595
03/03/2022,3.4771595
04/03/2022,3.4771595
05/03/2022,5.215739727
06/03/2022,1.081643462
07/03/2022,0
08/03/2022,0
09/03/2022,0
10/03/2022,0
11/03/2022,6.151228905
12/03/2022,3.075614452
13/03/2022,0
14/03/2022,0
15/03/2022,0
16/03/2022,0
17/03/2022,0
18/03/2022,0
19/03/2022,0
20/03/2022,1.97335577
21/03/2022,2.394497871
22/03/2022,1.197248936
23/03/2022,2.394497871
24/03/2022,1.197248936
25/03/2022,0
26/03/2022,0
27/03/2022,0
28/03/2022,0
29/03/2022,0
30/03/2022,0
31/03/2022,0
01/04/2022,6.694608688
02/04/2022,0
03/04/2022,0
04/04/2022,3.347304344
05/04/2022,6.694608688
06/04/2022,3.017644167
07/04/2022,0
08/04/2022,9.052931786
09/04/2022,6.035288334
10/04/2022,0
11/04/2022,0
12/04/2022,8.427206993
13/04/2022,0
14/04/2022,0
15/04/2022,12.64081001
16/04/2022,0
17/04/2022,14.64502144
18/04/2022,10.9837656
19/04/2022,3.66125536
20/04/2022,7.322510719
21/04/2022,10.19361115
22/04/2022,0
23/04/2022,0
24/04/2022,13.59148312
25/04/2022,0
26/04/2022,0
27/04/2022,7.233530521
28/04/2022,0
29/04/2022,3.616765261
30/04/2022,0
01/05/2022,0
02/05/2022,12.62443447
03/05/2022,0
04/05/2022,6.312217236
05/05/2022,0
06/05/2022,6.190603733
07/05/2022,0
08/05/2022,0
09/05/2022,6.190603733
10/05/2022,2.063534498
11/05/2022,0
12/05/2022,0
13/05/2022,21.78897476
14/05/2022,0
15/05/2022,0
16/05/2022,0
17/05/2022,0
18/05/2022,0
19/05/2022,3.407984018
20/05/2022,6.815968037
21/05/2022,19.66485214
22/05/2022,9.832426071
23/05/2022,0
24/05/2022,0
25/05/2022,0
26/05/2022,0
27/05/2022,0
28/05/2022,0
29/05/2022,0
30/05/2022,0
31/05/2022,11.07202911
01/06/2022,4.934299946
02/06/2022,0
03/06/2022,0
04/06/2022,0
05/06/2022,9.868599892
06/06/2022,0
07/06/2022,0
08/06/2022,0
09/06/2022,0
10/06/2022,19.83366203
11/06/2022,19.6446991
12/06/2022,0
13/06/2022,3.274116516
14/06/2022,6.548233032
15/06/2022,0
16/06/2022,6.604049206
17/06/2022,8.886064529
18/06/2022,2.817841053
19/06/2022,1.405327797
20/06/2022,2.56723094
21/06/2022,29.6924324
22/06/2022,0
23/06/2022,0
24/06/2022,19.7949543
25/06/2022,0
26/06/2022,7.996908188
27/06/2022,7.996908188
28/06/2022,0
29/06/2022,7.996908188
30/06/2022,3.998454094
01/07/2022,6.516853333
02/07/2022,6.516853333
03/07/2022,0
04/07/2022,6.516853333
05/07/2022,6.516853333
06/07/2022,0
07/07/2022,3.572322607
08/07/2022,3.572322607
09/07/2022,0
10/07/2022,0
11/07/2022,0
12/07/2022,0
13/07/2022,12.67837715
14/07/2022,0
15/07/2022,0
16/07/2022,0
17/07/2022,0
18/07/2022,0
19/07/2022,0
20/07/2022,0
21/07/2022,0
22/07/2022,8.585204124
23/07/2022,4.292602062
24/07/2022,4.292602062
25/07/2022,4.292602062
26/07/2022,10.22584629
27/07/2022,0
28/07/2022,10.22584629
29/07/2022,0
30/07/2022,20.45169258
31/07/2022,10.22584629
01/08/2022,0
02/08/2022,0
03/08/2022,0
04/08/2022,0
05/08/2022,0
06/08/2022,0
07/08/2022,5.342468262
08/08/2022,5.342468262
09/08/2022,0
10/08/2022,0
11/08/2022,15.43515968
12/08/2022,0
13/08/2022,0
14/08/2022,30.87031937
15/08/2022,0
16/08/2022,0
17/08/2022,0
18/08/2022,12.53678226
19/08/2022,18.80517387
20/08/2022,0
21/08/2022,0
22/08/2022,37.47280884
23/08/2022,0
24/08/2022,0
25/08/2022,0
26/08/2022,39.01237488
27/08/2022,13.00412464
28/08/2022,0
29/08/2022,0
30/08/2022,0
31/08/2022,26.00824928
01/09/2022,0
02/09/2022,17.77477837
03/09/2022,0
04/09/2022,0
05/09/2022,17.77477837
06/09/2022,0
07/09/2022,0
08/09/2022,0
09/09/2022,0
10/09/2022,0
11/09/2022,10.02025795
12/09/2022,15.03038597
13/09/2022,0
14/09/2022,0
15/09/2022,20.0405159
16/09/2022,0
17/09/2022,0
18/09/2022,0
19/09/2022,33.36966705
20/09/2022,0
21/09/2022,20.39501953
22/09/2022,0
23/09/2022,0
24/09/2022,0
25/09/2022,20.39501953
26/09/2022,7.423045635
27/09/2022,9.155703545
28/09/2022,29.18858528
29/09/2022,12.41003609
30/09/2022,18.29470253
01/10/2022,4.58430481
02/10/2022,9.168609619
03/10/2022,0
04/10/2022,4.58430481
05/10/2022,9.168609619
06/10/2022,24.59556961
07/10/2022,0
08/10/2022,0
09/10/2022,8.198524475
10/10/2022,8.198524475
11/10/2022,0
12/10/2022,6.607365608
13/10/2022,6.607365608
14/10/2022,6.607365608
15/10/2022,3.303682804
16/10/2022,0
17/10/2022,0
18/10/2022,3.479876041
19/10/2022,0
20/10/2022,0
21/10/2022,7.216332912
22/10/2022,3.608166456
23/10/2022,7.216332912
24/10/2022,3.608166456
25/10/2022,7.216332912
26/10/2022,0
27/10/2022,0
28/10/2022,0
29/10/2022,0
30/10/2022,0
31/10/2022,0
01/11/2022,0.702972889
02/11/2022,0
03/11/2022,0
04/11/2022,0.702972889
05/11/2022,0.702972889
06/11/2022,0
07/11/2022,0
08/11/2022,0
09/11/2022,0
10/11/2022,0
11/11/2022,0.303210825
12/11/2022,0
13/11/2022,0
14/11/2022,0
15/11/2022,0
16/11/2022,0
17/11/2022,0
18/11/2022,0
19/11/2022,0
20/11/2022,0
21/11/2022,0
22/11/2022,0
23/11/2022,0
24/11/2022,0
25/11/2022,0
26/11/2022,0
27/11/2022,0
28/11/2022,0
29/11/2022,0
30/11/2022,0
01/12/2022,0
02/12/2022,0
03/12/2022,0
04/12/2022,0
05/12/2022,0
06/12/2022,0
07/12/2022,0
08/12/2022,0
09/12/2022,0
10/12/2022,0
11/12/2022,0
12/12/2022,0
13/12/2022,0
14/12/2022,0
15/12/2022,0
16/12/2022,0
17/12/2022,3.430342913
18/12/2022,3.430342913
19/12/2022,0
20/12/2022,0
21/12/2022,0
22/12/2022,0
23/12/2022,0
24/12/2022,0
25/12/2022,0
26/12/2022,0
27/12/2022,0
28/12/2022,0
29/12/2022,0
30/12/2022,0
31/12/2022,0
01/01/2023,0
02/01/2023,0
03/01/2023,0
04/01/2023,0
05/01/2023,0
06/01/2023,1.626214504
07/01/2023,0
08/01/2023,0
09/01/2023,0
10/01/2023,0
11/01/2023,0
12/01/2023,0
13/01/2023,0
14/01/2023,0
15/01/2023,0
16/01/2023,0
17/01/2023,0
18/01/2023,0
19/01/2023,0
20/01/2023,0
21/01/2023,0
22/01/2023,0
23/01/2023,0
24/01/2023,0
25/01/2023,0
26/01/2023,0
27/01/2023,1.926194191
28/01/2023,0.963097095
29/01/2023,1.926194191
30/01/2023,0
31/01/2023,0
01/02/2023,0
02/02/2023,0
03/02/2023,0
04/02/2023,0
05/02/2023,0
06/02/2023,1.455543876
07/02/2023,0
08/02/2023,0
09/02/2023,0
10/02/2023,0
11/02/2023,0
12/02/2023,0
13/02/2023,0
14/02/2023,0
15/02/2023,0
16/02/2023,0
17/02/2023,0
18/02/2023,0
19/02/2023,0
20/02/2023,0
21/02/2023,0
22/02/2023,0
23/02/2023,0
24/02/2023,0
25/02/2023,0
26/02/2023,0
27/02/2023,2.068237066
28/02/2023,3.10235548
01/03/2023,0
02/03/2023,3.156945467
03/03/2023,0
04/03/2023,0
05/03/2023,3.156945467
06/03/2023,6.279373646
07/03/2023,9.419061661
08/03/2023,3.139686823
09/03/2023,6.279373646
10/03/2023,3.139686823
11/03/2023,0
12/03/2023,2.122267008
13/03/2023,0
14/03/2023,0
15/03/2023,0
16/03/2023,0
17/03/2023,0
18/03/2023,0.976852238
19/03/2023,1.953704476
20/03/2023,0
21/03/2023,5.684403896
22/03/2023,2.842201948
23/03/2023,8.526605606
24/03/2023,5.684403896
25/03/2023,0
26/03/2023,10.49546146
27/03/2023,0
28/03/2023,0
29/03/2023,5.247730732
30/03/2023,5.247730732
31/03/2023,0
01/04/2023,0
02/04/2023,0
03/04/2023,0
04/04/2023,3.847612381
05/04/2023,0
06/04/2023,0
07/04/2023,3.931446075
08/04/2023,11.79433727
09/04/2023,11.79433727
10/04/2023,0
11/04/2023,4.397162914
12/04/2023,4.397162914
13/04/2023,0
14/04/2023,0
15/04/2023,13.19148827
16/04/2023,6.616876125
17/04/2023,6.616876125
18/04/2023,0
19/04/2023,9.92531395
20/04/2023,0
21/04/2023,0
22/04/2023,0
23/04/2023,8.497783661
24/04/2023,4.24889183
25/04/2023,8.497783661
26/04/2023,0
27/04/2023,19.66941643
28/04/2023,0
29/04/2023,0
30/04/2023,0
01/05/2023,0
02/05/2023,0
03/05/2023,13.99098969
04/05/2023,20.98648262
05/05/2023,6.995494843
06/05/2023,0
07/05/2023,11.22716618
08/05/2023,16.84074974
09/05/2023,0
10/05/2023,0
11/05/2023,0
12/05/2023,6.883553505
13/05/2023,6.883553505
14/05/2023,6.883553505
15/05/2023,13.76710701
16/05/2023,0
17/05/2023,0
18/05/2023,21.69939804
19/05/2023,0
20/05/2023,5.42484951
21/05/2023,2.143163204
22/05/2023,8.572652817
23/05/2023,2.143163204
24/05/2023,6.429490089
25/05/2023,0
26/05/2023,3.211749554
27/05/2023,12.84699821
28/05/2023,0
29/05/2023,6.423499107
30/05/2023,0
31/05/2023,6.423499107
01/06/2023,13.74310207
02/06/2023,0
03/06/2023,20.61465454
04/06/2023,0
05/06/2023,6.871551037
06/06/2023,55.98526382
07/06/2023,33.59115601
08/06/2023,0
09/06/2023,0
10/06/2023,11.19705296
11/06/2023,0
12/06/2023,0
13/06/2023,0
14/06/2023,27.41234398
15/06/2023,27.41234398
16/06/2023,0
17/06/2023,11.30007744
18/06/2023,22.60015488
19/06/2023,0
20/06/2023,33.90023041
21/06/2023,0
22/06/2023,20.87306976
23/06/2023,6.957689285
24/06/2023,6.957689285
25/06/2023,0
26/06/2023,6.644835949
27/06/2023,6.644835949
28/06/2023,6.644835949
29/06/2023,0
30/06/2023,3.322417974
01/07/2023,0
02/07/2023,4.186821461
03/07/2023,0
04/07/2023,12.56046391
05/07/2023,4.186821461
06/07/2023,4.614220619
07/07/2023,4.614220619
08/07/2023,4.614220619
09/07/2023,9.228441238
10/07/2023,0
11/07/2023,16.29103661
12/07/2023,0
13/07/2023,16.29103661
14/07/2023,16.29103661
15/07/2023,0
16/07/2023,0
17/07/2023,8.462004662
18/07/2023,16.92400932
19/07/2023,16.92400932
20/07/2023,0
21/07/2023,8.347284317
22/07/2023,25.04185486
23/07/2023,8.347284317
24/07/2023,0
25/07/2023,0
26/07/2023,0
27/07/2023,0
28/07/2023,10.51214504
29/07/2023,31.53643799
30/07/2023,0
31/07/2023,21.02429008
01/08/2023,19.84513664
02/08/2023,0
03/08/2023,0
04/08/2023,0
05/08/2023,0
06/08/2023,0
07/08/2023,0
08/08/2023,0
09/08/2023,0
10/08/2023,6.109127522
11/08/2023,0
12/08/2023,0
13/08/2023,0
14/08/2023,0
15/08/2023,0
16/08/2023,27.91580963
17/08/2023,9.305269241
18/08/2023,0
19/08/2023,18.61053848
20/08/2023,0
21/08/2023,0
22/08/2023,0
23/08/2023,32.83107376
24/08/2023,0
25/08/2023,10.94369125
26/08/2023,0
27/08/2023,12.9468174
28/08/2023,0
29/08/2023,0
30/08/2023,38.84045029
31/08/2023,0
01/09/2023,16.86600685
02/09/2023,16.86600685
03/09/2023,0
04/09/2023,0
05/09/2023,0
06/09/2023,0
07/09/2023,0
08/09/2023,21.97311592
09/09/2023,0
10/09/2023,0
11/09/2023,0
12/09/2023,23.58928108
13/09/2023,0
14/09/2023,0
15/09/2023,23.58928108
16/09/2023,20.8155365
17/09/2023,0
18/09/2023,10.40776825
19/09/2023,0
20/09/2023,0
21/09/2023,7.511912823
22/09/2023,7.511912823
23/09/2023,7.511912823
24/09/2023,15.02382565
25/09/2023,15.02382565
26/09/2023,25.11499786
27/09/2023,25.11499786
28/09/2023,12.55749893
29/09/2023,0
30/09/2023,0
01/10/2023,4.066180706
02/10/2023,0
03/10/2023,8.132361412
04/10/2023,8.132361412
05/10/2023,4.066180706
06/10/2023,0
07/10/2023,6.851565361
08/10/2023,6.851565361
09/10/2023,13.70313072
10/10/2023,6.851565361
11/10/2023,9.309231758
12/10/2023,3.103077173
13/10/2023,3.103077173
14/10/2023,6.206154346
15/10/2023,3.103077173
16/10/2023,4.152697563
17/10/2023,0
18/10/2023,8.305395126
19/10/2023,8.305395126
20/10/2023,4.152697563
21/10/2023,0
22/10/2023,0
23/10/2023,3.804929972
24/10/2023,0
25/10/2023,0
26/10/2023,0
27/10/2023,9.303337097
28/10/2023,4.651668549
29/10/2023,0
30/10/2023,9.303337097
31/10/2023,0
01/11/2023,0
02/11/2023,0
03/11/2023,0
04/11/2023,0
05/11/2023,2.176607609
06/11/2023,1.59641242
07/11/2023,0.532137454
08/11/2023,0.532137454
09/11/2023,0
10/11/2023,0
11/11/2023,0
12/11/2023,0
13/11/2023,0
14/11/2023,0
15/11/2023,0
16/11/2023,0
17/11/2023,0
18/11/2023,0
19/11/2023,0
20/11/2023,0
21/11/2023,0
22/11/2023,0
23/11/2023,0
24/11/2023,0
25/11/2023,0
26/11/2023,0
27/11/2023,0
28/11/2023,0
29/11/2023,0
30/11/2023,0
01/12/2023,0
02/12/2023,0
03/12/2023,0
04/12/2023,0
05/12/2023,0
06/12/2023,0
07/12/2023,0
08/12/2023,0
09/12/2023,0
10/12/2023,0
11/12/2023,4.768736362
12/12/2023,0
13/12/2023,0
14/12/2023,0
15/12/2023,0
16/12/2023,0
17/12/2023,0
18/12/2023,0
19/12/2023,0
20/12/2023,0
21/12/2023,0
22/12/2023,3.670137882
23/12/2023,0
24/12/2023,0
25/12/2023,0
26/12/2023,0
27/12/2023,0
28/12/2023,0
29/12/2023,0
30/12/2023,0
31/12/2023,0
01/01/2024,0
02/01/2024,0
03/01/2024,0
04/01/2024,0
05/01/2024,0
06/01/2024,0
07/01/2024,0
08/01/2024,0
09/01/2024,0
10/01/2024,0
11/01/2024,0
12/01/2024,0
13/01/2024,0
14/01/2024,0
15/01/2024,0
16/01/2024,0
17/01/2024,0
18/01/2024,0
19/01/2024,0
20/01/2024,0
21/01/2024,0
22/01/2024,0
23/01/2024,0
24/01/2024,0
25/01/2024,0
26/01/2024,0
27/01/2024,0
28/01/2024,0
29/01/2024,0
30/01/2024,0
31/01/2024,0
01/02/2024,3.458206415
02/02/2024,0
03/02/2024,0
04/02/2024,0
05/02/2024,0
06/02/2024,0
07/02/2024,0
08/02/2024,0
09/02/2024,0
10/02/2024,0
11/02/2024,0
12/02/2024,0
13/02/2024,0
14/02/2024,0
15/02/2024,0
16/02/2024,0
17/02/2024,0
18/02/2024,0
19/02/2024,0
20/02/2024,5.031952858
21/02/2024,0
22/02/2024,0
23/02/2024,0
24/02/2024,0
25/02/2024,0
26/02/2024,0
27/02/2024,0
28/02/2024,0
29/02/2024,0
01/03/2024,0
02/03/2024,5.481475353
03/03/2024,1.827158332
04/03/2024,1.827158332
05/03/2024,0
06/03/2024,6.981068611
07/03/2024,0
08/03/2024,4.654045582
09/03/2024,2.327022791
10/03/2024,0
11/03/2024,0
12/03/2024,0
13/03/2024,0
14/03/2024,4.003817081
15/03/2024,2.001908541
16/03/2024,3.741865396
17/03/2024,0
18/03/2024,0
19/03/2024,0
20/03/2024,0
21/03/2024,1.702121854
22/03/2024,1.702121854
23/03/2024,1.702121854
24/03/2024,0
25/03/2024,0.851060927
26/03/2024,0
27/03/2024,0
28/03/2024,1.019660711
29/03/2024,2.039321423
30/03/2024,0
31/03/2024,0
01/04/2024,0
02/04/2024,4.149320602
03/04/2024,2.074660301
04/04/2024,0
05/04/2024,4.149320602
06/04/2024,9.442760468
07/04/2024,14.16414165
08/04/2024,9.442760468
09/04/2024,4.721380234
10/04/2024,4.721380234
11/04/2024,0
12/04/2024,4.61140871
13/04/2024,0.984888673
14/04/2024,20.88920403
15/04/2024,0
16/04/2024,3.259150267
17/04/2024,3.259150267
18/04/2024,0
19/04/2024,0
20/04/2024,1.629575133
21/04/2024,13.96164894
22/04/2024,2.473953247
23/04/2024,10.63744831
24/04/2024,0
25/04/2024,0
26/04/2024,4.368637562
27/04/2024,4.368637562
28/04/2024,4.368637562
29/04/2024,4.368637562
30/04/2024,4.368637562
01/05/2024,5.175924301
02/05/2024,0
03/05/2024,5.175924301
04/05/2024,0
05/05/2024,5.175924301
06/05/2024,12.70604324
07/05/2024,0
08/05/2024,0
09/05/2024,0
10/05/2024,0
11/05/2024,5.320446014
12/05/2024,5.320446014
13/05/2024,26.60223198
14/05/2024,0
15/05/2024,0
16/05/2024,9.248379707
17/05/2024,23.46818542
18/05/2024,0
19/05/2024,4.943195343
20/05/2024,0.856794178
21/05/2024,3.129210472
22/05/2024,9.387631416
23/05/2024,0
24/05/2024,9.387631416
25/05/2024,6.258420944
26/05/2024,0
27/05/2024,0
28/05/2024,0
29/05/2024,0
30/05/2024,0
31/05/2024,0
01/06/2024,0
02/06/2024,28.28326225
03/06/2024,0
04/06/2024,0
05/06/2024,0
06/06/2024,11.31066322
07/06/2024,0
08/06/2024,0
09/06/2024,0
10/06/2024,0
11/06/2024,4.996887207
12/06/2024,10.66233063
13/06/2024,0.531114101
14/06/2024,5.942941666
15/06/2024,1.782360554
16/06/2024,0
17/06/2024,0
18/06/2024,9.781490326
19/06/2024,4.890745163
20/06/2024,0
21/06/2024,10.0787096
22/06/2024,0
23/06/2024,0
24/06/2024,10.0787096
25/06/2024,10.0787096
26/06/2024,19.05064583
27/06/2024,9.525322914
28/06/2024,9.525322914
29/06/2024,0
30/06/2024,0
01/07/2024,0
02/07/2024,12.29434013
03/07/2024,12.29434013
04/07/2024,0
05/07/2024,6.147170067
06/07/2024,12.27250004
07/07/2024,4.090833187
08/07/2024,4.090833187
09/07/2024,0
10/07/2024,8.181666374
11/07/2024,7.272575855
12/07/2024,0
13/07/2024,0
14/07/2024,0
15/07/2024,0
16/07/2024,0
17/07/2024,19.88353157
18/07/2024,0
19/07/2024,6.62784338
20/07/2024,6.62784338
21/07/2024,0
22/07/2024,0
23/07/2024,0
24/07/2024,0
25/07/2024,0
26/07/2024,0
27/07/2024,0
28/07/2024,0
29/07/2024,16.59961319
30/07/2024,0
31/07/2024,0
01/08/2024,0
02/08/2024,0
03/08/2024,0
04/08/2024,0
05/08/2024,0
06/08/2024,0
07/08/2024,0
08/08/2024,0
09/08/2024,0
10/08/2024,0.777329981
11/08/2024,0
12/08/2024,0
13/08/2024,8.022950172
14/08/2024,0
15/08/2024,0
16/08/2024,0
17/08/2024,0
18/08/2024,0
19/08/2024,10.20991707
20/08/2024,0
21/08/2024,0.602397203
22/08/2024,3.347439289
23/08/2024,17.41746712
24/08/2024,2.976002932
25/08/2024,3.032039881
26/08/2024,3.709592819
27/08/2024,3.030332565
28/08/2024,0.907346547
29/08/2024,1.390683293
30/08/2024,14.18430233
31/08/2024,3.35385108
01/09/2024,0
02/09/2024,0
03/09/2024,0
04/09/2024,0
05/09/2024,0
06/09/2024,12.01976585
07/09/2024,18.02964973
08/09/2024,0
09/09/2024,0
10/09/2024,12.01976585
11/09/2024,4.596811771
12/09/2024,0.87357986
13/09/2024,8.019493103
14/09/2024,5.185054779
15/09/2024,4.518259525
16/09/2024,15.7243576
17/09/2024,0
18/09/2024,62.89743042
19/09/2024,15.7243576
20/09/2024,0
21/09/2024,11.69604874
22/09/2024,0
23/09/2024,0
24/09/2024,11.69604874
25/09/2024,0
26/09/2024,9.369551659
27/09/2024,18.73910332
28/09/2024,18.73910332
29/09/2024,0
30/09/2024,9.369551659
01/10/2024,7.67318821
02/10/2024,8.789116859
03/10/2024,8.909985542
04/10/2024,45.08604813
05/10/2024,20.88786888
06/10/2024,7.134552956
07/10/2024,0
08/10/2024,7.134552956
09/10/2024,14.26910591
10/10/2024,7.134552956
11/10/2024,14.01887512
12/10/2024,21.02831268
13/10/2024,0
14/10/2024,0
15/10/2024,0
16/10/2024,8.793941498
17/10/2024,17.587883
18/10/2024,17.587883
19/10/2024,0
20/10/2024,17.587883
21/10/2024,4.55329752
22/10/2024,4.55329752
23/10/2024,0
24/10/2024,0
25/10/2024,9.106595039
26/10/2024,23.75741577
27/10/2024,0
28/10/2024,0
29/10/2024,0
30/10/2024,0
31/10/2024,0
01/11/2024,0
02/11/2024,2.104448318
03/11/2024,4.208896637
04/11/2024,0
05/11/2024,0
06/11/2024,0
07/11/2024,0
08/11/2024,0
09/11/2024,0
10/11/2024,0
11/11/2024,0
12/11/2024,0
13/11/2024,0
14/11/2024,0
15/11/2024,0
16/11/2024,0
17/11/2024,0
18/11/2024,0
19/11/2024,0
20/11/2024,0
21/11/2024,0
22/11/2024,0
23/11/2024,0
24/11/2024,0
25/11/2024,0
26/11/2024,0
27/11/2024,0
28/11/2024,0
29/11/2024,0
30/11/2024,0
01/12/2024,0
02/12/2024,0
03/12/2024,0
04/12/2024,0
05/12/2024,0
06/12/2024,0
07/12/2024,0
08/12/2024,0
09/12/2024,3.797449827
10/12/2024,0
11/12/2024,0
12/12/2024,0
13/12/2024,0
14/12/2024,0
15/12/2024,0
16/12/2024,0
17/12/2024,0
18/12/2024,0
19/12/2024,0
20/12/2024,0
21/12/2024,0
22/12/2024,0
23/12/2024,0
24/12/2024,0
25/12/2024,0
26/12/2024,0
27/12/2024,0
28/12/2024,0
29/12/2024,0
30/12/2024,3.882505417
31/12/2024,0
01/01/2025,0
02/01/2025,0
03/01/2025,0
04/01/2025,0
05/01/2025,0
06/01/2025,0
07/01/2025,0
08/01/2025,0
09/01/2025,0
10/01/2025,0
11/01/2025,0
12/01/2025,0
13/01/2025,0
14/01/2025,0
15/01/2025,0
16/01/2025,0
17/01/2025,0
18/01/2025,0
19/01/2025,0
20/01/2025,0
21/01/2025,0
22/01/2025,0.021506181
23/01/2025,0.145221844
24/01/2025,1.463683248
25/01/2025,0.054958437
26/01/2025,0
27/01/2025,0
28/01/2025,0
29/01/2025,0
30/01/2025,0
31/01/2025,0
01/02/2025,0
02/02/2025,0
03/02/2025,0
04/02/2025,0
05/02/2025,0
06/02/2025,1.136569381
07/02/2025,0.318241924
08/02/2025,0
09/02/2025,0
10/02/2025,0.488465697
11/02/2025,0
12/02/2025,0
13/02/2025,0
14/02/2025,0
15/02/2025,0
16/02/2025,0
17/02/2025,0
18/02/2025,0
19/02/2025,0
20/02/2025,0
21/02/2025,0
22/02/2025,3.991736412
23/02/2025,0
24/02/2025,1.995868206
25/02/2025,0
26/02/2025,2.333133221
27/02/2025,0
28/02/2025,0
