Date,,Runoff_mm
01/01/1990,,8.05E-04
02/01/1990,,8.34E-04
03/01/1990,,8.34E-04
04/01/1990,,8.05E-04
05/01/1990,,0.001043081
06/01/1990,,0.001609325
07/01/1990,,9.69E-04
08/01/1990,,9.24E-04
09/01/1990,,7.90E-04
10/01/1990,,8.05E-04
11/01/1990,,7.75E-04
12/01/1990,,9.83E-04
13/01/1990,,9.24E-04
14/01/1990,,8.49E-04
15/01/1990,,0.001013279
16/01/1990,,7.15E-04
17/01/1990,,8.64E-04
18/01/1990,,8.64E-04
19/01/1990,,9.09E-04
20/01/1990,,8.05E-04
21/01/1990,,7.60E-04
22/01/1990,,0.017598271
23/01/1990,,7.60E-04
24/01/1990,,9.09E-04
25/01/1990,,6.71E-04
26/01/1990,,6.71E-04
27/01/1990,,6.71E-04
28/01/1990,,6.56E-04
29/01/1990,,6.56E-04
30/01/1990,,6.56E-04
31/01/1990,,6.41E-04
01/02/1990,,6.41E-04
02/02/1990,,6.33E-04
03/02/1990,,7.75E-04
04/02/1990,,0.001475215
05/02/1990,,7.45E-04
06/02/1990,,5.96E-04
07/02/1990,,6.11E-04
08/02/1990,,5.81E-04
09/02/1990,,5.96E-04
10/02/1990,,5.96E-04
11/02/1990,,0.002354383
12/02/1990,,5.51E-04
13/02/1990,,5.66E-04
14/02/1990,,5.66E-04
15/02/1990,,5.51E-04
16/02/1990,,8.94E-04
17/02/1990,,9.39E-04
18/02/1990,,0.032521784
19/02/1990,,0.008001924
20/02/1990,,5.66E-04
21/02/1990,,5.51E-04
22/02/1990,,6.41E-04
23/02/1990,,5.36E-04
24/02/1990,,5.36E-04
25/02/1990,,5.07E-04
26/02/1990,,5.07E-04
27/02/1990,,5.07E-04
28/02/1990,,5.07E-04
01/03/1990,,4.77E-04
02/03/1990,,4.77E-04
03/03/1990,,5.07E-04
04/03/1990,,4.62E-04
05/03/1990,,5.07E-04
06/03/1990,,6.11E-04
07/03/1990,,7.30E-04
08/03/1990,,6.85E-04
09/03/1990,,4.92E-04
10/03/1990,,4.62E-04
11/03/1990,,4.47E-04
12/03/1990,,4.17E-04
13/03/1990,,4.47E-04
14/03/1990,,4.32E-04
15/03/1990,,4.47E-04
16/03/1990,,4.32E-04
17/03/1990,,4.32E-04
18/03/1990,,4.62E-04
19/03/1990,,4.62E-04
20/03/1990,,6.41E-04
21/03/1990,,8.79E-04
22/03/1990,,4.17E-04
23/03/1990,,4.17E-04
24/03/1990,,3.87E-04
25/03/1990,,3.73E-04
26/03/1990,,3.73E-04
27/03/1990,,3.73E-04
28/03/1990,,3.43E-04
29/03/1990,,4.17E-04
30/03/1990,,0.003561378
31/03/1990,,6.41E-04
01/04/1990,,6.56E-04
02/04/1990,,7.15E-04
03/04/1990,,4.47E-04
04/04/1990,,4.47E-04
05/04/1990,,0.001803041
06/04/1990,,0.004991889
07/04/1990,,0.007227063
08/04/1990,,0.004798174
09/04/1990,,0.001311302
10/04/1990,,5.81E-04
11/04/1990,,5.81E-04
12/04/1990,,0.002622604
13/04/1990,,0.015094876
14/04/1990,,0.001430511
15/04/1990,,0.020384789
16/04/1990,,0.016584992
17/04/1990,,0.007793307
18/04/1990,,0.003620982
19/04/1990,,0.030100346
20/04/1990,,0.002577901
21/04/1990,,0.001147389
22/04/1990,,0.001236796
23/04/1990,,0.015154481
24/04/1990,,0.010073185
25/04/1990,,0.03990531
26/04/1990,,0.00448525
27/04/1990,,0.011280179
28/04/1990,,0.006586313
29/04/1990,,0.028699636
30/04/1990,,0.042423606
01/05/1990,,7.00E-04
02/05/1990,,0.021189451
03/05/1990,,0.048279762
04/05/1990,,0.020623207
05/05/1990,,0.001907349
06/05/1990,,3.73E-04
07/05/1990,,5.22E-04
08/05/1990,,0.078245997
09/05/1990,,0.002652407
10/05/1990,,0.03361702
11/05/1990,,0.004693866
12/05/1990,,0.042319298
13/05/1990,,0.032633543
14/05/1990,,0.057607889
15/05/1990,,0.018894672
16/05/1990,,0.008299947
17/05/1990,,0.018253922
18/05/1990,,0.003278255
19/05/1990,,0.001817942
20/05/1990,,0.029176474
21/05/1990,,0.01552701
22/05/1990,,0.00333786
23/05/1990,,0.005304813
24/05/1990,,0.002518296
25/05/1990,,0.016719103
26/05/1990,,0.004991889
27/05/1990,,0.001609325
28/05/1990,,0.01475215
29/05/1990,,0.015676022
30/05/1990,,0.030055642
31/05/1990,,0.02643466
01/06/1990,,0.03144145
02/06/1990,,0.007003546
03/06/1990,,0.001445413
04/06/1990,,0.004217029
05/06/1990,,0.001505017
06/06/1990,,0.005587935
07/06/1990,,0.004261732
08/06/1990,,0.014513731
09/06/1990,,4.17E-04
10/06/1990,,0.001996756
11/06/1990,,0.001773238
12/06/1990,,7.75E-04
13/06/1990,,0.008195639
14/06/1990,,0.024721026
15/06/1990,,0.001356006
16/06/1990,,0.065669417
17/06/1990,,0.00295043
18/06/1990,,0.009581447
19/06/1990,,0.069350004
20/06/1990,,0.052958727
21/06/1990,,8.34E-04
22/06/1990,,0.001192093
23/06/1990,,0.03862381
24/06/1990,,0.055521727
25/06/1990,,0.007688999
26/06/1990,,0.015556812
27/06/1990,,0.019595027
28/06/1990,,0.027999282
29/06/1990,,0.004500151
30/06/1990,,0.00436604
01/07/1990,,0.006854534
02/07/1990,,0.031083822
03/07/1990,,0.001549721
04/07/1990,,0.06327033
05/07/1990,,0.010371208
06/07/1990,,0.016763806
07/07/1990,,0.053435564
08/07/1990,,1.494884491
09/07/1990,,0.054359436
10/07/1990,,0.003024936
11/07/1990,,0.006005168
12/07/1990,,0.030443072
13/07/1990,,0.075340271
14/07/1990,,0.021979213
15/07/1990,,0.014230609
16/07/1990,,0.317081809
17/07/1990,,0.007331371
18/07/1990,,0.026136637
19/07/1990,,0.071108341
20/07/1990,,0.005036592
21/07/1990,,0.019073486
22/07/1990,,0.009134412
23/07/1990,,0.003919005
24/07/1990,,0.02515316
25/07/1990,,0.040069222
26/07/1990,,0.010564923
27/07/1990,,0.076308846
28/07/1990,,0.032752752
29/07/1990,,0.002622604
30/07/1990,,0.004425645
31/07/1990,,0.017464161
01/08/1990,,0.854894519
02/08/1990,,0.020578504
03/08/1990,,0.094145536
04/08/1990,,0.046759844
05/08/1990,,0.03656745
06/08/1990,,0.007852912
07/08/1990,,0.00192225
08/08/1990,,0.051856041
09/08/1990,,0.055789948
10/08/1990,,4.130199552
11/08/1990,,0.002786517
12/08/1990,,0.025108457
13/08/1990,,0.030517578
14/08/1990,,0.003263354
15/08/1990,,0.040188432
16/08/1990,,0.017091632
17/08/1990,,0.058680773
18/08/1990,,0.096231699
19/08/1990,,0.001758337
20/08/1990,,0.002339482
21/08/1990,,0.002518296
22/08/1990,,0.003427267
23/08/1990,,0.001564622
24/08/1990,,0.007003546
25/08/1990,,0.02720952
26/08/1990,,0.008523464
27/08/1990,,0.231832266
28/08/1990,,0.084549189
29/08/1990,,0.01129508
30/08/1990,,0.823363662
31/08/1990,,0.043466687
01/09/1990,,0.029355288
02/09/1990,,0.077664852
03/09/1990,,0.060111284
04/09/1990,,0.050112605
05/09/1990,,0.070407987
06/09/1990,,0.010862947
07/09/1990,,0.025674701
08/09/1990,,0.018924475
09/09/1990,,0.006005168
10/09/1990,,0.034987926
11/09/1990,,8.31758976
12/09/1990,,0.012397766
13/09/1990,,2.193257213
14/09/1990,,0.089809299
15/09/1990,,0.06775558
16/09/1990,,0.04735589
17/09/1990,,0.022366643
18/09/1990,,0.012949109
19/09/1990,,1.254603267
20/09/1990,,0.272542238
21/09/1990,,0.001549721
22/09/1990,,0.00987947
23/09/1990,,0.061765313
24/09/1990,,1.181527972
25/09/1990,,2.636671066
26/09/1990,,0.018015504
27/09/1990,,0.004857779
28/09/1990,,0.006809831
29/09/1990,,0.038176775
30/09/1990,,7.45E-04
01/10/1990,,0.077307224
02/10/1990,,0.010311604
03/10/1990,,0.101432204
04/10/1990,,0.038191676
05/10/1990,,0.070273876
06/10/1990,,0.29180944
07/10/1990,,0.035271049
08/10/1990,,0.010192394
09/10/1990,,0.066190958
10/10/1990,,0.011771917
11/10/1990,,0.007525086
12/10/1990,,0.014066696
13/10/1990,,0.062823296
14/10/1990,,2.98781693
15/10/1990,,0.179857016
16/10/1990,,0.014483929
17/10/1990,,0.006392598
18/10/1990,,0.04516542
19/10/1990,,4.92E-04
20/10/1990,,4.77E-04
21/10/1990,,0.002771616
22/10/1990,,0.002458692
23/10/1990,,0.001117587
24/10/1990,,5.51E-04
25/10/1990,,5.81E-04
26/10/1990,,6.11E-04
27/10/1990,,6.41E-04
28/10/1990,,5.22E-04
29/10/1990,,7.75E-04
30/10/1990,,7.90E-04
31/10/1990,,8.64E-04
01/11/1990,,0.029921532
02/11/1990,,0.002294779
03/11/1990,,6.56E-04
04/11/1990,,5.81E-04
05/11/1990,,8.34E-04
06/11/1990,,7.00E-04
07/11/1990,,6.11E-04
08/11/1990,,6.26E-04
09/11/1990,,0.001475215
10/11/1990,,7.45E-04
11/11/1990,,6.26E-04
12/11/1990,,0.001788139
13/11/1990,,7.45E-04
14/11/1990,,0.001005828
15/11/1990,,0.006631017
16/11/1990,,0.003546476
17/11/1990,,8.34E-04
18/11/1990,,9.24E-04
19/11/1990,,0.001505017
20/11/1990,,5.66E-04
21/11/1990,,0.001311302
22/11/1990,,6.41E-04
23/11/1990,,5.51E-04
24/11/1990,,7.75E-04
25/11/1990,,0.001177192
26/11/1990,,5.81E-04
27/11/1990,,0.001385808
28/11/1990,,5.36E-04
29/11/1990,,7.30E-04
30/11/1990,,7.00E-04
01/12/1990,,5.81E-04
02/12/1990,,9.09E-04
03/12/1990,,7.00E-04
04/12/1990,,9.09E-04
05/12/1990,,8.49E-04
06/12/1990,,4.47E-04
07/12/1990,,4.77E-04
08/12/1990,,5.07E-04
09/12/1990,,5.96E-04
10/12/1990,,5.36E-04
11/12/1990,,6.56E-04
12/12/1990,,0.003531575
13/12/1990,,0.00141561
14/12/1990,,0.001877546
15/12/1990,,0.006660819
16/12/1990,,0.003695488
17/12/1990,,4.77E-04
18/12/1990,,0.00448525
19/12/1990,,5.51E-04
20/12/1990,,6.41E-04
21/12/1990,,0.003576279
22/12/1990,,9.39E-04
23/12/1990,,0.002533197
24/12/1990,,0.004068017
25/12/1990,,3.73E-04
26/12/1990,,3.73E-04
27/12/1990,,4.02E-04
28/12/1990,,3.87E-04
29/12/1990,,3.73E-04
30/12/1990,,4.17E-04
31/12/1990,,3.58E-04
01/01/1991,,3.73E-04
02/01/1991,,3.58E-04
03/01/1991,,3.43E-04
04/01/1991,,3.58E-04
05/01/1991,,3.58E-04
06/01/1991,,3.58E-04
07/01/1991,,3.73E-04
08/01/1991,,3.58E-04
09/01/1991,,5.22E-04
10/01/1991,,3.58E-04
11/01/1991,,3.28E-04
12/01/1991,,4.02E-04
13/01/1991,,3.43E-04
14/01/1991,,3.13E-04
15/01/1991,,3.28E-04
16/01/1991,,3.43E-04
17/01/1991,,4.32E-04
18/01/1991,,3.43E-04
19/01/1991,,6.11E-04
20/01/1991,,0.008016825
21/01/1991,,3.43E-04
22/01/1991,,4.62E-04
23/01/1991,,4.77E-04
24/01/1991,,6.71E-04
25/01/1991,,9.02E-04
26/01/1991,,5.96E-04
27/01/1991,,6.41E-04
28/01/1991,,8.94E-04
29/01/1991,,6.26E-04
30/01/1991,,3.28E-04
31/01/1991,,4.17E-04
01/02/1991,,6.56E-04
02/02/1991,,4.47E-04
03/02/1991,,4.02E-04
04/02/1991,,0.00308454
05/02/1991,,0.001937151
06/02/1991,,2.83E-04
07/02/1991,,3.43E-04
08/02/1991,,3.05E-04
09/02/1991,,2.83E-04
10/02/1991,,0.004261732
11/02/1991,,4.77E-04
12/02/1991,,3.58E-04
13/02/1991,,0.001966953
14/02/1991,,3.73E-04
15/02/1991,,4.17E-04
16/02/1991,,8.49E-04
17/02/1991,,0.001564622
18/02/1991,,0.00667572
19/02/1991,,3.87E-04
20/02/1991,,0.001221895
21/02/1991,,0.001087785
22/02/1991,,0.001870096
23/02/1991,,0.001177192
24/02/1991,,0.00153482
25/02/1991,,0.002980232
26/02/1991,,0.007718801
27/02/1991,,0.018954277
28/02/1991,,3.43E-04
01/03/1991,,0.003054738
02/03/1991,,0.028327107
03/03/1991,,2.38E-04
04/03/1991,,2.53E-04
05/03/1991,,6.11E-04
06/03/1991,,3.58E-04
07/03/1991,,0.002250075
08/03/1991,,2.98E-04
09/03/1991,,2.38E-04
10/03/1991,,2.53E-04
11/03/1991,,3.87E-04
12/03/1991,,0.002846122
13/03/1991,,3.43E-04
14/03/1991,,0.001952052
15/03/1991,,0.032126904
16/03/1991,,0.024080276
17/03/1991,,9.83E-04
18/03/1991,,5.51E-04
19/03/1991,,3.28E-04
20/03/1991,,0.001147389
21/03/1991,,0.027358532
22/03/1991,,0.029474497
23/03/1991,,7.90E-04
24/03/1991,,0.002771616
25/03/1991,,0.001117587
26/03/1991,,0.004261732
27/03/1991,,0.018998981
28/03/1991,,7.60E-04
29/03/1991,,2.24E-04
30/03/1991,,2.83E-04
31/03/1991,,5.07E-04
01/04/1991,,0.032633543
02/04/1991,,0.005215406
03/04/1991,,0.001057982
04/04/1991,,2.24E-04
05/04/1991,,0.004157424
06/04/1991,,0.004604459
07/04/1991,,0.008359551
08/04/1991,,0.004738569
09/04/1991,,0.032871962
10/04/1991,,2.98E-04
11/04/1991,,0.001505017
12/04/1991,,2.98E-04
13/04/1991,,0.004649162
14/04/1991,,0.033378601
15/04/1991,,1.79E-04
16/04/1991,,3.28E-04
17/04/1991,,7.30E-04
18/04/1991,,2.09E-04
19/04/1991,,0.004529953
20/04/1991,,5.07E-04
21/04/1991,,3.73E-04
22/04/1991,,2.09E-04
23/04/1991,,0.001341105
24/04/1991,,6.56E-04
25/04/1991,,0.002577901
26/04/1991,,2.83E-04
27/04/1991,,0.00307709
28/04/1991,,0.080488622
29/04/1991,,0.048711896
30/04/1991,,1.075863838
01/05/1991,,9.69E-04
02/05/1991,,0.003308058
03/05/1991,,0.002533197
04/05/1991,,0.068619847
05/05/1991,,0.010862947
06/05/1991,,0.008404255
07/05/1991,,0.012531877
08/05/1991,,0.008895993
09/05/1991,,0.009253621
10/05/1991,,0.02489984
11/05/1991,,5.96E-04
12/05/1991,,0.012949109
13/05/1991,,0.047549605
14/05/1991,,0.001057982
15/05/1991,,0.010922551
16/05/1991,,0.035002828
17/05/1991,,0.044301152
18/05/1991,,0.010922551
19/05/1991,,0.017732382
20/05/1991,,0.034764409
21/05/1991,,0.005722046
22/05/1991,,0.047594309
23/05/1991,,0.006318092
24/05/1991,,0.033348799
25/05/1991,,0.037521124
26/05/1991,,6.11E-04
27/05/1991,,5.07E-04
28/05/1991,,0.025272369
29/05/1991,,0.025883317
30/05/1991,,0.008702278
31/05/1991,,0.057175756
01/06/1991,,0.059500337
02/06/1991,,0.002861023
03/06/1991,,0.034973025
04/06/1991,,0.025093555
05/06/1991,,0.005990267
06/06/1991,,0.007763505
07/06/1991,,0.002413988
08/06/1991,,0.035494566
09/06/1991,,0.001102686
10/06/1991,,0.002980232
11/06/1991,,0.007808208
12/06/1991,,0.00590086
13/06/1991,,0.004321337
14/06/1991,,0.016629696
15/06/1991,,0.011727214
16/06/1991,,0.009596348
17/06/1991,,0.002771616
18/06/1991,,0.038057566
19/06/1991,,0.008314848
20/06/1991,,0.003919005
21/06/1991,,0.011995435
22/06/1991,,0.048428774
23/06/1991,,0.001296401
24/06/1991,,0.004962087
25/06/1991,,0.0038445
26/06/1991,,0.020265579
27/06/1991,,0.069990754
28/06/1991,,0.033631921
29/06/1991,,0.048905611
30/06/1991,,3.037974238
01/07/1991,,0.008016825
02/07/1991,,1.923084259
03/07/1991,,0.001177192
04/07/1991,,0.04966557
05/07/1991,,0.038772821
06/07/1991,,0.010564923
07/07/1991,,0.004291534
08/07/1991,,0.015616417
09/07/1991,,0.551179051
10/07/1991,,0.007003546
11/07/1991,,0.032782555
12/07/1991,,3.450393677
13/07/1991,,0.012502074
14/07/1991,,0.035077333
15/07/1991,,0.046432018
16/07/1991,,0.03413856
17/07/1991,,0.671461225
18/07/1991,,0.056296587
19/07/1991,,0.209420919
20/07/1991,,0.161752105
21/07/1991,,0.059962273
22/07/1991,,0.12139976
23/07/1991,,0.04799664
24/07/1991,,0.073224306
25/07/1991,,0.723987818
26/07/1991,,6.380170584
27/07/1991,,0.017479062
28/07/1991,,0.007987022
29/07/1991,,2.740770578
30/07/1991,,0.029087067
31/07/1991,,0.026851892
01/08/1991,,0.03144145
02/08/1991,,0.076368451
03/08/1991,,0.041887164
04/08/1991,,0.058397651
05/08/1991,,0.040069222
06/08/1991,,0.046268106
07/08/1991,,0.04774332
08/08/1991,,0.108405948
09/08/1991,,0.044226646
10/08/1991,,0.012725592
11/08/1991,,0.15000999
12/08/1991,,0.011131167
13/08/1991,,2.825975418
14/08/1991,,0.032782555
15/08/1991,,0.008136034
16/08/1991,,0.039249659
17/08/1991,,33.17031264
18/08/1991,,0.856310129
19/08/1991,,0.077113509
20/08/1991,,0.58580935
21/08/1991,,0.54128468
22/08/1991,,0.019431114
23/08/1991,,0.084519386
24/08/1991,,0.062093139
25/08/1991,,0.032290816
26/08/1991,,0.071838498
27/08/1991,,3.542721272
28/08/1991,,0.022813678
29/08/1991,,1.424133778
30/08/1991,,0.413894653
31/08/1991,,0.005871058
01/09/1991,,0.029325485
02/09/1991,,0.016510487
03/09/1991,,0.029996037
04/09/1991,,0.074759126
05/09/1991,,0.109314919
06/09/1991,,3.022372723
07/09/1991,,0.428885221
08/09/1991,,0.002980232
09/09/1991,,0.012516975
10/09/1991,,0.003635883
11/09/1991,,0.025436282
12/09/1991,,0.052794814
13/09/1991,,0.005751848
14/09/1991,,0.038415194
15/09/1991,,0.005349517
16/09/1991,,0.042766333
17/09/1991,,0.043854117
18/09/1991,,0.007212162
19/09/1991,,0.023365021
20/09/1991,,0.017955899
21/09/1991,,0.006198883
22/09/1991,,0.007942319
23/09/1991,,0.01744926
24/09/1991,,0.074207783
25/09/1991,,0.016510487
26/09/1991,,0.016599894
27/09/1991,,0.003486872
28/09/1991,,0.005021691
29/09/1991,,0.086411834
30/09/1991,,0.005573034
01/10/1991,,0.016197562
02/10/1991,,0.484526157
03/10/1991,,0.185146928
04/10/1991,,0.247076154
05/10/1991,,0.035017729
06/10/1991,,0.007450581
07/10/1991,,0.723212957
08/10/1991,,1.110702753
09/10/1991,,0.011369586
10/10/1991,,0.006601214
11/10/1991,,0.009074807
12/10/1991,,0.003501773
13/10/1991,,0.005066395
14/10/1991,,0.005021691
15/10/1991,,0.028416514
16/10/1991,,0.03130734
17/10/1991,,0.01193583
18/10/1991,,0.00205636
19/10/1991,,0.012055039
20/10/1991,,0.004276633
21/10/1991,,0.009715557
22/10/1991,,0.001788139
23/10/1991,,0.001892447
24/10/1991,,0.005930662
25/10/1991,,0.003144145
26/10/1991,,0.003740191
27/10/1991,,0.002384186
28/10/1991,,0.00372529
29/10/1991,,0.007599592
30/10/1991,,0.006437302
31/10/1991,,0.002786517
01/11/1991,,0.001966953
02/11/1991,,0.001892447
03/11/1991,,0.002041459
04/11/1991,,0.001788139
05/11/1991,,0.001832843
06/11/1991,,0.002041459
07/11/1991,,0.001773238
08/11/1991,,0.002011657
09/11/1991,,0.001773238
10/11/1991,,0.00295043
11/11/1991,,0.001996756
12/11/1991,,0.001743436
13/11/1991,,0.00166893
14/11/1991,,0.001683831
15/11/1991,,0.00179559
16/11/1991,,0.001765788
17/11/1991,,0.001609325
18/11/1991,,0.001579523
19/11/1991,,0.001981854
20/11/1991,,0.001892447
21/11/1991,,0.001743436
22/11/1991,,0.001698732
23/11/1991,,0.001594424
24/11/1991,,0.002011657
25/11/1991,,0.001937151
26/11/1991,,0.001698732
27/11/1991,,0.001661479
28/11/1991,,0.001691282
29/11/1991,,0.001519918
30/11/1991,,0.001698732
01/12/1991,,0.002101064
02/12/1991,,0.001594424
03/12/1991,,0.002220273
04/12/1991,,0.002861023
05/12/1991,,0.001519918
06/12/1991,,0.001564622
07/12/1991,,0.001594424
08/12/1991,,0.001460314
09/12/1991,,0.001475215
10/12/1991,,0.001460314
11/12/1991,,0.001400709
12/12/1991,,0.001400709
13/12/1991,,0.001370907
14/12/1991,,0.001326203
15/12/1991,,0.001341105
16/12/1991,,0.001311302
17/12/1991,,0.001311302
18/12/1991,,0.001311302
19/12/1991,,0.0012815
20/12/1991,,0.001296401
21/12/1991,,0.00141561
22/12/1991,,0.001639128
23/12/1991,,0.001251698
24/12/1991,,0.001251698
25/12/1991,,0.001251698
26/12/1991,,0.001206994
27/12/1991,,0.001221895
28/12/1991,,0.001206994
29/12/1991,,0.001192093
30/12/1991,,0.001177192
31/12/1991,,0.001192093
01/01/1992,,0.001177192
02/01/1992,,0.001147389
03/01/1992,,0.001162291
04/01/1992,,0.001117587
05/01/1992,,0.001132488
06/01/1992,,0.001132488
07/01/1992,,0.001117587
08/01/1992,,0.001102686
09/01/1992,,0.001087785
10/01/1992,,0.001102686
11/01/1992,,0.001057982
12/01/1992,,0.001072884
13/01/1992,,0.001050532
14/01/1992,,0.001057982
15/01/1992,,0.001043081
16/01/1992,,0.00102818
17/01/1992,,0.00102818
18/01/1992,,9.98E-04
19/01/1992,,9.98E-04
20/01/1992,,9.91E-04
21/01/1992,,9.83E-04
22/01/1992,,9.83E-04
23/01/1992,,9.83E-04
24/01/1992,,9.69E-04
25/01/1992,,9.39E-04
26/01/1992,,9.39E-04
27/01/1992,,9.39E-04
28/01/1992,,9.09E-04
29/01/1992,,9.39E-04
30/01/1992,,9.02E-04
31/01/1992,,9.16E-04
01/02/1992,,9.02E-04
02/02/1992,,8.87E-04
03/02/1992,,8.64E-04
04/02/1992,,0.001877546
05/02/1992,,8.72E-04
06/02/1992,,8.34E-04
07/02/1992,,8.42E-04
08/02/1992,,8.20E-04
09/02/1992,,8.20E-04
10/02/1992,,8.34E-04
11/02/1992,,8.20E-04
12/02/1992,,7.90E-04
13/02/1992,,7.90E-04
14/02/1992,,7.75E-04
15/02/1992,,7.60E-04
16/02/1992,,7.90E-04
17/02/1992,,7.60E-04
18/02/1992,,7.45E-04
19/02/1992,,7.45E-04
20/02/1992,,7.30E-04
21/02/1992,,7.30E-04
22/02/1992,,7.15E-04
23/02/1992,,9.69E-04
24/02/1992,,7.30E-04
25/02/1992,,7.15E-04
26/02/1992,,6.85E-04
27/02/1992,,6.71E-04
28/02/1992,,6.71E-04
29/02/1992,,6.85E-04
01/03/1992,,0.004306436
02/03/1992,,8.49E-04
03/03/1992,,7.00E-04
04/03/1992,,6.85E-04
05/03/1992,,6.56E-04
06/03/1992,,6.71E-04
07/03/1992,,6.41E-04
08/03/1992,,6.85E-04
09/03/1992,,7.00E-04
10/03/1992,,5.96E-04
11/03/1992,,6.41E-04
12/03/1992,,0.021100044
13/03/1992,,0.006049871
14/03/1992,,0.005736947
15/03/1992,,0.013142824
16/03/1992,,0.002726912
17/03/1992,,9.69E-04
18/03/1992,,0.001385808
19/03/1992,,8.20E-04
20/03/1992,,7.45E-04
21/03/1992,,0.024586916
22/03/1992,,0.002369285
23/03/1992,,0.001728535
24/03/1992,,0.002220273
25/03/1992,,0.002324581
26/03/1992,,0.002667308
27/03/1992,,9.54E-04
28/03/1992,,7.30E-04
29/03/1992,,5.66E-04
30/03/1992,,5.96E-04
31/03/1992,,5.22E-04
01/04/1992,,5.96E-04
02/04/1992,,5.96E-04
03/04/1992,,8.34E-04
04/04/1992,,0.001311302
05/04/1992,,0.005036592
06/04/1992,,0.017806888
07/04/1992,,0.140607357
08/04/1992,,0.007122755
09/04/1992,,0.002816319
10/04/1992,,0.004306436
11/04/1992,,0.060766935
12/04/1992,,0.021547079
13/04/1992,,5.66E-04
14/04/1992,,7.15E-04
15/04/1992,,0.001296401
16/04/1992,,0.007972121
17/04/1992,,0.007465482
18/04/1992,,5.36E-04
19/04/1992,,0.002995133
20/04/1992,,0.009953976
21/04/1992,,0.017911196
22/04/1992,,4.84E-04
23/04/1992,,5.51E-04
24/04/1992,,4.77E-04
25/04/1992,,5.07E-04
26/04/1992,,0.001907349
27/04/1992,,5.07E-04
28/04/1992,,0.01591444
29/04/1992,,0.006765127
30/04/1992,,6.11E-04
01/05/1992,,0.002145767
02/05/1992,,0.001132488
03/05/1992,,0.004813075
04/05/1992,,0.025466084
05/05/1992,,0.008270144
06/05/1992,,9.09E-04
07/05/1992,,0.09958446
08/05/1992,,0.029623508
09/05/1992,,0.002875924
10/05/1992,,0.014841557
11/05/1992,,8.79E-04
12/05/1992,,0.01065433
13/05/1992,,0.001847744
14/05/1992,,0.004172325
15/05/1992,,0.020384789
16/05/1992,,0.039681792
17/05/1992,,0.008419156
18/05/1992,,0.019013882
19/05/1992,,0.039234757
20/05/1992,,0.012800097
21/05/1992,,0.009134412
22/05/1992,,0.035792589
23/05/1992,,0.003814697
24/05/1992,,0.00821054
25/05/1992,,0.033214688
26/05/1992,,0.002726912
27/05/1992,,0.002130866
28/05/1992,,0.013232231
29/05/1992,,0.002622604
30/05/1992,,0.007241964
31/05/1992,,0.014454126
01/06/1992,,0.029101968
02/06/1992,,0.036939979
03/06/1992,,0.006824732
04/06/1992,,0.016123056
05/06/1992,,0.003159046
06/06/1992,,0.001266599
07/06/1992,,0.01463294
08/06/1992,,0.060498714
09/06/1992,,0.549018383
10/06/1992,,1.384153962
11/06/1992,,0.002458692
12/06/1992,,0.018775463
13/06/1992,,0.010386109
14/06/1992,,0.00397861
15/06/1992,,0.057250261
16/06/1992,,0.038996339
17/06/1992,,2.084374428
18/06/1992,,0.003248453
19/06/1992,,0.004202127
20/06/1992,,0.005617738
21/06/1992,,0.017151237
22/06/1992,,0.002503395
23/06/1992,,0.001505017
24/06/1992,,0.067576766
25/06/1992,,0.001057982
26/06/1992,,0.035762787
27/06/1992,,0.05209446
28/06/1992,,0.040888786
29/06/1992,,0.002294779
30/06/1992,,0.003963709
01/07/1992,,0.00205636
02/07/1992,,0.017955899
03/07/1992,,0.037029386
04/07/1992,,0.001788139
05/07/1992,,0.008776784
06/07/1992,,1.713618636
07/07/1992,,0.107526779
08/07/1992,,0.099211931
09/07/1992,,0.005096197
10/07/1992,,0.010490417
11/07/1992,,0.015765429
12/07/1992,,0.016868114
13/07/1992,,1.092001796
14/07/1992,,0.014558434
15/07/1992,,0.0564605
16/07/1992,,0.027820468
17/07/1992,,0.092312694
18/07/1992,,0.0218153
19/07/1992,,0.073134899
20/07/1992,,0.006854534
21/07/1992,,0.014141202
22/07/1992,,0.005736947
23/07/1992,,0.021159649
24/07/1992,,0.041991472
25/07/1992,,0.023037195
26/07/1992,,0.008761883
27/07/1992,,0.051230192
28/07/1992,,0.306874514
29/07/1992,,0.019192696
30/07/1992,,0.055402517
31/07/1992,,0.012651086
01/08/1992,,0.020697713
02/08/1992,,0.009149313
03/08/1992,,0.003919005
04/08/1992,,0.011235476
05/08/1992,,0.030145049
06/08/1992,,0.124976039
07/08/1992,,0.05479157
08/08/1992,,0.077441335
09/08/1992,,0.00987947
10/08/1992,,0.015109777
11/08/1992,,0.016361475
12/08/1992,,0.022441149
13/08/1992,,0.118747354
14/08/1992,,0.007033348
15/08/1992,,0.007659197
16/08/1992,,0.037878752
17/08/1992,,0.037938356
18/08/1992,,0.004068017
19/08/1992,,0.097200274
20/08/1992,,0.010639429
21/08/1992,,0.003054738
22/08/1992,,0.004604459
23/08/1992,,0.005349517
24/08/1992,,0.004053116
25/08/1992,,0.052928925
26/08/1992,,0.022023916
27/08/1992,,0.014141202
28/08/1992,,0.008955598
29/08/1992,,0.004455447
30/08/1992,,0.022530556
31/08/1992,,0.00230968
01/09/1992,,0.004962087
02/09/1992,,0.010758638
03/09/1992,,0.013232231
04/09/1992,,0.072091818
05/09/1992,,4.369169474
06/09/1992,,25.48886836
07/09/1992,,0.043421984
08/09/1992,,1.129761338
09/09/1992,,0.021547079
10/09/1992,,0.003576279
11/09/1992,,0.008627772
12/09/1992,,0.100344419
13/09/1992,,31.99160099
14/09/1992,,0.859707594
15/09/1992,,0.01642108
16/09/1992,,0.765159726
17/09/1992,,0.098675489
18/09/1992,,0.160127878
19/09/1992,,2.37968564
20/09/1992,,0.987246633
21/09/1992,,4.299610853
22/09/1992,,0.245153904
23/09/1992,,0.003099442
24/09/1992,,0.021785498
25/09/1992,,0.00859797
26/09/1992,,0.031873584
27/09/1992,,0.050425529
28/09/1992,,0.042840838
29/09/1992,,0.12306869
30/09/1992,,0.93537569
01/10/1992,,0.007465482
02/10/1992,,0.011980534
03/10/1992,,0.024005771
04/10/1992,,0.005379319
05/10/1992,,0.003278255
06/10/1992,,0.00230968
07/10/1992,,0.009536743
08/10/1992,,0.00372529
09/10/1992,,0.068619847
10/10/1992,,1.712083817
11/10/1992,,0.154867768
12/10/1992,,0.03066659
13/10/1992,,0.012591481
14/10/1992,,0.005125999
15/10/1992,,0.00679493
16/10/1992,,0.006437302
17/10/1992,,0.033453107
18/10/1992,,0.001981854
19/10/1992,,0.019103289
20/10/1992,,0.01296401
21/10/1992,,0.009134412
22/10/1992,,0.012651086
23/10/1992,,0.008553267
24/10/1992,,0.003740191
25/10/1992,,0.002071261
26/10/1992,,0.001609325
27/10/1992,,0.001609325
28/10/1992,,0.001713634
29/10/1992,,0.001639128
30/10/1992,,0.001609325
31/10/1992,,0.004865229
01/11/1992,,0.00128895
02/11/1992,,0.001370907
03/11/1992,,0.001430511
04/11/1992,,0.001683831
05/11/1992,,0.00475347
06/11/1992,,0.037536025
07/11/1992,,0.023603439
08/11/1992,,0.045970082
09/11/1992,,0.011704862
10/11/1992,,0.006221235
11/11/1992,,0.017344952
12/11/1992,,0.001519918
13/11/1992,,0.001832843
14/11/1992,,0.002026558
15/11/1992,,0.002250075
16/11/1992,,0.001296401
17/11/1992,,0.003263354
18/11/1992,,0.001631677
19/11/1992,,0.001743436
20/11/1992,,0.001341105
21/11/1992,,0.001549721
22/11/1992,,0.001356006
23/11/1992,,0.001266599
24/11/1992,,0.001236796
25/11/1992,,0.001251698
26/11/1992,,0.001251698
27/11/1992,,0.001221895
28/11/1992,,0.001251698
29/11/1992,,0.001192093
30/11/1992,,0.001206994
01/12/1992,,0.001177192
02/12/1992,,0.001177192
03/12/1992,,0.001192093
04/12/1992,,0.001162291
05/12/1992,,0.001266599
06/12/1992,,0.001162291
07/12/1992,,0.001147389
08/12/1992,,0.001206994
09/12/1992,,0.001370907
10/12/1992,,0.001370907
11/12/1992,,0.001624227
12/12/1992,,0.001117587
13/12/1992,,0.001177192
14/12/1992,,0.001311302
15/12/1992,,0.002220273
16/12/1992,,0.001743436
17/12/1992,,0.001296401
18/12/1992,,0.001102686
19/12/1992,,0.001117587
20/12/1992,,0.001057982
21/12/1992,,0.001043081
22/12/1992,,0.001013279
23/12/1992,,0.00102818
24/12/1992,,0.001013279
25/12/1992,,0.001013279
26/12/1992,,9.83E-04
27/12/1992,,0.001013279
28/12/1992,,9.83E-04
29/12/1992,,0.001013279
30/12/1992,,0.001132488
31/12/1992,,0.001326203
01/01/1993,,9.69E-04
02/01/1993,,9.83E-04
03/01/1993,,0.001005828
04/01/1993,,9.46E-04
05/01/1993,,9.24E-04
06/01/1993,,9.24E-04
07/01/1993,,9.09E-04
08/01/1993,,9.24E-04
09/01/1993,,9.09E-04
10/01/1993,,8.64E-04
11/01/1993,,9.09E-04
12/01/1993,,8.79E-04
13/01/1993,,8.79E-04
14/01/1993,,8.64E-04
15/01/1993,,8.34E-04
16/01/1993,,8.34E-04
17/01/1993,,8.34E-04
18/01/1993,,8.49E-04
19/01/1993,,8.49E-04
20/01/1993,,8.20E-04
21/01/1993,,7.75E-04
22/01/1993,,8.05E-04
23/01/1993,,7.90E-04
24/01/1993,,8.05E-04
25/01/1993,,7.75E-04
26/01/1993,,8.05E-04
27/01/1993,,8.05E-04
28/01/1993,,7.60E-04
29/01/1993,,7.60E-04
30/01/1993,,7.45E-04
31/01/1993,,7.45E-04
01/02/1993,,7.15E-04
02/02/1993,,7.75E-04
03/02/1993,,8.49E-04
04/02/1993,,0.001087785
05/02/1993,,8.79E-04
06/02/1993,,7.00E-04
07/02/1993,,7.00E-04
08/02/1993,,7.30E-04
09/02/1993,,6.71E-04
10/02/1993,,6.56E-04
11/02/1993,,6.85E-04
12/02/1993,,6.71E-04
13/02/1993,,6.85E-04
14/02/1993,,0.009134412
15/02/1993,,0.012531877
16/02/1993,,6.56E-04
17/02/1993,,0.002577901
18/02/1993,,0.001698732
19/02/1993,,9.54E-04
20/02/1993,,6.26E-04
21/02/1993,,6.26E-04
22/02/1993,,6.11E-04
23/02/1993,,6.26E-04
24/02/1993,,5.96E-04
25/02/1993,,0.005230308
26/02/1993,,0.001117587
27/02/1993,,6.26E-04
28/02/1993,,7.00E-04
01/03/1993,,0.006735325
02/03/1993,,9.54E-04
03/03/1993,,5.96E-04
04/03/1993,,5.66E-04
05/03/1993,,6.11E-04
06/03/1993,,7.38E-04
07/03/1993,,0.002399087
08/03/1993,,7.75E-04
09/03/1993,,0.020131469
10/03/1993,,0.01321733
11/03/1993,,0.002264977
12/03/1993,,0.02643466
13/03/1993,,0.012159348
14/03/1993,,0.047206879
15/03/1993,,0.04671514
16/03/1993,,0.012353063
17/03/1993,,5.07E-04
18/03/1993,,0.0089854
19/03/1993,,0.00988692
20/03/1993,,4.92E-04
21/03/1993,,5.07E-04
22/03/1993,,5.07E-04
23/03/1993,,5.07E-04
24/03/1993,,4.92E-04
25/03/1993,,4.92E-04
26/03/1993,,7.15E-04
27/03/1993,,4.92E-04
28/03/1993,,9.39E-04
29/03/1993,,5.22E-04
30/03/1993,,9.91E-04
31/03/1993,,0.002577901
01/04/1993,,5.96E-04
02/04/1993,,6.26E-04
03/04/1993,,4.47E-04
04/04/1993,,5.22E-04
05/04/1993,,6.11E-04
06/04/1993,,0.006049871
07/04/1993,,5.07E-04
08/04/1993,,4.40E-04
09/04/1993,,4.17E-04
10/04/1993,,4.47E-04
11/04/1993,,4.32E-04
12/04/1993,,5.07E-04
13/04/1993,,4.17E-04
14/04/1993,,0.006362796
15/04/1993,,0.013381243
16/04/1993,,0.007510185
17/04/1993,,0.001624227
18/04/1993,,0.001221895
19/04/1993,,0.021472573
20/04/1993,,0.001221895
21/04/1993,,0.071533024
22/04/1993,,0.001981854
23/04/1993,,0.003874302
24/04/1993,,0.001266599
25/04/1993,,6.85E-04
26/04/1993,,0.003531575
27/04/1993,,0.021204352
28/04/1993,,0.003740191
29/04/1993,,0.002205372
30/04/1993,,0.028446317
01/05/1993,,0.003010035
02/05/1993,,0.031009316
03/05/1993,,0.002413988
04/05/1993,,6.26E-04
05/05/1993,,0.001251698
06/05/1993,,0.005453825
07/05/1993,,0.00987947
08/05/1993,,0.002413988
09/05/1993,,0.005111098
10/05/1993,,0.010371208
11/05/1993,,0.017553568
12/05/1993,,9.98E-04
13/05/1993,,0.00987947
14/05/1993,,0.002518296
15/05/1993,,0.002264977
16/05/1993,,0.004008412
17/05/1993,,0.001206994
18/05/1993,,8.05E-04
19/05/1993,,0.073969364
20/05/1993,,0.001400709
21/05/1993,,0.002875924
22/05/1993,,0.003546476
23/05/1993,,0.003278255
24/05/1993,,0.020891428
25/05/1993,,0.008553267
26/05/1993,,0.046730042
27/05/1993,,0.001072884
28/05/1993,,0.001564622
29/05/1993,,0.004664063
30/05/1993,,0.002279878
31/05/1993,,0.023826957
01/06/1993,,0.041306019
02/06/1993,,0.00192225
03/06/1993,,0.143349171
04/06/1993,,0.137090683
05/06/1993,,0.017628074
06/06/1993,,0.010296702
07/06/1993,,0.002875924
08/06/1993,,0.08648634
09/06/1993,,0.028327107
10/06/1993,,4.77E-04
11/06/1993,,0.001251698
12/06/1993,,0.004276633
13/06/1993,,0.013932586
14/06/1993,,0.008359551
15/06/1993,,0.007048249
16/06/1993,,0.043481588
17/06/1993,,0.00834465
18/06/1993,,0.001013279
19/06/1993,,0.003635883
20/06/1993,,0.029832125
21/06/1993,,0.064045191
22/06/1993,,0.010281801
23/06/1993,,0.096529722
24/06/1993,,0.001624227
25/06/1993,,0.002190471
26/06/1993,,0.003993511
27/06/1993,,0.026941299
28/06/1993,,0.004023314
29/06/1993,,0.003889203
30/06/1993,,0.017017126
01/07/1993,,0.049248338
02/07/1993,,0.021904707
03/07/1993,,0.010818243
04/07/1993,,0.058591366
05/07/1993,,0.004932284
06/07/1993,,0.013172626
07/07/1993,,0.027805567
08/07/1993,,0.090390444
09/07/1993,,0.026673079
10/07/1993,,0.017404556
11/07/1993,,0.029817224
12/07/1993,,0.014275312
13/07/1993,,0.025734305
14/07/1993,,0.034198165
15/07/1993,,0.035822392
16/07/1993,,0.050798059
17/07/1993,,0.003010035
18/07/1993,,0.012263656
19/07/1993,,0.007525086
20/07/1993,,0.022515655
21/07/1993,,0.041276217
22/07/1993,,0.012144446
23/07/1993,,0.030145049
24/07/1993,,0.01744926
25/07/1993,,0.051915646
26/07/1993,,0.031799078
27/07/1993,,0.008173287
28/07/1993,,0.019051135
29/07/1993,,0.01360476
30/07/1993,,0.092715025
31/07/1993,,0.090822577
01/08/1993,,0.007733703
02/08/1993,,0.002995133
03/08/1993,,0.007852912
04/08/1993,,0.030502677
05/08/1993,,0.030532479
06/08/1993,,0.007271767
07/08/1993,,0.013962388
08/08/1993,,0.017955899
09/08/1993,,0.086426735
10/08/1993,,0.006809831
11/08/1993,,0.009387732
12/08/1993,,0.005081296
13/08/1993,,0.079065561
14/08/1993,,0.025212765
15/08/1993,,0.068545341
16/08/1993,,0.062584877
17/08/1993,,0.019147992
18/08/1993,,1.651033759
19/08/1993,,0.00461936
20/08/1993,,0.083044171
21/08/1993,,0.004634261
22/08/1993,,0.053450465
23/08/1993,,0.049501657
24/08/1993,,0.064834952
25/08/1993,,0.037252903
26/08/1993,,0.021845102
27/08/1993,,0.006228685
28/08/1993,,0.007838011
29/08/1993,,0.030875206
30/08/1993,,0.138893723
31/08/1993,,1.55594945
01/09/1993,,0.065475702
02/09/1993,,0.055357814
03/09/1993,,0.05979836
04/09/1993,,0.354617834
05/09/1993,,0.038981438
06/09/1993,,0.036373734
07/09/1993,,0.534132123
08/09/1993,,2.914190292
09/09/1993,,0.091716647
10/09/1993,,0.044554472
11/09/1993,,0.021189451
12/09/1993,,0.07353723
13/09/1993,,0.010833144
14/09/1993,,0.012561679
15/09/1993,,0.072866678
16/09/1993,,0.023141503
17/09/1993,,0.042274594
18/09/1993,,0.057667494
19/09/1993,,0.100940466
20/09/1993,,0.040739775
21/09/1993,,0.129818916
22/09/1993,,0.007420778
23/09/1993,,0.036492944
24/09/1993,,1.092940569
25/09/1993,,0.006586313
26/09/1993,,0.036761165
27/09/1993,,0.032037497
28/09/1993,,0.028580427
29/09/1993,,0.026702881
30/09/1993,,0.015899539
01/10/1993,,0.007390976
02/10/1993,,0.001341105
03/10/1993,,0.076681376
04/10/1993,,0.004321337
05/10/1993,,0.001996756
06/10/1993,,0.003859401
07/10/1993,,0.073328614
08/10/1993,,0.033527613
09/10/1993,,0.127181411
10/10/1993,,0.001847744
11/10/1993,,0.003650784
12/10/1993,,0.003799796
13/10/1993,,0.02194941
14/10/1993,,0.004589558
15/10/1993,,0.002354383
16/10/1993,,0.023573637
17/10/1993,,0.003866851
18/10/1993,,9.24E-04
19/10/1993,,0.001341105
20/10/1993,,0.018343329
21/10/1993,,0.022575259
22/10/1993,,0.022128224
23/10/1993,,0.035181642
24/10/1993,,0.033594668
25/10/1993,,0.325001776
26/10/1993,,0.002577901
27/10/1993,,0.001460314
28/10/1993,,5.22E-04
29/10/1993,,5.96E-04
30/10/1993,,5.36E-04
31/10/1993,,4.47E-04
01/11/1993,,4.62E-04
02/11/1993,,9.54E-04
03/11/1993,,6.85E-04
04/11/1993,,4.32E-04
05/11/1993,,4.92E-04
06/11/1993,,4.32E-04
07/11/1993,,4.92E-04
08/11/1993,,4.47E-04
09/11/1993,,4.17E-04
10/11/1993,,4.77E-04
11/11/1993,,8.94E-04
12/11/1993,,3.87E-04
13/11/1993,,8.64E-04
14/11/1993,,5.07E-04
15/11/1993,,0.002682209
16/11/1993,,7.45E-04
17/11/1993,,5.96E-04
18/11/1993,,4.62E-04
19/11/1993,,4.92E-04
20/11/1993,,4.32E-04
21/11/1993,,0.028729439
22/11/1993,,6.11E-04
23/11/1993,,0.002726912
24/11/1993,,7.75E-04
25/11/1993,,0.017672777
26/11/1993,,0.018343329
27/11/1993,,0.001013279
28/11/1993,,0.002563
29/11/1993,,6.85E-04
30/11/1993,,0.001370907
01/12/1993,,0.011116266
02/12/1993,,0.005602837
03/12/1993,,4.02E-04
04/12/1993,,0.003814697
05/12/1993,,0.002667308
06/12/1993,,6.41E-04
07/12/1993,,4.47E-04
08/12/1993,,4.77E-04
09/12/1993,,3.73E-04
10/12/1993,,3.58E-04
11/12/1993,,3.73E-04
12/12/1993,,3.43E-04
13/12/1993,,3.58E-04
14/12/1993,,3.43E-04
15/12/1993,,3.43E-04
16/12/1993,,3.28E-04
17/12/1993,,3.28E-04
18/12/1993,,3.58E-04
19/12/1993,,5.51E-04
20/12/1993,,3.50E-04
21/12/1993,,3.58E-04
22/12/1993,,4.02E-04
23/12/1993,,4.47E-04
24/12/1993,,3.05E-04
25/12/1993,,2.98E-04
26/12/1993,,3.28E-04
27/12/1993,,3.13E-04
28/12/1993,,2.98E-04
29/12/1993,,3.13E-04
30/12/1993,,3.13E-04
31/12/1993,,3.13E-04
01/01/1994,,3.13E-04
02/01/1994,,3.13E-04
03/01/1994,,2.83E-04
04/01/1994,,2.98E-04
05/01/1994,,2.98E-04
06/01/1994,,2.98E-04
07/01/1994,,8.20E-04
08/01/1994,,5.22E-04
09/01/1994,,2.83E-04
10/01/1994,,4.17E-04
11/01/1994,,6.71E-04
12/01/1994,,2.83E-04
13/01/1994,,3.43E-04
14/01/1994,,2.68E-04
15/01/1994,,2.83E-04
16/01/1994,,2.68E-04
17/01/1994,,2.83E-04
18/01/1994,,2.83E-04
19/01/1994,,3.28E-04
20/01/1994,,0.001721084
21/01/1994,,3.05E-04
22/01/1994,,2.98E-04
23/01/1994,,2.83E-04
24/01/1994,,2.83E-04
25/01/1994,,0.027418137
26/01/1994,,0.017657876
27/01/1994,,0.001758337
28/01/1994,,4.17E-04
29/01/1994,,3.73E-04
30/01/1994,,7.60E-04
31/01/1994,,2.98E-04
01/02/1994,,2.53E-04
02/02/1994,,2.38E-04
03/02/1994,,2.68E-04
04/02/1994,,5.66E-04
05/02/1994,,2.53E-04
06/02/1994,,2.53E-04
07/02/1994,,2.38E-04
08/02/1994,,2.83E-04
09/02/1994,,3.28E-04
10/02/1994,,4.77E-04
11/02/1994,,0.001013279
12/02/1994,,2.38E-04
13/02/1994,,2.53E-04
14/02/1994,,2.53E-04
15/02/1994,,2.53E-04
16/02/1994,,3.13E-04
17/02/1994,,4.92E-04
18/02/1994,,2.38E-04
19/02/1994,,2.38E-04
20/02/1994,,2.68E-04
21/02/1994,,3.73E-04
22/02/1994,,2.38E-04
23/02/1994,,2.24E-04
24/02/1994,,2.24E-04
25/02/1994,,2.16E-04
26/02/1994,,2.01E-04
27/02/1994,,2.24E-04
28/02/1994,,1.94E-04
01/03/1994,,2.24E-04
02/03/1994,,2.24E-04
03/03/1994,,0.001490116
04/03/1994,,3.28E-04
05/03/1994,,0.004127622
06/03/1994,,2.53E-04
07/03/1994,,1.94E-04
08/03/1994,,2.24E-04
09/03/1994,,0.003218651
10/03/1994,,0.02451241
11/03/1994,,3.58E-04
12/03/1994,,4.47E-04
13/03/1994,,0.010147691
14/03/1994,,0.009611249
15/03/1994,,3.58E-04
16/03/1994,,3.28E-04
17/03/1994,,2.83E-04
18/03/1994,,2.53E-04
19/03/1994,,0.003144145
20/03/1994,,4.77E-04
21/03/1994,,0.002548099
22/03/1994,,0.003412366
23/03/1994,,1.79E-04
24/03/1994,,0.001236796
25/03/1994,,1.64E-04
26/03/1994,,5.81E-04
27/03/1994,,2.09E-04
28/03/1994,,1.94E-04
29/03/1994,,2.53E-04
30/03/1994,,2.09E-04
31/03/1994,,2.09E-04
01/04/1994,,1.79E-04
02/04/1994,,5.22E-04
03/04/1994,,0.02156198
04/04/1994,,0.003740191
05/04/1994,,0.002920628
06/04/1994,,0.062406063
07/04/1994,,0.062867999
08/04/1994,,0.013574958
09/04/1994,,1.49E-04
10/04/1994,,2.68E-04
11/04/1994,,6.41E-04
12/04/1994,,1.94E-04
13/04/1994,,6.11E-04
14/04/1994,,0.001966953
15/04/1994,,8.94E-04
16/04/1994,,0.022605062
17/04/1994,,0.038847327
18/04/1994,,0.00102818
19/04/1994,,2.83E-04
20/04/1994,,2.53E-04
21/04/1994,,4.32E-04
22/04/1994,,0.011131167
23/04/1994,,0.00795722
24/04/1994,,0.003039837
25/04/1994,,4.62E-04
26/04/1994,,0.002607703
27/04/1994,,0.001594424
28/04/1994,,0.010386109
29/04/1994,,0.010073185
30/04/1994,,0.001758337
01/05/1994,,0.036120415
02/05/1994,,0.047698617
03/05/1994,,0.003993511
04/05/1994,,0.003755093
05/05/1994,,0.001356006
06/05/1994,,0.003054738
07/05/1994,,0.001400709
08/05/1994,,0.001311302
09/05/1994,,0.001445413
10/05/1994,,0.015825033
11/05/1994,,0.017404556
12/05/1994,,0.012785196
13/05/1994,,0.002294779
14/05/1994,,8.94E-04
15/05/1994,,9.09E-04
16/05/1994,,9.83E-04
17/05/1994,,2.24E-04
18/05/1994,,9.54E-04
19/05/1994,,8.20E-04
20/05/1994,,0.006169081
21/05/1994,,0.002592802
22/05/1994,,0.014603138
23/05/1994,,9.09E-04
24/05/1994,,2.24E-04
25/05/1994,,0.003159046
26/05/1994,,0.009074807
27/05/1994,,0.064492226
28/05/1994,,0.001177192
29/05/1994,,0.025734305
30/05/1994,,2.629220486
31/05/1994,,0.006496906
01/06/1994,,0.026807189
02/06/1994,,4.77E-04
03/06/1994,,0.007271767
04/06/1994,,0.024914742
05/06/1994,,0.350952148
06/06/1994,,0.035569072
07/06/1994,,0.028789043
08/06/1994,,0.344753265
09/06/1994,,0.002458692
10/06/1994,,0.001743436
11/06/1994,,0.002488494
12/06/1994,,0.02682209
13/06/1994,,0.004410744
14/06/1994,,0.008374453
15/06/1994,,9.54E-04
16/06/1994,,0.001370907
17/06/1994,,0.016182661
18/06/1994,,0.092074275
19/06/1994,,0.088870525
20/06/1994,,0.001043081
21/06/1994,,0.05684793
22/06/1994,,0.032246113
23/06/1994,,0.007227063
24/06/1994,,0.070422888
25/06/1994,,0.054448843
26/06/1994,,0.08648634
27/06/1994,,0.036850572
28/06/1994,,0.006243587
29/06/1994,,0.003352761
30/06/1994,,0.003248453
01/07/1994,,0.035852194
02/07/1994,,0.072076917
03/07/1994,,0.009089708
04/07/1994,,0.104576349
05/07/1994,,0.028774142
06/07/1994,,0.004023314
07/07/1994,,0.004529953
08/07/1994,,0.035017729
09/07/1994,,0.017672777
10/07/1994,,0.010028481
11/07/1994,,0.027701259
12/07/1994,,0.062733889
13/07/1994,,0.009745359
14/07/1994,,0.009953976
15/07/1994,,0.006511807
16/07/1994,,0.022694468
17/07/1994,,0.005573034
18/07/1994,,0.038966537
19/07/1994,,0.005349517
20/07/1994,,0.009000301
21/07/1994,,0.040739775
22/07/1994,,0.038295984
23/07/1994,,0.099852681
24/07/1994,,0.021159649
25/07/1994,,0.006809831
26/07/1994,,0.029161572
27/07/1994,,0.008746982
28/07/1994,,0.002816319
29/07/1994,,0.084266067
30/07/1994,,0.051990151
31/07/1994,,0.007048249
01/08/1994,,0.01065433
02/08/1994,,0.010743737
03/08/1994,,0.005081296
04/08/1994,,0.006780028
05/08/1994,,0.005424023
06/08/1994,,0.001758337
07/08/1994,,0.002354383
08/08/1994,,0.045478344
09/08/1994,,0.011950731
10/08/1994,,0.029966235
11/08/1994,,15.23405313
12/08/1994,,0.051304698
13/08/1994,,0.079244375
14/08/1994,,0.023588538
15/08/1994,,0.107839704
16/08/1994,,1.574605703
17/08/1994,,0.042572618
18/08/1994,,0.00821054
19/08/1994,,0.012621284
20/08/1994,,0.087425113
21/08/1994,,0.004380941
22/08/1994,,0.022411346
23/08/1994,,0.158786774
24/08/1994,,0.03644824
25/08/1994,,0.004097819
26/08/1994,,0.044733286
27/08/1994,,0.191748142
28/08/1994,,0.041902065
29/08/1994,,0.071749091
30/08/1994,,1.849010587
31/08/1994,,0.029981136
01/09/1994,,2.777218819
02/09/1994,,0.059485435
03/09/1994,,0.045254827
04/09/1994,,1.737415791
05/09/1994,,0.047698617
06/09/1994,,0.984162092
07/09/1994,,0.606715679
08/09/1994,,0.064402819
09/09/1994,,0.889748335
10/09/1994,,0.024944544
11/09/1994,,0.009834766
12/09/1994,,0.002786517
13/09/1994,,0.162959099
14/09/1994,,0.097721815
15/09/1994,,0.012636185
16/09/1994,,0.048473477
17/09/1994,,0.233232975
18/09/1994,,0.040009618
19/09/1994,,0.075787306
20/09/1994,,0.033929944
21/09/1994,,1.211225986
22/09/1994,,0.079751015
23/09/1994,,0.07557869
24/09/1994,,0.010475516
25/09/1994,,0.020310283
26/09/1994,,0.009015203
27/09/1994,,0.007912517
28/09/1994,,0.024110079
29/09/1994,,0.062763691
30/09/1994,,0.041693449
01/10/1994,,0.064149499
02/10/1994,,1.541353762
03/10/1994,,0.046387315
04/10/1994,,0.089451671
05/10/1994,,0.003665686
06/10/1994,,0.024870038
07/10/1994,,0.033959746
08/10/1994,,0.083222985
09/10/1994,,0.017791986
10/10/1994,,0.062867999
11/10/1994,,0.08481741
12/10/1994,,0.020444393
13/10/1994,,0.008791685
14/10/1994,,0.030346215
15/10/1994,,0.052914023
16/10/1994,,0.013768673
17/10/1994,,0.529140234
18/10/1994,,0.08110702
19/10/1994,,0.077411532
20/10/1994,,0.560611486
21/10/1994,,0.049352646
22/10/1994,,0.008806586
23/10/1994,,0.00333786
24/10/1994,,0.042676926
25/10/1994,,0.045761466
26/10/1994,,0.078678131
27/10/1994,,0.00962615
28/10/1994,,0.089541078
29/10/1994,,0.135496259
30/10/1994,,0.058084726
31/10/1994,,0.016242266
01/11/1994,,0.005096197
02/11/1994,,0.003680587
03/11/1994,,0.005811453
04/11/1994,,0.037893653
05/11/1994,,0.001966953
06/11/1994,,0.001788139
07/11/1994,,0.001162291
08/11/1994,,0.001683831
09/11/1994,,0.001043081
10/11/1994,,9.69E-04
11/11/1994,,9.69E-04
12/11/1994,,9.54E-04
13/11/1994,,9.24E-04
14/11/1994,,9.54E-04
15/11/1994,,9.24E-04
16/11/1994,,0.001132488
17/11/1994,,9.39E-04
18/11/1994,,9.54E-04
19/11/1994,,9.39E-04
20/11/1994,,9.54E-04
21/11/1994,,8.94E-04
22/11/1994,,9.39E-04
23/11/1994,,9.69E-04
24/11/1994,,9.09E-04
25/11/1994,,9.24E-04
26/11/1994,,8.94E-04
27/11/1994,,8.94E-04
28/11/1994,,8.94E-04
29/11/1994,,8.94E-04
30/11/1994,,9.24E-04
01/12/1994,,8.94E-04
02/12/1994,,8.79E-04
03/12/1994,,8.94E-04
04/12/1994,,8.79E-04
05/12/1994,,8.64E-04
06/12/1994,,8.64E-04
07/12/1994,,8.64E-04
08/12/1994,,8.49E-04
09/12/1994,,8.34E-04
10/12/1994,,8.49E-04
11/12/1994,,8.34E-04
12/12/1994,,8.20E-04
13/12/1994,,8.34E-04
14/12/1994,,8.20E-04
15/12/1994,,8.05E-04
16/12/1994,,8.05E-04
17/12/1994,,8.05E-04
18/12/1994,,7.90E-04
19/12/1994,,7.90E-04
20/12/1994,,8.05E-04
21/12/1994,,7.75E-04
22/12/1994,,7.75E-04
23/12/1994,,7.45E-04
24/12/1994,,7.90E-04
25/12/1994,,7.45E-04
26/12/1994,,7.45E-04
27/12/1994,,7.45E-04
28/12/1994,,7.45E-04
29/12/1994,,7.30E-04
30/12/1994,,7.15E-04
31/12/1994,,7.45E-04
01/01/1995,,7.30E-04
02/01/1995,,7.15E-04
03/01/1995,,7.00E-04
04/01/1995,,7.00E-04
05/01/1995,,7.15E-04
06/01/1995,,6.85E-04
07/01/1995,,6.56E-04
08/01/1995,,6.85E-04
09/01/1995,,6.71E-04
10/01/1995,,6.85E-04
11/01/1995,,6.41E-04
12/01/1995,,6.56E-04
13/01/1995,,6.56E-04
14/01/1995,,6.41E-04
15/01/1995,,6.41E-04
16/01/1995,,6.41E-04
17/01/1995,,6.26E-04
18/01/1995,,6.11E-04
19/01/1995,,6.26E-04
20/01/1995,,6.26E-04
21/01/1995,,5.96E-04
22/01/1995,,5.81E-04
23/01/1995,,6.26E-04
24/01/1995,,5.81E-04
25/01/1995,,5.81E-04
26/01/1995,,5.81E-04
27/01/1995,,5.96E-04
28/01/1995,,5.66E-04
29/01/1995,,5.81E-04
30/01/1995,,5.51E-04
31/01/1995,,5.36E-04
01/02/1995,,5.81E-04
02/02/1995,,5.36E-04
03/02/1995,,5.51E-04
04/02/1995,,5.22E-04
05/02/1995,,5.51E-04
06/02/1995,,5.22E-04
07/02/1995,,5.36E-04
08/02/1995,,6.26E-04
09/02/1995,,5.22E-04
10/02/1995,,5.81E-04
11/02/1995,,6.56E-04
12/02/1995,,0.003367662
13/02/1995,,5.36E-04
14/02/1995,,5.07E-04
15/02/1995,,7.00E-04
16/02/1995,,5.36E-04
17/02/1995,,4.92E-04
18/02/1995,,4.77E-04
19/02/1995,,4.77E-04
20/02/1995,,4.77E-04
21/02/1995,,4.62E-04
22/02/1995,,4.62E-04
23/02/1995,,4.62E-04
24/02/1995,,4.17E-04
25/02/1995,,4.62E-04
26/02/1995,,4.62E-04
27/02/1995,,4.47E-04
28/02/1995,,0.001773238
01/03/1995,,4.32E-04
02/03/1995,,4.17E-04
03/03/1995,,4.32E-04
04/03/1995,,4.32E-04
05/03/1995,,4.47E-04
06/03/1995,,4.02E-04
07/03/1995,,4.17E-04
08/03/1995,,3.87E-04
09/03/1995,,4.32E-04
10/03/1995,,4.62E-04
11/03/1995,,4.92E-04
12/03/1995,,0.001400709
13/03/1995,,4.02E-04
14/03/1995,,0.012010336
15/03/1995,,0.008940697
16/03/1995,,0.002652407
17/03/1995,,0.003367662
18/03/1995,,0.024691224
19/03/1995,,0.013016164
20/03/1995,,0.002913177
21/03/1995,,0.031068921
22/03/1995,,0.002026558
23/03/1995,,0.002503395
24/03/1995,,3.87E-04
25/03/1995,,3.43E-04
26/03/1995,,3.73E-04
27/03/1995,,3.58E-04
28/03/1995,,0.002130866
29/03/1995,,3.58E-04
30/03/1995,,4.02E-04
31/03/1995,,0.002190471
01/04/1995,,0.01168251
02/04/1995,,0.008627772
03/04/1995,,0.011563301
04/04/1995,,3.73E-04
05/04/1995,,3.28E-04
06/04/1995,,3.43E-04
07/04/1995,,3.58E-04
08/04/1995,,0.001311302
09/04/1995,,2.98E-04
10/04/1995,,3.58E-04
11/04/1995,,3.13E-04
12/04/1995,,5.81E-04
13/04/1995,,3.43E-04
14/04/1995,,7.45E-04
15/04/1995,,0.011146069
16/04/1995,,0.037908554
17/04/1995,,0.03489852
18/04/1995,,3.13E-04
19/04/1995,,0.00153482
20/04/1995,,0.00217557
21/04/1995,,0.00333786
22/04/1995,,0.009030104
23/04/1995,,0.062122941
24/04/1995,,0.02720952
25/04/1995,,0.0205338
26/04/1995,,0.014156103
27/04/1995,,0.019192696
28/04/1995,,0.040605664
29/04/1995,,0.001966953
30/04/1995,,0.002503395
01/05/1995,,0.035911798
02/05/1995,,0.004559755
03/05/1995,,0.004678965
04/05/1995,,0.024527311
05/05/1995,,6.56E-04
06/05/1995,,0.01642108
07/05/1995,,0.011712313
08/05/1995,,0.001877546
09/05/1995,,0.001221895
10/05/1995,,0.014409423
11/05/1995,,0.04683435
12/05/1995,,0.011488795
13/05/1995,,7.45E-04
14/05/1995,,0.004261732
15/05/1995,,4.77E-04
16/05/1995,,6.56E-04
17/05/1995,,6.85E-04
18/05/1995,,0.00308454
19/05/1995,,0.005230308
20/05/1995,,5.81E-04
21/05/1995,,9.54E-04
22/05/1995,,0.029191375
23/05/1995,,0.949680805
24/05/1995,,0.015377998
25/05/1995,,4.02E-04
26/05/1995,,0.005483627
27/05/1995,,0.001937151
28/05/1995,,0.002086163
29/05/1995,,0.021979213
30/05/1995,,0.008940697
31/05/1995,,0.022888184
01/06/1995,,0.008866191
02/06/1995,,0.03194809
03/06/1995,,0.032439828
04/06/1995,,0.049218535
05/06/1995,,0.010073185
06/06/1995,,0.012278557
07/06/1995,,0.065773726
08/06/1995,,1.538977027
09/06/1995,,0.001609325
10/06/1995,,9.09E-04
11/06/1995,,0.019818544
12/06/1995,,0.041678548
13/06/1995,,0.004947186
14/06/1995,,0.011980534
15/06/1995,,0.030726194
16/06/1995,,0.051259995
17/06/1995,,8.64E-04
18/06/1995,,0.002741814
19/06/1995,,0.088840723
20/06/1995,,0.02630055
21/06/1995,,0.002235174
22/06/1995,,0.022515655
23/06/1995,,0.085234642
24/06/1995,,3.988862038
25/06/1995,,0.61827898
26/06/1995,,0.002875924
27/06/1995,,0.023201108
28/06/1995,,0.028476119
29/06/1995,,0.053077936
30/06/1995,,0.084906816
01/07/1995,,0.005125999
02/07/1995,,4.77E-04
03/07/1995,,2.502396703
04/07/1995,,0.054568052
05/07/1995,,0.008046627
06/07/1995,,0.00411272
07/07/1995,,0.213712454
08/07/1995,,0.025078654
09/07/1995,,0.022411346
10/07/1995,,0.040441751
11/07/1995,,0.749409199
12/07/1995,,0.02796948
13/07/1995,,0.040858984
14/07/1995,,0.422552228
15/07/1995,,0.008553267
16/07/1995,,0.007659197
17/07/1995,,0.006139278
18/07/1995,,0.086799264
19/07/1995,,1.487895846
20/07/1995,,0.036552548
21/07/1995,,0.061511993
22/07/1995,,0.083580613
23/07/1995,,0.05941093
24/07/1995,,0.052526593
25/07/1995,,0.048309565
26/07/1995,,0.045597553
27/07/1995,,0.008523464
28/07/1995,,0.009983778
29/07/1995,,0.065624714
30/07/1995,,0.02707541
31/07/1995,,0.028595328
01/08/1995,,0.024437904
02/08/1995,,0.005066395
03/08/1995,,0.010356307
04/08/1995,,0.861287117
05/08/1995,,1.924142241
06/08/1995,,0.039532781
07/08/1995,,0.037804246
08/08/1995,,0.109761953
09/08/1995,,0.014364719
10/08/1995,,0.303477049
11/08/1995,,2.806514502
12/08/1995,,0.015765429
13/08/1995,,1.079380512
14/08/1995,,0.122159719
15/08/1995,,0.018745661
16/08/1995,,0.05659461
17/08/1995,,0.06647408
18/08/1995,,0.040650368
19/08/1995,,3.138974309
20/08/1995,,1.728788018
21/08/1995,,0.022530556
22/08/1995,,0.493437052
23/08/1995,,1.243904233
24/08/1995,,1.907631755
25/08/1995,,1.349270344
26/08/1995,,0.051289797
27/08/1995,,0.249668956
28/08/1995,,0.009179115
29/08/1995,,0.027775764
30/08/1995,,0.074893236
31/08/1995,,0.015839934
01/09/1995,,0.398442149
02/09/1995,,0.074356794
03/09/1995,,0.015467405
04/09/1995,,0.025048852
05/09/1995,,0.013843179
06/09/1995,,0.074669719
07/09/1995,,0.015199184
08/09/1995,,0.044107437
09/09/1995,,0.008359551
10/09/1995,,0.016719103
11/09/1995,,0.009655952
12/09/1995,,0.015109777
13/09/1995,,0.010505319
14/09/1995,,0.011861324
15/09/1995,,0.040397048
16/09/1995,,0.059306622
17/09/1995,,0.017881393
18/09/1995,,0.014364719
19/09/1995,,0.007301569
20/09/1995,,0.05440414
21/09/1995,,0.010356307
22/09/1995,,0.061094761
23/09/1995,,0.085771084
24/09/1995,,0.09137392
25/09/1995,,0.033259392
26/09/1995,,0.018149614
27/09/1995,,0.024616718
28/09/1995,,0.16450882
29/09/1995,,0.01308322
30/09/1995,,0.004768372
01/10/1995,,0.008225441
02/10/1995,,0.04568696
03/10/1995,,0.0846982
04/10/1995,,0.013932586
05/10/1995,,0.093594193
06/10/1995,,0.07481873
07/10/1995,,2.973765135
08/10/1995,,0.547230244
09/10/1995,,0.19723177
10/10/1995,,0.246956944
11/10/1995,,0.030681491
12/10/1995,,0.004723668
13/10/1995,,0.048652291
14/10/1995,,0.003680587
15/10/1995,,0.00295043
16/10/1995,,0.0102669
17/10/1995,,0.004455447
18/10/1995,,0.002637506
19/10/1995,,0.044435263
20/10/1995,,0.002607703
21/10/1995,,0.024184585
22/10/1995,,0.02476573
23/10/1995,,0.03297627
24/10/1995,,0.085964799
25/10/1995,,0.038340688
26/10/1995,,0.007763505
27/10/1995,,0.001609325
28/10/1995,,0.001311302
29/10/1995,,0.004172325
30/10/1995,,0.027224422
31/10/1995,,0.001773238
01/11/1995,,0.014394522
02/11/1995,,0.031396747
03/11/1995,,0.003218651
04/11/1995,,0.044159591
05/11/1995,,0.011570752
06/11/1995,,0.010997057
07/11/1995,,0.001549721
08/11/1995,,0.002712011
09/11/1995,,0.004068017
10/11/1995,,0.001683831
11/11/1995,,0.001579523
12/11/1995,,0.001490116
13/11/1995,,0.001564622
14/11/1995,,0.001505017
15/11/1995,,0.001475215
16/11/1995,,0.00141561
17/11/1995,,0.001370907
18/11/1995,,0.001445413
19/11/1995,,0.002399087
20/11/1995,,0.001370907
21/11/1995,,0.001341105
22/11/1995,,0.001341105
23/11/1995,,0.001341105
24/11/1995,,0.001385808
25/11/1995,,0.001400709
26/11/1995,,0.001326203
27/11/1995,,0.001311302
28/11/1995,,0.001296401
29/11/1995,,0.001311302
30/11/1995,,0.001356006
01/12/1995,,0.001326203
02/12/1995,,0.002205372
03/12/1995,,0.001266599
04/12/1995,,0.001266599
05/12/1995,,0.006586313
06/12/1995,,0.001758337
07/12/1995,,0.001251698
08/12/1995,,0.001251698
09/12/1995,,0.001221895
10/12/1995,,0.001311302
11/12/1995,,0.001311302
12/12/1995,,0.001475215
13/12/1995,,0.001266599
14/12/1995,,0.001206994
15/12/1995,,0.001192093
16/12/1995,,0.001132488
17/12/1995,,0.001356006
18/12/1995,,0.001192093
19/12/1995,,0.001430511
20/12/1995,,0.002190471
21/12/1995,,0.001199543
22/12/1995,,0.015042722
23/12/1995,,0.001430511
24/12/1995,,0.001087785
25/12/1995,,0.001102686
26/12/1995,,0.001087785
27/12/1995,,0.001072884
28/12/1995,,0.001057982
29/12/1995,,0.001072884
30/12/1995,,0.001043081
31/12/1995,,0.00102818
01/01/1996,,0.001043081
02/01/1996,,0.00102818
03/01/1996,,9.98E-04
04/01/1996,,9.98E-04
05/01/1996,,0.001221895
06/01/1996,,0.001147389
07/01/1996,,0.001043081
08/01/1996,,9.69E-04
09/01/1996,,9.69E-04
10/01/1996,,0.001490116
11/01/1996,,9.83E-04
12/01/1996,,9.46E-04
13/01/1996,,9.31E-04
14/01/1996,,0.001057982
15/01/1996,,0.001013279
16/01/1996,,9.09E-04
17/01/1996,,9.24E-04
18/01/1996,,9.09E-04
19/01/1996,,8.79E-04
20/01/1996,,0.001087785
21/01/1996,,9.24E-04
22/01/1996,,8.79E-04
23/01/1996,,8.79E-04
24/01/1996,,0.001013279
25/01/1996,,8.64E-04
26/01/1996,,8.94E-04
27/01/1996,,8.64E-04
28/01/1996,,8.64E-04
29/01/1996,,0.00102818
30/01/1996,,0.001043081
31/01/1996,,8.79E-04
01/02/1996,,8.49E-04
02/02/1996,,7.75E-04
03/02/1996,,8.49E-04
04/02/1996,,9.54E-04
05/02/1996,,8.34E-04
06/02/1996,,7.60E-04
07/02/1996,,8.64E-04
08/02/1996,,7.45E-04
09/02/1996,,8.05E-04
10/02/1996,,8.05E-04
11/02/1996,,0.003233552
12/02/1996,,9.09E-04
13/02/1996,,0.006720424
14/02/1996,,9.39E-04
15/02/1996,,0.003397465
16/02/1996,,7.30E-04
17/02/1996,,7.15E-04
18/02/1996,,7.15E-04
19/02/1996,,7.90E-04
20/02/1996,,9.09E-04
21/02/1996,,6.85E-04
22/02/1996,,6.63E-04
23/02/1996,,6.85E-04
24/02/1996,,7.30E-04
25/02/1996,,7.30E-04
26/02/1996,,6.56E-04
27/02/1996,,6.11E-04
28/02/1996,,0.014036894
29/02/1996,,0.014156103
01/03/1996,,0.003054738
02/03/1996,,7.45E-04
03/03/1996,,9.39E-04
04/03/1996,,6.56E-04
05/03/1996,,5.96E-04
06/03/1996,,8.94E-04
07/03/1996,,8.64E-04
08/03/1996,,6.26E-04
09/03/1996,,5.96E-04
10/03/1996,,0.001698732
11/03/1996,,0.014722347
12/03/1996,,7.30E-04
13/03/1996,,0.006124377
14/03/1996,,5.81E-04
15/03/1996,,0.004410744
16/03/1996,,6.11E-04
17/03/1996,,5.51E-04
18/03/1996,,6.71E-04
19/03/1996,,7.00E-04
20/03/1996,,0.009849668
21/03/1996,,6.85E-04
22/03/1996,,0.00192225
23/03/1996,,0.00244379
24/03/1996,,0.001654029
25/03/1996,,5.36E-04
26/03/1996,,5.07E-04
27/03/1996,,5.07E-04
28/03/1996,,0.001758337
29/03/1996,,0.002071261
30/03/1996,,0.009208918
31/03/1996,,5.66E-04
01/04/1996,,5.36E-04
02/04/1996,,7.75E-04
03/04/1996,,5.96E-04
04/04/1996,,4.77E-04
05/04/1996,,4.92E-04
06/04/1996,,8.20E-04
07/04/1996,,7.90E-04
08/04/1996,,4.47E-04
09/04/1996,,0.001206994
10/04/1996,,0.014796853
11/04/1996,,0.005796552
12/04/1996,,7.60E-04
13/04/1996,,4.77E-04
14/04/1996,,0.008270144
15/04/1996,,4.92E-04
16/04/1996,,0.019147992
17/04/1996,,0.002339482
18/04/1996,,0.011220574
19/04/1996,,0.028640032
20/04/1996,,0.007435679
21/04/1996,,0.002428889
22/04/1996,,0.010237098
23/04/1996,,4.47E-04
24/04/1996,,4.62E-04
25/04/1996,,4.02E-04
26/04/1996,,7.00E-04
27/04/1996,,9.98E-04
28/04/1996,,0.001832843
29/04/1996,,0.024735928
30/04/1996,,0.00217557
01/05/1996,,0.005111098
02/05/1996,,0.001057982
03/05/1996,,6.41E-04
04/05/1996,,0.002816319
05/05/1996,,0.001698732
06/05/1996,,0.001147389
07/05/1996,,0.002428889
08/05/1996,,0.005483627
09/05/1996,,0.011458993
10/05/1996,,0.006303191
11/05/1996,,4.32E-04
12/05/1996,,0.001013279
13/05/1996,,0.003635883
14/05/1996,,0.036373734
15/05/1996,,0.041678548
16/05/1996,,0.011771917
17/05/1996,,0.002518296
18/05/1996,,0.001013279
19/05/1996,,0.002190471
20/05/1996,,0.014156103
21/05/1996,,0.024601817
22/05/1996,,0.045403838
23/05/1996,,6.71E-04
24/05/1996,,9.83E-04
25/05/1996,,0.005617738
26/05/1996,,0.019952655
27/05/1996,,0.020831823
28/05/1996,,0.003233552
29/05/1996,,0.001996756
30/05/1996,,0.002041459
31/05/1996,,8.49E-04
01/06/1996,,0.002428889
02/06/1996,,0.067651272
03/06/1996,,0.061437488
04/06/1996,,0.006213784
05/06/1996,,0.004321337
06/06/1996,,0.025868416
07/06/1996,,0.025093555
08/06/1996,,0.006124377
09/06/1996,,0.006169081
10/06/1996,,0.005438924
11/06/1996,,0.025138259
12/06/1996,,0.024318695
13/06/1996,,0.001713634
14/06/1996,,0.018149614
15/06/1996,,0.0256598
16/06/1996,,0.005483627
17/06/1996,,5.96E-04
18/06/1996,,0.001162291
19/06/1996,,0.002324581
20/06/1996,,6.26E-04
21/06/1996,,0.003665686
22/06/1996,,0.005424023
23/06/1996,,0.01552701
24/06/1996,,0.005438924
25/06/1996,,0.001326203
26/06/1996,,0.039130449
27/06/1996,,0.042945147
28/06/1996,,0.002712011
29/06/1996,,0.036135316
30/06/1996,,0.620082021
01/07/1996,,1.236870885
02/07/1996,,0.002115965
03/07/1996,,0.0397861
04/07/1996,,0.00962615
05/07/1996,,4.02E-04
06/07/1996,,0.018417835
07/07/1996,,0.040560961
08/07/1996,,0.011712313
09/07/1996,,0.009536743
10/07/1996,,0.002294779
11/07/1996,,0.008106232
12/07/1996,,0.003457069
13/07/1996,,0.013947487
14/07/1996,,0.014916062
15/07/1996,,0.00564754
16/07/1996,,0.005200505
17/07/1996,,0.009834766
18/07/1996,,0.011518598
19/07/1996,,0.014305115
20/07/1996,,0.00436604
21/07/1996,,0.001788139
22/07/1996,,0.001743436
23/07/1996,,0.001698732
24/07/1996,,0.009000301
25/07/1996,,0.013306737
26/07/1996,,0.006049871
27/07/1996,,0.032797456
28/07/1996,,0.041410327
29/07/1996,,0.007912517
30/07/1996,,0.005707145
31/07/1996,,0.025227666
01/08/1996,,0.016868114
02/08/1996,,0.035837293
03/08/1996,,0.027149916
04/08/1996,,1.714259386
05/08/1996,,0.014215708
06/08/1996,,1.723647118
07/08/1996,,0.026866794
08/08/1996,,0.007286668
09/08/1996,,0.008240342
10/08/1996,,0.037774444
11/08/1996,,0.001862645
12/08/1996,,0.017166138
13/08/1996,,4.293590784
14/08/1996,,4.097253084
15/08/1996,,0.002279878
16/08/1996,,1.044631004
17/08/1996,,1.158252358
18/08/1996,,0.012978911
19/08/1996,,0.004783273
20/08/1996,,3.914624453
21/08/1996,,20.71081102
22/08/1996,,0.001639128
23/08/1996,,0.048950315
24/08/1996,,0.104546547
25/08/1996,,0.091910362
26/08/1996,,0.029355288
27/08/1996,,0.103026628
28/08/1996,,0.035047531
29/08/1996,,0.011458993
30/08/1996,,0.091180205
31/08/1996,,0.908851624
01/09/1996,,0.062316656
02/09/1996,,0.933095813
03/09/1996,,0.033706427
04/09/1996,,0.038638711
05/09/1996,,3.410622478
06/09/1996,,0.001788139
07/09/1996,,0.013977289
08/09/1996,,0.540956855
09/09/1996,,0.005632639
10/09/1996,,0.063538551
11/09/1996,,16.53908193
12/09/1996,,0.018551946
13/09/1996,,0.011339784
14/09/1996,,0.009074807
15/09/1996,,0.009655952
16/09/1996,,0.024139881
17/09/1996,,0.07507205
18/09/1996,,0.018358231
19/09/1996,,0.013038516
20/09/1996,,0.009924173
21/09/1996,,0.01578033
22/09/1996,,0.067427754
23/09/1996,,0.047147274
24/09/1996,,0.13178587
25/09/1996,,0.073432922
26/09/1996,,0.054955482
27/09/1996,,0.137373805
28/09/1996,,0.028282404
29/09/1996,,0.085413456
30/09/1996,,0.739514828
01/10/1996,,0.008374453
02/10/1996,,0.051856041
03/10/1996,,0.703066587
04/10/1996,,0.005066395
05/10/1996,,0.015810132
06/10/1996,,0.031605363
07/10/1996,,0.055357814
08/10/1996,,0.027880073
09/10/1996,,0.004053116
10/10/1996,,0.005334616
11/10/1996,,0.042468309
12/10/1996,,2.483144403
13/10/1996,,0.105634332
14/10/1996,,0.003263354
15/10/1996,,0.02451241
16/10/1996,,0.081241131
17/10/1996,,0.016212463
18/10/1996,,0.003784895
19/10/1996,,0.042065978
20/10/1996,,0.004976988
21/10/1996,,0.001907349
22/10/1996,,0.001639128
23/10/1996,,0.004276633
24/10/1996,,0.001698732
25/10/1996,,0.001937151
26/10/1996,,0.002086163
27/10/1996,,0.00461936
28/10/1996,,0.001966953
29/10/1996,,0.001966953
30/10/1996,,0.001847744
31/10/1996,,0.001803041
01/11/1996,,0.001773238
02/11/1996,,0.001788139
03/11/1996,,0.001788139
04/11/1996,,0.001847744
05/11/1996,,0.001817942
06/11/1996,,0.001773238
07/11/1996,,0.001788139
08/11/1996,,0.001758337
09/11/1996,,0.001847744
10/11/1996,,0.001758337
11/11/1996,,0.001743436
12/11/1996,,0.001847744
13/11/1996,,0.001996756
14/11/1996,,0.001758337
15/11/1996,,0.001698732
16/11/1996,,0.001832843
17/11/1996,,0.001877546
18/11/1996,,0.001907349
19/11/1996,,0.001698732
20/11/1996,,0.001639128
21/11/1996,,0.00166893
22/11/1996,,0.001817942
23/11/1996,,0.001773238
24/11/1996,,0.001639128
25/11/1996,,0.001758337
26/11/1996,,0.001892447
27/11/1996,,0.001639128
28/11/1996,,0.001624227
29/11/1996,,0.001549721
30/11/1996,,0.001639128
01/12/1996,,0.001654029
02/12/1996,,0.001981854
03/12/1996,,0.001654029
04/12/1996,,0.012740493
05/12/1996,,0.001966953
06/12/1996,,0.001803041
07/12/1996,,0.00192225
08/12/1996,,0.001996756
09/12/1996,,0.001594424
10/12/1996,,0.001549721
11/12/1996,,0.001877546
12/12/1996,,0.001549721
13/12/1996,,0.001460314
14/12/1996,,0.001430511
15/12/1996,,0.001639128
16/12/1996,,0.001519918
17/12/1996,,0.001713634
18/12/1996,,0.001445413
19/12/1996,,0.001639128
20/12/1996,,0.00141561
21/12/1996,,0.001370907
22/12/1996,,0.001505017
23/12/1996,,0.001378357
24/12/1996,,0.001333654
25/12/1996,,0.001326203
26/12/1996,,0.001460314
27/12/1996,,0.001266599
28/12/1996,,0.001251698
29/12/1996,,0.001236796
30/12/1996,,0.001251698
31/12/1996,,0.001311302
01/01/1997,,0.001266599
02/01/1997,,0.001251698
03/01/1997,,0.001192093
04/01/1997,,0.001192093
05/01/1997,,0.001221895
06/01/1997,,0.002250075
07/01/1997,,0.001221895
08/01/1997,,0.001206994
09/01/1997,,0.001475215
10/01/1997,,0.001475215
11/01/1997,,0.001505017
12/01/1997,,0.001743436
13/01/1997,,0.001326203
14/01/1997,,0.001192093
15/01/1997,,0.001087785
16/01/1997,,0.001221895
17/01/1997,,0.001132488
18/01/1997,,0.001221895
19/01/1997,,0.001430511
20/01/1997,,0.001057982
21/01/1997,,0.001072884
22/01/1997,,0.00102818
23/01/1997,,0.00102818
24/01/1997,,9.98E-04
25/01/1997,,0.001013279
26/01/1997,,9.98E-04
27/01/1997,,9.98E-04
28/01/1997,,0.001206994
29/01/1997,,9.61E-04
30/01/1997,,9.54E-04
31/01/1997,,9.24E-04
01/02/1997,,9.39E-04
02/02/1997,,9.24E-04
03/02/1997,,9.24E-04
04/02/1997,,8.94E-04
05/02/1997,,9.24E-04
06/02/1997,,8.79E-04
07/02/1997,,8.64E-04
08/02/1997,,8.79E-04
09/02/1997,,8.79E-04
10/02/1997,,8.34E-04
11/02/1997,,8.64E-04
12/02/1997,,8.49E-04
13/02/1997,,8.20E-04
14/02/1997,,8.20E-04
15/02/1997,,8.20E-04
16/02/1997,,8.20E-04
17/02/1997,,7.75E-04
18/02/1997,,8.05E-04
19/02/1997,,7.75E-04
20/02/1997,,7.60E-04
21/02/1997,,7.45E-04
22/02/1997,,7.45E-04
23/02/1997,,7.30E-04
24/02/1997,,7.45E-04
25/02/1997,,7.15E-04
26/02/1997,,7.15E-04
27/02/1997,,7.15E-04
28/02/1997,,0.001266599
01/03/1997,,0.001892447
02/03/1997,,6.85E-04
03/03/1997,,6.71E-04
04/03/1997,,6.71E-04
05/03/1997,,6.56E-04
06/03/1997,,6.85E-04
07/03/1997,,6.56E-04
08/03/1997,,6.41E-04
09/03/1997,,6.41E-04
10/03/1997,,6.26E-04
11/03/1997,,6.11E-04
12/03/1997,,6.41E-04
13/03/1997,,0.006228685
14/03/1997,,0.001147389
15/03/1997,,6.41E-04
16/03/1997,,0.010579824
17/03/1997,,0.02028048
18/03/1997,,0.001147389
19/03/1997,,0.009298325
20/03/1997,,0.003829598
21/03/1997,,0.001877546
22/03/1997,,0.083342195
23/03/1997,,0.010326505
24/03/1997,,0.026315451
25/03/1997,,0.033468008
26/03/1997,,0.007629395
27/03/1997,,0.029534101
28/03/1997,,0.029876828
29/03/1997,,0.05081296
30/03/1997,,0.013142824
31/03/1997,,0.008881092
01/04/1997,,0.026643276
02/04/1997,,0.003099442
03/04/1997,,0.003635883
04/04/1997,,0.03118813
05/04/1997,,0.001057982
06/04/1997,,0.008538365
07/04/1997,,0.00230968
08/04/1997,,5.81E-04
09/04/1997,,0.001758337
10/04/1997,,0.001624227
11/04/1997,,0.072360039
12/04/1997,,0.014573336
13/04/1997,,0.001445413
14/04/1997,,0.003397465
15/04/1997,,7.15E-04
16/04/1997,,5.66E-04
17/04/1997,,0.001400709
18/04/1997,,0.001311302
19/04/1997,,0.004813075
20/04/1997,,7.00E-04
21/04/1997,,0.002533197
22/04/1997,,0.096932054
23/04/1997,,0.010758638
24/04/1997,,4.92E-04
25/04/1997,,6.11E-04
26/04/1997,,0.003233552
27/04/1997,,0.001579523
28/04/1997,,0.003218651
29/04/1997,,0.017404556
30/04/1997,,0.019416213
01/05/1997,,0.002682209
02/05/1997,,0.032305717
03/05/1997,,0.021740794
04/05/1997,,0.054270029
05/05/1997,,0.024423003
06/05/1997,,0.061064959
07/05/1997,,1.99881196
08/05/1997,,0.005707145
09/05/1997,,0.013008714
10/05/1997,,8.05E-04
11/05/1997,,0.002741814
12/05/1997,,0.045135617
13/05/1997,,0.001460314
14/05/1997,,5.22E-04
15/05/1997,,0.001251698
16/05/1997,,0.013053417
17/05/1997,,0.029608607
18/05/1997,,0.025108457
19/05/1997,,0.00205636
20/05/1997,,0.079721212
21/05/1997,,0.002473593
22/05/1997,,0.047594309
23/05/1997,,0.006124377
24/05/1997,,0.00500679
25/05/1997,,0.004410744
26/05/1997,,0.004291534
27/05/1997,,0.019460917
28/05/1997,,0.039733946
29/05/1997,,0.048831105
30/05/1997,,0.015795231
31/05/1997,,0.011131167
01/06/1997,,0.010147691
02/06/1997,,0.005714595
03/06/1997,,0.043176115
04/06/1997,,0.025346875
05/06/1997,,0.289186835
06/06/1997,,0.011876225
07/06/1997,,0.044822693
08/06/1997,,0.001832843
09/06/1997,,0.031277537
10/06/1997,,0.033512712
11/06/1997,,0.055938959
12/06/1997,,0.041544437
13/06/1997,,0.015705824
14/06/1997,,0.031903386
15/06/1997,,0.020384789
16/06/1997,,2.506703138
17/06/1997,,0.001356006
18/06/1997,,0.047281384
19/06/1997,,0.057578087
20/06/1997,,0.036105514
21/06/1997,,0.057414174
22/06/1997,,0.009119511
23/06/1997,,0.070676208
24/06/1997,,0.074654818
25/06/1997,,0.002682209
26/06/1997,,0.012695789
27/06/1997,,0.003024936
28/06/1997,,0.096976757
29/06/1997,,0.007420778
30/06/1997,,0.057548285
01/07/1997,,0.063359737
02/07/1997,,0.005304813
03/07/1997,,0.007137656
04/07/1997,,0.00217557
05/07/1997,,0.003159046
06/07/1997,,0.002890825
07/07/1997,,0.002011657
08/07/1997,,0.009030104
09/07/1997,,0.008046627
10/07/1997,,0.00706315
11/07/1997,,0.004842877
12/07/1997,,0.013828278
13/07/1997,,0.003173947
14/07/1997,,0.026598573
15/07/1997,,4.800602794
16/07/1997,,1.120150089
17/07/1997,,0.007882714
18/07/1997,,0.046893954
19/07/1997,,0.683411956
20/07/1997,,0.05120039
21/07/1997,,0.020727515
22/07/1997,,0.004559755
23/07/1997,,0.01218915
24/07/1997,,0.030890107
25/07/1997,,0.003799796
26/07/1997,,0.003650784
27/07/1997,,0.006482005
28/07/1997,,0.006616116
29/07/1997,,0.005960464
30/07/1997,,0.031173229
31/07/1997,,0.016629696
01/08/1997,,0.00423193
02/08/1997,,0.12396276
03/08/1997,,0.00166893
04/08/1997,,0.001862645
05/08/1997,,0.001966953
06/08/1997,,0.001952052
07/08/1997,,0.003576279
08/08/1997,,0.03439188
09/08/1997,,0.048875809
10/08/1997,,0.002190471
11/08/1997,,0.002041459
12/08/1997,,0.006496906
13/08/1997,,0.027343631
14/08/1997,,0.070810318
15/08/1997,,0.068157911
16/08/1997,,0.007405877
17/08/1997,,0.015944242
18/08/1997,,0.010296702
19/08/1997,,0.010699034
20/08/1997,,0.016197562
21/08/1997,,0.014185905
22/08/1997,,0.006079674
23/08/1997,,0.008314848
24/08/1997,,0.104889274
25/08/1997,,0.052317977
26/08/1997,,0.007510185
27/08/1997,,0.0141114
28/08/1997,,0.014215708
29/08/1997,,0.007674098
30/08/1997,,0.018343329
31/08/1997,,0.023603439
01/09/1997,,0.01950562
02/09/1997,,0.016853213
03/09/1997,,0.017717481
04/09/1997,,0.029459596
05/09/1997,,0.017791986
06/09/1997,,0.03375113
07/09/1997,,0.940948725
08/09/1997,,0.019744039
09/09/1997,,0.006079674
10/09/1997,,0.083848834
11/09/1997,,0.188544393
12/09/1997,,0.037834048
13/09/1997,,0.018969178
14/09/1997,,0.008970499
15/09/1997,,0.015571713
16/09/1997,,0.076293945
17/09/1997,,0.542849302
18/09/1997,,0.094980001
19/09/1997,,0.042259693
20/09/1997,,0.064879656
21/09/1997,,0.006914139
22/09/1997,,0.039190054
23/09/1997,,0.150263309
24/09/1997,,0.032827258
25/09/1997,,0.004991889
26/09/1997,,0.053375959
27/09/1997,,0.212296844
28/09/1997,,5.81E-04
29/09/1997,,0.032663345
30/09/1997,,0.047519803
01/10/1997,,0.006303191
02/10/1997,,0.005871058
03/10/1997,,2.370864153
04/10/1997,,0.041201711
05/10/1997,,0.009521842
06/10/1997,,0.04568696
07/10/1997,,0.049456954
08/10/1997,,0.006705523
09/10/1997,,0.005602837
10/10/1997,,0.005587935
11/10/1997,,0.00230968
12/10/1997,,0.001460314
13/10/1997,,0.039562583
14/10/1997,,0.053912401
15/10/1997,,0.016048551
16/10/1997,,0.00295043
17/10/1997,,0.024549663
18/10/1997,,0.075943768
19/10/1997,,0.005021691
20/10/1997,,0.024363399
21/10/1997,,0.01321733
22/10/1997,,0.023648143
23/10/1997,,0.043451786
24/10/1997,,0.002473593
25/10/1997,,0.006750226
26/10/1997,,0.030621886
27/10/1997,,0.035837293
28/10/1997,,0.4568398
29/10/1997,,0.106737018
30/10/1997,,0.006973743
31/10/1997,,0.010818243
01/11/1997,,0.024914742
02/11/1997,,9.39E-04
03/11/1997,,5.66E-04
04/11/1997,,6.26E-04
05/11/1997,,0.001013279
06/11/1997,,0.002563
07/11/1997,,0.038892031
08/11/1997,,0.019818544
09/11/1997,,0.001102686
10/11/1997,,4.77E-04
11/11/1997,,4.62E-04
12/11/1997,,8.94E-04
13/11/1997,,4.92E-04
14/11/1997,,7.00E-04
15/11/1997,,5.96E-04
16/11/1997,,4.77E-04
17/11/1997,,5.96E-04
18/11/1997,,5.51E-04
19/11/1997,,0.034496188
20/11/1997,,6.71E-04
21/11/1997,,0.006958842
22/11/1997,,4.77E-04
23/11/1997,,5.51E-04
24/11/1997,,4.92E-04
25/11/1997,,5.07E-04
26/11/1997,,0.001370907
27/11/1997,,6.26E-04
28/11/1997,,6.26E-04
29/11/1997,,5.81E-04
30/11/1997,,6.11E-04
01/12/1997,,5.07E-04
02/12/1997,,5.66E-04
03/12/1997,,6.56E-04
04/12/1997,,5.22E-04
05/12/1997,,4.40E-04
06/12/1997,,4.40E-04
07/12/1997,,5.36E-04
08/12/1997,,4.47E-04
09/12/1997,,0.001326203
10/12/1997,,4.62E-04
11/12/1997,,8.34E-04
12/12/1997,,5.66E-04
13/12/1997,,4.17E-04
14/12/1997,,4.02E-04
15/12/1997,,4.17E-04
16/12/1997,,4.02E-04
17/12/1997,,4.17E-04
18/12/1997,,4.17E-04
19/12/1997,,4.62E-04
20/12/1997,,3.87E-04
21/12/1997,,4.17E-04
22/12/1997,,3.73E-04
23/12/1997,,4.17E-04
24/12/1997,,4.17E-04
25/12/1997,,3.58E-04
26/12/1997,,4.17E-04
27/12/1997,,3.58E-04
28/12/1997,,3.87E-04
29/12/1997,,3.87E-04
30/12/1997,,3.58E-04
31/12/1997,,3.73E-04
01/01/1998,,3.58E-04
02/01/1998,,5.36E-04
03/01/1998,,4.17E-04
04/01/1998,,4.17E-04
05/01/1998,,6.26E-04
06/01/1998,,3.28E-04
07/01/1998,,3.58E-04
08/01/1998,,3.58E-04
09/01/1998,,3.43E-04
10/01/1998,,3.28E-04
11/01/1998,,3.28E-04
12/01/1998,,3.43E-04
13/01/1998,,3.28E-04
14/01/1998,,3.28E-04
15/01/1998,,3.13E-04
16/01/1998,,3.43E-04
17/01/1998,,3.28E-04
18/01/1998,,2.98E-04
19/01/1998,,3.58E-04
20/01/1998,,3.28E-04
21/01/1998,,2.98E-04
22/01/1998,,2.98E-04
23/01/1998,,3.13E-04
24/01/1998,,3.28E-04
25/01/1998,,3.28E-04
26/01/1998,,3.28E-04
27/01/1998,,3.28E-04
28/01/1998,,2.98E-04
29/01/1998,,2.98E-04
30/01/1998,,4.77E-04
31/01/1998,,3.43E-04
01/02/1998,,2.83E-04
02/02/1998,,2.98E-04
03/02/1998,,3.28E-04
04/02/1998,,2.98E-04
05/02/1998,,2.68E-04
06/02/1998,,2.98E-04
07/02/1998,,2.98E-04
08/02/1998,,2.98E-04
09/02/1998,,4.02E-04
10/02/1998,,2.98E-04
11/02/1998,,0.002875924
12/02/1998,,2.83E-04
13/02/1998,,2.98E-04
14/02/1998,,2.38E-04
15/02/1998,,2.83E-04
16/02/1998,,2.76E-04
17/02/1998,,2.46E-04
18/02/1998,,2.68E-04
19/02/1998,,2.38E-04
20/02/1998,,2.53E-04
21/02/1998,,2.53E-04
22/02/1998,,2.38E-04
23/02/1998,,2.38E-04
24/02/1998,,2.24E-04
25/02/1998,,2.38E-04
26/02/1998,,2.24E-04
27/02/1998,,2.38E-04
28/02/1998,,2.53E-04
01/03/1998,,2.24E-04
02/03/1998,,2.83E-04
03/03/1998,,2.53E-04
04/03/1998,,2.09E-04
05/03/1998,,2.09E-04
06/03/1998,,2.09E-04
07/03/1998,,2.09E-04
08/03/1998,,2.09E-04
09/03/1998,,2.24E-04
10/03/1998,,1.94E-04
11/03/1998,,2.24E-04
12/03/1998,,3.28E-04
13/03/1998,,0.003919005
14/03/1998,,8.49E-04
15/03/1998,,0.017523766
16/03/1998,,1.94E-04
17/03/1998,,2.24E-04
18/03/1998,,2.98E-04
19/03/1998,,2.38E-04
20/03/1998,,1.79E-04
21/03/1998,,2.24E-04
22/03/1998,,1.94E-04
23/03/1998,,2.53E-04
24/03/1998,,2.38E-04
25/03/1998,,2.83E-04
26/03/1998,,2.98E-04
27/03/1998,,2.53E-04
28/03/1998,,4.77E-04
29/03/1998,,0.009059906
30/03/1998,,0.002652407
31/03/1998,,4.32E-04
01/04/1998,,3.13E-04
02/04/1998,,2.24E-04
03/04/1998,,1.94E-04
04/04/1998,,2.24E-04
05/04/1998,,4.62E-04
06/04/1998,,2.24E-04
07/04/1998,,1.49E-04
08/04/1998,,2.38E-04
09/04/1998,,1.49E-04
10/04/1998,,5.36E-04
11/04/1998,,2.09E-04
12/04/1998,,0.005960464
13/04/1998,,2.53E-04
14/04/1998,,5.07E-04
15/04/1998,,1.94E-04
16/04/1998,,1.49E-04
17/04/1998,,8.34E-04
18/04/1998,,0.005826354
19/04/1998,,0.001102686
20/04/1998,,0.012457371
21/04/1998,,0.007644296
22/04/1998,,0.649660826
23/04/1998,,0.003367662
24/04/1998,,0.003576279
25/04/1998,,3.28E-04
26/04/1998,,0.016525388
27/04/1998,,0.010460615
28/04/1998,,8.79E-04
29/04/1998,,0.02387166
30/04/1998,,0.035971403
01/05/1998,,0.093728304
02/05/1998,,0.559613109
03/05/1998,,0.009924173
04/05/1998,,2.203375101
05/05/1998,,0.049233437
06/05/1998,,0.052079558
07/05/1998,,0.006526709
08/05/1998,,0.06455183
09/05/1998,,0.019982457
10/05/1998,,0.63765049
11/05/1998,,3.58E-04
12/05/1998,,4.77E-04
13/05/1998,,0.001087785
14/05/1998,,8.49E-04
15/05/1998,,0.001460314
16/05/1998,,0.01963973
17/05/1998,,0.016540289
18/05/1998,,0.013828278
19/05/1998,,0.007733703
20/05/1998,,0.003993511
21/05/1998,,2.98E-04
22/05/1998,,0.016540289
23/05/1998,,0.111937523
24/05/1998,,0.031843781
25/05/1998,,0.006109476
26/05/1998,,0.001490116
27/05/1998,,0.024020672
28/05/1998,,0.042468309
29/05/1998,,0.012248755
30/05/1998,,0.011667609
31/05/1998,,0.060498714
01/06/1998,,0.040799379
02/06/1998,,0.044599175
03/06/1998,,0.016987324
04/06/1998,,0.04953146
05/06/1998,,1.832276583
06/06/1998,,0.001132488
07/06/1998,,0.002026558
08/06/1998,,0.001847744
09/06/1998,,0.042662024
10/06/1998,,0.022888184
11/06/1998,,0.003010035
12/06/1998,,0.015199184
13/06/1998,,0.066891313
14/06/1998,,0.504791737
15/06/1998,,0.0192523
16/06/1998,,0.004202127
17/06/1998,,0.01630187
18/06/1998,,0.011786819
19/06/1998,,9.83E-04
20/06/1998,,0.038325787
21/06/1998,,0.078618526
22/06/1998,,0.006705523
23/06/1998,,0.001311302
24/06/1998,,5.96E-04
25/06/1998,,0.001460314
26/06/1998,,0.036001205
27/06/1998,,0.030964613
28/06/1998,,0.008374453
29/06/1998,,0.015467405
30/06/1998,,0.015839934
01/07/1998,,0.060081482
02/07/1998,,0.00795722
03/07/1998,,0.013515353
04/07/1998,,7.45E-04
05/07/1998,,0.00706315
06/07/1998,,0.023037195
07/07/1998,,0.07776916
08/07/1998,,0.025674701
09/07/1998,,0.003635883
10/07/1998,,0.002473593
11/07/1998,,0.034317374
12/07/1998,,0.049769878
13/07/1998,,0.1180619
14/07/1998,,1.337766647
15/07/1998,,0.060141087
16/07/1998,,0.051632524
17/07/1998,,0.086247921
18/07/1998,,1.106277108
19/07/1998,,0.066772103
20/07/1998,,0.305339694
21/07/1998,,0.0513345
22/07/1998,,0.005275011
23/07/1998,,0.055462122
24/07/1998,,0.01013279
25/07/1998,,0.004187226
26/07/1998,,0.00731647
27/07/1998,,0.047117472
28/07/1998,,0.03066659
29/07/1998,,0.179216266
30/07/1998,,0.006124377
31/07/1998,,0.005066395
01/08/1998,,0.02323091
02/08/1998,,0.004932284
03/08/1998,,0.054761767
04/08/1998,,0.041007996
05/08/1998,,0.014737248
06/08/1998,,0.007227063
07/08/1998,,0.033736229
08/08/1998,,0.057384372
09/08/1998,,0.00192225
10/08/1998,,0.092178583
11/08/1998,,0.057592988
12/08/1998,,0.004634261
13/08/1998,,0.102594495
14/08/1998,,7.655486465
15/08/1998,,4.095047712
16/08/1998,,0.008329749
17/08/1998,,0.079035759
18/08/1998,,0.021398067
19/08/1998,,0.010997057
20/08/1998,,0.007778406
21/08/1998,,0.018998981
22/08/1998,,0.026881695
23/08/1998,,0.082984567
24/08/1998,,0.011995435
25/08/1998,,0.007599592
26/08/1998,,5.51E-04
27/08/1998,,2.24E-04
28/08/1998,,0.059634447
29/08/1998,,0.008314848
30/08/1998,,0.027120113
31/08/1998,,0.049769878
01/09/1998,,0.032365322
02/09/1998,,0.031471252
03/09/1998,,0.006973743
04/09/1998,,0.003457069
05/09/1998,,5.36E-04
06/09/1998,,0.001952052
07/09/1998,,0.013187528
08/09/1998,,0.082448125
09/09/1998,,0.038698316
10/09/1998,,0.1308918
11/09/1998,,0.155165792
12/09/1998,,0.010743737
13/09/1998,,0.030115247
14/09/1998,,0.746130943
15/09/1998,,0.131964684
16/09/1998,,0.372767448
17/09/1998,,0.043645501
18/09/1998,,0.02668798
19/09/1998,,0.056236982
20/09/1998,,0.026524067
21/09/1998,,0.035613775
22/09/1998,,1.308232546
23/09/1998,,0.021398067
24/09/1998,,0.331655145
25/09/1998,,0.01822412
26/09/1998,,0.024020672
27/09/1998,,0.564545393
28/09/1998,,0.04042685
29/09/1998,,0.080481172
30/09/1998,,1.663327217
01/10/1998,,0.106409192
02/10/1998,,0.196263194
03/10/1998,,0.00679493
04/10/1998,,0.010758638
05/10/1998,,0.011593103
06/10/1998,,0.01655519
07/10/1998,,0.064745545
08/10/1998,,0.222206116
09/10/1998,,0.023603439
10/10/1998,,2.958342433
11/10/1998,,5.449965596
12/10/1998,,0.011742115
13/10/1998,,0.018522143
14/10/1998,,0.007361174
15/10/1998,,0.037461519
16/10/1998,,0.007584691
17/10/1998,,0.077933073
18/10/1998,,0.131696463
19/10/1998,,0.009536743
20/10/1998,,0.062614679
21/10/1998,,0.171333551
22/10/1998,,1.123100519
23/10/1998,,0.02142787
24/10/1998,,0.118225813
25/10/1998,,0.002488494
26/10/1998,,0.002771616
27/10/1998,,0.001430511
28/10/1998,,8.20E-04
29/10/1998,,7.45E-04
30/10/1998,,0.002801418
31/10/1998,,5.66E-04
01/11/1998,,6.26E-04
02/11/1998,,6.85E-04
03/11/1998,,6.41E-04
04/11/1998,,7.90E-04
05/11/1998,,6.85E-04
06/11/1998,,6.11E-04
07/11/1998,,7.30E-04
08/11/1998,,7.15E-04
09/11/1998,,7.30E-04
10/11/1998,,6.71E-04
11/11/1998,,7.30E-04
12/11/1998,,7.45E-04
13/11/1998,,6.56E-04
14/11/1998,,6.41E-04
15/11/1998,,7.60E-04
16/11/1998,,6.56E-04
17/11/1998,,7.75E-04
18/11/1998,,0.001654029
19/11/1998,,0.001102686
20/11/1998,,6.85E-04
21/11/1998,,6.56E-04
22/11/1998,,7.75E-04
23/11/1998,,7.00E-04
24/11/1998,,7.15E-04
25/11/1998,,6.56E-04
26/11/1998,,7.00E-04
27/11/1998,,7.30E-04
28/11/1998,,6.41E-04
29/11/1998,,6.56E-04
30/11/1998,,7.00E-04
01/12/1998,,6.11E-04
02/12/1998,,5.96E-04
03/12/1998,,7.45E-04
04/12/1998,,0.001117587
05/12/1998,,7.30E-04
06/12/1998,,6.85E-04
07/12/1998,,6.85E-04
08/12/1998,,6.85E-04
09/12/1998,,6.71E-04
10/12/1998,,6.11E-04
11/12/1998,,5.96E-04
12/12/1998,,6.85E-04
13/12/1998,,5.96E-04
14/12/1998,,5.81E-04
15/12/1998,,5.51E-04
16/12/1998,,5.66E-04
17/12/1998,,5.66E-04
18/12/1998,,5.66E-04
19/12/1998,,5.36E-04
20/12/1998,,5.36E-04
21/12/1998,,5.51E-04
22/12/1998,,5.51E-04
23/12/1998,,5.51E-04
24/12/1998,,5.36E-04
25/12/1998,,5.36E-04
26/12/1998,,5.36E-04
27/12/1998,,5.66E-04
28/12/1998,,5.81E-04
29/12/1998,,5.07E-04
30/12/1998,,9.09E-04
31/12/1998,,5.96E-04
01/01/1999,,5.36E-04
02/01/1999,,5.07E-04
03/01/1999,,5.51E-04
04/01/1999,,5.51E-04
05/01/1999,,6.26E-04
06/01/1999,,4.62E-04
07/01/1999,,4.92E-04
08/01/1999,,4.92E-04
09/01/1999,,4.92E-04
10/01/1999,,4.62E-04
11/01/1999,,4.77E-04
12/01/1999,,4.77E-04
13/01/1999,,4.62E-04
14/01/1999,,5.07E-04
15/01/1999,,4.92E-04
16/01/1999,,4.62E-04
17/01/1999,,6.56E-04
18/01/1999,,7.75E-04
19/01/1999,,0.001162291
20/01/1999,,6.11E-04
21/01/1999,,5.22E-04
22/01/1999,,4.77E-04
23/01/1999,,4.47E-04
24/01/1999,,4.47E-04
25/01/1999,,4.77E-04
26/01/1999,,4.47E-04
27/01/1999,,4.32E-04
28/01/1999,,4.02E-04
29/01/1999,,4.77E-04
30/01/1999,,4.32E-04
31/01/1999,,4.17E-04
01/02/1999,,4.47E-04
02/02/1999,,4.62E-04
03/02/1999,,5.22E-04
04/02/1999,,4.77E-04
05/02/1999,,4.17E-04
06/02/1999,,3.87E-04
07/02/1999,,4.17E-04
08/02/1999,,3.73E-04
09/02/1999,,3.87E-04
10/02/1999,,3.73E-04
11/02/1999,,3.73E-04
12/02/1999,,4.02E-04
13/02/1999,,0.004261732
14/02/1999,,5.81E-04
15/02/1999,,0.00269711
16/02/1999,,0.019267201
17/02/1999,,0.004708767
18/02/1999,,5.36E-04
19/02/1999,,3.58E-04
20/02/1999,,3.43E-04
21/02/1999,,3.58E-04
22/02/1999,,3.73E-04
23/02/1999,,5.22E-04
24/02/1999,,4.17E-04
25/02/1999,,3.73E-04
26/02/1999,,3.87E-04
27/02/1999,,4.17E-04
28/02/1999,,0.001162291
01/03/1999,,4.17E-04
02/03/1999,,2.98E-04
03/03/1999,,7.45E-04
04/03/1999,,0.004827976
05/03/1999,,3.43E-04
06/03/1999,,3.87E-04
07/03/1999,,3.13E-04
08/03/1999,,7.60E-04
09/03/1999,,0.003948808
10/03/1999,,0.004991889
11/03/1999,,0.039845705
12/03/1999,,0.010415912
13/03/1999,,0.002563
14/03/1999,,3.58E-04
15/03/1999,,0.002980232
16/03/1999,,0.005364418
17/03/1999,,0.002369285
18/03/1999,,0.011444092
19/03/1999,,0.00846386
20/03/1999,,0.001192093
21/03/1999,,0.003024936
22/03/1999,,0.001341105
23/03/1999,,4.17E-04
24/03/1999,,2.83E-04
25/03/1999,,3.58E-04
26/03/1999,,3.43E-04
27/03/1999,,2.98E-04
28/03/1999,,8.05E-04
29/03/1999,,2.98E-04
30/03/1999,,4.17E-04
31/03/1999,,2.68E-04
01/04/1999,,0.002220273
02/04/1999,,4.17E-04
03/04/1999,,3.73E-04
04/04/1999,,0.004291534
05/04/1999,,0.002071261
06/04/1999,,0.014603138
07/04/1999,,2.53E-04
08/04/1999,,2.53E-04
09/04/1999,,2.53E-04
10/04/1999,,2.68E-04
11/04/1999,,2.38E-04
12/04/1999,,2.98E-04
13/04/1999,,0.012397766
14/04/1999,,0.032067299
15/04/1999,,0.010251999
16/04/1999,,0.003099442
17/04/1999,,0.010490417
18/04/1999,,0.001192093
19/04/1999,,6.56E-04
20/04/1999,,0.001743436
21/04/1999,,0.001356006
22/04/1999,,7.90E-04
23/04/1999,,0.005841255
24/04/1999,,6.56E-04
25/04/1999,,8.20E-04
26/04/1999,,0.002801418
27/04/1999,,0.019803643
28/04/1999,,0.011369586
29/04/1999,,0.001892447
30/04/1999,,0.004321337
01/05/1999,,4.17E-04
02/05/1999,,4.92E-04
03/05/1999,,4.02E-04
04/05/1999,,0.001117587
05/05/1999,,4.62E-04
06/05/1999,,0.001117587
07/05/1999,,0.001952052
08/05/1999,,0.020414591
09/05/1999,,0.038981438
10/05/1999,,0.003397465
11/05/1999,,0.005275011
12/05/1999,,6.56E-04
13/05/1999,,0.026002526
14/05/1999,,1.978635788
15/05/1999,,3.87E-04
16/05/1999,,0.023245811
17/05/1999,,5.22E-04
18/05/1999,,0.00230968
19/05/1999,,0.056952238
20/05/1999,,0.002801418
21/05/1999,,8.05E-04
22/05/1999,,0.001013279
23/05/1999,,0.001162291
24/05/1999,,0.005230308
25/05/1999,,0.049620867
26/05/1999,,0.06249547
27/05/1999,,0.010997057
28/05/1999,,0.070989132
29/05/1999,,0.02245605
30/05/1999,,0.782087445
31/05/1999,,0.014960766
01/06/1999,,4.47E-04
02/06/1999,,0.280216336
03/06/1999,,0.050574541
04/06/1999,,2.183943987
05/06/1999,,0.069379807
06/06/1999,,3.13E-04
07/06/1999,,5.96E-04
08/06/1999,,0.003099442
09/06/1999,,0.018149614
10/06/1999,,0.002555549
11/06/1999,,0.067390501
12/06/1999,,9.54E-04
13/06/1999,,0.027999282
14/06/1999,,0.014096498
15/06/1999,,0.019788742
16/06/1999,,0.004202127
17/06/1999,,0.037521124
18/06/1999,,0.445261598
19/06/1999,,0.048786402
20/06/1999,,6.56E-04
21/06/1999,,0.002011657
22/06/1999,,0.005707145
23/06/1999,,0.006869435
24/06/1999,,0.470921397
25/06/1999,,0.073164701
26/06/1999,,0.009924173
27/06/1999,,0.01758337
28/06/1999,,0.166162848
29/06/1999,,0.006780028
30/06/1999,,5.07E-04
01/07/1999,,0.091567636
02/07/1999,,0.057131052
03/07/1999,,0.002264977
04/07/1999,,0.04452467
05/07/1999,,0.01475215
06/07/1999,,0.008076429
07/07/1999,,0.046700239
08/07/1999,,4.3861866
09/07/1999,,0.013500452
10/07/1999,,0.226065516
11/07/1999,,0.536620617
12/07/1999,,2.905890346
13/07/1999,,1.91449374
14/07/1999,,0.036098063
15/07/1999,,0.00821054
16/07/1999,,0.072136521
17/07/1999,,1.822143793
18/07/1999,,0.033944845
19/07/1999,,0.031530857
20/07/1999,,0.050202012
21/07/1999,,0.007539988
22/07/1999,,0.040188432
23/07/1999,,0.097826123
24/07/1999,,1.672148705
25/07/1999,,0.339433551
26/07/1999,,0.007554889
27/07/1999,,0.041007996
28/07/1999,,0.064358115
29/07/1999,,0.016897917
30/07/1999,,1.7028898
31/07/1999,,0.028684735
01/08/1999,,0.006869435
02/08/1999,,0.062599778
03/08/1999,,0.0205338
04/08/1999,,0.008493662
05/08/1999,,0.002712011
06/08/1999,,0.001639128
07/08/1999,,0.006079674
08/08/1999,,0.00141561
09/08/1999,,0.012472272
10/08/1999,,0.156521797
11/08/1999,,0.020429492
12/08/1999,,0.093638897
13/08/1999,,0.042051077
14/08/1999,,0.007808208
15/08/1999,,0.007152557
16/08/1999,,0.036358833
17/08/1999,,0.158771873
18/08/1999,,0.671669841
19/08/1999,,0.052958727
20/08/1999,,0.146105886
21/08/1999,,0.028476119
22/08/1999,,0.023037195
23/08/1999,,0.004440546
24/08/1999,,0.039979815
25/08/1999,,1.05330348
26/08/1999,,0.465095043
27/08/1999,,0.460445881
28/08/1999,,0.054210424
29/08/1999,,0.116974115
30/08/1999,,1.331493258
31/08/1999,,0.016242266
01/09/1999,,0.00731647
02/09/1999,,1.13043189
03/09/1999,,0.098258257
04/09/1999,,0.0141114
05/09/1999,,0.040695071
06/09/1999,,2.513870597
07/09/1999,,3.371879458
08/09/1999,,1.624524593
09/09/1999,,0.038489699
10/09/1999,,1.752585173
11/09/1999,,0.034078956
12/09/1999,,0.01552701
13/09/1999,,0.648438931
14/09/1999,,4.941210151
15/09/1999,,0.009819865
16/09/1999,,0.037640333
17/09/1999,,9.781882167
18/09/1999,,0.055491924
19/09/1999,,0.013574958
20/09/1999,,0.101357698
21/09/1999,,0.084429979
22/09/1999,,0.831052661
23/09/1999,,0.005841255
24/09/1999,,0.040158629
25/09/1999,,0.057354569
26/09/1999,,0.01950562
27/09/1999,,0.727295876
28/09/1999,,0.010684133
29/09/1999,,0.072881579
30/09/1999,,0.006631017
01/10/1999,,0.013366342
02/10/1999,,0.040978193
03/10/1999,,0.22521615
04/10/1999,,0.080913305
05/10/1999,,0.045955181
06/10/1999,,0.528812408
07/10/1999,,0.014513731
08/10/1999,,0.059023499
09/10/1999,,0.07006526
10/10/1999,,0.033915043
11/10/1999,,0.006824732
12/10/1999,,0.024974346
13/10/1999,,0.006347895
14/10/1999,,0.780820847
15/10/1999,,0.02425909
16/10/1999,,0.013798475
17/10/1999,,0.007838011
18/10/1999,,0.059679151
19/10/1999,,0.003457069
20/10/1999,,0.002861023
21/10/1999,,0.003427267
22/10/1999,,0.003963709
23/10/1999,,0.017940998
24/10/1999,,0.015303493
25/10/1999,,0.117704272
26/10/1999,,0.004470348
27/10/1999,,0.003024936
28/10/1999,,0.006616116
29/10/1999,,0.006958842
30/10/1999,,0.005662441
31/10/1999,,0.016257167
01/11/1999,,0.005811453
02/11/1999,,0.002294779
03/11/1999,,0.009983778
04/11/1999,,0.002324581
05/11/1999,,0.002458692
06/11/1999,,0.002250075
07/11/1999,,0.002264977
08/11/1999,,0.002264977
09/11/1999,,0.002294779
10/11/1999,,0.003427267
11/11/1999,,0.003188848
12/11/1999,,0.002264977
13/11/1999,,0.002384186
14/11/1999,,0.002771616
15/11/1999,,0.00230968
16/11/1999,,0.002339482
17/11/1999,,0.002264977
18/11/1999,,0.002339482
19/11/1999,,0.002324581
20/11/1999,,0.002220273
21/11/1999,,0.002250075
22/11/1999,,0.002168119
23/11/1999,,0.002205372
24/11/1999,,0.00217557
25/11/1999,,0.002369285
26/11/1999,,0.003099442
27/11/1999,,0.002101064
28/11/1999,,0.002264977
29/11/1999,,0.002563
30/11/1999,,0.002071261
01/12/1999,,0.002041459
02/12/1999,,0.002026558
03/12/1999,,0.002011657
04/12/1999,,0.002279878
05/12/1999,,0.001996756
06/12/1999,,0.001952052
07/12/1999,,0.001966953
08/12/1999,,0.001937151
09/12/1999,,0.00192225
10/12/1999,,0.001907349
11/12/1999,,0.001892447
12/12/1999,,0.001862645
13/12/1999,,0.001847744
14/12/1999,,0.001832843
15/12/1999,,0.001803041
16/12/1999,,0.001817942
17/12/1999,,0.001817942
18/12/1999,,0.001773238
19/12/1999,,0.001877546
20/12/1999,,0.001907349
21/12/1999,,0.001758337
22/12/1999,,0.001728535
23/12/1999,,0.001788139
24/12/1999,,0.001683831
25/12/1999,,0.001698732
26/12/1999,,0.00166893
27/12/1999,,0.001639128
28/12/1999,,0.001624227
29/12/1999,,0.001609325
30/12/1999,,0.00166893
31/12/1999,,0.001728535
01/01/2000,,0.001788139
02/01/2000,,0.001564622
03/01/2000,,0.001549721
04/01/2000,,0.00153482
05/01/2000,,0.001564622
06/01/2000,,0.001519918
07/01/2000,,0.001519918
08/01/2000,,0.001490116
09/01/2000,,0.001490116
10/01/2000,,0.001460314
11/01/2000,,0.001460314
12/01/2000,,0.001430511
13/01/2000,,0.001430511
14/01/2000,,0.001475215
15/01/2000,,0.001430511
16/01/2000,,0.001430511
17/01/2000,,0.00141561
18/01/2000,,0.001639128
19/01/2000,,0.001952052
20/01/2000,,0.005036592
21/01/2000,,0.001460314
22/01/2000,,0.001341105
23/01/2000,,0.001356006
24/01/2000,,0.001326203
25/01/2000,,0.001460314
26/01/2000,,0.001296401
27/01/2000,,0.001296401
28/01/2000,,0.0012815
29/01/2000,,0.001266599
30/01/2000,,0.001236796
31/01/2000,,0.001206994
01/02/2000,,0.001221895
02/02/2000,,0.001206994
03/02/2000,,0.001177192
04/02/2000,,0.001177192
05/02/2000,,0.001147389
06/02/2000,,0.001162291
07/02/2000,,0.001132488
08/02/2000,,0.001117587
09/02/2000,,0.001102686
10/02/2000,,0.001117587
11/02/2000,,0.001087785
12/02/2000,,0.001087785
13/02/2000,,0.001043081
14/02/2000,,0.001072884
15/02/2000,,0.00102818
16/02/2000,,0.001043081
17/02/2000,,0.001013279
18/02/2000,,0.001043081
19/02/2000,,0.00102073
20/02/2000,,9.98E-04
21/02/2000,,0.00102818
22/02/2000,,9.69E-04
23/02/2000,,0.001162291
24/02/2000,,0.001057982
25/02/2000,,0.001043081
26/02/2000,,9.83E-04
27/02/2000,,9.09E-04
28/02/2000,,8.94E-04
29/02/2000,,9.09E-04
01/03/2000,,8.79E-04
02/03/2000,,8.64E-04
03/03/2000,,8.49E-04
04/03/2000,,8.79E-04
05/03/2000,,8.20E-04
06/03/2000,,8.20E-04
07/03/2000,,8.49E-04
08/03/2000,,8.05E-04
09/03/2000,,7.90E-04
10/03/2000,,8.05E-04
11/03/2000,,7.75E-04
12/03/2000,,7.60E-04
13/03/2000,,7.60E-04
14/03/2000,,7.90E-04
15/03/2000,,7.75E-04
16/03/2000,,7.45E-04
17/03/2000,,8.34E-04
18/03/2000,,9.54E-04
19/03/2000,,0.027015805
20/03/2000,,0.038653612
21/03/2000,,7.15E-04
22/03/2000,,6.85E-04
23/03/2000,,7.15E-04
24/03/2000,,7.08E-04
25/03/2000,,6.93E-04
26/03/2000,,0.00756979
27/03/2000,,8.05E-04
28/03/2000,,7.00E-04
29/03/2000,,6.85E-04
30/03/2000,,6.56E-04
31/03/2000,,6.71E-04
01/04/2000,,6.56E-04
02/04/2000,,0.001072884
03/04/2000,,6.56E-04
04/04/2000,,9.69E-04
05/04/2000,,7.15E-04
06/04/2000,,7.15E-04
07/04/2000,,5.66E-04
08/04/2000,,0.001043081
09/04/2000,,6.71E-04
10/04/2000,,0.001713634
11/04/2000,,0.00372529
12/04/2000,,0.00217557
13/04/2000,,5.96E-04
14/04/2000,,5.81E-04
15/04/2000,,0.001579523
16/04/2000,,0.003233552
17/04/2000,,7.00E-04
18/04/2000,,9.54E-04
19/04/2000,,9.39E-04
20/04/2000,,5.81E-04
21/04/2000,,9.69E-04
22/04/2000,,0.068858266
23/04/2000,,0.001370907
24/04/2000,,5.66E-04
25/04/2000,,6.56E-04
26/04/2000,,5.51E-04
27/04/2000,,6.56E-04
28/04/2000,,7.30E-04
29/04/2000,,0.005811453
30/04/2000,,0.00590086
01/05/2000,,0.002548099
02/05/2000,,6.11E-04
03/05/2000,,0.006631017
04/05/2000,,0.01321733
05/05/2000,,7.00E-04
06/05/2000,,4.92E-04
07/05/2000,,7.30E-04
08/05/2000,,0.001043081
09/05/2000,,7.15E-04
10/05/2000,,5.36E-04
11/05/2000,,0.001072884
12/05/2000,,0.001266599
13/05/2000,,7.30E-04
14/05/2000,,0.004798174
15/05/2000,,0.003829598
16/05/2000,,9.54E-04
17/05/2000,,0.008404255
18/05/2000,,6.56E-04
19/05/2000,,5.96E-04
20/05/2000,,0.02771616
21/05/2000,,0.068292022
22/05/2000,,0.050023198
23/05/2000,,0.047370791
24/05/2000,,0.001221895
25/05/2000,,0.047191978
26/05/2000,,0.056907535
27/05/2000,,7.90E-04
28/05/2000,,0.003561378
29/05/2000,,0.00731647
30/05/2000,,0.012382865
31/05/2000,,0.035375357
01/06/2000,,2.076238394
02/06/2000,,0.017315149
03/06/2000,,0.015810132
04/06/2000,,0.043198466
05/06/2000,,0.228613615
06/06/2000,,5.037546158
07/06/2000,,5.81E-04
08/06/2000,,0.014394522
09/06/2000,,0.02899766
10/06/2000,,0.135570765
11/06/2000,,0.010043383
12/06/2000,,0.022485852
13/06/2000,,0.013232231
14/06/2000,,0.048130751
15/06/2000,,0.019878149
16/06/2000,,2.419963479
17/06/2000,,0.035703182
18/06/2000,,2.40662694
19/06/2000,,0.025331974
20/06/2000,,0.006392598
21/06/2000,,0.200942159
22/06/2000,,0.07006526
23/06/2000,,1.951366663
24/06/2000,,3.005921841
25/06/2000,,0.021800399
26/06/2000,,0.018239021
27/06/2000,,0.001296401
28/06/2000,,0.002041459
29/06/2000,,0.010788441
30/06/2000,,0.059098005
01/07/2000,,0.016793609
02/07/2000,,0.043183565
03/07/2000,,0.053361058
04/07/2000,,0.254571438
05/07/2000,,0.016868114
06/07/2000,,0.482678413
07/07/2000,,9.83E-04
08/07/2000,,0.009298325
09/07/2000,,0.005945563
10/07/2000,,0.028863549
11/07/2000,,0.008955598
12/07/2000,,0.006258488
13/07/2000,,0.026911497
14/07/2000,,0.005036592
15/07/2000,,0.005781651
16/07/2000,,0.018239021
17/07/2000,,0.021487474
18/07/2000,,0.005185604
19/07/2000,,0.006392598
20/07/2000,,0.003606081
21/07/2000,,0.004798174
22/07/2000,,0.003799796
23/07/2000,,7.90E-04
24/07/2000,,0.008359551
25/07/2000,,0.025972724
26/07/2000,,0.104472041
27/07/2000,,0.065878034
28/07/2000,,0.469326973
29/07/2000,,20.94702423
30/07/2000,,0.052303076
31/07/2000,,8.94E-04
01/08/2000,,1.786053181
02/08/2000,,0.013440847
03/08/2000,,0.851780176
04/08/2000,,8.563116193
05/08/2000,,0.007718801
06/08/2000,,0.011220574
07/08/2000,,0.0064224
08/08/2000,,2.572715282
09/08/2000,,0.073119998
10/08/2000,,0.057011843
11/08/2000,,0.039502978
12/08/2000,,0.981032848
13/08/2000,,0.031024218
14/08/2000,,0.020623207
15/08/2000,,0.007137656
16/08/2000,,0.191837549
17/08/2000,,0.055491924
18/08/2000,,0.029549003
19/08/2000,,0.006660819
20/08/2000,,0.01065433
21/08/2000,,0.015154481
22/08/2000,,0.037565827
23/08/2000,,0.072687864
24/08/2000,,0.008657575
25/08/2000,,0.445783138
26/08/2000,,0.021800399
27/08/2000,,0.033766031
28/08/2000,,0.029861927
29/08/2000,,0.007495284
30/08/2000,,0.018209219
31/08/2000,,0.203341246
01/09/2000,,0.009551644
02/09/2000,,0.011354685
03/09/2000,,0.009179115
04/09/2000,,0.011965632
05/09/2000,,0.097081065
06/09/2000,,0.685378909
07/09/2000,,1.48665905
08/09/2000,,0.049740076
09/09/2000,,3.019779921
10/09/2000,,0.920429826
11/09/2000,,0.443071127
12/09/2000,,4.78515029
13/09/2000,,2.869039774
14/09/2000,,2.511516213
15/09/2000,,1.213133335
16/09/2000,,0.037401915
17/09/2000,,0.154927373
18/09/2000,,0.084325671
19/09/2000,,0.032544136
20/09/2000,,0.065237284
21/09/2000,,0.035375357
22/09/2000,,0.007748604
23/09/2000,,0.036090612
24/09/2000,,0.13820827
25/09/2000,,0.062972307
26/09/2000,,0.013887882
27/09/2000,,2.752929926
28/09/2000,,0.267297029
29/09/2000,,0.026240945
30/09/2000,,0.097319484
01/10/2000,,0.329896808
02/10/2000,,0.012755394
03/10/2000,,0.007346272
04/10/2000,,0.005245209
05/10/2000,,0.02284348
06/10/2000,,0.05723536
07/10/2000,,0.177800655
08/10/2000,,0.08019805
09/10/2000,,0.481724739
10/10/2000,,0.023454428
11/10/2000,,0.032216311
12/10/2000,,0.037193298
13/10/2000,,0.02220273
14/10/2000,,0.006258488
15/10/2000,,0.009030104
16/10/2000,,0.00667572
17/10/2000,,0.018045306
18/10/2000,,0.031635165
19/10/2000,,0.006690621
20/10/2000,,0.008702278
21/10/2000,,0.013530254
22/10/2000,,0.129789114
23/10/2000,,0.007882714
24/10/2000,,0.01001358
25/10/2000,,0.006780028
26/10/2000,,0.005319715
27/10/2000,,0.005930662
28/10/2000,,0.005766749
29/10/2000,,0.007197261
30/10/2000,,0.00679493
31/10/2000,,0.006109476
01/11/2000,,0.00590086
02/11/2000,,0.008016825
03/11/2000,,0.005483627
04/11/2000,,0.005409122
05/11/2000,,0.00551343
06/11/2000,,0.005424023
07/11/2000,,0.00539422
08/11/2000,,0.005364418
09/11/2000,,0.005334616
10/11/2000,,0.005327165
11/11/2000,,0.00552088
12/11/2000,,0.005245209
13/11/2000,,0.005215406
14/11/2000,,0.005379319
15/11/2000,,0.005483627
16/11/2000,,0.005230308
17/11/2000,,0.005081296
18/11/2000,,0.005215406
19/11/2000,,0.005036592
20/11/2000,,0.004976988
21/11/2000,,0.004947186
22/11/2000,,0.004962087
23/11/2000,,0.005155802
24/11/2000,,0.004887581
25/11/2000,,0.004805624
26/11/2000,,0.004760921
27/11/2000,,0.004738569
28/11/2000,,0.004738569
29/11/2000,,0.004798174
30/11/2000,,0.004798174
01/12/2000,,0.004529953
02/12/2000,,0.004529953
03/12/2000,,0.004470348
04/12/2000,,0.004440546
05/12/2000,,0.004380941
06/12/2000,,0.004336238
07/12/2000,,0.004276633
08/12/2000,,0.00423193
09/12/2000,,0.004217029
10/12/2000,,0.004157424
11/12/2000,,0.004127622
12/12/2000,,0.004082918
13/12/2000,,0.004053116
14/12/2000,,0.004038215
15/12/2000,,0.00397861
16/12/2000,,0.003933907
17/12/2000,,0.003904104
18/12/2000,,0.003874302
19/12/2000,,0.003829598
20/12/2000,,0.003799796
21/12/2000,,0.003829598
22/12/2000,,0.003755093
23/12/2000,,0.003814697
24/12/2000,,0.003710389
25/12/2000,,0.00372529
26/12/2000,,0.00372529
27/12/2000,,0.003576279
28/12/2000,,0.003576279
29/12/2000,,0.003546476
30/12/2000,,0.003606081
31/12/2000,,0.003471971
01/01/2001,,0.003457069
02/01/2001,,0.003367662
03/01/2001,,0.003397465
04/01/2001,,0.003308058
05/01/2001,,0.00333786
06/01/2001,,0.003218651
07/01/2001,,0.003173947
08/01/2001,,0.003144145
09/01/2001,,0.003129244
10/01/2001,,0.003069639
11/01/2001,,0.003069639
12/01/2001,,0.003010035
13/01/2001,,0.002980232
14/01/2001,,0.003024936
15/01/2001,,0.002980232
16/01/2001,,0.002920628
17/01/2001,,0.00295043
18/01/2001,,0.003010035
19/01/2001,,0.002831221
20/01/2001,,0.002771616
21/01/2001,,0.002741814
22/01/2001,,0.002712011
23/01/2001,,0.002682209
24/01/2001,,0.002637506
25/01/2001,,0.002607703
26/01/2001,,0.002607703
27/01/2001,,0.002548099
28/01/2001,,0.002533197
29/01/2001,,0.002503395
30/01/2001,,0.002488494
31/01/2001,,0.002428889
01/02/2001,,0.002488494
02/02/2001,,0.002682209
03/02/2001,,0.002399087
04/02/2001,,0.002488494
05/02/2001,,0.00230968
06/02/2001,,0.002294779
07/02/2001,,0.002235174
08/02/2001,,0.002250075
09/02/2001,,0.002205372
10/02/2001,,0.002160668
11/02/2001,,0.002160668
12/02/2001,,0.002115965
13/02/2001,,0.002101064
14/02/2001,,0.002086163
15/02/2001,,0.002041459
16/02/2001,,0.002041459
17/02/2001,,0.001996756
18/02/2001,,0.001981854
19/02/2001,,0.001937151
20/02/2001,,0.001907349
21/02/2001,,0.001937151
22/02/2001,,0.001907349
23/02/2001,,0.001981854
24/02/2001,,0.001832843
25/02/2001,,0.001832843
26/02/2001,,0.001892447
27/02/2001,,0.001937151
28/02/2001,,0.001788139
01/03/2001,,0.001750886
02/03/2001,,0.001735985
03/03/2001,,0.001698732
04/03/2001,,0.001713634
05/03/2001,,0.001773238
06/03/2001,,0.001698732
07/03/2001,,0.001639128
08/03/2001,,0.001743436
09/03/2001,,0.001594424
10/03/2001,,0.001639128
11/03/2001,,0.001892447
12/03/2001,,0.003278255
13/03/2001,,0.001996756
14/03/2001,,0.003829598
15/03/2001,,0.001460314
16/03/2001,,0.001445413
17/03/2001,,0.001519918
18/03/2001,,0.001564622
19/03/2001,,0.01232326
20/03/2001,,0.004589558
21/03/2001,,0.001400709
22/03/2001,,0.002592802
23/03/2001,,0.001385808
24/03/2001,,0.001311302
25/03/2001,,0.001341105
26/03/2001,,0.001296401
27/03/2001,,0.002115965
28/03/2001,,0.00153482
29/03/2001,,0.001266599
30/03/2001,,0.001639128
31/03/2001,,0.001221895
01/04/2001,,0.024288893
02/04/2001,,0.020891428
03/04/2001,,0.00500679
04/04/2001,,0.008389354
05/04/2001,,0.012844801
06/04/2001,,0.001236796
07/04/2001,,0.001162291
08/04/2001,,0.001132488
09/04/2001,,0.001221895
10/04/2001,,0.001341105
11/04/2001,,0.001490116
12/04/2001,,0.002726912
13/04/2001,,0.006839633
14/04/2001,,0.002756715
15/04/2001,,0.001445413
16/04/2001,,0.004395843
17/04/2001,,0.018596649
18/04/2001,,0.05209446
19/04/2001,,0.00102818
20/04/2001,,0.001758337
21/04/2001,,0.001817942
22/04/2001,,0.017926097
23/04/2001,,0.002577901
24/04/2001,,0.033572316
25/04/2001,,0.038981438
26/04/2001,,0.001519918
27/04/2001,,0.002220273
28/04/2001,,0.011578202
29/04/2001,,0.023141503
30/04/2001,,0.004172325
01/05/2001,,0.001296401
02/05/2001,,0.006899238
03/05/2001,,0.008717179
04/05/2001,,0.001743436
05/05/2001,,0.004544854
06/05/2001,,0.003293157
07/05/2001,,0.002563
08/05/2001,,0.016003847
09/05/2001,,0.005811453
10/05/2001,,0.003129244
11/05/2001,,0.00102818
12/05/2001,,0.01861155
13/05/2001,,0.002607703
14/05/2001,,0.033512712
15/05/2001,,0.004455447
16/05/2001,,0.001862645
17/05/2001,,0.002920628
18/05/2001,,0.001594424
19/05/2001,,0.005364418
20/05/2001,,0.003650784
21/05/2001,,0.003859401
22/05/2001,,0.001430511
23/05/2001,,0.001773238
24/05/2001,,0.001549721
25/05/2001,,0.001370907
26/05/2001,,0.002652407
27/05/2001,,0.001475215
28/05/2001,,0.016152859
29/05/2001,,0.033557415
30/05/2001,,0.048294663
31/05/2001,,0.002741814
01/06/2001,,0.01873076
02/06/2001,,0.003427267
03/06/2001,,0.002563
04/06/2001,,9.09E-04
05/06/2001,,0.041484833
06/06/2001,,0.002294779
07/06/2001,,0.026196241
08/06/2001,,0.003516674
09/06/2001,,0.005975366
10/06/2001,,0.005662441
11/06/2001,,0.002995133
12/06/2001,,0.011086464
13/06/2001,,0.05248189
14/06/2001,,0.001057982
15/06/2001,,0.004276633
16/06/2001,,0.01257658
17/06/2001,,0.114768744
18/06/2001,,0.005543232
19/06/2001,,0.004827976
20/06/2001,,0.001907349
21/06/2001,,0.005066395
22/06/2001,,0.036768615
23/06/2001,,0.011153519
24/06/2001,,0.006839633
25/06/2001,,0.016145408
26/06/2001,,0.021785498
27/06/2001,,0.007942319
28/06/2001,,0.0410676
29/06/2001,,0.05081296
30/06/2001,,0.039637089
01/07/2001,,0.013560057
02/07/2001,,0.031486154
03/07/2001,,0.009432435
04/07/2001,,0.01463294
05/07/2001,,0.011056662
06/07/2001,,0.01116097
07/07/2001,,0.002413988
08/07/2001,,0.00411272
09/07/2001,,0.021219254
10/07/2001,,0.010192394
11/07/2001,,0.008314848
12/07/2001,,0.0320822
13/07/2001,,0.005871058
14/07/2001,,0.008881092
15/07/2001,,0.035688281
16/07/2001,,0.031396747
17/07/2001,,0.019341707
18/07/2001,,0.006631017
19/07/2001,,0.008776784
20/07/2001,,0.076293945
21/07/2001,,0.824540854
22/07/2001,,0.01424551
23/07/2001,,0.007659197
24/07/2001,,0.001221895
25/07/2001,,0.007629395
26/07/2001,,0.001087785
27/07/2001,,0.00333786
28/07/2001,,0.036403537
29/07/2001,,0.083833933
30/07/2001,,0.024050474
31/07/2001,,0.005170703
01/08/2001,,0.069186091
02/08/2001,,0.002637506
03/08/2001,,0.005781651
04/08/2001,,0.033870339
05/08/2001,,0.018432736
06/08/2001,,0.007733703
07/08/2001,,0.008046627
08/08/2001,,0.012233853
09/08/2001,,0.038743019
10/08/2001,,0.02630055
11/08/2001,,0.007763505
12/08/2001,,0.027954578
13/08/2001,,0.005140901
14/08/2001,,0.00590086
15/08/2001,,0.166222453
16/08/2001,,0.004023314
17/08/2001,,0.003144145
18/08/2001,,0.021100044
19/08/2001,,0.006869435
20/08/2001,,0.028789043
21/08/2001,,0.094547868
22/08/2001,,0.004887581
23/08/2001,,0.006645918
24/08/2001,,0.033661723
25/08/2001,,0.004917383
26/08/2001,,0.016778708
27/08/2001,,0.079780817
28/08/2001,,0.006690621
29/08/2001,,0.018939376
30/08/2001,,0.008717179
31/08/2001,,0.003874302
01/09/2001,,0.005930662
02/09/2001,,0.073254108
03/09/2001,,0.201493502
04/09/2001,,0.221863389
05/09/2001,,0.041484833
06/09/2001,,0.084757805
07/09/2001,,0.006973743
08/09/2001,,0.067993999
09/09/2001,,0.121057034
10/09/2001,,0.007793307
11/09/2001,,0.007510185
12/09/2001,,0.093713403
13/09/2001,,0.027135015
14/09/2001,,0.08712709
15/09/2001,,0.133872032
16/09/2001,,0.019460917
17/09/2001,,0.009030104
18/09/2001,,0.070005655
19/09/2001,,2.223104239
20/09/2001,,0.032946467
21/09/2001,,0.34442544
22/09/2001,,0.025615096
23/09/2001,,0.003904104
24/09/2001,,0.044509768
25/09/2001,,0.013396144
26/09/2001,,0.013500452
27/09/2001,,0.016927719
28/09/2001,,0.004455447
29/09/2001,,0.011354685
30/09/2001,,0.013321638
01/10/2001,,0.005304813
02/10/2001,,0.047668815
03/10/2001,,0.00834465
04/10/2001,,0.038921833
05/10/2001,,0.008165836
06/10/2001,,0.082999468
07/10/2001,,0.001206994
08/10/2001,,8.34E-04
09/10/2001,,0.051274896
10/10/2001,,0.058948994
11/10/2001,,0.003114343
12/10/2001,,0.003263354
13/10/2001,,0.002339482
14/10/2001,,0.00102818
15/10/2001,,0.001505017
16/10/2001,,0.008285046
17/10/2001,,6.26E-04
18/10/2001,,0.003710389
19/10/2001,,0.001043081
20/10/2001,,6.41E-04
21/10/2001,,6.71E-04
22/10/2001,,9.09E-04
23/10/2001,,6.56E-04
24/10/2001,,5.96E-04
25/10/2001,,5.81E-04
26/10/2001,,6.56E-04
27/10/2001,,5.81E-04
28/10/2001,,5.51E-04
29/10/2001,,5.81E-04
30/10/2001,,6.41E-04
31/10/2001,,6.26E-04
01/11/2001,,5.81E-04
02/11/2001,,5.36E-04
03/11/2001,,5.81E-04
04/11/2001,,5.51E-04
05/11/2001,,5.96E-04
06/11/2001,,5.36E-04
07/11/2001,,5.22E-04
08/11/2001,,5.36E-04
09/11/2001,,5.96E-04
10/11/2001,,0.007495284
11/11/2001,,0.004023314
12/11/2001,,5.96E-04
13/11/2001,,5.66E-04
14/11/2001,,5.66E-04
15/11/2001,,4.92E-04
16/11/2001,,5.07E-04
17/11/2001,,5.22E-04
18/11/2001,,5.36E-04
19/11/2001,,5.07E-04
20/11/2001,,5.36E-04
21/11/2001,,7.15E-04
22/11/2001,,5.66E-04
23/11/2001,,4.62E-04
24/11/2001,,4.77E-04
25/11/2001,,4.77E-04
26/11/2001,,6.11E-04
27/11/2001,,4.62E-04
28/11/2001,,5.22E-04
29/11/2001,,5.07E-04
30/11/2001,,5.07E-04
01/12/2001,,4.62E-04
02/12/2001,,6.56E-04
03/12/2001,,4.32E-04
04/12/2001,,4.47E-04
05/12/2001,,4.47E-04
06/12/2001,,4.32E-04
07/12/2001,,4.02E-04
08/12/2001,,4.17E-04
09/12/2001,,4.32E-04
10/12/2001,,4.02E-04
11/12/2001,,4.17E-04
12/12/2001,,4.02E-04
13/12/2001,,4.02E-04
14/12/2001,,5.36E-04
15/12/2001,,4.47E-04
16/12/2001,,3.87E-04
17/12/2001,,4.02E-04
18/12/2001,,3.87E-04
19/12/2001,,3.73E-04
20/12/2001,,4.10E-04
21/12/2001,,4.25E-04
22/12/2001,,4.17E-04
23/12/2001,,4.17E-04
24/12/2001,,4.77E-04
25/12/2001,,4.17E-04
26/12/2001,,4.62E-04
27/12/2001,,4.32E-04
28/12/2001,,3.58E-04
29/12/2001,,3.87E-04
30/12/2001,,4.62E-04
31/12/2001,,4.62E-04
01/01/2002,,3.73E-04
02/01/2002,,3.43E-04
03/01/2002,,3.43E-04
04/01/2002,,3.28E-04
05/01/2002,,3.28E-04
06/01/2002,,3.43E-04
07/01/2002,,0.002071261
08/01/2002,,3.28E-04
09/01/2002,,3.28E-04
10/01/2002,,3.28E-04
11/01/2002,,3.28E-04
12/01/2002,,3.28E-04
13/01/2002,,3.13E-04
14/01/2002,,3.13E-04
15/01/2002,,3.13E-04
16/01/2002,,3.13E-04
17/01/2002,,2.98E-04
18/01/2002,,2.98E-04
19/01/2002,,2.98E-04
20/01/2002,,2.98E-04
21/01/2002,,2.98E-04
22/01/2002,,4.62E-04
23/01/2002,,3.28E-04
24/01/2002,,3.28E-04
25/01/2002,,2.98E-04
26/01/2002,,2.98E-04
27/01/2002,,2.83E-04
28/01/2002,,2.83E-04
29/01/2002,,2.98E-04
30/01/2002,,2.83E-04
31/01/2002,,2.53E-04
01/02/2002,,2.68E-04
02/02/2002,,2.83E-04
03/02/2002,,2.53E-04
04/02/2002,,2.83E-04
05/02/2002,,2.53E-04
06/02/2002,,2.68E-04
07/02/2002,,2.53E-04
08/02/2002,,2.83E-04
09/02/2002,,2.53E-04
10/02/2002,,2.53E-04
11/02/2002,,2.53E-04
12/02/2002,,2.53E-04
13/02/2002,,2.38E-04
14/02/2002,,2.38E-04
15/02/2002,,2.53E-04
16/02/2002,,2.38E-04
17/02/2002,,2.38E-04
18/02/2002,,2.24E-04
19/02/2002,,2.68E-04
20/02/2002,,2.24E-04
21/02/2002,,2.98E-04
22/02/2002,,2.38E-04
23/02/2002,,3.28E-04
24/02/2002,,2.68E-04
25/02/2002,,2.68E-04
26/02/2002,,0.00166893
27/02/2002,,2.38E-04
28/02/2002,,2.98E-04
01/03/2002,,9.54E-04
02/03/2002,,3.58E-04
03/03/2002,,2.38E-04
04/03/2002,,2.38E-04
05/03/2002,,3.58E-04
06/03/2002,,0.004589558
07/03/2002,,6.11E-04
08/03/2002,,0.02501905
09/03/2002,,0.043034554
10/03/2002,,0.036612153
11/03/2002,,0.014305115
12/03/2002,,2.09E-04
13/03/2002,,2.53E-04
14/03/2002,,1.79E-04
15/03/2002,,2.24E-04
16/03/2002,,2.24E-04
17/03/2002,,5.81E-04
18/03/2002,,5.22E-04
19/03/2002,,0.009402633
20/03/2002,,2.68E-04
21/03/2002,,1.94E-04
22/03/2002,,2.09E-04
23/03/2002,,2.09E-04
24/03/2002,,1.94E-04
25/03/2002,,0.012397766
26/03/2002,,2.53E-04
27/03/2002,,0.010967255
28/03/2002,,0.002399087
29/03/2002,,2.24E-04
30/03/2002,,1.94E-04
31/03/2002,,1.94E-04
01/04/2002,,2.16E-04
02/04/2002,,1.79E-04
03/04/2002,,2.24E-04
04/04/2002,,0.014349818
05/04/2002,,0.0012815
06/04/2002,,0.001758337
07/04/2002,,0.004649162
08/04/2002,,0.04273653
09/04/2002,,2.53E-04
10/04/2002,,2.83E-04
11/04/2002,,0.002205372
12/04/2002,,4.32E-04
13/04/2002,,0.032752752
14/04/2002,,4.62E-04
15/04/2002,,0.034853816
16/04/2002,,0.018909574
17/04/2002,,0.058233738
18/04/2002,,0.016093254
19/04/2002,,0.001266599
20/04/2002,,0.003963709
21/04/2002,,0.004678965
22/04/2002,,0.004440546
23/04/2002,,0.004172325
24/04/2002,,0.003531575
25/04/2002,,0.037312508
26/04/2002,,0.005364418
27/04/2002,,2.38E-04
28/04/2002,,2.68E-04
29/04/2002,,4.32E-04
30/04/2002,,8.79E-04
01/05/2002,,0.005066395
02/05/2002,,0.017091632
03/05/2002,,7.75E-04
04/05/2002,,0.022754073
05/05/2002,,0.012040138
06/05/2002,,0.003218651
07/05/2002,,0.001296401
08/05/2002,,0.009253621
09/05/2002,,0.039696693
10/05/2002,,0.023558736
11/05/2002,,0.009983778
12/05/2002,,6.85E-04
13/05/2002,,0.001803041
14/05/2002,,0.006303191
15/05/2002,,0.00102818
16/05/2002,,4.77E-04
17/05/2002,,0.001639128
18/05/2002,,0.001430511
19/05/2002,,0.001057982
20/05/2002,,0.013366342
21/05/2002,,0.001162291
22/05/2002,,0.03182888
23/05/2002,,8.94E-04
24/05/2002,,0.005915761
25/05/2002,,5.22E-04
26/05/2002,,1.64E-04
27/05/2002,,6.71E-04
28/05/2002,,0.005550683
29/05/2002,,0.0365749
30/05/2002,,3.43E-04
31/05/2002,,2.24E-04
01/06/2002,,0.016130507
02/06/2002,,0.046163797
03/06/2002,,0.019356608
04/06/2002,,0.033736229
05/06/2002,,5.531191826
06/06/2002,,0.017762184
07/06/2002,,1.34E-04
08/06/2002,,0.006094575
09/06/2002,,0.046998262
10/06/2002,,0.03246218
11/06/2002,,2.91E-04
12/06/2002,,0.055804849
13/06/2002,,0.28796494
14/06/2002,,0.042587519
15/06/2002,,8.94E-04
16/06/2002,,0.003412366
17/06/2002,,0.003576279
18/06/2002,,0.217720866
19/06/2002,,0.086948276
20/06/2002,,0.015646219
21/06/2002,,3.13E-04
22/06/2002,,0.003308058
23/06/2002,,0.038951635
24/06/2002,,0.055029988
25/06/2002,,0.003710389
26/06/2002,,0.017657876
27/06/2002,,0.008791685
28/06/2002,,0.006362796
29/06/2002,,0.002533197
30/06/2002,,0.046178699
01/07/2002,,0.022575259
02/07/2002,,0.014558434
03/07/2002,,0.094607472
04/07/2002,,0.001773238
05/07/2002,,0.003069639
06/07/2002,,0.024139881
07/07/2002,,5.66E-04
08/07/2002,,0.001996756
09/07/2002,,3.43E-04
10/07/2002,,0.002533197
11/07/2002,,0.012502074
12/07/2002,,0.004410744
13/07/2002,,0.002220273
14/07/2002,,8.05E-04
15/07/2002,,0.00436604
16/07/2002,,0.032871962
17/07/2002,,0.016674399
18/07/2002,,0.018328428
19/07/2002,,0.010102987
20/07/2002,,0.011190772
21/07/2002,,0.098049641
22/07/2002,,0.023514032
23/07/2002,,0.046029687
24/07/2002,,0.003248453
25/07/2002,,0.01001358
26/07/2002,,0.082150102
27/07/2002,,0.019297004
28/07/2002,,0.024691224
29/07/2002,,0.006243587
30/07/2002,,0.080063939
31/07/2002,,0.106796622
01/08/2002,,1.355797052
02/08/2002,,0.003069639
03/08/2002,,0.040128827
04/08/2002,,0.064626336
05/08/2002,,4.154831171
06/08/2002,,0.332817435
07/08/2002,,0.004544854
08/08/2002,,3.58E-04
09/08/2002,,0.039488077
10/08/2002,,0.001192093
11/08/2002,,0.036716461
12/08/2002,,0.074967742
13/08/2002,,0.035002828
14/08/2002,,0.01822412
15/08/2002,,0.011667609
16/08/2002,,0.030651689
17/08/2002,,0.107496977
18/08/2002,,0.011995435
19/08/2002,,0.026151538
20/08/2002,,0.049546361
21/08/2002,,0.065743923
22/08/2002,,0.179126859
23/08/2002,,20.61901987
24/08/2002,,0.016659498
25/08/2002,,0.042453408
26/08/2002,,3.887623549
27/08/2002,,0.006347895
28/08/2002,,0.046819448
29/08/2002,,4.687845707
30/08/2002,,0.860348344
31/08/2002,,0.072464347
01/09/2002,,0.027358532
02/09/2002,,0.006079674
03/09/2002,,0.023692846
04/09/2002,,0.960022211
05/09/2002,,0.005155802
06/09/2002,,0.914081931
07/09/2002,,0.047698617
08/09/2002,,0.013381243
09/09/2002,,42.96267033
10/09/2002,,0.007942319
11/09/2002,,0.005125999
12/09/2002,,0.342383981
13/09/2002,,0.065863132
14/09/2002,,0.008672476
15/09/2002,,0.246584415
16/09/2002,,0.002354383
17/09/2002,,0.092446804
18/09/2002,,0.252589583
19/09/2002,,0.102430582
20/09/2002,,0.021457672
21/09/2002,,0.045537949
22/09/2002,,0.040754676
23/09/2002,,0.016584992
24/09/2002,,0.074893236
25/09/2002,,0.024437904
26/09/2002,,0.009447336
27/09/2002,,0.001773238
28/09/2002,,0.04260242
29/09/2002,,0.030010939
30/09/2002,,0.020831823
01/10/2002,,0.070378184
02/10/2002,,0.159844756
03/10/2002,,0.031813979
04/10/2002,,0.078439713
05/10/2002,,0.10073185
06/10/2002,,0.041179359
07/10/2002,,0.062644482
08/10/2002,,0.014960766
09/10/2002,,0.0885427
10/10/2002,,0.046908855
11/10/2002,,0.016048551
12/10/2002,,0.03258884
13/10/2002,,0.002324581
14/10/2002,,0.047326088
15/10/2002,,0.033408403
16/10/2002,,0.272735953
17/10/2002,,0.032112002
18/10/2002,,0.824511051
19/10/2002,,0.097334385
20/10/2002,,0.004008412
21/10/2002,,8.64E-04
22/10/2002,,0.066280365
23/10/2002,,0.004246831
24/10/2002,,0.022679567
25/10/2002,,0.004604459
26/10/2002,,0.001132488
27/10/2002,,8.20E-04
28/10/2002,,9.54E-04
29/10/2002,,0.00269711
30/10/2002,,8.94E-04
31/10/2002,,0.001192093
01/11/2002,,9.24E-04
02/11/2002,,8.64E-04
03/11/2002,,0.001654029
04/11/2002,,0.056609511
05/11/2002,,0.019744039
06/11/2002,,0.001847744
07/11/2002,,0.001013279
08/11/2002,,9.98E-04
09/11/2002,,0.001609325
10/11/2002,,0.00269711
11/11/2002,,9.54E-04
12/11/2002,,0.001102686
13/11/2002,,8.79E-04
14/11/2002,,9.24E-04
15/11/2002,,9.54E-04
16/11/2002,,8.49E-04
17/11/2002,,0.001013279
18/11/2002,,9.54E-04
19/11/2002,,9.24E-04
20/11/2002,,9.83E-04
21/11/2002,,9.09E-04
22/11/2002,,8.64E-04
23/11/2002,,8.94E-04
24/11/2002,,8.64E-04
25/11/2002,,9.69E-04
26/11/2002,,0.001206994
27/11/2002,,8.94E-04
28/11/2002,,8.05E-04
29/11/2002,,8.49E-04
30/11/2002,,8.05E-04
01/12/2002,,0.001087785
02/12/2002,,8.87E-04
03/12/2002,,0.001013279
04/12/2002,,7.90E-04
05/12/2002,,0.002354383
06/12/2002,,0.002011657
07/12/2002,,9.09E-04
08/12/2002,,8.34E-04
09/12/2002,,7.90E-04
10/12/2002,,8.05E-04
11/12/2002,,7.75E-04
12/12/2002,,7.90E-04
13/12/2002,,7.75E-04
14/12/2002,,8.49E-04
15/12/2002,,8.94E-04
16/12/2002,,7.15E-04
17/12/2002,,7.45E-04
18/12/2002,,7.30E-04
19/12/2002,,7.15E-04
20/12/2002,,7.00E-04
21/12/2002,,7.15E-04
22/12/2002,,6.85E-04
23/12/2002,,6.85E-04
24/12/2002,,7.00E-04
25/12/2002,,6.85E-04
26/12/2002,,6.85E-04
27/12/2002,,6.41E-04
28/12/2002,,6.85E-04
29/12/2002,,6.41E-04
30/12/2002,,6.56E-04
31/12/2002,,6.56E-04
01/01/2003,,6.56E-04
02/01/2003,,6.41E-04
03/01/2003,,6.56E-04
04/01/2003,,6.26E-04
05/01/2003,,5.96E-04
06/01/2003,,6.26E-04
07/01/2003,,6.41E-04
08/01/2003,,6.26E-04
09/01/2003,,6.11E-04
10/01/2003,,6.56E-04
11/01/2003,,0.007465482
12/01/2003,,0.001192093
13/01/2003,,5.96E-04
14/01/2003,,6.71E-04
15/01/2003,,6.26E-04
16/01/2003,,5.66E-04
17/01/2003,,7.15E-04
18/01/2003,,5.96E-04
19/01/2003,,7.75E-04
20/01/2003,,5.96E-04
21/01/2003,,6.26E-04
22/01/2003,,8.64E-04
23/01/2003,,9.24E-04
24/01/2003,,5.36E-04
25/01/2003,,8.64E-04
26/01/2003,,5.51E-04
27/01/2003,,5.66E-04
28/01/2003,,5.36E-04
29/01/2003,,5.36E-04
30/01/2003,,6.11E-04
31/01/2003,,5.36E-04
01/02/2003,,5.07E-04
02/02/2003,,5.07E-04
03/02/2003,,5.07E-04
04/02/2003,,5.66E-04
05/02/2003,,4.99E-04
06/02/2003,,4.99E-04
07/02/2003,,4.77E-04
08/02/2003,,4.77E-04
09/02/2003,,5.07E-04
10/02/2003,,5.07E-04
11/02/2003,,5.51E-04
12/02/2003,,4.77E-04
13/02/2003,,0.001117587
14/02/2003,,4.32E-04
15/02/2003,,7.75E-04
16/02/2003,,0.002458692
17/02/2003,,0.003650784
18/02/2003,,4.32E-04
19/02/2003,,4.47E-04
20/02/2003,,4.47E-04
21/02/2003,,4.47E-04
22/02/2003,,0.003889203
23/02/2003,,6.26E-04
24/02/2003,,4.62E-04
25/02/2003,,6.85E-04
26/02/2003,,4.17E-04
27/02/2003,,4.02E-04
28/02/2003,,4.32E-04
01/03/2003,,4.17E-04
02/03/2003,,4.02E-04
03/03/2003,,5.22E-04
04/03/2003,,4.02E-04
05/03/2003,,4.32E-04
06/03/2003,,3.87E-04
07/03/2003,,3.73E-04
08/03/2003,,6.26E-04
09/03/2003,,4.17E-04
10/03/2003,,5.51E-04
11/03/2003,,3.73E-04
12/03/2003,,3.43E-04
13/03/2003,,4.32E-04
14/03/2003,,3.58E-04
15/03/2003,,3.43E-04
16/03/2003,,3.73E-04
17/03/2003,,3.28E-04
18/03/2003,,3.58E-04
19/03/2003,,3.58E-04
20/03/2003,,0.002160668
21/03/2003,,6.71E-04
22/03/2003,,4.92E-04
23/03/2003,,7.60E-04
24/03/2003,,3.73E-04
25/03/2003,,4.17E-04
26/03/2003,,5.66E-04
27/03/2003,,6.26E-04
28/03/2003,,3.65E-04
29/03/2003,,4.40E-04
30/03/2003,,0.005424023
31/03/2003,,3.13E-04
01/04/2003,,4.62E-04
02/04/2003,,5.81E-04
03/04/2003,,0.010922551
04/04/2003,,3.13E-04
05/04/2003,,0.001013279
06/04/2003,,0.015631318
07/04/2003,,0.0089854
08/04/2003,,0.015795231
09/04/2003,,0.001236796
10/04/2003,,0.001445413
11/04/2003,,0.002369285
12/04/2003,,0.011652708
13/04/2003,,3.28E-04
14/04/2003,,0.002384186
15/04/2003,,0.003397465
16/04/2003,,4.62E-04
17/04/2003,,0.058397651
18/04/2003,,0.049054623
19/04/2003,,0.025317073
20/04/2003,,5.96E-04
21/04/2003,,0.018268824
22/04/2003,,7.00E-04
23/04/2003,,0.001609325
24/04/2003,,8.49E-04
25/04/2003,,0.009462237
26/04/2003,,0.002592802
27/04/2003,,9.24E-04
28/04/2003,,3.87E-04
29/04/2003,,4.17E-04
30/04/2003,,4.32E-04
01/05/2003,,2.38E-04
02/05/2003,,2.98E-04
03/05/2003,,2.38E-04
04/05/2003,,2.38E-04
05/05/2003,,2.68E-04
06/05/2003,,0.001788139
07/05/2003,,0.005289912
08/05/2003,,5.36E-04
09/05/2003,,0.001400709
10/05/2003,,3.58E-04
11/05/2003,,0.001832843
12/05/2003,,5.66E-04
13/05/2003,,0.00102818
14/05/2003,,7.90E-04
15/05/2003,,4.92E-04
16/05/2003,,0.002756715
17/05/2003,,0.007599592
18/05/2003,,0.01360476
19/05/2003,,0.00436604
20/05/2003,,0.002346933
21/05/2003,,5.44E-04
22/05/2003,,0.00166893
23/05/2003,,4.47E-04
24/05/2003,,8.20E-04
25/05/2003,,0.010371208
26/05/2003,,0.003963709
27/05/2003,,0.01488626
28/05/2003,,0.019237399
29/05/2003,,0.134021044
30/05/2003,,0.041350722
31/05/2003,,0.009045005
01/06/2003,,0.021785498
02/06/2003,,0.059008598
03/06/2003,,0.051498413
04/06/2003,,0.038444996
05/06/2003,,0.031799078
06/06/2003,,0.055193901
07/06/2003,,0.004604459
08/06/2003,,0.027120113
09/06/2003,,5.651384592
10/06/2003,,0.031381845
11/06/2003,,1.998364925
12/06/2003,,0.027000904
13/06/2003,,0.001817942
14/06/2003,,0.001192093
15/06/2003,,0.004976988
16/06/2003,,0.006049871
17/06/2003,,0.005841255
18/06/2003,,0.013694167
19/06/2003,,0.02270937
20/06/2003,,0.006049871
21/06/2003,,0.017479062
22/06/2003,,0.424191356
23/06/2003,,0.006452203
24/06/2003,,0.115126371
25/06/2003,,0.202745199
26/06/2003,,0.001490116
27/06/2003,,0.002473593
28/06/2003,,0.023186207
29/06/2003,,0.015884638
30/06/2003,,0.001549721
01/07/2003,,0.003650784
02/07/2003,,0.039070845
03/07/2003,,0.027239323
04/07/2003,,6.85E-04
05/07/2003,,2.24E-04
06/07/2003,,2.38E-04
07/07/2003,,0.005021691
08/07/2003,,0.004768372
09/07/2003,,0.029176474
10/07/2003,,0.037521124
11/07/2003,,0.009462237
12/07/2003,,0.014230609
13/07/2003,,0.014960766
14/07/2003,,0.010326505
15/07/2003,,0.026896596
16/07/2003,,0.032514334
17/07/2003,,0.003427267
18/07/2003,,0.017464161
19/07/2003,,0.072970986
20/07/2003,,0.066831708
21/07/2003,,0.012099743
22/07/2003,,0.004515052
23/07/2003,,0.002577901
24/07/2003,,0.002041459
25/07/2003,,0.00500679
26/07/2003,,0.015377998
27/07/2003,,0.002488494
28/07/2003,,0.001385808
29/07/2003,,0.011622906
30/07/2003,,0.002920628
31/07/2003,,0.052541494
01/08/2003,,0.054121017
02/08/2003,,0.00244379
03/08/2003,,0.009477139
04/08/2003,,0.012129545
05/08/2003,,0.037103891
06/08/2003,,0.010550022
07/08/2003,,8.94E-04
08/08/2003,,5.81E-04
09/08/2003,,0.025227666
10/08/2003,,0.102341175
11/08/2003,,0.0423491
12/08/2003,,0.032916665
13/08/2003,,0.032439828
14/08/2003,,0.01847744
15/08/2003,,0.016033649
16/08/2003,,0.038355589
17/08/2003,,0.002920628
18/08/2003,,0.07045269
19/08/2003,,0.781446695
20/08/2003,,3.064021468
21/08/2003,,0.003695488
22/08/2003,,2.155169845
23/08/2003,,2.845555544
24/08/2003,,0.002160668
25/08/2003,,0.003576279
26/08/2003,,0.094607472
27/08/2003,,0.018447638
28/08/2003,,0.072002411
29/08/2003,,0.016480684
30/08/2003,,0.020965934
31/08/2003,,0.029578805
01/09/2003,,0.003427267
02/09/2003,,0.01013279
03/09/2003,,0.261589885
04/09/2003,,0.007331371
05/09/2003,,0.050410628
06/09/2003,,0.040382147
07/09/2003,,0.022977591
08/09/2003,,0.084131956
09/09/2003,,0.004976988
10/09/2003,,0.025704503
11/09/2003,,0.0038445
12/09/2003,,0.221997499
13/09/2003,,0.010430813
14/09/2003,,0.002563
15/09/2003,,0.022128224
16/09/2003,,0.004306436
17/09/2003,,0.002980232
18/09/2003,,0.02785027
19/09/2003,,0.029474497
20/09/2003,,0.013545156
21/09/2003,,0.071749091
22/09/2003,,0.127375126
23/09/2003,,0.320136547
24/09/2003,,0.096529722
25/09/2003,,0.046551228
26/09/2003,,0.071644783
27/09/2003,,0.006884336
28/09/2003,,0.01116097
29/09/2003,,0.101357698
30/09/2003,,2.100080252
01/10/2003,,0.030770898
02/10/2003,,1.47973001
03/10/2003,,0.011488795
04/10/2003,,0.003620982
05/10/2003,,0.07326901
06/10/2003,,0.087887049
07/10/2003,,0.027984381
08/10/2003,,0.068351626
09/10/2003,,0.00654161
10/10/2003,,0.00269711
11/10/2003,,0.005170703
12/10/2003,,0.005230308
13/10/2003,,0.086650252
14/10/2003,,0.033646822
15/10/2003,,0.397995114
16/10/2003,,0.068634748
17/10/2003,,7.45E-04
18/10/2003,,0.001505017
19/10/2003,,7.15E-04
20/10/2003,,0.009343028
21/10/2003,,0.011980534
22/10/2003,,0.015720725
23/10/2003,,0.01488626
24/10/2003,,0.002130866
25/10/2003,,0.003293157
26/10/2003,,0.004723668
27/10/2003,,0.002861023
28/10/2003,,4.02E-04
29/10/2003,,0.002503395
30/10/2003,,0.005498528
31/10/2003,,0.013872981
01/11/2003,,0.065669417
02/11/2003,,0.00526011
03/11/2003,,0.001147389
04/11/2003,,4.62E-04
05/11/2003,,2.38E-04
06/11/2003,,0.00333786
07/11/2003,,0.007346272
08/11/2003,,0.062704086
09/11/2003,,0.001743436
10/11/2003,,4.47E-04
11/11/2003,,2.68E-04
12/11/2003,,4.62E-04
13/11/2003,,5.07E-04
14/11/2003,,0.001579523
15/11/2003,,3.87E-04
16/11/2003,,2.98E-04
17/11/2003,,6.56E-04
18/11/2003,,2.98E-04
19/11/2003,,2.68E-04
20/11/2003,,7.45E-04
21/11/2003,,5.96E-04
22/11/2003,,3.13E-04
23/11/2003,,2.83E-04
24/11/2003,,2.53E-04
25/11/2003,,2.53E-04
26/11/2003,,2.68E-04
27/11/2003,,2.53E-04
28/11/2003,,2.83E-04
29/11/2003,,2.53E-04
30/11/2003,,2.53E-04
01/12/2003,,2.38E-04
02/12/2003,,2.24E-04
03/12/2003,,2.83E-04
04/12/2003,,3.43E-04
05/12/2003,,3.87E-04
06/12/2003,,5.66E-04
07/12/2003,,2.24E-04
08/12/2003,,2.09E-04
09/12/2003,,2.24E-04
10/12/2003,,2.09E-04
11/12/2003,,2.24E-04
12/12/2003,,2.09E-04
13/12/2003,,3.13E-04
14/12/2003,,2.24E-04
15/12/2003,,3.13E-04
16/12/2003,,2.76E-04
17/12/2003,,3.35E-04
18/12/2003,,1.94E-04
19/12/2003,,1.94E-04
20/12/2003,,2.53E-04
21/12/2003,,2.09E-04
22/12/2003,,2.24E-04
23/12/2003,,2.09E-04
24/12/2003,,2.09E-04
25/12/2003,,2.09E-04
26/12/2003,,2.09E-04
27/12/2003,,2.24E-04
28/12/2003,,1.79E-04
29/12/2003,,1.94E-04
30/12/2003,,1.79E-04
31/12/2003,,1.94E-04
01/01/2004,,1.79E-04
02/01/2004,,1.94E-04
03/01/2004,,1.79E-04
04/01/2004,,1.79E-04
05/01/2004,,1.94E-04
06/01/2004,,1.79E-04
07/01/2004,,2.38E-04
08/01/2004,,2.83E-04
09/01/2004,,1.94E-04
10/01/2004,,1.79E-04
11/01/2004,,1.94E-04
12/01/2004,,1.94E-04
13/01/2004,,1.64E-04
14/01/2004,,1.94E-04
15/01/2004,,1.79E-04
16/01/2004,,1.64E-04
17/01/2004,,1.94E-04
18/01/2004,,3.43E-04
19/01/2004,,0.002115965
20/01/2004,,0.007256866
21/01/2004,,0.029668212
22/01/2004,,2.09E-04
23/01/2004,,1.64E-04
24/01/2004,,2.01E-04
25/01/2004,,8.27E-04
26/01/2004,,1.79E-04
27/01/2004,,1.64E-04
28/01/2004,,1.49E-04
29/01/2004,,1.94E-04
30/01/2004,,1.64E-04
31/01/2004,,1.49E-04
01/02/2004,,2.24E-04
02/02/2004,,8.20E-04
03/02/2004,,1.79E-04
04/02/2004,,1.49E-04
05/02/2004,,1.34E-04
06/02/2004,,1.94E-04
07/02/2004,,1.49E-04
08/02/2004,,1.49E-04
09/02/2004,,1.49E-04
10/02/2004,,1.49E-04
11/02/2004,,1.34E-04
12/02/2004,,1.49E-04
13/02/2004,,1.64E-04
14/02/2004,,1.94E-04
15/02/2004,,2.24E-04
16/02/2004,,1.34E-04
17/02/2004,,1.64E-04
18/02/2004,,2.09E-04
19/02/2004,,1.94E-04
20/02/2004,,1.64E-04
21/02/2004,,2.83E-04
22/02/2004,,3.13E-04
23/02/2004,,3.28E-04
24/02/2004,,2.09E-04
25/02/2004,,4.47E-04
26/02/2004,,0.004321337
27/02/2004,,1.49E-04
28/02/2004,,1.49E-04
29/02/2004,,0.001117587
01/03/2004,,0.001847744
02/03/2004,,0.02206862
03/03/2004,,0.007152557
04/03/2004,,1.49E-04
05/03/2004,,1.19E-04
06/03/2004,,1.19E-04
07/03/2004,,1.19E-04
08/03/2004,,1.19E-04
09/03/2004,,1.19E-04
10/03/2004,,1.19E-04
11/03/2004,,1.19E-04
12/03/2004,,1.19E-04
13/03/2004,,1.19E-04
14/03/2004,,1.19E-04
15/03/2004,,1.49E-04
16/03/2004,,1.49E-04
17/03/2004,,1.34E-04
18/03/2004,,1.49E-04
19/03/2004,,1.49E-04
20/03/2004,,3.73E-04
21/03/2004,,5.81E-04
22/03/2004,,2.53E-04
23/03/2004,,2.38E-04
24/03/2004,,1.34E-04
25/03/2004,,1.64E-04
26/03/2004,,2.09E-04
27/03/2004,,0.001609325
28/03/2004,,9.54E-04
29/03/2004,,3.28E-04
30/03/2004,,4.47E-04
31/03/2004,,0.001713634
01/04/2004,,0.007227063
02/04/2004,,0.002495944
03/04/2004,,4.99E-04
04/04/2004,,0.009268522
05/04/2004,,0.001803041
06/04/2004,,0.01001358
07/04/2004,,0.00873208
08/04/2004,,8.64E-04
09/04/2004,,0.001966953
10/04/2004,,1.94E-04
11/04/2004,,4.02E-04
12/04/2004,,3.87E-04
13/04/2004,,0.005424023
14/04/2004,,0.002399087
15/04/2004,,0.003442168
16/04/2004,,0.015795231
17/04/2004,,0.001743436
18/04/2004,,0.02206862
19/04/2004,,0.001072884
20/04/2004,,9.54E-04
21/04/2004,,0.012278557
22/04/2004,,0.008791685
23/04/2004,,0.003173947
24/04/2004,,0.002399087
25/04/2004,,1.79E-04
26/04/2004,,0.010222197
27/04/2004,,0.001758337
28/04/2004,,0.002250075
29/04/2004,,0.01308322
30/04/2004,,0.002160668
01/05/2004,,9.98E-04
02/05/2004,,5.36E-04
03/05/2004,,1.19E-04
04/05/2004,,0.001013279
05/05/2004,,0.032514334
06/05/2004,,0.027924776
07/05/2004,,5.07E-04
08/05/2004,,0.008136034
09/05/2004,,3.58E-04
10/05/2004,,0.009030104
11/05/2004,,0.003561378
12/05/2004,,0.018149614
13/05/2004,,0.008970499
14/05/2004,,0.035241246
15/05/2004,,0.013753772
16/05/2004,,2.09E-04
17/05/2004,,0.008910894
18/05/2004,,0.057339668
19/05/2004,,5.07E-04
20/05/2004,,0.032395124
21/05/2004,,0.025853515
22/05/2004,,0.054389238
23/05/2004,,0.035002828
24/05/2004,,0.006243587
25/05/2004,,0.35366416
26/05/2004,,0.75186789
27/05/2004,,0.001803041
28/05/2004,,0.003874302
29/05/2004,,0.015318394
30/05/2004,,0.018313527
31/05/2004,,0.004276633
01/06/2004,,0.016450882
02/06/2004,,0.036403537
03/06/2004,,0.085428357
04/06/2004,,0.071555376
05/06/2004,,0.001519918
06/06/2004,,0.007405877
07/06/2004,,0.013902783
08/06/2004,,0.018149614
09/06/2004,,0.206515193
10/06/2004,,0.006407499
11/06/2004,,0.00179559
12/06/2004,,0.002935529
13/06/2004,,0.052586198
14/06/2004,,0.002980232
15/06/2004,,0.046178699
16/06/2004,,0.042080879
17/06/2004,,0.005826354
18/06/2004,,0.011131167
19/06/2004,,0.004261732
20/06/2004,,6.11E-04
21/06/2004,,0.006303191
22/06/2004,,0.027731061
23/06/2004,,0.014305115
24/06/2004,,0.002771616
25/06/2004,,0.004261732
26/06/2004,,0.004678965
27/06/2004,,0.020034611
28/06/2004,,0.090621412
29/06/2004,,2.68E-04
30/06/2004,,0.010341406
01/07/2004,,0.014275312
02/07/2004,,0.029847026
03/07/2004,,0.023007393
04/07/2004,,0.009998679
05/07/2004,,0.014141202
06/07/2004,,0.042423606
07/07/2004,,0.020593405
08/07/2004,,0.042438507
09/07/2004,,0.013381243
10/07/2004,,0.036150217
11/07/2004,,0.017255545
12/07/2004,,0.058814883
13/07/2004,,0.070855021
14/07/2004,,0.030770898
15/07/2004,,0.003829598
16/07/2004,,0.005438924
17/07/2004,,0.064313412
18/07/2004,,0.079810619
19/07/2004,,0.004947186
20/07/2004,,0.009328127
21/07/2004,,0.014647841
22/07/2004,,0.018820167
23/07/2004,,0.06005168
24/07/2004,,0.03233552
25/07/2004,,0.007942319
26/07/2004,,0.003561378
27/07/2004,,0.035494566
28/07/2004,,0.020802021
29/07/2004,,0.005692244
30/07/2004,,0.020965934
31/07/2004,,0.003278255
01/08/2004,,0.001728535
02/08/2004,,0.026836991
03/08/2004,,0.040799379
04/08/2004,,0.001907349
05/08/2004,,0.048428774
06/08/2004,,0.09816885
07/08/2004,,0.003680587
08/08/2004,,0.00603497
09/08/2004,,0.13448298
10/08/2004,,0.040918589
11/08/2004,,0.009208918
12/08/2004,,0.00230968
13/08/2004,,0.033691525
14/08/2004,,0.003099442
15/08/2004,,0.006437302
16/08/2004,,0.00333786
17/08/2004,,0.001698732
18/08/2004,,0.003114343
19/08/2004,,0.00217557
20/08/2004,,0.001400709
21/08/2004,,0.165387988
22/08/2004,,0.049039721
23/08/2004,,0.010371208
24/08/2004,,0.058054924
25/08/2004,,0.18337369
26/08/2004,,0.014141202
27/08/2004,,0.017821789
28/08/2004,,0.022515655
29/08/2004,,0.031173229
30/08/2004,,0.030010939
31/08/2004,,0.003933907
01/09/2004,,0.00539422
02/09/2004,,0.017702579
03/09/2004,,0.020727515
04/09/2004,,0.020772219
05/09/2004,,0.003963709
06/09/2004,,0.028640032
07/09/2004,,0.005587935
08/09/2004,,0.011473894
09/09/2004,,0.001519918
10/09/2004,,0.037878752
11/09/2004,,4.361957312
12/09/2004,,0.011190772
13/09/2004,,0.071793795
14/09/2004,,0.038668513
15/09/2004,,0.006273389
16/09/2004,,0.020682812
17/09/2004,,0.003054738
18/09/2004,,0.010937452
19/09/2004,,0.042438507
20/09/2004,,0.050202012
21/09/2004,,0.048488379
22/09/2004,,0.014036894
23/09/2004,,0.006347895
24/09/2004,,0.015676022
25/09/2004,,0.022441149
26/09/2004,,0.012904406
27/09/2004,,0.002712011
28/09/2004,,0.006645918
29/09/2004,,0.034183264
30/09/2004,,0.011533499
01/10/2004,,0.021904707
02/10/2004,,0.003561378
03/10/2004,,0.025123358
04/10/2004,,0.043064356
05/10/2004,,0.009715557
06/10/2004,,0.0038445
07/10/2004,,0.001400709
08/10/2004,,0.003233552
09/10/2004,,0.003412366
10/10/2004,,0.031352043
11/10/2004,,0.24522841
12/10/2004,,0.001311302
13/10/2004,,0.002205372
14/10/2004,,0.037640333
15/10/2004,,0.003099442
16/10/2004,,2.53E-04
17/10/2004,,0.002786517
18/10/2004,,1.49E-04
19/10/2004,,1.49E-04
20/10/2004,,0.001206994
21/10/2004,,0.006988645
22/10/2004,,1.94E-04
23/10/2004,,5.07E-04
24/10/2004,,7.15E-04
25/10/2004,,0.002890825
26/10/2004,,1.64E-04
27/10/2004,,0.005096197
28/10/2004,,6.41E-04
29/10/2004,,0.022903085
30/10/2004,,0.00244379
31/10/2004,,8.49E-04
01/11/2004,,0.002563
02/11/2004,,0.001072884
03/11/2004,,0.001549721
04/11/2004,,4.77E-04
05/11/2004,,0.001221895
06/11/2004,,1.19E-04
07/11/2004,,4.17E-04
08/11/2004,,7.75E-04
09/11/2004,,2.09E-04
10/11/2004,,1.49E-04
11/11/2004,,1.79E-04
12/11/2004,,0.001236796
13/11/2004,,0.004708767
14/11/2004,,2.01E-04
15/11/2004,,4.17E-04
16/11/2004,,1.79E-04
17/11/2004,,1.64E-04
18/11/2004,,2.09E-04
19/11/2004,,8.64E-04
20/11/2004,,6.41E-04
21/11/2004,,1.04E-04
22/11/2004,,7.45E-05
23/11/2004,,1.19E-04
24/11/2004,,6.41E-04
25/11/2004,,5.22E-04
26/11/2004,,2.98E-04
27/11/2004,,5.96E-05
28/11/2004,,1.19E-04
29/11/2004,,1.04E-04
30/11/2004,,1.34E-04
01/12/2004,,5.96E-05
02/12/2004,,5.96E-05
03/12/2004,,5.96E-05
04/12/2004,,7.45E-05
05/12/2004,,5.96E-05
06/12/2004,,1.04E-04
07/12/2004,,6.71E-05
08/12/2004,,5.96E-05
09/12/2004,,7.45E-05
10/12/2004,,7.45E-05
11/12/2004,,8.94E-05
12/12/2004,,1.04E-04
13/12/2004,,1.49E-04
14/12/2004,,8.94E-05
15/12/2004,,2.68E-04
16/12/2004,,2.38E-04
17/12/2004,,1.04E-04
18/12/2004,,7.45E-05
19/12/2004,,8.94E-05
20/12/2004,,7.45E-05
21/12/2004,,7.45E-05
22/12/2004,,8.94E-05
23/12/2004,,2.09E-04
24/12/2004,,1.34E-04
25/12/2004,,7.45E-05
26/12/2004,,1.04E-04
27/12/2004,,7.45E-05
28/12/2004,,5.96E-05
29/12/2004,,7.45E-05
30/12/2004,,3.87E-04
31/12/2004,,3.28E-04
01/01/2005,,8.94E-05
02/01/2005,,5.96E-05
03/01/2005,,5.96E-05
04/01/2005,,5.96E-05
05/01/2005,,5.96E-05
06/01/2005,,5.96E-05
07/01/2005,,5.96E-05
08/01/2005,,5.96E-05
09/01/2005,,5.96E-05
10/01/2005,,5.96E-05
11/01/2005,,5.96E-05
12/01/2005,,5.96E-05
13/01/2005,,5.96E-05
14/01/2005,,5.96E-05
15/01/2005,,5.96E-05
16/01/2005,,5.96E-05
17/01/2005,,5.96E-05
18/01/2005,,5.96E-05
19/01/2005,,5.96E-05
20/01/2005,,5.96E-05
21/01/2005,,5.96E-05
22/01/2005,,4.47E-05
23/01/2005,,7.45E-05
24/01/2005,,4.47E-05
25/01/2005,,8.94E-05
26/01/2005,,4.47E-05
27/01/2005,,7.45E-05
28/01/2005,,4.47E-05
29/01/2005,,1.04E-04
30/01/2005,,1.34E-04
31/01/2005,,1.42E-04
01/02/2005,,6.71E-05
02/02/2005,,1.64E-04
03/02/2005,,4.47E-05
04/02/2005,,4.47E-05
05/02/2005,,5.96E-05
06/02/2005,,0.003516674
07/02/2005,,2.83E-04
08/02/2005,,0.006198883
09/02/2005,,0.014722347
10/02/2005,,2.09E-04
11/02/2005,,7.45E-05
12/02/2005,,7.45E-05
13/02/2005,,5.22E-05
14/02/2005,,6.71E-05
15/02/2005,,5.96E-05
16/02/2005,,4.47E-05
17/02/2005,,9.69E-05
18/02/2005,,1.71E-04
19/02/2005,,8.49E-04
20/02/2005,,0.009417534
21/02/2005,,0.006705523
22/02/2005,,1.04E-04
23/02/2005,,8.94E-05
24/02/2005,,6.71E-05
25/02/2005,,0.003360212
26/02/2005,,8.87E-04
27/02/2005,,1.64E-04
28/02/2005,,7.45E-05
01/03/2005,,8.94E-05
02/03/2005,,8.20E-04
03/03/2005,,1.04E-04
04/03/2005,,4.47E-05
05/03/2005,,7.45E-05
06/03/2005,,4.77E-04
07/03/2005,,2.68E-04
08/03/2005,,0.002563
09/03/2005,,0.004276633
10/03/2005,,0.003561378
11/03/2005,,0.008672476
12/03/2005,,0.033378601
13/03/2005,,2.53E-04
14/03/2005,,0.007197261
15/03/2005,,1.04E-04
16/03/2005,,1.34E-04
17/03/2005,,0.001490116
18/03/2005,,8.94E-04
19/03/2005,,8.34E-04
20/03/2005,,0.001147389
21/03/2005,,0.007331371
22/03/2005,,7.45E-05
23/03/2005,,0.001102686
24/03/2005,,4.47E-05
25/03/2005,,5.96E-05
26/03/2005,,7.45E-05
27/03/2005,,1.64E-04
28/03/2005,,7.45E-05
29/03/2005,,4.47E-05
30/03/2005,,7.45E-05
31/03/2005,,0.001728535
01/04/2005,,1.19E-04
02/04/2005,,1.19E-04
03/04/2005,,8.94E-05
04/04/2005,,1.49E-04
05/04/2005,,2.98E-04
06/04/2005,,3.58E-04
07/04/2005,,5.51E-04
08/04/2005,,4.62E-04
09/04/2005,,4.17E-04
10/04/2005,,1.49E-04
11/04/2005,,8.94E-05
12/04/2005,,8.94E-05
13/04/2005,,1.49E-04
14/04/2005,,0.003993511
15/04/2005,,0.002592802
16/04/2005,,5.66E-04
17/04/2005,,4.02E-04
18/04/2005,,0.002831221
19/04/2005,,0.009864569
20/04/2005,,0.013947487
21/04/2005,,0.007644296
22/04/2005,,0.021904707
23/04/2005,,0.001043081
24/04/2005,,8.94E-04
25/04/2005,,0.001043081
26/04/2005,,0.001117587
27/04/2005,,0.001192093
28/04/2005,,0.004634261
29/04/2005,,0.019535422
30/04/2005,,0.001907349
01/05/2005,,0.003471971
02/05/2005,,0.002011657
03/05/2005,,0.020727515
04/05/2005,,0.437900424
05/05/2005,,0.722408295
06/05/2005,,0.284180045
07/05/2005,,0.021219254
08/05/2005,,0.010937452
09/05/2005,,9.54E-04
10/05/2005,,0.011786819
11/05/2005,,0.001385808
12/05/2005,,1.49E-04
13/05/2005,,0.00166893
14/05/2005,,6.56E-04
15/05/2005,,7.15E-04
16/05/2005,,8.34E-04
17/05/2005,,6.26E-04
18/05/2005,,5.07E-04
19/05/2005,,6.71E-04
20/05/2005,,0.001624227
21/05/2005,,0.003129244
22/05/2005,,0.004187226
23/05/2005,,0.001341105
24/05/2005,,0.005990267
25/05/2005,,0.002577901
26/05/2005,,0.024646521
27/05/2005,,0.036180019
28/05/2005,,4.77E-04
29/05/2005,,0.002816319
30/05/2005,,0.025391579
31/05/2005,,0.017181039
01/06/2005,,5.66E-04
02/06/2005,,0.004783273
03/06/2005,,0.057399273
04/06/2005,,0.068992376
05/06/2005,,0.05094707
06/06/2005,,0.03990531
07/06/2005,,0.057369471
08/06/2005,,0.007033348
09/06/2005,,0.017747283
10/06/2005,,0.045493245
11/06/2005,,0.532418489
12/06/2005,,0.147029757
13/06/2005,,0.022143126
14/06/2005,,0.005826354
15/06/2005,,0.061005354
16/06/2005,,0.002965331
17/06/2005,,0.021323562
18/06/2005,,0.039607286
19/06/2005,,0.006839633
20/06/2005,,0.011399388
21/06/2005,,0.004291534
22/06/2005,,0.066459179
23/06/2005,,0.002324581
24/06/2005,,0.013709068
25/06/2005,,0.062853098
26/06/2005,,0.081241131
27/06/2005,,6.26E-04
28/06/2005,,0.016316772
29/06/2005,,0.025898218
30/06/2005,,0.035107136
01/07/2005,,0.002533197
02/07/2005,,0.10921061
03/07/2005,,0.04196167
04/07/2005,,0.002965331
05/07/2005,,0.052809715
06/07/2005,,7.829740644
07/07/2005,,0.00141561
08/07/2005,,0.012457371
09/07/2005,,0.144809484
10/07/2005,,0.13551116
11/07/2005,,0.011593103
12/07/2005,,0.015899539
13/07/2005,,0.079244375
14/07/2005,,0.036939979
15/07/2005,,0.017121434
16/07/2005,,0.222787261
17/07/2005,,0.173538923
18/07/2005,,0.017479062
19/07/2005,,0.01552701
20/07/2005,,0.063642859
21/07/2005,,0.020995736
22/07/2005,,0.011235476
23/07/2005,,0.019535422
24/07/2005,,0.00603497
25/07/2005,,0.003129244
26/07/2005,,0.009790063
27/07/2005,,0.036269426
28/07/2005,,0.006809831
29/07/2005,,0.008434057
30/07/2005,,0.008538365
31/07/2005,,0.001877546
01/08/2005,,2.38E-04
02/08/2005,,0.001490116
03/08/2005,,0.005602837
04/08/2005,,0.01321733
05/08/2005,,0.001251698
06/08/2005,,0.001206994
07/08/2005,,0.021442771
08/08/2005,,0.004529953
09/08/2005,,0.002607703
10/08/2005,,0.016406178
11/08/2005,,0.006407499
12/08/2005,,0.013396144
13/08/2005,,0.005424023
14/08/2005,,0.002071261
15/08/2005,,0.010251999
16/08/2005,,0.016406178
17/08/2005,,0.003382564
18/08/2005,,9.09E-04
19/08/2005,,0.001013279
20/08/2005,,0.02643466
21/08/2005,,0.001579523
22/08/2005,,0.002354383
23/08/2005,,0.010594726
24/08/2005,,0.016480684
25/08/2005,,0.004947186
26/08/2005,,0.022262335
27/08/2005,,0.003382564
28/08/2005,,0.048041344
29/08/2005,,0.068306923
30/08/2005,,0.005841255
31/08/2005,,0.080108643
01/09/2005,,0.193983316
02/09/2005,,0.030040741
03/09/2005,,0.007346272
04/09/2005,,0.061109662
05/09/2005,,0.027194619
06/09/2005,,0.011831522
07/09/2005,,0.017464161
08/09/2005,,0.004500151
09/09/2005,,0.074535608
10/09/2005,,0.005707145
11/09/2005,,0.005275011
12/09/2005,,0.002667308
13/09/2005,,0.00436604
14/09/2005,,0.009149313
15/09/2005,,0.001594424
16/09/2005,,0.002503395
17/09/2005,,6.11E-04
18/09/2005,,0.001296401
19/09/2005,,0.004202127
20/09/2005,,0.115886331
21/09/2005,,0.028148293
22/09/2005,,0.003814697
23/09/2005,,0.012367964
24/09/2005,,0.129535794
25/09/2005,,0.05556643
26/09/2005,,3.127381206
27/09/2005,,0.011608005
28/09/2005,,0.051170588
29/09/2005,,0.010997057
30/09/2005,,0.012949109
01/10/2005,,0.018671155
02/10/2005,,0.006109476
03/10/2005,,0.009864569
04/10/2005,,0.06043911
05/10/2005,,0.004932284
06/10/2005,,0.487983227
07/10/2005,,0.048056245
08/10/2005,,0.005811453
09/10/2005,,0.42681396
10/10/2005,,0.006005168
11/10/2005,,0.001117587
12/10/2005,,0.002399087
13/10/2005,,5.96E-04
14/10/2005,,6.71E-04
15/10/2005,,2.68E-04
16/10/2005,,0.001162291
17/10/2005,,0.003814697
18/10/2005,,0.006496906
19/10/2005,,0.055074692
20/10/2005,,0.057369471
21/10/2005,,0.047162175
22/10/2005,,8.05E-04
23/10/2005,,1.04E-04
24/10/2005,,2.24E-04
25/10/2005,,8.94E-05
26/10/2005,,1.49E-04
27/10/2005,,7.45E-05
28/10/2005,,1.04E-04
29/10/2005,,1.19E-04
30/10/2005,,8.94E-05
31/10/2005,,2.83E-04
01/11/2005,,0.024065375
02/11/2005,,0.0012815
03/11/2005,,0.003114343
04/11/2005,,7.90E-04
05/11/2005,,0.001475215
06/11/2005,,4.47E-05
07/11/2005,,8.94E-05
08/11/2005,,7.45E-05
09/11/2005,,5.96E-05
10/11/2005,,5.96E-05
11/11/2005,,1.94E-04
12/11/2005,,2.98E-04
13/11/2005,,4.47E-05
14/11/2005,,5.96E-05
15/11/2005,,4.47E-05
16/11/2005,,4.62E-04
17/11/2005,,1.49E-04
18/11/2005,,8.94E-05
19/11/2005,,5.96E-05
20/11/2005,,1.19E-04
21/11/2005,,1.49E-04
22/11/2005,,1.49E-04
23/11/2005,,2.68E-04
24/11/2005,,7.45E-05
25/11/2005,,8.94E-05
26/11/2005,,1.34E-04
27/11/2005,,1.19E-04
28/11/2005,,8.94E-05
29/11/2005,,1.19E-04
30/11/2005,,3.13E-04
01/12/2005,,1.19E-04
02/12/2005,,7.45E-05
03/12/2005,,8.94E-05
04/12/2005,,7.45E-05
05/12/2005,,5.96E-05
06/12/2005,,1.34E-04
07/12/2005,,4.47E-05
08/12/2005,,4.47E-05
09/12/2005,,1.04E-04
10/12/2005,,3.13E-04
11/12/2005,,0.006362796
12/12/2005,,7.45E-05
13/12/2005,,5.96E-05
14/12/2005,,5.96E-05
15/12/2005,,5.96E-05
16/12/2005,,5.96E-05
17/12/2005,,5.96E-05
18/12/2005,,4.47E-05
19/12/2005,,5.96E-05
20/12/2005,,1.04E-04
21/12/2005,,7.45E-05
22/12/2005,,1.04E-04
23/12/2005,,5.96E-05
24/12/2005,,8.94E-05
25/12/2005,,4.47E-05
26/12/2005,,2.24E-04
27/12/2005,,4.47E-05
28/12/2005,,2.98E-05
29/12/2005,,7.45E-05
30/12/2005,,4.47E-05
31/12/2005,,4.47E-05
01/01/2006,,5.96E-05
02/01/2006,,8.94E-05
03/01/2006,,8.94E-05
04/01/2006,,8.94E-05
05/01/2006,,7.45E-05
06/01/2006,,8.94E-05
07/01/2006,,4.47E-05
08/01/2006,,4.47E-05
09/01/2006,,7.45E-05
10/01/2006,,1.19E-04
11/01/2006,,1.19E-04
12/01/2006,,3.28E-04
13/01/2006,,3.28E-04
14/01/2006,,1.04E-04
15/01/2006,,1.49E-04
16/01/2006,,4.47E-05
17/01/2006,,1.64E-04
18/01/2006,,8.94E-05
19/01/2006,,4.47E-05
20/01/2006,,7.45E-05
21/01/2006,,4.47E-05
22/01/2006,,4.47E-05
23/01/2006,,4.47E-05
24/01/2006,,5.96E-05
25/01/2006,,4.47E-05
26/01/2006,,4.47E-05
27/01/2006,,0.025078654
28/01/2006,,0.002861023
29/01/2006,,8.94E-05
30/01/2006,,1.49E-04
31/01/2006,,2.09E-04
01/02/2006,,8.94E-05
02/02/2006,,4.47E-05
03/02/2006,,1.94E-04
04/02/2006,,5.96E-05
05/02/2006,,1.49E-04
06/02/2006,,1.64E-04
07/02/2006,,1.34E-04
08/02/2006,,1.19E-04
09/02/2006,,1.04E-04
10/02/2006,,1.64E-04
11/02/2006,,4.47E-05
12/02/2006,,1.04E-04
13/02/2006,,5.96E-05
14/02/2006,,0.001549721
15/02/2006,,0.002756715
16/02/2006,,1.34E-04
17/02/2006,,9.24E-04
18/02/2006,,4.47E-05
19/02/2006,,7.45E-05
20/02/2006,,5.96E-05
21/02/2006,,1.49E-04
22/02/2006,,0.00795722
23/02/2006,,2.53E-04
24/02/2006,,7.45E-05
25/02/2006,,5.96E-05
26/02/2006,,2.09E-04
27/02/2006,,5.96E-05
28/02/2006,,4.47E-05
01/03/2006,,7.45E-05
02/03/2006,,5.96E-05
03/03/2006,,7.45E-05
04/03/2006,,4.47E-05
05/03/2006,,5.96E-05
06/03/2006,,5.96E-05
07/03/2006,,1.04E-04
08/03/2006,,0.0012815
09/03/2006,,0.011265278
10/03/2006,,5.96E-05
11/03/2006,,4.47E-05
12/03/2006,,4.47E-05
13/03/2006,,0.001192093
14/03/2006,,0.003144145
15/03/2006,,9.98E-04
16/03/2006,,2.46E-04
17/03/2006,,3.50E-04
18/03/2006,,4.47E-05
19/03/2006,,7.60E-04
20/03/2006,,4.47E-05
21/03/2006,,4.47E-05
22/03/2006,,0.002086163
23/03/2006,,5.96E-05
24/03/2006,,4.47E-05
25/03/2006,,2.98E-05
26/03/2006,,8.94E-05
27/03/2006,,4.47E-05
28/03/2006,,3.58E-04
29/03/2006,,5.96E-05
30/03/2006,,1.49E-05
31/03/2006,,5.96E-05
01/04/2006,,2.98E-05
02/04/2006,,2.38E-04
03/04/2006,,8.94E-05
04/04/2006,,0.007167459
05/04/2006,,0.007346272
06/04/2006,,7.45E-05
07/04/2006,,1.19E-04
08/04/2006,,1.04E-04
09/04/2006,,1.49E-04
10/04/2006,,5.96E-05
11/04/2006,,5.96E-05
12/04/2006,,8.94E-05
13/04/2006,,1.04E-04
14/04/2006,,4.32E-04
15/04/2006,,2.83E-04
16/04/2006,,7.90E-04
17/04/2006,,1.49E-04
18/04/2006,,8.79E-04
19/04/2006,,0.005826354
20/04/2006,,6.56E-04
21/04/2006,,5.51E-04
22/04/2006,,6.85E-04
23/04/2006,,0.013634562
24/04/2006,,0.009074807
25/04/2006,,0.019103289
26/04/2006,,0.013887882
27/04/2006,,0.006139278
28/04/2006,,0.022947788
29/04/2006,,0.002011657
30/04/2006,,0.012263656
01/05/2006,,0.004991889
02/05/2006,,8.49E-04
03/05/2006,,4.62E-04
04/05/2006,,0.002905726
05/05/2006,,0.007137656
06/05/2006,,0.023216009
07/05/2006,,0.04799664
08/05/2006,,5.96E-05
09/05/2006,,0.048413873
10/05/2006,,0.897541642
11/05/2006,,8.34E-04
12/05/2006,,0.032573938
13/05/2006,,0.022515655
14/05/2006,,9.83E-04
15/05/2006,,0.021278858
16/05/2006,,0.010728836
17/05/2006,,0.001966953
18/05/2006,,0.002250075
19/05/2006,,0.034168363
20/05/2006,,3.634139895
21/05/2006,,0.044167042
22/05/2006,,0.014394522
23/05/2006,,0.001952052
24/05/2006,,0.001326203
25/05/2006,,0.010810792
26/05/2006,,0.020898879
27/05/2006,,0.029295683
28/05/2006,,0.222101808
29/05/2006,,0.006586313
30/05/2006,,0.019669533
31/05/2006,,0.001087785
01/06/2006,,2.53E-04
02/06/2006,,0.069603324
03/06/2006,,0.003397465
04/06/2006,,0.002861023
05/06/2006,,9.24E-04
06/06/2006,,1.79E-04
07/06/2006,,0.014320016
08/06/2006,,0.030770898
09/06/2006,,0.005722046
10/06/2006,,0.012516975
11/06/2006,,0.07109344
12/06/2006,,0.002279878
13/06/2006,,0.004976988
14/06/2006,,0.013977289
15/06/2006,,0.156536698
16/06/2006,,0.001966953
17/06/2006,,0.020548701
18/06/2006,,0.057280064
19/06/2006,,7.90E-04
20/06/2006,,0.015825033
21/06/2006,,0.002190471
22/06/2006,,0.062167645
23/06/2006,,0.001609325
24/06/2006,,0.032454729
25/06/2006,,0.001728535
26/06/2006,,0.008672476
27/06/2006,,6.85E-04
28/06/2006,,0.001087785
29/06/2006,,0.042036176
30/06/2006,,0.013008714
01/07/2006,,9.54E-04
02/07/2006,,0.008359551
03/07/2006,,0.007033348
04/07/2006,,0.009834766
05/07/2006,,0.003039837
06/07/2006,,0.023156404
07/07/2006,,0.013828278
08/07/2006,,0.001579523
09/07/2006,,0.001221895
10/07/2006,,0.009655952
11/07/2006,,0.001743436
12/07/2006,,0.020578504
13/07/2006,,0.00166893
14/07/2006,,0.228509307
15/07/2006,,0.042587519
16/07/2006,,0.012040138
17/07/2006,,0.015616417
18/07/2006,,0.045210123
19/07/2006,,0.009894371
20/07/2006,,0.029966235
21/07/2006,,0.026807189
22/07/2006,,0.06942451
23/07/2006,,0.042915344
24/07/2006,,0.029623508
25/07/2006,,0.042140484
26/07/2006,,5.51E-04
27/07/2006,,4.32E-04
28/07/2006,,0.00423193
29/07/2006,,0.014096498
30/07/2006,,0.012084842
31/07/2006,,0.033289194
01/08/2006,,0.044986606
02/08/2006,,0.02361834
03/08/2006,,0.166982412
04/08/2006,,0.109165907
05/08/2006,,0.028669834
06/08/2006,,0.587493181
07/08/2006,,0.006884336
08/08/2006,,0.002503395
09/08/2006,,0.004962087
10/08/2006,,0.055298209
11/08/2006,,0.052541494
12/08/2006,,0.102221966
13/08/2006,,0.001952052
14/08/2006,,0.009149313
15/08/2006,,0.048235059
16/08/2006,,0.017762184
17/08/2006,,0.005796552
18/08/2006,,0.018447638
19/08/2006,,0.006914139
20/08/2006,,0.00834465
21/08/2006,,0.003933907
22/08/2006,,0.057801604
23/08/2006,,0.020250678
24/08/2006,,0.004887581
25/08/2006,,0.005528331
26/08/2006,,0.069081783
27/08/2006,,0.619530678
28/08/2006,,0.443443656
29/08/2006,,0.031739473
30/08/2006,,0.824257731
31/08/2006,,1.953586936
01/09/2006,,0.021159649
02/09/2006,,0.062912703
03/09/2006,,1.323491335
04/09/2006,,0.029444695
05/09/2006,,0.026658177
06/09/2006,,0.040888786
07/09/2006,,0.082463026
08/09/2006,,0.112220645
09/09/2006,,0.079080462
10/09/2006,,0.099539757
11/09/2006,,1.366481185
12/09/2006,,0.154674053
13/09/2006,,0.109508634
14/09/2006,,0.086247921
15/09/2006,,0.804424286
16/09/2006,,1.561775804
17/09/2006,,0.011980534
18/09/2006,,0.008046627
19/09/2006,,0.016525388
20/09/2006,,0.00937283
21/09/2006,,0.014215708
22/09/2006,,0.038936734
23/09/2006,,0.004678965
24/09/2006,,0.096231699
25/09/2006,,0.716581941
26/09/2006,,0.010475516
27/09/2006,,0.016033649
28/09/2006,,0.004261732
29/09/2006,,0.058248639
30/09/2006,,0.083237886
01/10/2006,,0.075593591
02/10/2006,,0.014051795
03/10/2006,,0.02259016
04/10/2006,,0.056952238
05/10/2006,,0.059023499
06/10/2006,,0.012159348
07/10/2006,,0.022828579
08/10/2006,,0.029817224
09/10/2006,,0.019952655
10/10/2006,,0.095754862
11/10/2006,,0.017181039
12/10/2006,,0.004604459
13/10/2006,,0.055000186
14/10/2006,,0.06172061
15/10/2006,,0.033065677
16/10/2006,,0.009208918
17/10/2006,,4.17E-04
18/10/2006,,0.045314431
19/10/2006,,0.054702163
20/10/2006,,0.003650784
21/10/2006,,0.019580126
22/10/2006,,0.002831221
23/10/2006,,0.009655952
24/10/2006,,1.64E-04
25/10/2006,,9.54E-04
26/10/2006,,5.07E-04
27/10/2006,,0.01719594
28/10/2006,,0.004038215
29/10/2006,,0.005722046
30/10/2006,,4.62E-04
31/10/2006,,0.031933188
01/11/2006,,0.030010939
02/11/2006,,4.47E-04
03/11/2006,,1.34E-04
04/11/2006,,1.79E-04
05/11/2006,,1.19E-04
06/11/2006,,1.49E-04
07/11/2006,,1.64E-04
08/11/2006,,2.68E-04
09/11/2006,,7.45E-05
10/11/2006,,5.96E-05
11/11/2006,,5.96E-05
12/11/2006,,5.96E-05
13/11/2006,,8.94E-05
14/11/2006,,8.94E-05
15/11/2006,,5.96E-05
16/11/2006,,1.27E-04
17/11/2006,,9.69E-05
18/11/2006,,5.96E-05
19/11/2006,,5.96E-05
20/11/2006,,5.96E-05
21/11/2006,,5.96E-05
22/11/2006,,7.45E-05
23/11/2006,,7.45E-05
24/11/2006,,1.34E-04
25/11/2006,,1.64E-04
26/11/2006,,1.04E-04
27/11/2006,,1.19E-04
28/11/2006,,8.94E-05
29/11/2006,,5.96E-05
30/11/2006,,7.45E-05
01/12/2006,,5.96E-05
02/12/2006,,5.96E-05
03/12/2006,,5.96E-05
04/12/2006,,5.96E-05
05/12/2006,,5.96E-05
06/12/2006,,5.96E-05
07/12/2006,,5.96E-05
08/12/2006,,5.96E-05
09/12/2006,,5.96E-05
10/12/2006,,5.96E-05
11/12/2006,,5.96E-05
12/12/2006,,5.96E-05
13/12/2006,,8.94E-05
14/12/2006,,7.45E-05
15/12/2006,,5.96E-05
16/12/2006,,5.96E-05
17/12/2006,,5.96E-05
18/12/2006,,7.45E-05
19/12/2006,,8.94E-05
20/12/2006,,1.04E-04
21/12/2006,,5.96E-05
22/12/2006,,5.96E-05
23/12/2006,,8.94E-05
24/12/2006,,5.96E-05
25/12/2006,,8.94E-05
26/12/2006,,5.96E-05
27/12/2006,,5.96E-05
28/12/2006,,5.96E-05
29/12/2006,,5.96E-05
30/12/2006,,5.96E-05
31/12/2006,,5.96E-05
01/01/2007,,5.96E-05
02/01/2007,,5.96E-05
03/01/2007,,5.96E-05
04/01/2007,,5.96E-05
05/01/2007,,5.96E-05
06/01/2007,,5.96E-05
07/01/2007,,5.96E-05
08/01/2007,,5.96E-05
09/01/2007,,5.96E-05
10/01/2007,,5.96E-05
11/01/2007,,5.96E-05
12/01/2007,,5.96E-05
13/01/2007,,5.96E-05
14/01/2007,,5.96E-05
15/01/2007,,5.96E-05
16/01/2007,,5.96E-05
17/01/2007,,5.96E-05
18/01/2007,,5.96E-05
19/01/2007,,4.47E-05
20/01/2007,,7.45E-05
21/01/2007,,5.96E-05
22/01/2007,,5.96E-05
23/01/2007,,5.96E-05
24/01/2007,,5.96E-05
25/01/2007,,5.96E-05
26/01/2007,,5.96E-05
27/01/2007,,4.47E-05
28/01/2007,,7.45E-05
29/01/2007,,5.96E-05
30/01/2007,,4.47E-04
31/01/2007,,7.45E-05
01/02/2007,,4.47E-05
02/02/2007,,5.96E-05
03/02/2007,,7.45E-05
04/02/2007,,7.45E-05
05/02/2007,,5.96E-05
06/02/2007,,4.47E-05
07/02/2007,,7.45E-05
08/02/2007,,8.94E-05
09/02/2007,,5.96E-05
10/02/2007,,7.45E-05
11/02/2007,,5.96E-05
12/02/2007,,0.001758337
13/02/2007,,4.47E-05
14/02/2007,,4.47E-05
15/02/2007,,5.96E-05
16/02/2007,,5.96E-05
17/02/2007,,5.96E-05
18/02/2007,,4.47E-05
19/02/2007,,4.47E-05
20/02/2007,,5.96E-05
21/02/2007,,1.04E-04
22/02/2007,,0.001937151
23/02/2007,,4.47E-05
24/02/2007,,2.09E-04
25/02/2007,,4.47E-05
26/02/2007,,5.96E-05
27/02/2007,,4.47E-05
28/02/2007,,7.45E-05
01/03/2007,,7.45E-05
02/03/2007,,5.96E-05
03/03/2007,,5.96E-05
04/03/2007,,4.47E-05
05/03/2007,,4.47E-05
06/03/2007,,5.96E-05
07/03/2007,,4.47E-05
08/03/2007,,5.96E-05
09/03/2007,,5.96E-05
10/03/2007,,1.94E-04
11/03/2007,,4.47E-05
12/03/2007,,4.47E-05
13/03/2007,,7.45E-05
14/03/2007,,1.49E-04
15/03/2007,,1.79E-04
16/03/2007,,1.19E-04
17/03/2007,,5.96E-05
18/03/2007,,2.38E-04
19/03/2007,,7.45E-05
20/03/2007,,8.94E-05
21/03/2007,,4.47E-05
22/03/2007,,7.45E-05
23/03/2007,,8.94E-05
24/03/2007,,5.96E-05
25/03/2007,,7.45E-05
26/03/2007,,7.45E-05
27/03/2007,,5.96E-05
28/03/2007,,5.96E-05
29/03/2007,,3.73E-04
30/03/2007,,0.002339482
31/03/2007,,8.94E-05
01/04/2007,,0.020459294
02/04/2007,,1.04E-04
03/04/2007,,5.96E-05
04/04/2007,,0.001206994
05/04/2007,,0.001505017
06/04/2007,,0.001817942
07/04/2007,,0.003218651
08/04/2007,,2.83E-04
09/04/2007,,0.001311302
10/04/2007,,9.83E-04
11/04/2007,,0.003650784
12/04/2007,,7.45E-05
13/04/2007,,7.45E-05
14/04/2007,,5.96E-05
15/04/2007,,8.94E-05
16/04/2007,,5.96E-05
17/04/2007,,0.010192394
18/04/2007,,0.001132488
19/04/2007,,3.58E-04
20/04/2007,,0.002294779
21/04/2007,,0.003427267
22/04/2007,,0.006914139
23/04/2007,,0.0192523
24/04/2007,,1.79E-04
25/04/2007,,0.00308454
26/04/2007,,0.017091632
27/04/2007,,0.019088387
28/04/2007,,0.002831221
29/04/2007,,0.027090311
30/04/2007,,0.002741814
01/05/2007,,1.135513186
02/05/2007,,5.51E-04
03/05/2007,,0.018075109
04/05/2007,,0.002533197
05/05/2007,,0.007361174
06/05/2007,,0.0038445
07/05/2007,,0.005811453
08/05/2007,,0.010684133
09/05/2007,,0.001370907
10/05/2007,,0.001043081
11/05/2007,,0.016540289
12/05/2007,,0.003322959
13/05/2007,,0.017225742
14/05/2007,,0.010311604
15/05/2007,,0.001445413
16/05/2007,,0.005021691
17/05/2007,,0.001162291
18/05/2007,,0.01847744
19/05/2007,,5.96E-04
20/05/2007,,0.001952052
21/05/2007,,0.002026558
22/05/2007,,0.043034554
23/05/2007,,0.001147389
24/05/2007,,0.0012815
25/05/2007,,2.68E-04
26/05/2007,,0.001996756
27/05/2007,,0.022321939
28/05/2007,,4.92E-04
29/05/2007,,5.22E-04
30/05/2007,,7.15E-04
31/05/2007,,2.09E-04
01/06/2007,,0.007748604
02/06/2007,,0.005945563
03/06/2007,,0.021770597
04/06/2007,,0.001549721
05/06/2007,,0.003963709
06/06/2007,,0.014200807
07/06/2007,,0.035196543
08/06/2007,,0.023335218
09/06/2007,,3.58E-04
10/06/2007,,0.047624111
11/06/2007,,0.017940998
12/06/2007,,0.00166893
13/06/2007,,9.54E-04
14/06/2007,,1.19E-04
15/06/2007,,8.64E-04
16/06/2007,,0.029340386
17/06/2007,,0.023663044
18/06/2007,,4.92E-04
19/06/2007,,0.001147389
20/06/2007,,0.005468726
21/06/2007,,1.34E-04
22/06/2007,,1.49E-04
23/06/2007,,0.037580729
24/06/2007,,0.007644296
25/06/2007,,0.020429492
26/06/2007,,0.002130866
27/06/2007,,0.013619661
28/06/2007,,0.009387732
29/06/2007,,0.00795722
30/06/2007,,0.016048551
01/07/2007,,0.073641539
02/07/2007,,0.017762184
03/07/2007,,0.032827258
04/07/2007,,0.029012561
05/07/2007,,0.01463294
06/07/2007,,0.001013279
07/07/2007,,0.002712011
08/07/2007,,0.008583069
09/07/2007,,0.006005168
10/07/2007,,0.001966953
11/07/2007,,0.002145767
12/07/2007,,0.003248453
13/07/2007,,0.003218651
14/07/2007,,0.019490719
15/07/2007,,0.012457371
16/07/2007,,0.04118681
17/07/2007,,0.022664666
18/07/2007,,0.004947186
19/07/2007,,0.02014637
20/07/2007,,0.013187528
21/07/2007,,0.014483929
22/07/2007,,0.011786819
23/07/2007,,0.026449561
24/07/2007,,0.018045306
25/07/2007,,12.81026006
26/07/2007,,0.038206577
27/07/2007,,0.03272295
28/07/2007,,0.025033951
29/07/2007,,0.010192394
30/07/2007,,0.005602837
31/07/2007,,0.110939145
01/08/2007,,0.01861155
02/08/2007,,1.923918724
03/08/2007,,0.177070498
04/08/2007,,0.008508563
05/08/2007,,0.006899238
06/08/2007,,0.001341105
07/08/2007,,0.013142824
08/08/2007,,0.071376562
09/08/2007,,0.023543835
10/08/2007,,0.022381544
11/08/2007,,0.008285046
12/08/2007,,0.013172626
13/08/2007,,2.231478691
14/08/2007,,0.24202466
15/08/2007,,0.031977892
16/08/2007,,1.04290247
17/08/2007,,0.142276287
18/08/2007,,0.003576279
19/08/2007,,0.087365508
20/08/2007,,0.388994813
21/08/2007,,0.016286969
22/08/2007,,0.006899238
23/08/2007,,0.250503421
24/08/2007,,0.49200654
25/08/2007,,0.049054623
26/08/2007,,0.828504562
27/08/2007,,0.099137425
28/08/2007,,0.017076731
29/08/2007,,1.74471736
30/08/2007,,0.100433826
31/08/2007,,0.297769904
01/09/2007,,19.68981326
02/09/2007,,0.096961856
03/09/2007,,0.018179417
04/09/2007,,5.216538906
05/09/2007,,2.887308598
06/09/2007,,0.993534923
07/09/2007,,0.01257658
08/09/2007,,0.223323703
09/09/2007,,6.723791361
10/09/2007,,0.011667609
11/09/2007,,0.016853213
12/09/2007,,0.058025122
13/09/2007,,0.073522329
14/09/2007,,0.011712313
15/09/2007,,0.113680959
16/09/2007,,0.052005053
17/09/2007,,0.161662698
18/09/2007,,1.845449209
19/09/2007,,0.00269711
20/09/2007,,0.058546662
21/09/2007,,0.033006072
22/09/2007,,3.554463387
23/09/2007,,0.95847249
24/09/2007,,3.87E-04
25/09/2007,,5.804046988
26/09/2007,,0.042587519
27/09/2007,,0.01335144
28/09/2007,,0.09560585
29/09/2007,,0.147476792
30/09/2007,,0.003263354
01/10/2007,,0.002086163
02/10/2007,,0.0564605
03/10/2007,,0.013902783
04/10/2007,,0.008910894
05/10/2007,,0.011920929
06/10/2007,,0.003233552
07/10/2007,,0.191986561
08/10/2007,,0.077456236
09/10/2007,,0.073835254
10/10/2007,,0.00141561
11/10/2007,,0.001773238
12/10/2007,,5.36E-04
13/10/2007,,0.001132488
14/10/2007,,0.002756715
15/10/2007,,5.96E-04
16/10/2007,,5.36E-04
17/10/2007,,0.003710389
18/10/2007,,0.001847744
19/10/2007,,0.00859797
20/10/2007,,0.109612942
21/10/2007,,0.036031008
22/10/2007,,0.001743436
23/10/2007,,0.00230968
24/10/2007,,0.004291534
25/10/2007,,0.034868717
26/10/2007,,0.019952655
27/10/2007,,0.09535253
28/10/2007,,0.050351024
29/10/2007,,0.015601516
30/10/2007,,0.002086163
31/10/2007,,6.41E-04
01/11/2007,,5.22E-04
02/11/2007,,4.92E-04
03/11/2007,,5.22E-04
04/11/2007,,5.36E-04
05/11/2007,,8.20E-04
06/11/2007,,4.77E-04
07/11/2007,,6.56E-04
08/11/2007,,5.36E-04
09/11/2007,,0.002160668
10/11/2007,,0.003710389
11/11/2007,,5.22E-04
12/11/2007,,5.07E-04
13/11/2007,,4.62E-04
14/11/2007,,6.11E-04
15/11/2007,,0.001326203
16/11/2007,,0.008136034
17/11/2007,,4.77E-04
18/11/2007,,5.07E-04
19/11/2007,,7.60E-04
20/11/2007,,4.62E-04
21/11/2007,,6.56E-04
22/11/2007,,5.81E-04
23/11/2007,,5.81E-04
24/11/2007,,5.07E-04
25/11/2007,,5.36E-04
26/11/2007,,5.22E-04
27/11/2007,,4.92E-04
28/11/2007,,4.77E-04
29/11/2007,,4.17E-04
30/11/2007,,5.81E-04
01/12/2007,,4.47E-04
02/12/2007,,4.17E-04
03/12/2007,,5.51E-04
04/12/2007,,0.002250075
05/12/2007,,4.17E-04
06/12/2007,,3.87E-04
07/12/2007,,5.22E-04
08/12/2007,,7.97E-04
09/12/2007,,5.22E-04
10/12/2007,,5.51E-04
11/12/2007,,4.02E-04
12/12/2007,,4.17E-04
13/12/2007,,3.87E-04
14/12/2007,,4.02E-04
15/12/2007,,3.87E-04
16/12/2007,,4.32E-04
17/12/2007,,4.17E-04
18/12/2007,,3.87E-04
19/12/2007,,4.17E-04
20/12/2007,,3.73E-04
21/12/2007,,3.73E-04
22/12/2007,,3.80E-04
23/12/2007,,3.73E-04
24/12/2007,,3.73E-04
25/12/2007,,3.58E-04
26/12/2007,,3.73E-04
27/12/2007,,3.43E-04
28/12/2007,,3.73E-04
29/12/2007,,3.43E-04
30/12/2007,,3.43E-04
31/12/2007,,6.56E-04
01/01/2008,,3.58E-04
02/01/2008,,3.58E-04
03/01/2008,,3.87E-04
04/01/2008,,4.32E-04
05/01/2008,,4.92E-04
06/01/2008,,0.015765429
07/01/2008,,3.43E-04
08/01/2008,,3.28E-04
09/01/2008,,4.10E-04
10/01/2008,,3.28E-04
11/01/2008,,3.28E-04
12/01/2008,,3.28E-04
13/01/2008,,3.28E-04
14/01/2008,,3.43E-04
15/01/2008,,3.28E-04
16/01/2008,,3.13E-04
17/01/2008,,3.13E-04
18/01/2008,,3.43E-04
19/01/2008,,2.98E-04
20/01/2008,,3.05E-04
21/01/2008,,3.13E-04
22/01/2008,,3.13E-04
23/01/2008,,2.98E-04
24/01/2008,,3.13E-04
25/01/2008,,2.98E-04
26/01/2008,,2.98E-04
27/01/2008,,2.98E-04
28/01/2008,,2.98E-04
29/01/2008,,3.13E-04
30/01/2008,,2.83E-04
31/01/2008,,2.83E-04
01/02/2008,,2.98E-04
02/02/2008,,2.68E-04
03/02/2008,,2.83E-04
04/02/2008,,2.83E-04
05/02/2008,,2.83E-04
06/02/2008,,2.83E-04
07/02/2008,,2.83E-04
08/02/2008,,2.83E-04
09/02/2008,,3.43E-04
10/02/2008,,3.73E-04
11/02/2008,,2.53E-04
12/02/2008,,2.68E-04
13/02/2008,,2.68E-04
14/02/2008,,2.53E-04
15/02/2008,,2.68E-04
16/02/2008,,2.68E-04
17/02/2008,,2.38E-04
18/02/2008,,2.68E-04
19/02/2008,,2.53E-04
20/02/2008,,2.53E-04
21/02/2008,,2.38E-04
22/02/2008,,2.38E-04
23/02/2008,,2.38E-04
24/02/2008,,2.38E-04
25/02/2008,,2.53E-04
26/02/2008,,2.38E-04
27/02/2008,,2.24E-04
28/02/2008,,3.13E-04
29/02/2008,,2.24E-04
01/03/2008,,2.38E-04
02/03/2008,,6.41E-04
03/03/2008,,2.38E-04
04/03/2008,,2.24E-04
05/03/2008,,2.38E-04
06/03/2008,,2.38E-04
07/03/2008,,5.36E-04
08/03/2008,,4.32E-04
09/03/2008,,3.43E-04
10/03/2008,,2.53E-04
11/03/2008,,8.79E-04
12/03/2008,,2.83E-04
13/03/2008,,2.24E-04
14/03/2008,,2.24E-04
15/03/2008,,2.53E-04
16/03/2008,,2.38E-04
17/03/2008,,2.24E-04
18/03/2008,,3.73E-04
19/03/2008,,4.17E-04
20/03/2008,,2.83E-04
21/03/2008,,1.94E-04
22/03/2008,,3.43E-04
23/03/2008,,4.77E-04
24/03/2008,,4.92E-04
25/03/2008,,4.92E-04
26/03/2008,,1.79E-04
27/03/2008,,3.13E-04
28/03/2008,,0.002935529
29/03/2008,,3.13E-04
30/03/2008,,0.0012815
31/03/2008,,5.07E-04
01/04/2008,,2.09E-04
02/04/2008,,0.001311302
03/04/2008,,3.73E-04
04/04/2008,,0.025287271
05/04/2008,,0.0230968
06/04/2008,,0.004723668
07/04/2008,,0.012993813
08/04/2008,,2.09E-04
09/04/2008,,2.53E-04
10/04/2008,,2.09E-04
11/04/2008,,1.94E-04
12/04/2008,,1.79E-04
13/04/2008,,2.68E-04
14/04/2008,,4.47E-04
15/04/2008,,5.36E-04
16/04/2008,,1.64E-04
17/04/2008,,5.81E-04
18/04/2008,,0.004455447
19/04/2008,,1.79E-04
20/04/2008,,2.53E-04
21/04/2008,,1.64E-04
22/04/2008,,3.13E-04
23/04/2008,,0.004574656
24/04/2008,,0.00475347
25/04/2008,,2.24E-04
26/04/2008,,0.017300248
27/04/2008,,0.027626753
28/04/2008,,0.036776066
29/04/2008,,2.83E-04
30/04/2008,,1.79E-04
01/05/2008,,1.64E-04
02/05/2008,,2.09E-04
03/05/2008,,0.006407499
04/05/2008,,0.001624227
05/05/2008,,2.53E-04
06/05/2008,,0.006899238
07/05/2008,,0.001043081
08/05/2008,,0.020742416
09/05/2008,,0.001013279
10/05/2008,,0.008672476
11/05/2008,,5.07E-04
12/05/2008,,0.001057982
13/05/2008,,0.037834048
14/05/2008,,0.015899539
15/05/2008,,0.001519918
16/05/2008,,0.024423003
17/05/2008,,0.006407499
18/05/2008,,0.053986907
19/05/2008,,0.002264977
20/05/2008,,0.011712313
21/05/2008,,0.003948808
22/05/2008,,2.38E-04
23/05/2008,,0.006467104
24/05/2008,,0.010102987
25/05/2008,,0.013068318
26/05/2008,,4.47E-04
27/05/2008,,3.73E-04
28/05/2008,,0.018566847
29/05/2008,,4.62E-04
30/05/2008,,8.34E-04
31/05/2008,,0.058814883
01/06/2008,,6.71E-04
02/06/2008,,0.003814697
03/06/2008,,0.032782555
04/06/2008,,2.53E-04
05/06/2008,,7.30E-04
06/06/2008,,0.001117587
07/06/2008,,0.030860305
08/06/2008,,0.001266599
09/06/2008,,0.025093555
10/06/2008,,0.036582351
11/06/2008,,0.001475215
12/06/2008,,0.031575561
13/06/2008,,0.002801418
14/06/2008,,0.002011657
15/06/2008,,4.47E-04
16/06/2008,,0.01168251
17/06/2008,,0.01911819
18/06/2008,,0.006899238
19/06/2008,,6.41E-04
20/06/2008,,2.98E-04
21/06/2008,,8.05E-04
22/06/2008,,0.014811754
23/06/2008,,0.069797039
24/06/2008,,0.014051795
25/06/2008,,0.017300248
26/06/2008,,0.015303493
27/06/2008,,0.021547079
28/06/2008,,0.011339784
29/06/2008,,0.017777085
30/06/2008,,0.057712197
01/07/2008,,0.001162291
02/07/2008,,0.051915646
03/07/2008,,0.030294061
04/07/2008,,0.005364418
05/07/2008,,0.012010336
06/07/2008,,0.013053417
07/07/2008,,0.070646405
08/07/2008,,0.011727214
09/07/2008,,0.00461936
10/07/2008,,0.002726912
11/07/2008,,0.00718236
12/07/2008,,0.011324883
13/07/2008,,0.011771917
14/07/2008,,0.005066395
15/07/2008,,0.066027045
16/07/2008,,0.010550022
17/07/2008,,0.026836991
18/07/2008,,4.021823406
19/07/2008,,0.018388033
20/07/2008,,0.016629696
21/07/2008,,1.079410315
22/07/2008,,0.042706728
23/07/2008,,0.036224723
24/07/2008,,0.002786517
25/07/2008,,0.082522631
26/07/2008,,1.200139523
27/07/2008,,0.032901764
28/07/2008,,0.00949204
29/07/2008,,0.183135271
30/07/2008,,0.409066677
31/07/2008,,0.006169081
01/08/2008,,0.064015388
02/08/2008,,0.04285574
03/08/2008,,1.25297904
04/08/2008,,0.021442771
05/08/2008,,0.07557869
06/08/2008,,0.023201108
07/08/2008,,0.036984682
08/08/2008,,0.058114529
09/08/2008,,0.008329749
10/08/2008,,0.0230968
11/08/2008,,0.045612454
12/08/2008,,0.050902367
13/08/2008,,4.598528147
14/08/2008,,0.458449125
15/08/2008,,0.067353249
16/08/2008,,1.153379679
17/08/2008,,0.016778708
18/08/2008,,0.005081296
19/08/2008,,0.013068318
20/08/2008,,0.023454428
21/08/2008,,0.045791268
22/08/2008,,0.029325485
23/08/2008,,0.054955482
24/08/2008,,1.141190529
25/08/2008,,0.234007835
26/08/2008,,0.068068504
27/08/2008,,0.020951033
28/08/2008,,0.032231212
29/08/2008,,1.451641321
30/08/2008,,0.081181526
31/08/2008,,3.47225368
01/09/2008,,0.062674284
02/09/2008,,1.65143609
03/09/2008,,0.402033329
04/09/2008,,8.911266923
05/09/2008,,0.703573227
06/09/2008,,0.002563
07/09/2008,,0.01090765
08/09/2008,,0.077173114
09/09/2008,,0.023812056
10/09/2008,,0.026285648
11/09/2008,,0.015050173
12/09/2008,,0.011846423
13/09/2008,,0.013485551
14/09/2008,,0.177949667
15/09/2008,,0.579059124
16/09/2008,,0.003963709
17/09/2008,,0.045567751
18/09/2008,,0.133305788
19/09/2008,,0.037074089
20/09/2008,,0.019699335
21/09/2008,,0.080704689
22/09/2008,,0.00308454
23/09/2008,,0.009000301
24/09/2008,,0.022009015
25/09/2008,,0.007554889
26/09/2008,,2.257525921
27/09/2008,,0.266492367
28/09/2008,,0.043854117
29/09/2008,,0.108733773
30/09/2008,,1.753643155
01/10/2008,,0.001549721
02/10/2008,,0.039994717
03/10/2008,,0.019714236
04/10/2008,,0.183552504
05/10/2008,,0.137642026
06/10/2008,,0.037781894
07/10/2008,,0.01167506
08/10/2008,,0.002488494
09/10/2008,,0.027194619
10/10/2008,,0.037401915
11/10/2008,,1.51489675
12/10/2008,,0.024110079
13/10/2008,,0.057592988
14/10/2008,,0.004217029
15/10/2008,,0.073060393
16/10/2008,,0.530198216
17/10/2008,,0.056102872
18/10/2008,,0.007241964
19/10/2008,,0.002726912
20/10/2008,,0.004962087
21/10/2008,,7.90E-04
22/10/2008,,0.002026558
23/10/2008,,8.94E-04
24/10/2008,,7.90E-04
25/10/2008,,8.79E-04
26/10/2008,,0.00102818
27/10/2008,,0.001206994
28/10/2008,,0.020846725
29/10/2008,,0.020176172
30/10/2008,,0.004157424
31/10/2008,,0.001624227
01/11/2008,,0.001072884
02/11/2008,,0.001057982
03/11/2008,,8.79E-04
04/11/2008,,9.09E-04
05/11/2008,,8.64E-04
06/11/2008,,9.39E-04
07/11/2008,,8.79E-04
08/11/2008,,9.09E-04
09/11/2008,,8.94E-04
10/11/2008,,0.001043081
11/11/2008,,8.94E-04
12/11/2008,,8.64E-04
13/11/2008,,8.64E-04
14/11/2008,,8.64E-04
15/11/2008,,8.34E-04
16/11/2008,,8.94E-04
17/11/2008,,8.49E-04
18/11/2008,,8.34E-04
19/11/2008,,0.004217029
20/11/2008,,0.017046928
21/11/2008,,0.001311302
22/11/2008,,8.94E-04
23/11/2008,,8.94E-04
24/11/2008,,8.34E-04
25/11/2008,,0.001043081
26/11/2008,,8.34E-04
27/11/2008,,8.34E-04
28/11/2008,,8.64E-04
29/11/2008,,9.54E-04
30/11/2008,,9.69E-04
01/12/2008,,8.05E-04
02/12/2008,,0.001147389
03/12/2008,,9.39E-04
04/12/2008,,0.018432736
05/12/2008,,0.025421381
06/12/2008,,0.001847744
07/12/2008,,0.001013279
08/12/2008,,7.60E-04
09/12/2008,,7.75E-04
10/12/2008,,7.75E-04
11/12/2008,,7.75E-04
12/12/2008,,8.34E-04
13/12/2008,,8.64E-04
14/12/2008,,8.49E-04
15/12/2008,,7.45E-04
16/12/2008,,8.94E-04
17/12/2008,,9.54E-04
18/12/2008,,7.30E-04
19/12/2008,,7.00E-04
20/12/2008,,7.60E-04
21/12/2008,,6.85E-04
22/12/2008,,7.00E-04
23/12/2008,,6.85E-04
24/12/2008,,6.71E-04
25/12/2008,,6.71E-04
26/12/2008,,6.71E-04
27/12/2008,,6.56E-04
28/12/2008,,6.56E-04
29/12/2008,,6.56E-04
30/12/2008,,6.41E-04
31/12/2008,,6.56E-04
01/01/2009,,6.26E-04
02/01/2009,,6.56E-04
03/01/2009,,6.26E-04
04/01/2009,,6.26E-04
05/01/2009,,6.56E-04
06/01/2009,,5.96E-04
07/01/2009,,6.26E-04
08/01/2009,,6.11E-04
09/01/2009,,7.15E-04
10/01/2009,,8.64E-04
11/01/2009,,6.26E-04
12/01/2009,,0.002488494
13/01/2009,,7.75E-04
14/01/2009,,5.81E-04
15/01/2009,,5.81E-04
16/01/2009,,6.56E-04
17/01/2009,,0.0019297
18/01/2009,,6.11E-04
19/01/2009,,6.71E-04
20/01/2009,,5.66E-04
21/01/2009,,7.15E-04
22/01/2009,,8.34E-04
23/01/2009,,5.51E-04
24/01/2009,,5.36E-04
25/01/2009,,5.22E-04
26/01/2009,,5.36E-04
27/01/2009,,5.36E-04
28/01/2009,,5.22E-04
29/01/2009,,5.07E-04
30/01/2009,,5.22E-04
31/01/2009,,5.36E-04
01/02/2009,,5.07E-04
02/02/2009,,5.07E-04
03/02/2009,,5.07E-04
04/02/2009,,5.22E-04
05/02/2009,,4.92E-04
06/02/2009,,5.66E-04
07/02/2009,,4.92E-04
08/02/2009,,5.36E-04
09/02/2009,,4.77E-04
10/02/2009,,4.77E-04
11/02/2009,,4.62E-04
12/02/2009,,4.92E-04
13/02/2009,,4.47E-04
14/02/2009,,4.92E-04
15/02/2009,,6.11E-04
16/02/2009,,5.66E-04
17/02/2009,,5.22E-04
18/02/2009,,4.32E-04
19/02/2009,,4.47E-04
20/02/2009,,4.47E-04
21/02/2009,,4.32E-04
22/02/2009,,4.32E-04
23/02/2009,,4.17E-04
24/02/2009,,4.77E-04
25/02/2009,,4.32E-04
26/02/2009,,4.02E-04
27/02/2009,,6.11E-04
28/02/2009,,4.92E-04
01/03/2009,,3.87E-04
02/03/2009,,4.62E-04
03/03/2009,,5.07E-04
04/03/2009,,4.02E-04
05/03/2009,,4.17E-04
06/03/2009,,4.32E-04
07/03/2009,,4.47E-04
08/03/2009,,0.002339482
09/03/2009,,5.66E-04
10/03/2009,,5.22E-04
11/03/2009,,5.22E-04
12/03/2009,,3.87E-04
13/03/2009,,7.45E-04
14/03/2009,,4.62E-04
15/03/2009,,4.17E-04
16/03/2009,,3.73E-04
17/03/2009,,4.62E-04
18/03/2009,,0.001683831
19/03/2009,,4.47E-04
20/03/2009,,3.43E-04
21/03/2009,,4.17E-04
22/03/2009,,4.17E-04
23/03/2009,,3.43E-04
24/03/2009,,6.41E-04
25/03/2009,,3.43E-04
26/03/2009,,3.58E-04
27/03/2009,,2.98E-04
28/03/2009,,9.98E-04
29/03/2009,,3.13E-04
30/03/2009,,3.13E-04
31/03/2009,,7.45E-04
01/04/2009,,9.98E-04
02/04/2009,,0.00153482
03/04/2009,,0.002622604
04/04/2009,,0.016361475
05/04/2009,,0.001013279
06/04/2009,,0.002563
07/04/2009,,0.029414892
08/04/2009,,0.00102818
09/04/2009,,2.83E-04
10/04/2009,,2.98E-04
11/04/2009,,4.02E-04
12/04/2009,,0.001817942
13/04/2009,,0.00667572
14/04/2009,,0.008881092
15/04/2009,,0.005915761
16/04/2009,,4.77E-04
17/04/2009,,8.94E-04
18/04/2009,,0.003710389
19/04/2009,,3.13E-04
20/04/2009,,0.008180737
21/04/2009,,0.020876527
22/04/2009,,0.001162291
23/04/2009,,0.001609325
24/04/2009,,3.13E-04
25/04/2009,,0.004664063
26/04/2009,,0.00217557
27/04/2009,,0.001773238
28/04/2009,,4.02E-04
29/04/2009,,0.001192093
30/04/2009,,0.001221895
01/05/2009,,7.75E-04
02/05/2009,,0.021904707
03/05/2009,,0.001206994
04/05/2009,,0.088870525
05/05/2009,,0.005200505
06/05/2009,,0.005751848
07/05/2009,,0.001594424
08/05/2009,,0.005856156
09/05/2009,,0.019446015
10/05/2009,,0.010415912
11/05/2009,,0.00308454
12/05/2009,,0.002071261
13/05/2009,,4.02E-04
14/05/2009,,0.001132488
15/05/2009,,0.001192093
16/05/2009,,0.00795722
17/05/2009,,5.66E-04
18/05/2009,,2.98E-04
19/05/2009,,0.009894371
20/05/2009,,4.17E-04
21/05/2009,,3.58E-04
22/05/2009,,2.53E-04
23/05/2009,,2.83E-04
24/05/2009,,0.011414289
25/05/2009,,0.005185604
26/05/2009,,2.53E-04
27/05/2009,,0.002264977
28/05/2009,,0.005528331
29/05/2009,,0.027820468
30/05/2009,,0.002384186
31/05/2009,,6.11E-04
01/06/2009,,5.51E-04
02/06/2009,,0.001192093
03/06/2009,,0.001788139
04/06/2009,,0.002264977
05/06/2009,,0.01193583
06/06/2009,,0.024273992
07/06/2009,,0.032916665
08/06/2009,,4.92E-04
09/06/2009,,0.011265278
10/06/2009,,0.005558133
11/06/2009,,0.021457672
12/06/2009,,0.026017427
13/06/2009,,0.010371208
14/06/2009,,0.040054321
15/06/2009,,0.084906816
16/06/2009,,0.133171678
17/06/2009,,4.47E-04
18/06/2009,,8.87E-04
19/06/2009,,0.052668154
20/06/2009,,0.03939867
21/06/2009,,0.028610229
22/06/2009,,0.010162592
23/06/2009,,0.031560659
24/06/2009,,0.004842877
25/06/2009,,8.64E-04
26/06/2009,,0.062569976
27/06/2009,,0.008642673
28/06/2009,,0.003427267
29/06/2009,,0.010550022
30/06/2009,,0.009194016
01/07/2009,,0.001132488
02/07/2009,,0.003382564
03/07/2009,,0.032395124
04/07/2009,,0.034958124
05/07/2009,,0.008955598
06/07/2009,,0.027343631
07/07/2009,,5.51E-04
08/07/2009,,0.033885241
09/07/2009,,0.023573637
10/07/2009,,0.010043383
11/07/2009,,0.004887581
12/07/2009,,0.00269711
13/07/2009,,0.007599592
14/07/2009,,0.026851892
15/07/2009,,0.003263354
16/07/2009,,0.007882714
17/07/2009,,0.031217933
18/07/2009,,0.00141561
19/07/2009,,0.001460314
20/07/2009,,0.012740493
21/07/2009,,0.019490719
22/07/2009,,0.020161271
23/07/2009,,0.001087785
24/07/2009,,0.025629997
25/07/2009,,0.010833144
26/07/2009,,0.034451485
27/07/2009,,0.156924129
28/07/2009,,0.045374036
29/07/2009,,0.002875924
30/07/2009,,0.020176172
31/07/2009,,0.010237098
01/08/2009,,0.005081296
02/08/2009,,0.018492341
03/08/2009,,0.04260242
04/08/2009,,0.003814697
05/08/2009,,0.018492341
06/08/2009,,0.099331141
07/08/2009,,0.00500679
08/08/2009,,0.015735626
09/08/2009,,0.03311038
10/08/2009,,0.010222197
11/08/2009,,0.017985702
12/08/2009,,0.023156404
13/08/2009,,0.029921532
14/08/2009,,0.112354755
15/08/2009,,0.01886487
16/08/2009,,0.046849251
17/08/2009,,0.256329775
18/08/2009,,0.009045005
19/08/2009,,0.006303191
20/08/2009,,0.069066882
21/08/2009,,0.009566545
22/08/2009,,0.071957707
23/08/2009,,0.004708767
24/08/2009,,0.561743975
25/08/2009,,0.014662743
26/08/2009,,0.007137656
27/08/2009,,0.008091331
28/08/2009,,0.069051981
29/08/2009,,0.01052022
30/08/2009,,0.029504299
31/08/2009,,0.04349649
01/09/2009,,0.004202127
02/09/2009,,0.013127923
03/09/2009,,0.077456236
04/09/2009,,0.003665686
05/09/2009,,0.120043755
06/09/2009,,0.020906329
07/09/2009,,0.076442957
08/09/2009,,0.015556812
09/09/2009,,0.039979815
10/09/2009,,0.056609511
11/09/2009,,0.024661422
12/09/2009,,0.00756979
13/09/2009,,0.061944127
14/09/2009,,0.006109476
15/09/2009,,0.028580427
16/09/2009,,0.026315451
17/09/2009,,0.001519918
18/09/2009,,0.029698014
19/09/2009,,0.024721026
20/09/2009,,0.006571412
21/09/2009,,0.040978193
22/09/2009,,0.009790063
23/09/2009,,0.674590468
24/09/2009,,0.005289912
25/09/2009,,0.001043081
26/09/2009,,0.017911196
27/09/2009,,0.007688999
28/09/2009,,0.009357929
29/09/2009,,0.00795722
30/09/2009,,0.008314848
01/10/2009,,0.001937151
02/10/2009,,0.011876225
03/10/2009,,0.014588237
04/10/2009,,0.008404255
05/10/2009,,0.063687563
06/10/2009,,0.020354986
07/10/2009,,0.004172325
08/10/2009,,0.008374453
09/10/2009,,0.028416514
10/10/2009,,8.20E-04
11/10/2009,,0.0012815
12/10/2009,,0.017523766
13/10/2009,,0.037819147
14/10/2009,,0.540137291
15/10/2009,,4.92E-04
16/10/2009,,0.002875924
17/10/2009,,0.001519918
18/10/2009,,0.001937151
19/10/2009,,0.002577901
20/10/2009,,0.022485852
21/10/2009,,0.01911819
22/10/2009,,0.065922737
23/10/2009,,0.047057867
24/10/2009,,0.008776784
25/10/2009,,0.00846386
26/10/2009,,0.020936131
27/10/2009,,9.61E-04
28/10/2009,,0.036001205
29/10/2009,,0.151783228
30/10/2009,,0.018388033
31/10/2009,,0.001594424
01/11/2009,,0.004321337
02/11/2009,,8.05E-04
03/11/2009,,1.64E-04
04/11/2009,,3.73E-04
05/11/2009,,0.001773238
06/11/2009,,3.13E-04
07/11/2009,,3.73E-04
08/11/2009,,9.98E-04
09/11/2009,,0.003442168
10/11/2009,,0.001475215
11/11/2009,,1.79E-04
12/11/2009,,0.001803041
13/11/2009,,0.001236796
14/11/2009,,2.53E-04
15/11/2009,,1.94E-04
16/11/2009,,2.68E-04
17/11/2009,,1.64E-04
18/11/2009,,1.49E-04
19/11/2009,,1.64E-04
20/11/2009,,1.49E-04
21/11/2009,,1.64E-04
22/11/2009,,1.49E-04
23/11/2009,,1.64E-04
24/11/2009,,1.79E-04
25/11/2009,,1.49E-04
26/11/2009,,1.49E-04
27/11/2009,,1.49E-04
28/11/2009,,2.38E-04
29/11/2009,,1.49E-04
30/11/2009,,1.49E-04
01/12/2009,,1.34E-04
02/12/2009,,1.64E-04
03/12/2009,,1.49E-04
04/12/2009,,1.64E-04
05/12/2009,,1.79E-04
06/12/2009,,2.24E-04
07/12/2009,,1.34E-04
08/12/2009,,1.64E-04
09/12/2009,,1.34E-04
10/12/2009,,1.49E-04
11/12/2009,,2.38E-04
12/12/2009,,1.49E-04
13/12/2009,,1.49E-04
14/12/2009,,1.94E-04
15/12/2009,,1.49E-04
16/12/2009,,1.49E-04
17/12/2009,,1.49E-04
18/12/2009,,1.49E-04
19/12/2009,,1.94E-04
20/12/2009,,1.79E-04
21/12/2009,,3.73E-04
22/12/2009,,4.17E-04
23/12/2009,,1.49E-04
24/12/2009,,2.09E-04
25/12/2009,,1.79E-04
26/12/2009,,1.79E-04
27/12/2009,,2.68E-04
28/12/2009,,1.64E-04
29/12/2009,,2.38E-04
30/12/2009,,1.49E-04
31/12/2009,,1.19E-04
01/01/2010,,1.19E-04
02/01/2010,,1.19E-04
03/01/2010,,1.19E-04
04/01/2010,,1.79E-04
05/01/2010,,1.19E-04
06/01/2010,,1.19E-04
07/01/2010,,1.19E-04
08/01/2010,,1.19E-04
09/01/2010,,1.19E-04
10/01/2010,,2.98E-04
11/01/2010,,1.19E-04
12/01/2010,,1.04E-04
13/01/2010,,1.64E-04
14/01/2010,,1.64E-04
15/01/2010,,1.64E-04
16/01/2010,,1.19E-04
17/01/2010,,1.04E-04
18/01/2010,,1.04E-04
19/01/2010,,1.04E-04
20/01/2010,,1.04E-04
21/01/2010,,1.19E-04
22/01/2010,,1.19E-04
23/01/2010,,1.19E-04
24/01/2010,,1.04E-04
25/01/2010,,1.04E-04
26/01/2010,,2.68E-04
27/01/2010,,2.53E-04
28/01/2010,,2.98E-04
29/01/2010,,1.19E-04
30/01/2010,,1.34E-04
31/01/2010,,1.12E-04
01/02/2010,,1.12E-04
02/02/2010,,1.12E-04
03/02/2010,,1.94E-04
04/02/2010,,1.04E-04
05/02/2010,,2.24E-04
06/02/2010,,8.94E-05
07/02/2010,,8.94E-05
08/02/2010,,8.94E-05
09/02/2010,,1.04E-04
10/02/2010,,1.04E-04
11/02/2010,,1.19E-04
12/02/2010,,1.79E-04
13/02/2010,,2.68E-04
14/02/2010,,1.04E-04
15/02/2010,,1.04E-04
16/02/2010,,3.87E-04
17/02/2010,,1.04E-04
18/02/2010,,1.04E-04
19/02/2010,,1.04E-04
20/02/2010,,8.94E-05
21/02/2010,,1.04E-04
22/02/2010,,1.04E-04
23/02/2010,,8.94E-05
24/02/2010,,8.94E-05
25/02/2010,,2.24E-04
26/02/2010,,1.04E-04
27/02/2010,,8.94E-05
28/02/2010,,8.94E-05
01/03/2010,,2.68E-04
02/03/2010,,8.94E-05
03/03/2010,,1.34E-04
04/03/2010,,8.94E-05
05/03/2010,,1.04E-04
06/03/2010,,2.09E-04
07/03/2010,,1.19E-04
08/03/2010,,1.64E-04
09/03/2010,,7.15E-04
10/03/2010,,0.00461936
11/03/2010,,1.49E-04
12/03/2010,,1.19E-04
13/03/2010,,1.34E-04
14/03/2010,,0.001594424
15/03/2010,,0.044032931
16/03/2010,,0.004559755
17/03/2010,,0.00795722
18/03/2010,,0.001773238
19/03/2010,,1.64E-04
20/03/2010,,1.19E-04
21/03/2010,,1.49E-04
22/03/2010,,7.45E-05
23/03/2010,,7.45E-05
24/03/2010,,1.19E-04
25/03/2010,,8.94E-05
26/03/2010,,8.94E-05
27/03/2010,,1.04E-04
28/03/2010,,2.24E-04
29/03/2010,,8.94E-05
30/03/2010,,1.19E-04
31/03/2010,,1.04E-04
01/04/2010,,8.94E-05
02/04/2010,,1.19E-04
03/04/2010,,1.49E-04
04/04/2010,,8.94E-05
05/04/2010,,8.64E-04
06/04/2010,,0.010222197
07/04/2010,,7.45E-05
08/04/2010,,8.20E-04
09/04/2010,,0.006407499
10/04/2010,,1.19E-04
11/04/2010,,1.49E-04
12/04/2010,,8.94E-05
13/04/2010,,5.51E-04
14/04/2010,,0.001087785
15/04/2010,,0.013798475
16/04/2010,,0.02540648
17/04/2010,,7.45E-05
18/04/2010,,4.02E-04
19/04/2010,,2.98E-04
20/04/2010,,0.001341105
21/04/2010,,0.00166893
22/04/2010,,0.003695488
23/04/2010,,0.006839633
24/04/2010,,4.47E-04
25/04/2010,,0.002324581
26/04/2010,,0.026032329
27/04/2010,,0.025913119
28/04/2010,,0.018045306
29/04/2010,,0.004887581
30/04/2010,,0.008076429
01/05/2010,,0.016674399
02/05/2010,,0.019669533
03/05/2010,,0.026285648
04/05/2010,,0.022873282
05/05/2010,,0.012129545
06/05/2010,,0.006020069
07/05/2010,,0.019595027
08/05/2010,,0.028640032
09/05/2010,,0.010401011
10/05/2010,,1.79E-04
11/05/2010,,8.05E-04
12/05/2010,,0.001132488
13/05/2010,,0.011816621
14/05/2010,,8.49E-04
15/05/2010,,8.94E-04
16/05/2010,,0.003606081
17/05/2010,,7.30E-04
18/05/2010,,2.38E-04
19/05/2010,,0.001072884
20/05/2010,,0.019714236
21/05/2010,,0.015422702
22/05/2010,,0.004827976
23/05/2010,,0.006109476
24/05/2010,,0.001594424
25/05/2010,,0.02592802
26/05/2010,,0.051110983
27/05/2010,,0.029966235
28/05/2010,,0.006198883
29/05/2010,,1.79E-04
30/05/2010,,0.011876225
31/05/2010,,0.003904104
01/06/2010,,9.39E-04
02/06/2010,,0.051990151
03/06/2010,,0.018715858
04/06/2010,,0.016674399
05/06/2010,,5.81E-04
06/06/2010,,0.008538365
07/06/2010,,0.001043081
08/06/2010,,0.001117587
09/06/2010,,0.014930964
10/06/2010,,0.003397465
11/06/2010,,0.027790666
12/06/2010,,0.038802624
13/06/2010,,0.008970499
14/06/2010,,0.003665686
15/06/2010,,0.017493963
16/06/2010,,0.024288893
17/06/2010,,0.013977289
18/06/2010,,0.002682209
19/06/2010,,0.001549721
20/06/2010,,0.033602118
21/06/2010,,0.003010035
22/06/2010,,0.013366342
23/06/2010,,0.086262822
24/06/2010,,0.024408102
25/06/2010,,0.010177493
26/06/2010,,0.09778142
27/06/2010,,0.027239323
28/06/2010,,0.013396144
29/06/2010,,0.001356006
30/06/2010,,0.001221895
01/07/2010,,0.006139278
02/07/2010,,0.005483627
03/07/2010,,2.68E-04
04/07/2010,,2.38E-04
05/07/2010,,0.007256866
06/07/2010,,0.005185604
07/07/2010,,0.006303191
08/07/2010,,0.001937151
09/07/2010,,0.041052699
10/07/2010,,11.86642051
11/07/2010,,0.303864479
12/07/2010,,0.005438924
13/07/2010,,0.071391463
14/07/2010,,2.404242754
15/07/2010,,0.035732985
16/07/2010,,0.01244247
17/07/2010,,0.019580126
18/07/2010,,0.010713935
19/07/2010,,0.032827258
20/07/2010,,0.110358
21/07/2010,,7.45E-04
22/07/2010,,0.013887882
23/07/2010,,0.109434128
24/07/2010,,0.003188848
25/07/2010,,0.005602837
26/07/2010,,0.031113625
27/07/2010,,0.048100948
28/07/2010,,0.013828278
29/07/2010,,0.008106232
30/07/2010,,0.623077154
31/07/2010,,0.006765127
01/08/2010,,0.001132488
02/08/2010,,0.007718801
03/08/2010,,0.008523464
04/08/2010,,0.0038445
05/08/2010,,0.009447336
06/08/2010,,0.005483627
07/08/2010,,0.037699938
08/08/2010,,0.099778175
09/08/2010,,0.046104193
10/08/2010,,0.05954504
11/08/2010,,0.008627772
12/08/2010,,0.038146973
13/08/2010,,2.009928226
14/08/2010,,0.341027975
15/08/2010,,0.005498528
16/08/2010,,0.02849102
17/08/2010,,0.003039837
18/08/2010,,0.018805265
19/08/2010,,0.077545643
20/08/2010,,0.088840723
21/08/2010,,0.016406178
22/08/2010,,0.012174249
23/08/2010,,0.018417835
24/08/2010,,1.94068253
25/08/2010,,0.078588724
26/08/2010,,0.005483627
27/08/2010,,0.011891127
28/08/2010,,0.009536743
29/08/2010,,0.014394522
30/08/2010,,0.043869019
31/08/2010,,1.326948404
01/09/2010,,0.008642673
02/09/2010,,0.018402934
03/09/2010,,0.094100833
04/09/2010,,1.071423292
05/09/2010,,0.02604723
06/09/2010,,0.013768673
07/09/2010,,0.116705894
08/09/2010,,0.068098307
09/09/2010,,0.063300133
10/09/2010,,0.050246716
11/09/2010,,0.119686127
12/09/2010,,0.036522746
13/09/2010,,0.043481588
14/09/2010,,0.655651093
15/09/2010,,2.256110311
16/09/2010,,0.00141561
17/09/2010,,0.031888485
18/09/2010,,0.060856342
19/09/2010,,0.017404556
20/09/2010,,0.174924731
21/09/2010,,0.252723694
22/09/2010,,0.057324767
23/09/2010,,0.240206718
24/09/2010,,1.868978143
25/09/2010,,12.34273612
26/09/2010,,0.023543835
27/09/2010,,0.041902065
28/09/2010,,0.04132092
29/09/2010,,0.003263354
30/09/2010,,0.066399574
01/10/2010,,0.009477139
02/10/2010,,0.030219555
03/10/2010,,0.003874302
04/10/2010,,0.069871545
05/10/2010,,0.074326992
06/10/2010,,0.051304698
07/10/2010,,0.965535641
08/10/2010,,0.002130866
09/10/2010,,0.008821487
10/10/2010,,0.092163682
11/10/2010,,0.09739399
12/10/2010,,0.06082654
13/10/2010,,0.014901161
14/10/2010,,0.062614679
15/10/2010,,0.007092953
16/10/2010,,0.006407499
17/10/2010,,0.021472573
18/10/2010,,0.009253621
19/10/2010,,0.113770366
20/10/2010,,0.173896551
21/10/2010,,0.218659639
22/10/2010,,0.007227063
23/10/2010,,0.003278255
24/10/2010,,0.063583255
25/10/2010,,1.234322786
26/10/2010,,0.021308661
27/10/2010,,0.513643026
28/10/2010,,0.005930662
29/10/2010,,0.04118681
30/10/2010,,0.003650784
31/10/2010,,0.068292022
01/11/2010,,0.04838407
02/11/2010,,4.47E-04
03/11/2010,,2.68E-04
04/11/2010,,2.83E-04
05/11/2010,,0.009059906
06/11/2010,,4.02E-04
07/11/2010,,0.002756715
08/11/2010,,0.001996756
09/11/2010,,3.73E-04
10/11/2010,,0.001773238
11/11/2010,,4.62E-04
12/11/2010,,2.98E-04
13/11/2010,,4.77E-04
14/11/2010,,0.008404255
15/11/2010,,2.98E-04
16/11/2010,,2.98E-04
17/11/2010,,6.56E-04
18/11/2010,,3.28E-04
19/11/2010,,4.02E-04
20/11/2010,,0.001654029
21/11/2010,,3.43E-04
22/11/2010,,3.43E-04
23/11/2010,,2.98E-04
24/11/2010,,2.98E-04
25/11/2010,,2.83E-04
26/11/2010,,3.87E-04
27/11/2010,,2.83E-04
28/11/2010,,3.58E-04
29/11/2010,,2.68E-04
30/11/2010,,3.58E-04
01/12/2010,,4.62E-04
02/12/2010,,4.02E-04
03/12/2010,,3.43E-04
04/12/2010,,2.83E-04
05/12/2010,,2.83E-04
06/12/2010,,7.45E-04
07/12/2010,,3.87E-04
08/12/2010,,4.32E-04
09/12/2010,,2.53E-04
10/12/2010,,2.68E-04
11/12/2010,,2.83E-04
12/12/2010,,2.53E-04
13/12/2010,,2.53E-04
14/12/2010,,2.83E-04
15/12/2010,,2.68E-04
16/12/2010,,3.87E-04
17/12/2010,,2.98E-04
18/12/2010,,2.68E-04
19/12/2010,,3.28E-04
20/12/2010,,2.91E-04
21/12/2010,,2.61E-04
22/12/2010,,4.02E-04
23/12/2010,,3.05E-04
24/12/2010,,2.38E-04
25/12/2010,,2.68E-04
26/12/2010,,2.68E-04
27/12/2010,,2.38E-04
28/12/2010,,2.83E-04
29/12/2010,,4.02E-04
30/12/2010,,2.53E-04
31/12/2010,,2.53E-04
01/01/2011,,2.24E-04
02/01/2011,,2.38E-04
03/01/2011,,2.53E-04
04/01/2011,,2.24E-04
05/01/2011,,2.38E-04
06/01/2011,,2.83E-04
07/01/2011,,2.68E-04
08/01/2011,,2.24E-04
09/01/2011,,2.24E-04
10/01/2011,,2.24E-04
11/01/2011,,2.09E-04
12/01/2011,,2.24E-04
13/01/2011,,2.24E-04
14/01/2011,,2.24E-04
15/01/2011,,2.24E-04
16/01/2011,,2.38E-04
17/01/2011,,2.38E-04
18/01/2011,,2.24E-04
19/01/2011,,2.09E-04
20/01/2011,,1.94E-04
21/01/2011,,2.09E-04
22/01/2011,,2.24E-04
23/01/2011,,1.94E-04
24/01/2011,,1.94E-04
25/01/2011,,2.38E-04
26/01/2011,,2.24E-04
27/01/2011,,2.83E-04
28/01/2011,,2.38E-04
29/01/2011,,2.68E-04
30/01/2011,,2.38E-04
31/01/2011,,1.94E-04
01/02/2011,,2.68E-04
02/02/2011,,2.38E-04
03/02/2011,,2.68E-04
04/02/2011,,4.17E-04
05/02/2011,,2.24E-04
06/02/2011,,1.79E-04
07/02/2011,,2.09E-04
08/02/2011,,1.79E-04
09/02/2011,,3.43E-04
10/02/2011,,0.00102818
11/02/2011,,2.98E-04
12/02/2011,,1.94E-04
13/02/2011,,0.006139278
14/02/2011,,3.58E-04
15/02/2011,,1.79E-04
16/02/2011,,2.09E-04
17/02/2011,,0.00205636
18/02/2011,,6.85E-04
19/02/2011,,1.94E-04
20/02/2011,,1.79E-04
21/02/2011,,3.28E-04
22/02/2011,,4.02E-04
23/02/2011,,0.002920628
24/02/2011,,0.006690621
25/02/2011,,0.002533197
26/02/2011,,0.003859401
27/02/2011,,0.003069639
28/02/2011,,1.79E-04
01/03/2011,,1.64E-04
02/03/2011,,9.98E-04
03/03/2011,,0.00295043
04/03/2011,,1.94E-04
05/03/2011,,2.24E-04
06/03/2011,,2.38E-04
07/03/2011,,1.79E-04
08/03/2011,,1.94E-04
09/03/2011,,3.43E-04
10/03/2011,,2.09E-04
11/03/2011,,1.94E-04
12/03/2011,,1.79E-04
13/03/2011,,1.64E-04
14/03/2011,,2.16E-04
15/03/2011,,2.46E-04
16/03/2011,,1.64E-04
17/03/2011,,2.38E-04
18/03/2011,,1.64E-04
19/03/2011,,1.49E-04
20/03/2011,,0.001296401
21/03/2011,,1.64E-04
22/03/2011,,1.49E-04
23/03/2011,,1.49E-04
24/03/2011,,7.60E-04
25/03/2011,,2.09E-04
26/03/2011,,1.64E-04
27/03/2011,,1.34E-04
28/03/2011,,1.64E-04
29/03/2011,,1.49E-04
30/03/2011,,3.28E-04
31/03/2011,,1.49E-04
01/04/2011,,1.49E-04
02/04/2011,,0.002682209
03/04/2011,,0.009968877
04/04/2011,,7.45E-04
05/04/2011,,1.34E-04
06/04/2011,,1.19E-04
07/04/2011,,1.49E-04
08/04/2011,,3.43E-04
09/04/2011,,0.00564754
10/04/2011,,2.38E-04
11/04/2011,,1.19E-04
12/04/2011,,2.09E-04
13/04/2011,,0.007271767
14/04/2011,,1.19E-04
15/04/2011,,2.68E-04
16/04/2011,,0.01527369
17/04/2011,,0.011399388
18/04/2011,,0.00166893
19/04/2011,,1.34E-04
20/04/2011,,5.36E-04
21/04/2011,,2.38E-04
22/04/2011,,2.83E-04
23/04/2011,,0.00141561
24/04/2011,,0.007688999
25/04/2011,,0.001713634
26/04/2011,,0.001877546
27/04/2011,,0.002712011
28/04/2011,,0.006496906
29/04/2011,,8.94E-04
30/04/2011,,1.79E-04
01/05/2011,,0.016033649
02/05/2011,,0.016123056
03/05/2011,,0.01630187
04/05/2011,,2.83E-04
05/05/2011,,0.01335144
06/05/2011,,0.001192093
07/05/2011,,0.006109476
08/05/2011,,0.011771917
09/05/2011,,0.002563
10/05/2011,,0.040203333
11/05/2011,,0.028252602
12/05/2011,,0.006869435
13/05/2011,,0.011444092
14/05/2011,,0.001758337
15/05/2011,,0.002682209
16/05/2011,,8.05E-04
17/05/2011,,9.98E-04
18/05/2011,,0.001773238
19/05/2011,,0.003010035
20/05/2011,,5.07E-04
21/05/2011,,0.001356006
22/05/2011,,0.004038215
23/05/2011,,3.87E-04
24/05/2011,,0.001519918
25/05/2011,,0.013053417
26/05/2011,,0.056624413
27/05/2011,,0.04260242
28/05/2011,,0.003248453
29/05/2011,,0.001206994
30/05/2011,,0.004976988
31/05/2011,,0.004440546
01/06/2011,,0.027567148
02/06/2011,,0.001072884
03/06/2011,,0.02771616
04/06/2011,,0.023156404
05/06/2011,,0.001356006
06/06/2011,,0.002756715
07/06/2011,,0.01013279
08/06/2011,,0.024139881
09/06/2011,,0.008299947
10/06/2011,,0.006571412
11/06/2011,,0.085383654
12/06/2011,,0.003889203
13/06/2011,,0.001013279
14/06/2011,,0.006183982
15/06/2011,,0.016689301
16/06/2011,,0.034153461
17/06/2011,,0.013619661
18/06/2011,,0.041007996
19/06/2011,,0.033631921
20/06/2011,,0.002041459
21/06/2011,,0.013798475
22/06/2011,,0.005275011
23/06/2011,,0.004217029
24/06/2011,,0.006258488
25/06/2011,,0.001817942
26/06/2011,,0.012278557
27/06/2011,,0.00244379
28/06/2011,,0.00654161
29/06/2011,,0.028222799
30/06/2011,,0.004813075
01/07/2011,,0.001490116
02/07/2011,,0.029742718
03/07/2011,,0.028967857
04/07/2011,,8.34E-04
05/07/2011,,0.024884939
06/07/2011,,0.007033348
07/07/2011,,0.029340386
08/07/2011,,0.002652407
09/07/2011,,0.007584691
10/07/2011,,0.074952841
11/07/2011,,0.019311905
12/07/2011,,0.003308058
13/07/2011,,0.005289912
14/07/2011,,0.007107854
15/07/2011,,0.002831221
16/07/2011,,0.004738569
17/07/2011,,0.072777271
18/07/2011,,0.003635883
19/07/2011,,1.19E-04
20/07/2011,,0.036031008
21/07/2011,,0.018149614
22/07/2011,,0.007450581
23/07/2011,,0.006526709
24/07/2011,,0.002771616
25/07/2011,,0.004559755
26/07/2011,,0.004544854
27/07/2011,,0.002786517
28/07/2011,,0.002771616
29/07/2011,,0.002801418
30/07/2011,,0.00590086
31/07/2011,,0.011622906
01/08/2011,,0.012263656
02/08/2011,,0.018432736
03/08/2011,,0.055074692
04/08/2011,,0.006482005
05/08/2011,,0.006526709
06/08/2011,,0.06839633
07/08/2011,,0.30811131
08/08/2011,,0.004976988
09/08/2011,,0.006780028
10/08/2011,,0.045970082
11/08/2011,,0.024914742
12/08/2011,,0.007152557
13/08/2011,,0.05479157
14/08/2011,,0.049993396
15/08/2011,,0.009685755
16/08/2011,,0.005185604
17/08/2011,,0.012934208
18/08/2011,,0.041663647
19/08/2011,,0.0012815
20/08/2011,,0.002384186
21/08/2011,,0.026598573
22/08/2011,,0.014662743
23/08/2011,,0.003606081
24/08/2011,,0.010952353
25/08/2011,,0.020854175
26/08/2011,,0.033922493
27/08/2011,,2.472534776
28/08/2011,,0.01129508
29/08/2011,,0.005453825
30/08/2011,,0.081732869
31/08/2011,,0.04735589
01/09/2011,,0.020429492
02/09/2011,,0.004261732
03/09/2011,,0.007539988
04/09/2011,,0.012472272
05/09/2011,,0.059396029
06/09/2011,,0.015497208
07/09/2011,,0.006735325
08/09/2011,,0.93343854
09/09/2011,,13.2894665
10/09/2011,,0.010982156
11/09/2011,,0.004440546
12/09/2011,,0.003963709
13/09/2011,,0.005096197
14/09/2011,,0.109791756
15/09/2011,,0.072777271
16/09/2011,,0.025063753
17/09/2011,,0.029012561
18/09/2011,,0.849545002
19/09/2011,,1.868128777
20/09/2011,,1.300930977
21/09/2011,,0.49200654
22/09/2011,,0.005409122
23/09/2011,,0.009447336
24/09/2011,,0.367552042
25/09/2011,,0.007092953
26/09/2011,,0.008523464
27/09/2011,,0.086337328
28/09/2011,,0.004723668
29/09/2011,,0.052899122
30/09/2011,,0.001356006
01/10/2011,,0.018000603
02/10/2011,,0.019341707
03/10/2011,,0.02554059
04/10/2011,,0.010073185
05/10/2011,,0.010281801
06/10/2011,,0.050574541
07/10/2011,,0.020608306
08/10/2011,,0.03169477
09/10/2011,,0.026166439
10/10/2011,,0.056862831
11/10/2011,,0.05543232
12/10/2011,,2.830177546
13/10/2011,,1.008287072
14/10/2011,,0.020965934
15/10/2011,,0.062182546
16/10/2011,,2.38E-04
17/10/2011,,4.92E-04
18/10/2011,,0.040248036
19/10/2011,,0.036358833
20/10/2011,,0.013306737
21/10/2011,,0.045344234
22/10/2011,,0.497527421
23/10/2011,,4.02E-04
24/10/2011,,0.002831221
25/10/2011,,0.004768372
26/10/2011,,2.98E-04
27/10/2011,,1.94E-04
28/10/2011,,2.68E-04
29/10/2011,,0.002726912
30/10/2011,,1.19E-04
31/10/2011,,2.24E-04
01/11/2011,,5.51E-04
02/11/2011,,3.28E-04
03/11/2011,,1.94E-04
04/11/2011,,4.92E-04
05/11/2011,,2.09E-04
06/11/2011,,3.58E-04
07/11/2011,,2.24E-04
08/11/2011,,2.38E-04
09/11/2011,,2.98E-04
10/11/2011,,1.64E-04
11/11/2011,,1.79E-04
12/11/2011,,1.94E-04
13/11/2011,,4.62E-04
14/11/2011,,1.49E-04
15/11/2011,,2.09E-04
16/11/2011,,1.94E-04
17/11/2011,,1.19E-04
18/11/2011,,1.79E-04
19/11/2011,,1.64E-04
20/11/2011,,2.24E-04
21/11/2011,,3.87E-04
22/11/2011,,7.00E-04
23/11/2011,,1.64E-04
24/11/2011,,2.98E-04
25/11/2011,,2.98E-04
26/11/2011,,2.38E-04
27/11/2011,,1.49E-04
28/11/2011,,1.49E-04
29/11/2011,,3.13E-04
30/11/2011,,1.04E-04
01/12/2011,,1.49E-04
02/12/2011,,1.04E-04
03/12/2011,,1.34E-04
04/12/2011,,1.04E-04
05/12/2011,,1.19E-04
06/12/2011,,1.19E-04
07/12/2011,,1.04E-04
08/12/2011,,1.04E-04
09/12/2011,,1.19E-04
10/12/2011,,1.04E-04
11/12/2011,,1.04E-04
12/12/2011,,1.04E-04
13/12/2011,,1.04E-04
14/12/2011,,1.04E-04
15/12/2011,,1.04E-04
16/12/2011,,1.04E-04
17/12/2011,,1.04E-04
18/12/2011,,1.04E-04
19/12/2011,,1.04E-04
20/12/2011,,1.04E-04
21/12/2011,,1.94E-04
22/12/2011,,1.34E-04
23/12/2011,,1.04E-04
24/12/2011,,1.04E-04
25/12/2011,,1.64E-04
26/12/2011,,1.04E-04
27/12/2011,,1.04E-04
28/12/2011,,1.19E-04
29/12/2011,,1.19E-04
30/12/2011,,1.19E-04
31/12/2011,,1.19E-04
01/01/2012,,8.94E-05
02/01/2012,,1.04E-04
03/01/2012,,1.19E-04
04/01/2012,,1.04E-04
05/01/2012,,1.19E-04
06/01/2012,,8.94E-05
07/01/2012,,8.94E-05
08/01/2012,,1.04E-04
09/01/2012,,1.04E-04
10/01/2012,,8.94E-05
11/01/2012,,8.94E-05
12/01/2012,,8.94E-05
13/01/2012,,9.69E-05
14/01/2012,,7.45E-05
15/01/2012,,1.04E-04
16/01/2012,,8.94E-05
17/01/2012,,8.94E-05
18/01/2012,,8.94E-05
19/01/2012,,8.94E-05
20/01/2012,,5.96E-04
21/01/2012,,1.04E-04
22/01/2012,,8.94E-05
23/01/2012,,1.19E-04
24/01/2012,,8.94E-05
25/01/2012,,8.94E-05
26/01/2012,,2.09E-04
27/01/2012,,3.28E-04
28/01/2012,,1.19E-04
29/01/2012,,1.19E-04
30/01/2012,,2.68E-04
31/01/2012,,1.79E-04
01/02/2012,,1.19E-04
02/02/2012,,2.09E-04
03/02/2012,,1.19E-04
04/02/2012,,1.49E-04
05/02/2012,,1.19E-04
06/02/2012,,3.73E-04
07/02/2012,,8.94E-05
08/02/2012,,8.94E-05
09/02/2012,,7.45E-05
10/02/2012,,8.94E-05
11/02/2012,,6.56E-04
12/02/2012,,2.24E-04
13/02/2012,,3.13E-04
14/02/2012,,1.19E-04
15/02/2012,,0.001013279
16/02/2012,,1.19E-04
17/02/2012,,2.83E-04
18/02/2012,,0.002533197
19/02/2012,,5.51E-04
20/02/2012,,0.014439225
21/02/2012,,0.027149916
22/02/2012,,1.79E-04
23/02/2012,,3.13E-04
24/02/2012,,1.19E-04
25/02/2012,,1.49E-04
26/02/2012,,2.24E-04
27/02/2012,,1.19E-04
28/02/2012,,1.34E-04
29/02/2012,,1.04E-04
01/03/2012,,3.73E-04
02/03/2012,,3.73E-04
03/03/2012,,5.96E-05
04/03/2012,,5.81E-04
05/03/2012,,8.20E-04
06/03/2012,,2.38E-04
07/03/2012,,2.38E-04
08/03/2012,,7.45E-05
09/03/2012,,1.04E-04
10/03/2012,,0.002503395
11/03/2012,,7.45E-05
12/03/2012,,8.94E-05
13/03/2012,,5.96E-05
14/03/2012,,8.94E-05
15/03/2012,,7.45E-05
16/03/2012,,7.45E-05
17/03/2012,,1.04E-04
18/03/2012,,8.94E-05
19/03/2012,,4.02E-04
20/03/2012,,1.19E-04
21/03/2012,,1.34E-04
22/03/2012,,2.98E-04
23/03/2012,,7.45E-05
24/03/2012,,0.001177192
25/03/2012,,1.04E-04
26/03/2012,,1.19E-04
27/03/2012,,8.94E-05
28/03/2012,,5.96E-05
29/03/2012,,2.09E-04
30/03/2012,,7.45E-05
31/03/2012,,7.15E-04
01/04/2012,,0.002563
02/04/2012,,0.007510185
03/04/2012,,0.024944544
04/04/2012,,0.003248453
05/04/2012,,0.005438924
06/04/2012,,0.001773238
07/04/2012,,0.002428889
08/04/2012,,8.34E-04
09/04/2012,,0.003322959
10/04/2012,,0.001296401
11/04/2012,,0.003606081
12/04/2012,,0.006221235
13/04/2012,,0.006139278
14/04/2012,,0.021338463
15/04/2012,,0.021144748
16/04/2012,,0.024601817
17/04/2012,,0.012859702
18/04/2012,,0.002086163
19/04/2012,,0.059351325
20/04/2012,,9.83E-04
21/04/2012,,2.68E-04
22/04/2012,,0.001221895
23/04/2012,,5.51E-04
24/04/2012,,0.010222197
25/04/2012,,0.014588237
26/04/2012,,0.001266599
27/04/2012,,1.04E-04
28/04/2012,,9.83E-04
29/04/2012,,7.45E-05
30/04/2012,,0.002801418
01/05/2012,,0.001177192
02/05/2012,,7.45E-04
03/05/2012,,0.023499131
04/05/2012,,5.07E-04
05/05/2012,,0.008285046
06/05/2012,,4.17E-04
07/05/2012,,0.001400709
08/05/2012,,0.009477139
09/05/2012,,0.008434057
10/05/2012,,0.027731061
11/05/2012,,0.030338764
12/05/2012,,0.032067299
13/05/2012,,0.044092536
14/05/2012,,0.028148293
15/05/2012,,0.029921532
16/05/2012,,0.02323091
17/05/2012,,0.001400709
18/05/2012,,2.24E-04
19/05/2012,,0.076323748
20/05/2012,,0.012144446
21/05/2012,,9.83E-04
22/05/2012,,0.014543533
23/05/2012,,0.002682209
24/05/2012,,0.017508864
25/05/2012,,0.061124563
26/05/2012,,0.036209822
27/05/2012,,0.001519918
28/05/2012,,0.007435679
29/05/2012,,0.038251281
30/05/2012,,0.008776784
31/05/2012,,0.00654161
01/06/2012,,0.016838312
02/06/2012,,0.049754977
03/06/2012,,0.002086163
04/06/2012,,0.033676624
05/06/2012,,0.002771616
06/06/2012,,0.05069375
07/06/2012,,0.002130866
08/06/2012,,0.002026558
09/06/2012,,1.79E-04
10/06/2012,,0.001206994
11/06/2012,,0.00539422
12/06/2012,,0.033766031
13/06/2012,,0.006988645
14/06/2012,,0.088825822
15/06/2012,,0.007331371
16/06/2012,,0.003501773
17/06/2012,,0.048711896
18/06/2012,,7.45E-04
19/06/2012,,0.006914139
20/06/2012,,0.049382448
21/06/2012,,0.007271767
22/06/2012,,0.005915761
23/06/2012,,4.62E-04
24/06/2012,,0.037699938
25/06/2012,,0.002384186
26/06/2012,,0.007808208
27/06/2012,,0.136911869
28/06/2012,,0.073373318
29/06/2012,,0.036135316
30/06/2012,,0.014960766
01/07/2012,,0.42873621
02/07/2012,,0.021457672
03/07/2012,,0.065997243
04/07/2012,,0.835224986
05/07/2012,,0.025480986
06/07/2012,,0.024080276
07/07/2012,,2.730935812
08/07/2012,,0.101998448
09/07/2012,,0.038027763
10/07/2012,,0.033468008
11/07/2012,,0.903010368
12/07/2012,,0.114485621
13/07/2012,,0.053405762
14/07/2012,,0.074639916
15/07/2012,,0.448077917
16/07/2012,,0.007748604
17/07/2012,,0.006705523
18/07/2012,,0.066459179
19/07/2012,,0.054568052
20/07/2012,,0.002339482
21/07/2012,,1.176461577
22/07/2012,,0.080376863
23/07/2012,,0.078871846
24/07/2012,,0.037610531
25/07/2012,,0.016376376
26/07/2012,,0.070884824
27/07/2012,,0.022426248
28/07/2012,,0.063195825
29/07/2012,,0.017613173
30/07/2012,,0.009119511
31/07/2012,,0.021412969
01/08/2012,,0.011309981
02/08/2012,,0.007450581
03/08/2012,,0.013068318
04/08/2012,,0.154271722
05/08/2012,,0.011265278
06/08/2012,,0.01001358
07/08/2012,,0.029802322
08/08/2012,,0.018507242
09/08/2012,,0.065252185
10/08/2012,,0.067219138
11/08/2012,,1.627296209
12/08/2012,,0.004142523
13/08/2012,,0.006899238
14/08/2012,,0.135272741
15/08/2012,,0.003382564
16/08/2012,,0.002607703
17/08/2012,,0.070229173
18/08/2012,,0.020638108
19/08/2012,,0.009521842
20/08/2012,,0.025525689
21/08/2012,,1.766711473
22/08/2012,,18.7420994
23/08/2012,,0.015988946
24/08/2012,,0.071763992
25/08/2012,,0.007361174
26/08/2012,,0.012695789
27/08/2012,,0.027194619
28/08/2012,,0.047206879
29/08/2012,,0.030949712
30/08/2012,,0.014841557
31/08/2012,,1.096084714
01/09/2012,,0.987753272
02/09/2012,,3.43491137
03/09/2012,,0.079959631
04/09/2012,,1.290351152
05/09/2012,,3.40500474
06/09/2012,,0.026315451
07/09/2012,,0.064507127
08/09/2012,,0.298753381
09/09/2012,,0.330731273
10/09/2012,,0.015348196
11/09/2012,,1.889467239
12/09/2012,,0.018194318
13/09/2012,,0.469848514
14/09/2012,,0.016286969
15/09/2012,,0.021770597
16/09/2012,,0.667214394
17/09/2012,,2.825289965
18/09/2012,,0.038146973
19/09/2012,,1.89588964
20/09/2012,,0.018805265
21/09/2012,,0.021144748
22/09/2012,,0.771984458
23/09/2012,,0.039502978
24/09/2012,,0.004827976
25/09/2012,,0.060066581
26/09/2012,,0.061556697
27/09/2012,,0.021725893
28/09/2012,,9.24E-04
29/09/2012,,0.095948577
30/09/2012,,0.011995435
01/10/2012,,0.021576881
02/10/2012,,0.009283423
03/10/2012,,0.01385808
04/10/2012,,0.029042363
05/10/2012,,0.009983778
06/10/2012,,0.040575862
07/10/2012,,0.047504902
08/10/2012,,0.083565712
09/10/2012,,0.004187226
10/10/2012,,0.076681376
11/10/2012,,0.039309263
12/10/2012,,0.007241964
13/10/2012,,0.004664063
14/10/2012,,0.003695488
15/10/2012,,0.038430095
16/10/2012,,0.084131956
17/10/2012,,0.084668398
18/10/2012,,0.016212463
19/10/2012,,0.002965331
20/10/2012,,0.023394823
21/10/2012,,0.044792891
22/10/2012,,0.04568696
23/10/2012,,0.507846475
24/10/2012,,0.008687377
25/10/2012,,0.093355775
26/10/2012,,0.040709972
27/10/2012,,0.032842159
28/10/2012,,0.099748373
29/10/2012,,0.005438924
30/10/2012,,0.002011657
31/10/2012,,0.001698732
01/11/2012,,0.00102818
02/11/2012,,0.001385808
03/11/2012,,0.003427267
04/11/2012,,0.0012815
05/11/2012,,0.001832843
06/11/2012,,0.001356006
07/11/2012,,0.00217557
08/11/2012,,0.003814697
09/11/2012,,0.008568168
10/11/2012,,9.09E-04
11/11/2012,,0.001117587
12/11/2012,,9.69E-04
13/11/2012,,0.001132488
14/11/2012,,0.002279878
15/11/2012,,0.001087785
16/11/2012,,8.94E-04
17/11/2012,,0.001221895
18/11/2012,,0.00102818
19/11/2012,,0.001370907
20/11/2012,,0.001162291
21/11/2012,,0.001043081
22/11/2012,,0.001087785
23/11/2012,,0.001311302
24/11/2012,,9.09E-04
25/11/2012,,9.39E-04
26/11/2012,,0.001147389
27/11/2012,,0.001072884
28/11/2012,,0.001132488
29/11/2012,,9.54E-04
30/11/2012,,8.94E-04
01/12/2012,,9.39E-04
02/12/2012,,8.64E-04
03/12/2012,,8.34E-04
04/12/2012,,8.49E-04
05/12/2012,,0.001400709
06/12/2012,,0.001072884
07/12/2012,,9.83E-04
08/12/2012,,8.34E-04
09/12/2012,,8.34E-04
10/12/2012,,8.49E-04
11/12/2012,,9.16E-04
12/12/2012,,0.001050532
13/12/2012,,8.42E-04
14/12/2012,,7.90E-04
15/12/2012,,8.34E-04
16/12/2012,,7.60E-04
17/12/2012,,7.45E-04
18/12/2012,,7.60E-04
19/12/2012,,7.45E-04
20/12/2012,,7.45E-04
21/12/2012,,7.30E-04
22/12/2012,,7.30E-04
23/12/2012,,7.30E-04
24/12/2012,,7.30E-04
25/12/2012,,7.15E-04
26/12/2012,,7.15E-04
27/12/2012,,7.15E-04
28/12/2012,,7.15E-04
29/12/2012,,6.85E-04
30/12/2012,,6.56E-04
31/12/2012,,6.85E-04
01/01/2013,,6.85E-04
02/01/2013,,6.85E-04
03/01/2013,,6.56E-04
04/01/2013,,6.41E-04
05/01/2013,,6.71E-04
06/01/2013,,6.41E-04
07/01/2013,,6.56E-04
08/01/2013,,6.56E-04
09/01/2013,,6.26E-04
10/01/2013,,6.41E-04
11/01/2013,,6.26E-04
12/01/2013,,6.26E-04
13/01/2013,,6.26E-04
14/01/2013,,5.81E-04
15/01/2013,,6.11E-04
16/01/2013,,6.11E-04
17/01/2013,,5.96E-04
18/01/2013,,5.81E-04
19/01/2013,,0.004187226
20/01/2013,,0.006556511
21/01/2013,,9.83E-04
22/01/2013,,6.56E-04
23/01/2013,,6.56E-04
24/01/2013,,6.11E-04
25/01/2013,,7.45E-04
26/01/2013,,0.00217557
27/01/2013,,0.002458692
28/01/2013,,5.66E-04
29/01/2013,,5.51E-04
30/01/2013,,5.51E-04
31/01/2013,,5.36E-04
01/02/2013,,5.36E-04
02/02/2013,,5.51E-04
03/02/2013,,5.07E-04
04/02/2013,,5.22E-04
05/02/2013,,5.07E-04
06/02/2013,,5.22E-04
07/02/2013,,5.22E-04
08/02/2013,,4.77E-04
09/02/2013,,5.07E-04
10/02/2013,,5.07E-04
11/02/2013,,4.77E-04
12/02/2013,,5.81E-04
13/02/2013,,4.92E-04
14/02/2013,,5.07E-04
15/02/2013,,4.92E-04
16/02/2013,,4.77E-04
17/02/2013,,4.92E-04
18/02/2013,,5.07E-04
19/02/2013,,0.001162291
20/02/2013,,0.001341105
21/02/2013,,4.62E-04
22/02/2013,,4.77E-04
23/02/2013,,4.47E-04
24/02/2013,,4.47E-04
25/02/2013,,7.15E-04
26/02/2013,,4.77E-04
27/02/2013,,4.47E-04
28/02/2013,,4.47E-04
01/03/2013,,4.47E-04
02/03/2013,,4.17E-04
03/03/2013,,4.32E-04
04/03/2013,,0.002995133
05/03/2013,,4.32E-04
06/03/2013,,4.02E-04
07/03/2013,,3.87E-04
08/03/2013,,4.62E-04
09/03/2013,,4.02E-04
10/03/2013,,4.62E-04
11/03/2013,,4.02E-04
12/03/2013,,8.64E-04
13/03/2013,,0.001341105
14/03/2013,,3.73E-04
15/03/2013,,3.87E-04
16/03/2013,,0.001579523
17/03/2013,,5.96E-04
18/03/2013,,3.87E-04
19/03/2013,,3.87E-04
20/03/2013,,3.73E-04
21/03/2013,,3.58E-04
22/03/2013,,5.66E-04
23/03/2013,,4.62E-04
24/03/2013,,0.001698732
25/03/2013,,0.002041459
26/03/2013,,6.71E-04
27/03/2013,,0.013202429
28/03/2013,,0.001743436
29/03/2013,,0.009700656
30/03/2013,,0.009045005
31/03/2013,,7.45E-04
01/04/2013,,0.027239323
02/04/2013,,0.004678965
03/04/2013,,8.79E-04
04/04/2013,,9.24E-04
05/04/2013,,0.003397465
06/04/2013,,0.001654029
07/04/2013,,0.014290214
08/04/2013,,0.030934811
09/04/2013,,0.011280179
10/04/2013,,0.001206994
11/04/2013,,3.28E-04
12/04/2013,,5.36E-04
13/04/2013,,8.79E-04
14/04/2013,,0.007078052
15/04/2013,,0.001147389
16/04/2013,,7.90E-04
17/04/2013,,0.003248453
18/04/2013,,3.43E-04
19/04/2013,,0.002086163
20/04/2013,,0.019982457
21/04/2013,,0.081881881
22/04/2013,,0.016242266
23/04/2013,,0.001430511
24/04/2013,,0.028163195
25/04/2013,,0.01642108
26/04/2013,,0.005081296
27/04/2013,,0.020310283
28/04/2013,,0.01566112
29/04/2013,,8.49E-04
30/04/2013,,0.056281686
01/05/2013,,0.006780028
02/05/2013,,8.05E-04
03/05/2013,,0.016182661
04/05/2013,,0.001549721
05/05/2013,,0.003948808
06/05/2013,,0.01271069
07/05/2013,,5.51E-04
08/05/2013,,0.002011657
09/05/2013,,7.60E-04
10/05/2013,,0.006049871
11/05/2013,,0.002086163
12/05/2013,,0.003755093
13/05/2013,,2.98E-04
14/05/2013,,0.021338463
15/05/2013,,4.47E-04
16/05/2013,,4.77E-04
17/05/2013,,0.012874603
18/05/2013,,0.046491623
19/05/2013,,8.79E-04
20/05/2013,,5.96E-04
21/05/2013,,0.013753772
22/05/2013,,0.019282103
23/05/2013,,8.79E-04
24/05/2013,,8.05E-04
25/05/2013,,7.30E-04
26/05/2013,,0.02425909
27/05/2013,,0.011786819
28/05/2013,,0.001236796
29/05/2013,,0.010788441
30/05/2013,,0.001385808
31/05/2013,,0.00102818
01/06/2013,,0.005498528
02/06/2013,,0.001758337
03/06/2013,,0.021219254
04/06/2013,,0.018283725
05/06/2013,,0.061139464
06/06/2013,,0.001251698
07/06/2013,,9.24E-04
08/06/2013,,0.022605062
09/06/2013,,0.016361475
10/06/2013,,0.002473593
11/06/2013,,0.004917383
12/06/2013,,0.002890825
13/06/2013,,0.001460314
14/06/2013,,0.001609325
15/06/2013,,0.028297305
16/06/2013,,0.002995133
17/06/2013,,0.021517277
18/06/2013,,0.044852495
19/06/2013,,6.41E-04
20/06/2013,,7.45E-04
21/06/2013,,0.021860003
22/06/2013,,0.001490116
23/06/2013,,0.004246831
24/06/2013,,0.016108155
25/06/2013,,0.002667308
26/06/2013,,0.001385808
27/06/2013,,0.048458576
28/06/2013,,0.016987324
29/06/2013,,0.044167042
30/06/2013,,0.007137656
01/07/2013,,7.60E-04
02/07/2013,,0.035881996
03/07/2013,,0.005468726
04/07/2013,,0.001937151
05/07/2013,,0.001966953
06/07/2013,,0.010550022
07/07/2013,,0.008031726
08/07/2013,,0.024795532
09/07/2013,,0.001713634
10/07/2013,,0.003755093
11/07/2013,,0.005915761
12/07/2013,,0.021234155
13/07/2013,,0.013291836
14/07/2013,,0.008553267
15/07/2013,,0.007167459
16/07/2013,,0.003680587
17/07/2013,,0.013783574
18/07/2013,,0.007092953
19/07/2013,,0.002294779
20/07/2013,,0.014811754
21/07/2013,,0.033646822
22/07/2013,,0.00217557
23/07/2013,,0.076577067
24/07/2013,,0.024780631
25/07/2013,,0.003963709
26/07/2013,,0.007167459
27/07/2013,,0.005617738
28/07/2013,,0.011771917
29/07/2013,,0.00539422
30/07/2013,,0.003471971
31/07/2013,,0.005662441
01/08/2013,,0.013202429
02/08/2013,,0.00205636
03/08/2013,,0.00359118
04/08/2013,,0.002592802
05/08/2013,,0.014021993
06/08/2013,,0.003948808
07/08/2013,,0.005930662
08/08/2013,,0.006124377
09/08/2013,,2.38E-04
10/08/2013,,2.24E-04
11/08/2013,,7.15E-04
12/08/2013,,0.026792288
13/08/2013,,0.005319715
14/08/2013,,0.001847744
15/08/2013,,0.031977892
16/08/2013,,0.005096197
17/08/2013,,0.001460314
18/08/2013,,0.001654029
19/08/2013,,0.008061528
20/08/2013,,0.00795722
21/08/2013,,0.044539571
22/08/2013,,0.003635883
23/08/2013,,0.009834766
24/08/2013,,0.006020069
25/08/2013,,0.113502145
26/08/2013,,0.002160668
27/08/2013,,0.003874302
28/08/2013,,0.015452504
29/08/2013,,0.05787611
30/08/2013,,0.058919191
31/08/2013,,0.052556396
01/09/2013,,0.160306692
02/09/2013,,0.005111098
03/09/2013,,0.022560358
04/09/2013,,0.047147274
05/09/2013,,5.958005786
06/09/2013,,0.039249659
07/09/2013,,0.005230308
08/09/2013,,1.758694649
09/09/2013,,3.172308207
10/09/2013,,0.022083521
11/09/2013,,0.013619661
12/09/2013,,0.009998679
13/09/2013,,0.08289516
14/09/2013,,0.828102231
15/09/2013,,0.027537346
16/09/2013,,0.00615418
17/09/2013,,0.03528595
18/09/2013,,0.006228685
19/09/2013,,0.004738569
20/09/2013,,0.006213784
21/09/2013,,0.003516674
22/09/2013,,0.007033348
23/09/2013,,3.802657127
24/09/2013,,0.118941069
25/09/2013,,0.006407499
26/09/2013,,0.034302473
27/09/2013,,0.050723553
28/09/2013,,0.001579523
29/09/2013,,4.77E-04
30/09/2013,,0.002324581
01/10/2013,,0.011652708
02/10/2013,,0.003099442
03/10/2013,,0.041767955
04/10/2013,,0.012472272
05/10/2013,,0.002220273
06/10/2013,,0.107780099
07/10/2013,,0.065565109
08/10/2013,,0.12409687
09/10/2013,,0.060796738
10/10/2013,,0.0153929
11/10/2013,,0.019863248
12/10/2013,,1.79E-04
13/10/2013,,0.001132488
14/10/2013,,6.835997105
15/10/2013,,0.051051378
16/10/2013,,0.15693903
17/10/2013,,0.02039969
18/10/2013,,4.62E-04
19/10/2013,,0.005424023
20/10/2013,,0.001296401
21/10/2013,,0.015288591
22/10/2013,,0.002995133
23/10/2013,,5.96E-04
24/10/2013,,0.003278255
25/10/2013,,0.001326203
26/10/2013,,3.13E-04
27/10/2013,,3.28E-04
28/10/2013,,0.001892447
29/10/2013,,0.030905008
30/10/2013,,0.002220273
31/10/2013,,0.006243587
01/11/2013,,0.0038445
02/11/2013,,6.85E-04
03/11/2013,,2.53E-04
04/11/2013,,3.13E-04
05/11/2013,,3.13E-04
06/11/2013,,2.38E-04
07/11/2013,,2.38E-04
08/11/2013,,2.53E-04
09/11/2013,,2.68E-04
10/11/2013,,3.28E-04
11/11/2013,,3.58E-04
12/11/2013,,4.17E-04
13/11/2013,,3.73E-04
14/11/2013,,4.47E-04
15/11/2013,,3.28E-04
16/11/2013,,2.98E-04
17/11/2013,,2.38E-04
18/11/2013,,2.68E-04
19/11/2013,,2.53E-04
20/11/2013,,3.13E-04
21/11/2013,,3.28E-04
22/11/2013,,2.98E-04
23/11/2013,,2.83E-04
24/11/2013,,3.13E-04
25/11/2013,,4.92E-04
26/11/2013,,5.36E-04
27/11/2013,,0.001892447
28/11/2013,,1.94E-04
29/11/2013,,2.09E-04
30/11/2013,,2.38E-04
01/12/2013,,2.53E-04
02/12/2013,,5.22E-04
03/12/2013,,2.38E-04
04/12/2013,,2.38E-04
05/12/2013,,2.09E-04
06/12/2013,,2.68E-04
07/12/2013,,0.001624227
08/12/2013,,0.002205372
09/12/2013,,1.79E-04
10/12/2013,,2.24E-04
11/12/2013,,2.09E-04
12/12/2013,,1.79E-04
13/12/2013,,3.73E-04
14/12/2013,,1.79E-04
15/12/2013,,1.94E-04
16/12/2013,,1.64E-04
17/12/2013,,1.64E-04
18/12/2013,,1.79E-04
19/12/2013,,1.79E-04
20/12/2013,,1.79E-04
21/12/2013,,1.79E-04
22/12/2013,,1.79E-04
23/12/2013,,1.64E-04
24/12/2013,,1.64E-04
25/12/2013,,1.64E-04
26/12/2013,,1.49E-04
27/12/2013,,1.94E-04
28/12/2013,,1.79E-04
29/12/2013,,2.09E-04
30/12/2013,,1.79E-04
31/12/2013,,2.53E-04
01/01/2014,,2.24E-04
02/01/2014,,1.49E-04
03/01/2014,,1.49E-04
04/01/2014,,1.49E-04
05/01/2014,,2.83E-04
06/01/2014,,1.49E-04
07/01/2014,,1.86E-04
08/01/2014,,1.94E-04
09/01/2014,,1.49E-04
10/01/2014,,1.49E-04
11/01/2014,,1.34E-04
12/01/2014,,1.49E-04
13/01/2014,,1.49E-04
14/01/2014,,1.49E-04
15/01/2014,,1.94E-04
16/01/2014,,2.09E-04
17/01/2014,,2.53E-04
18/01/2014,,1.34E-04
19/01/2014,,1.64E-04
20/01/2014,,1.49E-04
21/01/2014,,2.09E-04
22/01/2014,,1.49E-04
23/01/2014,,0.003159046
24/01/2014,,0.00102818
25/01/2014,,1.64E-04
26/01/2014,,2.09E-04
27/01/2014,,1.49E-04
28/01/2014,,1.49E-04
29/01/2014,,2.53E-04
30/01/2014,,0.03272295
31/01/2014,,0.01488626
01/02/2014,,1.49E-04
02/02/2014,,1.19E-04
03/02/2014,,1.19E-04
04/02/2014,,1.34E-04
05/02/2014,,1.19E-04
06/02/2014,,1.34E-04
07/02/2014,,1.49E-04
08/02/2014,,1.19E-04
09/02/2014,,3.13E-04
10/02/2014,,2.83E-04
11/02/2014,,1.64E-04
12/02/2014,,2.68E-04
13/02/2014,,2.24E-04
14/02/2014,,1.19E-04
15/02/2014,,1.04E-04
16/02/2014,,1.49E-04
17/02/2014,,1.19E-04
18/02/2014,,1.19E-04
19/02/2014,,1.19E-04
20/02/2014,,2.83E-04
21/02/2014,,2.38E-04
22/02/2014,,1.04E-04
23/02/2014,,1.04E-04
24/02/2014,,1.27E-04
25/02/2014,,1.64E-04
26/02/2014,,1.49E-04
27/02/2014,,2.83E-04
28/02/2014,,0.001907349
01/03/2014,,2.38E-04
02/03/2014,,1.34E-04
03/03/2014,,1.19E-04
04/03/2014,,1.19E-04
05/03/2014,,6.26E-04
06/03/2014,,0.006809831
07/03/2014,,0.003784895
08/03/2014,,1.49E-04
09/03/2014,,2.24E-04
10/03/2014,,1.34E-04
11/03/2014,,0.003755093
12/03/2014,,0.003561378
13/03/2014,,2.24E-04
14/03/2014,,1.79E-04
15/03/2014,,1.19E-04
16/03/2014,,0.00859797
17/03/2014,,0.007137656
18/03/2014,,0.005766749
19/03/2014,,1.94E-04
20/03/2014,,3.58E-04
21/03/2014,,2.24E-04
22/03/2014,,1.94E-04
23/03/2014,,0.025987625
24/03/2014,,0.008702278
25/03/2014,,0.011667609
26/03/2014,,1.19E-04
27/03/2014,,1.79E-04
28/03/2014,,3.73E-04
29/03/2014,,0.017702579
30/03/2014,,0.00205636
31/03/2014,,7.30E-04
01/04/2014,,8.94E-05
02/04/2014,,1.04E-04
03/04/2014,,0.003442168
04/04/2014,,1.49E-04
05/04/2014,,1.49E-04
06/04/2014,,4.32E-04
07/04/2014,,6.71E-04
08/04/2014,,0.00359118
09/04/2014,,0.050365925
10/04/2014,,0.035479665
11/04/2014,,9.83E-04
12/04/2014,,0.002890825
13/04/2014,,0.002890825
14/04/2014,,0.006899238
15/04/2014,,1.19E-04
16/04/2014,,5.51E-04
17/04/2014,,0.005543232
18/04/2014,,0.002637506
19/04/2014,,3.73E-04
20/04/2014,,0.008836389
21/04/2014,,0.001192093
22/04/2014,,0.018835068
23/04/2014,,0.004798174
24/04/2014,,4.62E-04
25/04/2014,,0.001311302
26/04/2014,,0.007122755
27/04/2014,,0.00244379
28/04/2014,,0.012546778
29/04/2014,,1.19E-04
30/04/2014,,0.099077821
01/05/2014,,0.002428889
02/05/2014,,0.001654029
03/05/2014,,0.04632771
04/05/2014,,3.13E-04
05/05/2014,,1.498550177
06/05/2014,,0.078827143
07/05/2014,,0.015720725
08/05/2014,,0.048071146
09/05/2014,,0.001937151
10/05/2014,,0.011473894
11/05/2014,,0.006228685
12/05/2014,,0.006988645
13/05/2014,,0.034987926
14/05/2014,,0.075787306
15/05/2014,,0.042021275
16/05/2014,,0.002354383
17/05/2014,,0.011190772
18/05/2014,,0.028565526
19/05/2014,,0.061541796
20/05/2014,,0.006765127
21/05/2014,,0.001177192
22/05/2014,,0.003531575
23/05/2014,,0.004589558
24/05/2014,,0.002115965
25/05/2014,,1.79E-04
26/05/2014,,0.064492226
27/05/2014,,0.022649765
28/05/2014,,0.03939867
29/05/2014,,0.044703484
30/05/2014,,0.002741814
31/05/2014,,0.001102686
01/06/2014,,0.025480986
02/06/2014,,0.013813376
03/06/2014,,0.001356006
04/06/2014,,1.163184643
05/06/2014,,0.003159046
06/06/2014,,0.002563
07/06/2014,,0.787958503
08/06/2014,,0.026360154
09/06/2014,,1.64E-04
10/06/2014,,0.008270144
11/06/2014,,0.021189451
12/06/2014,,0.004276633
13/06/2014,,0.002205372
14/06/2014,,0.00295043
15/06/2014,,0.003620982
16/06/2014,,0.018417835
17/06/2014,,0.041648746
18/06/2014,,0.055059791
19/06/2014,,7.45E-04
20/06/2014,,0.019609928
21/06/2014,,0.001996756
22/06/2014,,0.018253922
23/06/2014,,0.024154782
24/06/2014,,0.008419156
25/06/2014,,0.004932284
26/06/2014,,9.39E-04
27/06/2014,,0.02720952
28/06/2014,,0.035226345
29/06/2014,,0.050634146
30/06/2014,,0.001072884
01/07/2014,,0.029981136
02/07/2014,,0.047296286
03/07/2014,,0.03066659
04/07/2014,,0.038161874
05/07/2014,,0.008612871
06/07/2014,,0.004187226
07/07/2014,,0.011384487
08/07/2014,,0.0012815
09/07/2014,,0.034168363
10/07/2014,,0.053316355
11/07/2014,,0.003755093
12/07/2014,,0.00603497
13/07/2014,,0.001981854
14/07/2014,,0.007539988
15/07/2014,,0.013485551
16/07/2014,,0.031888485
17/07/2014,,0.034153461
18/07/2014,,0.094681978
19/07/2014,,1.19E-04
20/07/2014,,0.025093555
21/07/2014,,0.018760562
22/07/2014,,0.008374453
23/07/2014,,0.004887581
24/07/2014,,0.011309981
25/07/2014,,0.008359551
26/07/2014,,0.23072958
27/07/2014,,0.003710389
28/07/2014,,0.009521842
29/07/2014,,0.006914139
30/07/2014,,0.029861927
31/07/2014,,0.036895275
01/08/2014,,0.06224215
02/08/2014,,0.076308846
03/08/2014,,0.025093555
04/08/2014,,0.324517488
05/08/2014,,0.071257353
06/08/2014,,0.038728118
07/08/2014,,0.081419945
08/08/2014,,0.02977252
09/08/2014,,0.003889203
10/08/2014,,0.002264977
11/08/2014,,0.035583973
12/08/2014,,0.010371208
13/08/2014,,0.006824732
14/08/2014,,0.008910894
15/08/2014,,0.028595328
16/08/2014,,0.020831823
17/08/2014,,0.003740191
18/08/2014,,0.10445714
19/08/2014,,0.063061714
20/08/2014,,0.006124377
21/08/2014,,0.025272369
22/08/2014,,0.056281686
23/08/2014,,0.140041113
24/08/2014,,0.003188848
25/08/2014,,0.074952841
26/08/2014,,4.252180457
27/08/2014,,0.010743737
28/08/2014,,0.030905008
29/08/2014,,0.030517578
30/08/2014,,0.006511807
31/08/2014,,0.12229383
01/09/2014,,0.129848719
02/09/2014,,0.049754977
03/09/2014,,0.009164214
04/09/2014,,0.118285418
05/09/2014,,2.204716206
06/09/2014,,0.017911196
07/09/2014,,0.012636185
08/09/2014,,0.09547174
09/09/2014,,0.955983996
10/09/2014,,0.036984682
11/09/2014,,0.014811754
12/09/2014,,0.069931149
13/09/2014,,0.004291534
14/09/2014,,0.020042062
15/09/2014,,0.133350492
16/09/2014,,0.377506018
17/09/2014,,2.865538001
18/09/2014,,0.009834766
19/09/2014,,0.013962388
20/09/2014,,0.143185258
21/09/2014,,0.053957105
22/09/2014,,0.017777085
23/09/2014,,0.444114208
24/09/2014,,0.006213784
25/09/2014,,0.004723668
26/09/2014,,0.156730413
27/09/2014,,0.170379877
28/09/2014,,0.018179417
29/09/2014,,0.00372529
30/09/2014,,0.075757504
01/10/2014,,2.347439528
02/10/2014,,0.353053212
03/10/2014,,1.645803452
04/10/2014,,1.328617334
05/10/2014,,0.034317374
06/10/2014,,0.074028969
07/10/2014,,0.067144632
08/10/2014,,5.51E-04
09/10/2014,,3.87E-04
10/10/2014,,0.98028779
11/10/2014,,0.143140554
12/10/2014,,0.040248036
13/10/2014,,0.044971704
14/10/2014,,0.008821487
15/10/2014,,0.002980232
16/10/2014,,9.54E-04
17/10/2014,,0.006139278
18/10/2014,,0.05620718
19/10/2014,,3.28E-04
20/10/2014,,2.38E-04
21/10/2014,,5.07E-04
22/10/2014,,0.001147389
23/10/2014,,0.018447638
24/10/2014,,0.024497509
25/10/2014,,0.080183148
26/10/2014,,0.035688281
27/10/2014,,0.003248453
28/10/2014,,0.001117587
29/10/2014,,0.079765916
30/10/2014,,0.012934208
31/10/2014,,0.001147389
01/11/2014,,5.51E-04
02/11/2014,,6.26E-04
03/11/2014,,0.071540475
04/11/2014,,0.0077039
05/11/2014,,0.001251698
06/11/2014,,0.001505017
07/11/2014,,5.07E-04
08/11/2014,,9.69E-04
09/11/2014,,5.51E-04
10/11/2014,,0.005528331
11/11/2014,,0.004813075
12/11/2014,,0.001832843
13/11/2014,,6.41E-04
14/11/2014,,0.001609325
15/11/2014,,3.87E-04
16/11/2014,,3.87E-04
17/11/2014,,4.32E-04
18/11/2014,,0.004678965
19/11/2014,,3.43E-04
20/11/2014,,3.73E-04
21/11/2014,,4.62E-04
22/11/2014,,9.69E-04
23/11/2014,,4.17E-04
24/11/2014,,3.73E-04
25/11/2014,,4.17E-04
26/11/2014,,3.43E-04
27/11/2014,,7.90E-04
28/11/2014,,5.81E-04
29/11/2014,,3.13E-04
30/11/2014,,3.13E-04
01/12/2014,,3.58E-04
02/12/2014,,4.77E-04
03/12/2014,,3.28E-04
04/12/2014,,5.36E-04
05/12/2014,,7.60E-04
06/12/2014,,2.98E-04
07/12/2014,,3.58E-04
08/12/2014,,3.43E-04
09/12/2014,,3.87E-04
10/12/2014,,3.28E-04
11/12/2014,,3.28E-04
12/12/2014,,3.13E-04
13/12/2014,,2.83E-04
14/12/2014,,2.83E-04
15/12/2014,,2.68E-04
16/12/2014,,2.68E-04
17/12/2014,,2.83E-04
18/12/2014,,2.68E-04
19/12/2014,,2.83E-04
20/12/2014,,2.83E-04
21/12/2014,,2.83E-04
22/12/2014,,2.83E-04
23/12/2014,,2.38E-04
24/12/2014,,2.83E-04
25/12/2014,,2.68E-04
26/12/2014,,2.53E-04
27/12/2014,,2.53E-04
28/12/2014,,2.68E-04
29/12/2014,,2.53E-04
30/12/2014,,2.68E-04
31/12/2014,,2.53E-04
01/01/2015,,2.53E-04
02/01/2015,,2.53E-04
03/01/2015,,2.53E-04
04/01/2015,,2.38E-04
05/01/2015,,2.53E-04
06/01/2015,,2.38E-04
07/01/2015,,2.53E-04
08/01/2015,,2.38E-04
09/01/2015,,2.24E-04
10/01/2015,,2.38E-04
11/01/2015,,2.38E-04
12/01/2015,,2.38E-04
13/01/2015,,2.38E-04
14/01/2015,,2.38E-04
15/01/2015,,2.24E-04
16/01/2015,,2.09E-04
17/01/2015,,2.09E-04
18/01/2015,,2.53E-04
19/01/2015,,2.24E-04
20/01/2015,,2.53E-04
21/01/2015,,2.24E-04
22/01/2015,,2.24E-04
23/01/2015,,2.09E-04
24/01/2015,,2.38E-04
25/01/2015,,2.83E-04
26/01/2015,,2.46E-04
27/01/2015,,2.83E-04
28/01/2015,,2.24E-04
29/01/2015,,3.73E-04
30/01/2015,,6.26E-04
31/01/2015,,0.001132488
01/02/2015,,2.98E-04
02/02/2015,,2.24E-04
03/02/2015,,3.43E-04
04/02/2015,,3.28E-04
05/02/2015,,2.53E-04
06/02/2015,,2.53E-04
07/02/2015,,2.38E-04
08/02/2015,,2.53E-04
09/02/2015,,2.38E-04
10/02/2015,,2.09E-04
11/02/2015,,2.09E-04
12/02/2015,,1.94E-04
13/02/2015,,3.43E-04
14/02/2015,,2.68E-04
15/02/2015,,1.94E-04
16/02/2015,,1.94E-04
17/02/2015,,0.00141561
18/02/2015,,0.003099442
19/02/2015,,0.026375055
20/02/2015,,0.009909272
21/02/2015,,0.001162291
22/02/2015,,0.009059906
23/02/2015,,2.09E-04
24/02/2015,,1.94E-04
25/02/2015,,1.64E-04
26/02/2015,,2.24E-04
27/02/2015,,2.24E-04
28/02/2015,,0.002041459
01/03/2015,,2.09E-04
02/03/2015,,1.79E-04
03/03/2015,,1.79E-04
04/03/2015,,5.96E-04
05/03/2015,,1.94E-04
06/03/2015,,1.94E-04
07/03/2015,,1.79E-04
08/03/2015,,1.79E-04
09/03/2015,,2.38E-04
10/03/2015,,2.83E-04
11/03/2015,,3.28E-04
12/03/2015,,2.98E-04
13/03/2015,,0.001013279
14/03/2015,,3.28E-04
15/03/2015,,1.64E-04
16/03/2015,,2.09E-04
17/03/2015,,1.79E-04
18/03/2015,,1.94E-04
19/03/2015,,0.001043081
20/03/2015,,9.83E-04
21/03/2015,,0.029549003
22/03/2015,,3.73E-04
23/03/2015,,1.64E-04
24/03/2015,,0.001877546
25/03/2015,,0.028938055
26/03/2015,,0.004947186
27/03/2015,,9.69E-04
28/03/2015,,2.98E-04
29/03/2015,,2.68E-04
30/03/2015,,0.069111586
31/03/2015,,0.044688582
01/04/2015,,3.58E-04
02/04/2015,,1.34E-04
03/04/2015,,1.64E-04
04/04/2015,,1.64E-04
05/04/2015,,0.003650784
06/04/2015,,3.87E-04
07/04/2015,,1.79E-04
08/04/2015,,7.60E-04
09/04/2015,,0.001087785
10/04/2015,,0.001385808
11/04/2015,,0.00153482
12/04/2015,,7.90E-04
13/04/2015,,3.43E-04
14/04/2015,,2.24E-04
15/04/2015,,6.56E-04
16/04/2015,,2.38E-04
17/04/2015,,2.68E-04
18/04/2015,,4.47E-04
19/04/2015,,1.94E-04
20/04/2015,,2.24E-04
21/04/2015,,1.64E-04
22/04/2015,,0.00153482
23/04/2015,,1.79E-04
24/04/2015,,1.34E-04
25/04/2015,,3.13E-04
26/04/2015,,1.64E-04
27/04/2015,,1.19E-04
28/04/2015,,1.19E-04
29/04/2015,,2.98E-04
30/04/2015,,9.98E-04
01/05/2015,,0.001937151
02/05/2015,,1.34E-04
03/05/2015,,0.003665686
04/05/2015,,2.38E-04
05/05/2015,,0.039249659
06/05/2015,,1.79E-04
07/05/2015,,6.26E-04
08/05/2015,,5.81E-04
09/05/2015,,0.001043081
10/05/2015,,0.048488379
11/05/2015,,1.34E-04
12/05/2015,,5.36E-04
13/05/2015,,0.004455447
14/05/2015,,0.032141805
15/05/2015,,8.05E-04
16/05/2015,,3.73E-04
17/05/2015,,0.027149916
18/05/2015,,0.001713634
19/05/2015,,0.002413988
20/05/2015,,0.00706315
21/05/2015,,0.012725592
22/05/2015,,0.002622604
23/05/2015,,0.0128299
24/05/2015,,0.001385808
25/05/2015,,0.001356006
26/05/2015,,0.002413988
27/05/2015,,0.020608306
28/05/2015,,0.009804964
29/05/2015,,0.012814999
30/05/2015,,0.001490116
31/05/2015,,0.001654029
01/06/2015,,0.002682209
02/06/2015,,0.035569072
03/06/2015,,0.041112304
04/06/2015,,0.025525689
05/06/2015,,0.019729137
06/06/2015,,0.002831221
07/06/2015,,0.052332878
08/06/2015,,0.022858381
09/06/2015,,0.136986375
10/06/2015,,0.008180737
11/06/2015,,0.002101064
12/06/2015,,9.69E-04
13/06/2015,,0.003784895
14/06/2015,,0.036180019
15/06/2015,,0.002488494
16/06/2015,,0.003024936
17/06/2015,,0.00205636
18/06/2015,,5.96E-04
19/06/2015,,0.004351139
20/06/2015,,0.004902482
21/06/2015,,0.031277537
22/06/2015,,0.045955181
23/06/2015,,0.001788139
24/06/2015,,0.009432435
25/06/2015,,0.006735325
26/06/2015,,0.005066395
27/06/2015,,0.026255846
28/06/2015,,0.006899238
29/06/2015,,9.09E-04
30/06/2015,,0.001788139
01/07/2015,,2.83E-04
02/07/2015,,0.024244189
03/07/2015,,1.064375043
04/07/2015,,0.043809414
05/07/2015,,0.005558133
06/07/2015,,0.002607703
07/07/2015,,0.017136335
08/07/2015,,0.064313412
09/07/2015,,0.030696392
10/07/2015,,0.035896897
11/07/2015,,0.0115484
12/07/2015,,0.036299229
13/07/2015,,0.006496906
14/07/2015,,0.002667308
15/07/2015,,0.058308244
16/07/2015,,0.030368567
17/07/2015,,0.002205372
18/07/2015,,0.002592802
19/07/2015,,0.022158027
20/07/2015,,0.025942922
21/07/2015,,0.005140901
22/07/2015,,0.004053116
23/07/2015,,0.021055341
24/07/2015,,0.009402633
25/07/2015,,0.004202127
26/07/2015,,0.00500679
27/07/2015,,0.032410026
28/07/2015,,0.068083405
29/07/2015,,0.01129508
30/07/2015,,0.026464462
31/07/2015,,0.008881092
01/08/2015,,0.068902969
02/08/2015,,0.026986003
03/08/2015,,0.007271767
04/08/2015,,0.004813075
05/08/2015,,0.011101365
06/08/2015,,0.020086765
07/08/2015,,0.038176775
08/08/2015,,0.031530857
09/08/2015,,0.05197525
10/08/2015,,0.006660819
11/08/2015,,0.012874603
12/08/2015,,0.15103817
13/08/2015,,0.00436604
14/08/2015,,0.01321733
15/08/2015,,0.004738569
16/08/2015,,0.009834766
17/08/2015,,0.108882785
18/08/2015,,0.008627772
19/08/2015,,0.009894371
20/08/2015,,0.039175153
21/08/2015,,0.06262958
22/08/2015,,0.002563
23/08/2015,,0.074014068
24/08/2015,,0.043019652
25/08/2015,,0.006988645
26/08/2015,,0.006407499
27/08/2015,,0.007554889
28/08/2015,,0.134572387
29/08/2015,,0.040963292
30/08/2015,,0.007539988
31/08/2015,,0.044554472
01/09/2015,,0.079676509
02/09/2015,,0.003278255
03/09/2015,,0.017464161
04/09/2015,,0.037193298
05/09/2015,,0.082328916
06/09/2015,,0.051781535
07/09/2015,,0.01630187
08/09/2015,,0.040739775
09/09/2015,,0.013634562
10/09/2015,,0.013023615
11/09/2015,,0.0038445
12/09/2015,,0.003963709
13/09/2015,,0.049486756
14/09/2015,,0.027760863
15/09/2015,,0.185206532
16/09/2015,,0.070735812
17/09/2015,,1.772865653
18/09/2015,,0.008076429
19/09/2015,,0.006780028
20/09/2015,,0.068724155
21/09/2015,,0.023797154
22/09/2015,,0.012725592
23/09/2015,,0.004351139
24/09/2015,,0.124245882
25/09/2015,,4.199787974
26/09/2015,,0.001370907
27/09/2015,,0.013709068
28/09/2015,,0.022649765
29/09/2015,,1.024588943
30/09/2015,,0.0064224
01/10/2015,,0.00295043
02/10/2015,,0.013589859
03/10/2015,,1.927644014
04/10/2015,,0.009790063
05/10/2015,,0.008061528
06/10/2015,,0.028058887
07/10/2015,,0.800043344
08/10/2015,,0.837177038
09/10/2015,,0.042796135
10/10/2015,,0.200673938
11/10/2015,,1.216590405
12/10/2015,,0.046893954
13/10/2015,,0.028267503
14/10/2015,,0.008225441
15/10/2015,,0.009164214
16/10/2015,,0.020086765
17/10/2015,,0.011876225
18/10/2015,,0.003814697
19/10/2015,,0.023305416
20/10/2015,,0.024884939
21/10/2015,,0.107958913
22/10/2015,,0.007033348
23/10/2015,,0.001952052
24/10/2015,,9.54E-04
25/10/2015,,0.005915761
26/10/2015,,0.002682209
27/10/2015,,0.057518482
28/10/2015,,0.009298325
29/10/2015,,0.009596348
30/10/2015,,0.018581748
31/10/2015,,0.103577971
01/11/2015,,0.009000301
02/11/2015,,5.22E-04
03/11/2015,,2.24E-04
04/11/2015,,2.24E-04
05/11/2015,,2.38E-04
06/11/2015,,8.27E-04
07/11/2015,,0.001259148
08/11/2015,,0.013038516
09/11/2015,,0.010699034
10/11/2015,,3.87E-04
11/11/2015,,5.66E-04
12/11/2015,,2.68E-04
13/11/2015,,2.38E-04
14/11/2015,,2.09E-04
15/11/2015,,2.24E-04
16/11/2015,,2.09E-04
17/11/2015,,0.002011657
18/11/2015,,1.04E-04
19/11/2015,,1.64E-04
20/11/2015,,1.49E-04
21/11/2015,,1.79E-04
22/11/2015,,2.09E-04
23/11/2015,,1.04E-04
24/11/2015,,1.19E-04
25/11/2015,,2.53E-04
26/11/2015,,2.38E-04
27/11/2015,,1.64E-04
28/11/2015,,1.79E-04
29/11/2015,,1.49E-04
30/11/2015,,1.49E-04
01/12/2015,,1.34E-04
02/12/2015,,2.68E-04
03/12/2015,,1.04E-04
04/12/2015,,8.94E-05
05/12/2015,,8.94E-05
06/12/2015,,1.19E-04
07/12/2015,,8.94E-05
08/12/2015,,1.04E-04
09/12/2015,,1.04E-04
10/12/2015,,8.94E-05
11/12/2015,,8.94E-05
12/12/2015,,8.94E-05
13/12/2015,,1.04E-04
14/12/2015,,1.34E-04
15/12/2015,,8.94E-05
16/12/2015,,1.19E-04
17/12/2015,,1.19E-04
18/12/2015,,8.94E-05
19/12/2015,,8.94E-05
20/12/2015,,8.94E-05
21/12/2015,,1.04E-04
22/12/2015,,8.94E-05
23/12/2015,,8.94E-05
24/12/2015,,8.94E-05
25/12/2015,,8.94E-05
26/12/2015,,8.94E-05
27/12/2015,,8.94E-05
28/12/2015,,8.94E-05
29/12/2015,,8.94E-05
30/12/2015,,8.94E-05
31/12/2015,,8.94E-05
01/01/2016,,8.94E-05
02/01/2016,,8.94E-05
03/01/2016,,7.45E-05
04/01/2016,,1.04E-04
05/01/2016,,8.94E-05
06/01/2016,,8.94E-05
07/01/2016,,8.94E-05
08/01/2016,,8.94E-05
09/01/2016,,8.94E-05
10/01/2016,,8.94E-05
11/01/2016,,7.45E-05
12/01/2016,,8.94E-05
13/01/2016,,1.04E-04
14/01/2016,,8.94E-05
15/01/2016,,8.94E-05
16/01/2016,,7.45E-05
17/01/2016,,1.19E-04
18/01/2016,,1.34E-04
19/01/2016,,0.001043081
20/01/2016,,8.94E-05
21/01/2016,,8.94E-05
22/01/2016,,7.45E-05
23/01/2016,,8.94E-05
24/01/2016,,8.94E-05
25/01/2016,,7.45E-05
26/01/2016,,8.94E-05
27/01/2016,,7.45E-05
28/01/2016,,8.94E-05
29/01/2016,,7.45E-05
30/01/2016,,7.45E-05
31/01/2016,,1.04E-04
01/02/2016,,8.94E-05
02/02/2016,,8.94E-05
03/02/2016,,8.94E-05
04/02/2016,,7.45E-05
05/02/2016,,7.45E-05
06/02/2016,,7.45E-05
07/02/2016,,8.94E-05
08/02/2016,,5.96E-05
09/02/2016,,7.45E-05
10/02/2016,,7.45E-05
11/02/2016,,7.45E-05
12/02/2016,,7.45E-05
13/02/2016,,7.45E-05
14/02/2016,,8.94E-05
15/02/2016,,1.49E-04
16/02/2016,,1.79E-04
17/02/2016,,7.45E-05
18/02/2016,,8.94E-05
19/02/2016,,8.94E-05
20/02/2016,,7.45E-05
21/02/2016,,1.34E-04
22/02/2016,,7.45E-05
23/02/2016,,1.34E-04
24/02/2016,,1.19E-04
25/02/2016,,8.94E-05
26/02/2016,,7.45E-05
27/02/2016,,1.79E-04
28/02/2016,,0.003993511
29/02/2016,,4.77E-04
01/03/2016,,5.07E-04
02/03/2016,,7.45E-05
03/03/2016,,5.96E-05
04/03/2016,,7.45E-05
05/03/2016,,0.026956201
06/03/2016,,0.001817942
07/03/2016,,0.001564622
08/03/2016,,5.36E-04
09/03/2016,,8.94E-05
10/03/2016,,8.94E-05
11/03/2016,,0.003606081
12/03/2016,,0.041991472
13/03/2016,,0.034511089
14/03/2016,,4.17E-04
15/03/2016,,0.007718801
16/03/2016,,0.032484531
17/03/2016,,0.010609627
18/03/2016,,0.020086765
19/03/2016,,0.007688999
20/03/2016,,0.003635883
21/03/2016,,0.01001358
22/03/2016,,0.001296401
23/03/2016,,4.168748856
24/03/2016,,0.005081296
25/03/2016,,0.018492341
26/03/2016,,0.001341105
27/03/2016,,2.98E-04
28/03/2016,,3.87E-04
29/03/2016,,0.001356006
30/03/2016,,5.96E-04
31/03/2016,,0.004991889
01/04/2016,,0.01116097
02/04/2016,,4.92E-04
03/04/2016,,1.94E-04
04/04/2016,,6.26E-04
05/04/2016,,0.034689903
06/04/2016,,0.027149916
07/04/2016,,5.07E-04
08/04/2016,,0.014930964
09/04/2016,,0.052064657
10/04/2016,,0.069633126
11/04/2016,,0.007078052
12/04/2016,,6.71E-04
13/04/2016,,8.94E-05
14/04/2016,,15.58357477
15/04/2016,,9.685099125
16/04/2016,,0.0012815
17/04/2016,,6.11E-04
18/04/2016,,0.001728535
19/04/2016,,2.24E-04
20/04/2016,,4.02E-04
21/04/2016,,1.94E-04
22/04/2016,,1.34E-04
23/04/2016,,8.94E-05
24/04/2016,,5.07E-04
25/04/2016,,6.26E-04
26/04/2016,,0.00192225
27/04/2016,,0.001177192
28/04/2016,,0.034034252
29/04/2016,,0.002533197
30/04/2016,,9.24E-04
01/05/2016,,1.34E-04
02/05/2016,,0.002413988
03/05/2016,,0.001251698
04/05/2016,,0.001102686
05/05/2016,,0.001788139
06/05/2016,,0.024527311
07/05/2016,,0.004291534
08/05/2016,,0.018149614
09/05/2016,,0.0012815
10/05/2016,,1.19E-04
11/05/2016,,0.002592802
12/05/2016,,5.66E-04
13/05/2016,,7.75E-04
14/05/2016,,0.024601817
15/05/2016,,0.019818544
16/05/2016,,0.031739473
17/05/2016,,0.025823712
18/05/2016,,0.003695488
19/05/2016,,0.025004148
20/05/2016,,0.002115965
21/05/2016,,0.079184771
22/05/2016,,0.029817224
23/05/2016,,0.032812357
24/05/2016,,9.24E-04
25/05/2016,,0.004768372
26/05/2016,,0.007092953
27/05/2016,,0.002965331
28/05/2016,,0.018894672
29/05/2016,,0.02259016
30/05/2016,,0.033035874
31/05/2016,,0.002563
01/06/2016,,0.060349703
02/06/2016,,0.01642108
03/06/2016,,0.011578202
04/06/2016,,0.010028481
05/06/2016,,0.002980232
06/06/2016,,8.79E-04
07/06/2016,,0.021994114
08/06/2016,,0.026151538
09/06/2016,,0.058576465
10/06/2016,,0.001430511
11/06/2016,,0.019863248
12/06/2016,,0.047624111
13/06/2016,,0.002890825
14/06/2016,,0.005602837
15/06/2016,,0.886559486
16/06/2016,,0.01168251
17/06/2016,,0.006884336
18/06/2016,,0.002563
19/06/2016,,0.00692904
20/06/2016,,0.043928623
21/06/2016,,0.022992492
22/06/2016,,0.002682209
23/06/2016,,0.065743923
24/06/2016,,0.042885542
25/06/2016,,0.013038516
26/06/2016,,0.023722649
27/06/2016,,0.067427754
28/06/2016,,0.006884336
29/06/2016,,0.009864569
30/06/2016,,0.051096082
01/07/2016,,0.00153482
02/07/2016,,0.003889203
03/07/2016,,0.028684735
04/07/2016,,0.002250075
05/07/2016,,0.014290214
06/07/2016,,0.007584691
07/07/2016,,0.003635883
08/07/2016,,0.00192225
09/07/2016,,0.036418438
10/07/2016,,0.004291534
11/07/2016,,0.004887581
12/07/2016,,0.059276819
13/07/2016,,0.091701746
14/07/2016,,0.021338463
15/07/2016,,0.010147691
16/07/2016,,1.099646091
17/07/2016,,0.028848648
18/07/2016,,0.020772219
19/07/2016,,0.041872263
20/07/2016,,0.444352627
21/07/2016,,1.180678606
22/07/2016,,0.94127655
23/07/2016,,0.041350722
24/07/2016,,0.042721629
25/07/2016,,0.974133611
26/07/2016,,0.010833144
27/07/2016,,0.00962615
28/07/2016,,0.029206276
29/07/2016,,0.008434057
30/07/2016,,0.063568354
31/07/2016,,0.036656857
01/08/2016,,0.015631318
02/08/2016,,0.022262335
03/08/2016,,0.04145503
04/08/2016,,0.003054738
05/08/2016,,0.034093857
06/08/2016,,1.766622066
07/08/2016,,0.015422702
08/08/2016,,0.002115965
09/08/2016,,0.00654161
10/08/2016,,0.018507242
11/08/2016,,0.07815659
12/08/2016,,0.010728836
13/08/2016,,0.015377998
14/08/2016,,0.075757504
15/08/2016,,0.052705407
16/08/2016,,0.092476606
17/08/2016,,0.008508563
18/08/2016,,0.052377582
19/08/2016,,0.012889504
20/08/2016,,0.015720725
21/08/2016,,0.00244379
22/08/2016,,0.04401803
23/08/2016,,0.066280365
24/08/2016,,0.041931868
25/08/2016,,0.029578805
26/08/2016,,0.060722232
27/08/2016,,1.489922404
28/08/2016,,16.96673036
29/08/2016,,0.045865774
30/08/2016,,0.102907419
31/08/2016,,0.027537346
01/09/2016,,1.318186522
02/09/2016,,0.021100044
03/09/2016,,0.100106001
04/09/2016,,0.097721815
05/09/2016,,0.081211329
06/09/2016,,8.212074637
07/09/2016,,0.009119511
08/09/2016,,0.081628561
09/09/2016,,0.029593706
10/09/2016,,0.042393804
11/09/2016,,0.199988484
12/09/2016,,0.08200109
13/09/2016,,5.057230592
14/09/2016,,1.377001405
15/09/2016,,1.720011234
16/09/2016,,0.014185905
17/09/2016,,0.095397234
18/09/2016,,0.672891736
19/09/2016,,0.0282377
20/09/2016,,0.052616
21/09/2016,,1.346126199
22/09/2016,,0.054478645
23/09/2016,,2.26598978
24/09/2016,,21.29082382
25/09/2016,,0.056222081
26/09/2016,,0.045269728
27/09/2016,,0.75083971
28/09/2016,,0.025495887
29/09/2016,,0.027477741
30/09/2016,,2.78532505
01/10/2016,,0.319331884
02/10/2016,,0.037670135
03/10/2016,,0.001192093
04/10/2016,,0.018283725
05/10/2016,,0.011354685
06/10/2016,,0.002548099
07/10/2016,,0.066325068
08/10/2016,,0.008404255
09/10/2016,,0.003993511
10/10/2016,,0.104308128
11/10/2016,,2.297610044
12/10/2016,,0.044137239
13/10/2016,,0.021308661
14/10/2016,,0.095307827
15/10/2016,,0.033900142
16/10/2016,,0.019967556
17/10/2016,,0.007912517
18/10/2016,,0.090092421
19/10/2016,,0.001817942
20/10/2016,,0.001013279
21/10/2016,,0.080347061
22/10/2016,,0.019028783
23/10/2016,,0.001519918
24/10/2016,,9.69E-04
25/10/2016,,9.39E-04
26/10/2016,,0.001311302
27/10/2016,,0.001266599
28/10/2016,,0.001251698
29/10/2016,,0.005811453
30/10/2016,,0.00269711
31/10/2016,,0.065535307
01/11/2016,,0.015050173
02/11/2016,,0.005543232
03/11/2016,,9.54E-04
04/11/2016,,0.001057982
05/11/2016,,0.001505017
06/11/2016,,9.09E-04
07/11/2016,,9.09E-04
08/11/2016,,9.69E-04
09/11/2016,,9.09E-04
10/11/2016,,0.001043081
11/11/2016,,0.001356006
12/11/2016,,9.24E-04
13/11/2016,,8.94E-04
14/11/2016,,9.09E-04
15/11/2016,,0.001251698
16/11/2016,,9.09E-04
17/11/2016,,9.09E-04
18/11/2016,,0.001013279
19/11/2016,,0.001370907
20/11/2016,,8.94E-04
21/11/2016,,9.83E-04
22/11/2016,,0.001326203
23/11/2016,,0.007033348
24/11/2016,,0.001102686
25/11/2016,,0.001087785
26/11/2016,,0.001043081
27/11/2016,,9.09E-04
28/11/2016,,8.64E-04
29/11/2016,,9.54E-04
30/11/2016,,9.24E-04
01/12/2016,,9.98E-04
02/12/2016,,8.64E-04
03/12/2016,,8.20E-04
04/12/2016,,8.20E-04
05/12/2016,,8.05E-04
06/12/2016,,7.90E-04
07/12/2016,,8.05E-04
08/12/2016,,8.05E-04
09/12/2016,,7.90E-04
10/12/2016,,7.90E-04
11/12/2016,,9.24E-04
12/12/2016,,7.75E-04
13/12/2016,,8.20E-04
14/12/2016,,7.45E-04
15/12/2016,,0.005036592
16/12/2016,,7.75E-04
17/12/2016,,7.45E-04
18/12/2016,,8.05E-04
19/12/2016,,7.30E-04
20/12/2016,,7.45E-04
21/12/2016,,7.60E-04
22/12/2016,,7.15E-04
23/12/2016,,7.00E-04
24/12/2016,,7.45E-04
25/12/2016,,7.00E-04
26/12/2016,,6.85E-04
27/12/2016,,6.85E-04
28/12/2016,,6.85E-04
29/12/2016,,6.56E-04
30/12/2016,,7.00E-04
31/12/2016,,6.56E-04
01/01/2017,,6.85E-04
02/01/2017,,6.71E-04
03/01/2017,,6.41E-04
04/01/2017,,6.41E-04
05/01/2017,,6.26E-04
06/01/2017,,6.26E-04
07/01/2017,,6.26E-04
08/01/2017,,6.26E-04
09/01/2017,,6.11E-04
10/01/2017,,6.11E-04
11/01/2017,,6.26E-04
12/01/2017,,7.90E-04
13/01/2017,,5.81E-04
14/01/2017,,5.96E-04
15/01/2017,,5.81E-04
16/01/2017,,5.81E-04
17/01/2017,,5.81E-04
18/01/2017,,5.51E-04
19/01/2017,,5.81E-04
20/01/2017,,5.66E-04
21/01/2017,,5.51E-04
22/01/2017,,6.71E-04
23/01/2017,,5.66E-04
24/01/2017,,5.81E-04
25/01/2017,,5.22E-04
26/01/2017,,5.22E-04
27/01/2017,,5.22E-04
28/01/2017,,5.36E-04
29/01/2017,,5.22E-04
30/01/2017,,6.71E-04
31/01/2017,,0.005558133
01/02/2017,,0.002115965
02/02/2017,,5.36E-04
03/02/2017,,5.07E-04
04/02/2017,,6.41E-04
05/02/2017,,5.07E-04
06/02/2017,,5.22E-04
07/02/2017,,4.62E-04
08/02/2017,,6.56E-04
09/02/2017,,4.92E-04
10/02/2017,,4.77E-04
11/02/2017,,5.66E-04
12/02/2017,,7.00E-04
13/02/2017,,4.47E-04
14/02/2017,,4.62E-04
15/02/2017,,4.32E-04
16/02/2017,,4.62E-04
17/02/2017,,4.32E-04
18/02/2017,,4.32E-04
19/02/2017,,4.17E-04
20/02/2017,,4.17E-04
21/02/2017,,4.17E-04
22/02/2017,,4.17E-04
23/02/2017,,4.17E-04
24/02/2017,,4.32E-04
25/02/2017,,6.71E-04
26/02/2017,,4.62E-04
27/02/2017,,4.77E-04
28/02/2017,,3.87E-04
01/03/2017,,4.17E-04
02/03/2017,,4.02E-04
03/03/2017,,4.02E-04
04/03/2017,,4.17E-04
05/03/2017,,4.32E-04
06/03/2017,,4.02E-04
07/03/2017,,4.17E-04
08/03/2017,,3.58E-04
09/03/2017,,3.58E-04
10/03/2017,,0.005856156
11/03/2017,,3.58E-04
12/03/2017,,3.43E-04
13/03/2017,,3.43E-04
14/03/2017,,3.73E-04
15/03/2017,,4.47E-04
16/03/2017,,4.02E-04
17/03/2017,,3.28E-04
18/03/2017,,3.43E-04
19/03/2017,,0.001594424
20/03/2017,,3.87E-04
21/03/2017,,3.58E-04
22/03/2017,,8.20E-04
23/03/2017,,0.068709254
24/03/2017,,0.016257167
25/03/2017,,3.28E-04
26/03/2017,,3.43E-04
27/03/2017,,2.98E-04
28/03/2017,,2.98E-04
29/03/2017,,2.98E-04
30/03/2017,,4.77E-04
31/03/2017,,6.41E-04
01/04/2017,,4.47E-04
02/04/2017,,0.008232892
03/04/2017,,0.004455447
04/04/2017,,4.32E-04
05/04/2017,,0.008001924
06/04/2017,,0.243008137
07/04/2017,,0.001877546
08/04/2017,,0.014528632
09/04/2017,,0.003620982
10/04/2017,,0.001475215
11/04/2017,,0.010147691
12/04/2017,,0.005125999
13/04/2017,,0.002920628
14/04/2017,,0.006049871
15/04/2017,,0.038191676
16/04/2017,,2.68E-04
17/04/2017,,2.83E-04
18/04/2017,,3.28E-04
19/04/2017,,0.011146069
20/04/2017,,0.013127923
21/04/2017,,0.002771616
22/04/2017,,9.39E-04
23/04/2017,,2.68E-04
24/04/2017,,0.001505017
25/04/2017,,0.009760261
26/04/2017,,8.49E-04
27/04/2017,,0.002741814
28/04/2017,,0.001296401
29/04/2017,,2.68E-04
30/04/2017,,0.001519918
01/05/2017,,0.004678965
02/05/2017,,0.001311302
03/05/2017,,0.032767653
04/05/2017,,0.032365322
05/05/2017,,0.003382564
06/05/2017,,0.005826354
07/05/2017,,3.28E-04
08/05/2017,,0.006601214
09/05/2017,,0.020757318
10/05/2017,,6.56E-04
11/05/2017,,0.034883618
12/05/2017,,0.008612871
13/05/2017,,0.028461218
14/05/2017,,0.002637506
15/05/2017,,0.010505319
16/05/2017,,0.039115548
17/05/2017,,6.11E-04
18/05/2017,,0.002905726
19/05/2017,,0.005125999
20/05/2017,,0.033333898
21/05/2017,,0.013798475
22/05/2017,,0.003948808
23/05/2017,,0.00590086
24/05/2017,,0.002726912
25/05/2017,,0.107228756
26/05/2017,,0.115424395
27/05/2017,,0.003710389
28/05/2017,,0.010535121
29/05/2017,,0.003248453
30/05/2017,,3.87E-04
31/05/2017,,0.001788139
01/06/2017,,0.00230968
02/06/2017,,0.104978681
03/06/2017,,0.014573336
04/06/2017,,0.001013279
05/06/2017,,1.726806164
06/06/2017,,0.027745962
07/06/2017,,0.008493662
08/06/2017,,0.00166893
09/06/2017,,0.04529953
10/06/2017,,0.032424927
11/06/2017,,0.060856342
12/06/2017,,0.033244491
13/06/2017,,0.412762165
14/06/2017,,1.125648618
15/06/2017,,0.011697412
16/06/2017,,0.034585595
17/06/2017,,0.062063336
18/06/2017,,0.009313226
19/06/2017,,0.019580126
20/06/2017,,0.076085329
21/06/2017,,0.004455447
22/06/2017,,0.005543232
23/06/2017,,0.03041327
24/06/2017,,0.296443701
25/06/2017,,0.041469932
26/06/2017,,0.069975853
27/06/2017,,0.013887882
28/06/2017,,0.065162778
29/06/2017,,0.02323091
30/06/2017,,0.002279878
01/07/2017,,0.026285648
02/07/2017,,0.005155802
03/07/2017,,0.023677945
04/07/2017,,0.006124377
05/07/2017,,0.038713217
06/07/2017,,0.032186508
07/07/2017,,6.11E-04
08/07/2017,,0.031381845
09/07/2017,,0.041842461
10/07/2017,,0.001966953
11/07/2017,,4.02E-04
12/07/2017,,0.004827976
13/07/2017,,0.102832913
14/07/2017,,0.046983361
15/07/2017,,0.021249056
16/07/2017,,0.005885959
17/07/2017,,0.015810132
18/07/2017,,0.012859702
19/07/2017,,0.011652708
20/07/2017,,0.005632639
21/07/2017,,0.016361475
22/07/2017,,0.15565753
23/07/2017,,0.013053417
24/07/2017,,0.006139278
25/07/2017,,0.012353063
26/07/2017,,0.007852912
27/07/2017,,0.00475347
28/07/2017,,0.020295382
29/07/2017,,0.023424625
30/07/2017,,0.028371811
31/07/2017,,0.038161874
01/08/2017,,0.042304397
02/08/2017,,0.005230308
03/08/2017,,0.039637089
04/08/2017,,0.051185489
05/08/2017,,0.017225742
06/08/2017,,0.008195639
07/08/2017,,0.04093349
08/08/2017,,0.019773841
09/08/2017,,0.005364418
10/08/2017,,0.002503395
11/08/2017,,0.001758337
12/08/2017,,0.035554171
13/08/2017,,0.008642673
14/08/2017,,17.03841984
15/08/2017,,0.009804964
16/08/2017,,0.056087971
17/08/2017,,0.040173531
18/08/2017,,0.020861626
19/08/2017,,0.005215406
20/08/2017,,0.003993511
21/08/2017,,0.078186393
22/08/2017,,0.003546476
23/08/2017,,0.006511807
24/08/2017,,0.008836389
25/08/2017,,0.01642108
26/08/2017,,0.073969364
27/08/2017,,0.012099743
28/08/2017,,0.053688884
29/08/2017,,2.590298653
30/08/2017,,0.780403614
31/08/2017,,0.030502677
01/09/2017,,0.006571412
02/09/2017,,0.00333786
03/09/2017,,0.018566847
04/09/2017,,0.019982457
05/09/2017,,0.019222498
06/09/2017,,0.072866678
07/09/2017,,0.08264184
08/09/2017,,0.02746284
09/09/2017,,0.002577901
10/09/2017,,0.07905066
11/09/2017,,0.001907349
12/09/2017,,0.003248453
13/09/2017,,0.006705523
14/09/2017,,0.001117587
15/09/2017,,0.00628829
16/09/2017,,0.019043684
17/09/2017,,0.002011657
18/09/2017,,0.027909875
19/09/2017,,0.047147274
20/09/2017,,0.006437302
21/09/2017,,0.428214669
22/09/2017,,1.527830958
23/09/2017,,0.011742115
24/09/2017,,0.263690948
25/09/2017,,0.048339367
26/09/2017,,0.032693148
27/09/2017,,0.072777271
28/09/2017,,0.457316637
29/09/2017,,0.003993511
30/09/2017,,0.009775162
01/10/2017,,0.016227365
02/10/2017,,0.021442771
03/10/2017,,0.003457069
04/10/2017,,0.100523233
05/10/2017,,0.471875072
06/10/2017,,0.005349517
07/10/2017,,0.019028783
08/10/2017,,0.043213367
09/10/2017,,0.157266855
10/10/2017,,0.009745359
11/10/2017,,0.004678965
12/10/2017,,1.441210508
13/10/2017,,0.011205673
14/10/2017,,0.003159046
15/10/2017,,3.13E-04
16/10/2017,,7.00E-04
17/10/2017,,2.53E-04
18/10/2017,,2.83E-04
19/10/2017,,4.17E-04
20/10/2017,,0.001072884
21/10/2017,,4.17E-04
22/10/2017,,4.17E-04
23/10/2017,,0.002548099
24/10/2017,,4.32E-04
25/10/2017,,6.56E-04
26/10/2017,,3.28E-04
27/10/2017,,2.53E-04
28/10/2017,,2.83E-04
29/10/2017,,2.38E-04
30/10/2017,,2.24E-04
31/10/2017,,0.001356006
01/11/2017,,3.28E-04
02/11/2017,,3.43E-04
03/11/2017,,2.53E-04
04/11/2017,,0.004038215
05/11/2017,,0.001162291
06/11/2017,,3.43E-04
07/11/2017,,4.62E-04
08/11/2017,,2.38E-04
09/11/2017,,2.38E-04
10/11/2017,,2.68E-04
11/11/2017,,2.24E-04
12/11/2017,,2.68E-04
13/11/2017,,2.83E-04
14/11/2017,,5.96E-04
15/11/2017,,4.62E-04
16/11/2017,,2.83E-04
17/11/2017,,3.73E-04
18/11/2017,,8.05E-04
19/11/2017,,0.004053116
20/11/2017,,3.58E-04
21/11/2017,,3.58E-04
22/11/2017,,0.001296401
23/11/2017,,4.32E-04
24/11/2017,,3.28E-04
25/11/2017,,2.98E-04
26/11/2017,,3.58E-04
27/11/2017,,2.24E-04
28/11/2017,,1.94E-04
29/11/2017,,2.24E-04
30/11/2017,,1.94E-04
01/12/2017,,1.94E-04
02/12/2017,,5.81E-04
03/12/2017,,2.09E-04
04/12/2017,,2.09E-04
05/12/2017,,1.94E-04
06/12/2017,,4.17E-04
07/12/2017,,8.05E-04
08/12/2017,,2.38E-04
09/12/2017,,1.79E-04
10/12/2017,,2.09E-04
11/12/2017,,1.79E-04
12/12/2017,,2.53E-04
13/12/2017,,1.79E-04
14/12/2017,,1.79E-04
15/12/2017,,1.94E-04
16/12/2017,,1.94E-04
17/12/2017,,1.94E-04
18/12/2017,,2.24E-04
19/12/2017,,0.004038215
20/12/2017,,0.002205372
21/12/2017,,2.09E-04
22/12/2017,,2.98E-04
23/12/2017,,1.79E-04
24/12/2017,,1.79E-04
25/12/2017,,1.79E-04
26/12/2017,,1.49E-04
27/12/2017,,1.94E-04
28/12/2017,,1.64E-04
29/12/2017,,1.56E-04
30/12/2017,,1.86E-04
31/12/2017,,1.79E-04
01/01/2018,,1.64E-04
02/01/2018,,1.64E-04
03/01/2018,,1.49E-04
04/01/2018,,1.64E-04
05/01/2018,,1.64E-04
06/01/2018,,1.49E-04
07/01/2018,,1.64E-04
08/01/2018,,1.64E-04
09/01/2018,,1.64E-04
10/01/2018,,1.64E-04
11/01/2018,,1.49E-04
12/01/2018,,1.49E-04
13/01/2018,,1.49E-04
14/01/2018,,1.49E-04
15/01/2018,,1.49E-04
16/01/2018,,1.49E-04
17/01/2018,,1.49E-04
18/01/2018,,1.49E-04
19/01/2018,,1.49E-04
20/01/2018,,1.49E-04
21/01/2018,,1.94E-04
22/01/2018,,1.49E-04
23/01/2018,,1.49E-04
24/01/2018,,1.49E-04
25/01/2018,,1.49E-04
26/01/2018,,1.34E-04
27/01/2018,,1.64E-04
28/01/2018,,1.34E-04
29/01/2018,,1.19E-04
30/01/2018,,1.64E-04
31/01/2018,,1.34E-04
01/02/2018,,1.34E-04
02/02/2018,,1.49E-04
03/02/2018,,1.34E-04
04/02/2018,,1.19E-04
05/02/2018,,1.49E-04
06/02/2018,,1.19E-04
07/02/2018,,1.79E-04
08/02/2018,,1.94E-04
09/02/2018,,0.014066696
10/02/2018,,1.94E-04
11/02/2018,,0.001773238
12/02/2018,,1.64E-04
13/02/2018,,1.34E-04
14/02/2018,,1.34E-04
15/02/2018,,1.19E-04
16/02/2018,,1.19E-04
17/02/2018,,2.46E-04
18/02/2018,,7.97E-04
19/02/2018,,0.001735985
20/02/2018,,0.03002584
21/02/2018,,2.83E-04
22/02/2018,,0.001147389
23/02/2018,,0.051081181
24/02/2018,,5.22E-04
25/02/2018,,0.002399087
26/02/2018,,0.001326203
27/02/2018,,4.92E-04
28/02/2018,,8.34E-04
01/03/2018,,1.94E-04
02/03/2018,,1.49E-04
03/03/2018,,1.19E-04
04/03/2018,,2.09E-04
05/03/2018,,1.64E-04
06/03/2018,,1.19E-04
07/03/2018,,2.38E-04
08/03/2018,,0.001311302
09/03/2018,,1.19E-04
10/03/2018,,1.34E-04
11/03/2018,,1.64E-04
12/03/2018,,1.49E-04
13/03/2018,,1.49E-04
14/03/2018,,1.19E-04
15/03/2018,,1.49E-04
16/03/2018,,1.19E-04
17/03/2018,,2.09E-04
18/03/2018,,1.79E-04
19/03/2018,,1.94E-04
20/03/2018,,0.001057982
21/03/2018,,0.003024936
22/03/2018,,0.005170703
23/03/2018,,0.030264258
24/03/2018,,0.004708767
25/03/2018,,2.38E-04
26/03/2018,,1.34E-04
27/03/2018,,1.49E-04
28/03/2018,,0.001445413
29/03/2018,,0.011324883
30/03/2018,,1.34E-04
31/03/2018,,1.34E-04
01/04/2018,,1.19E-04
02/04/2018,,0.001043081
03/04/2018,,2.68E-04
04/04/2018,,3.43E-04
05/04/2018,,1.34E-04
06/04/2018,,8.94E-04
07/04/2018,,4.62E-04
08/04/2018,,0.002712011
09/04/2018,,0.042811036
10/04/2018,,0.001862645
11/04/2018,,2.53E-04
12/04/2018,,1.34E-04
13/04/2018,,4.92E-04
14/04/2018,,0.003069639
15/04/2018,,0.030010939
16/04/2018,,0.013515353
17/04/2018,,0.001490116
18/04/2018,,3.05E-04
19/04/2018,,4.32E-04
20/04/2018,,0.002354383
21/04/2018,,0.001341105
22/04/2018,,0.003218651
23/04/2018,,2.24E-04
24/04/2018,,1.64E-04
25/04/2018,,1.49E-04
26/04/2018,,0.001490116
27/04/2018,,0.026464462
28/04/2018,,0.007361174
29/04/2018,,0.019684434
30/04/2018,,0.001043081
01/05/2018,,0.003486872
02/05/2018,,0.01937151
03/05/2018,,0.020191073
04/05/2018,,6.41E-04
05/05/2018,,0.089436769
06/05/2018,,0.002741814
07/05/2018,,7.45E-04
08/05/2018,,1.04E-04
09/05/2018,,5.36E-04
10/05/2018,,0.01385808
11/05/2018,,0.043854117
12/05/2018,,0.015243888
13/05/2018,,3.13E-04
14/05/2018,,0.026643276
15/05/2018,,4.32E-04
16/05/2018,,0.002041459
17/05/2018,,0.011950731
18/05/2018,,0.00192225
19/05/2018,,5.66E-04
20/05/2018,,0.005751848
21/05/2018,,0.014483929
22/05/2018,,0.002026558
23/05/2018,,0.002041459
24/05/2018,,1.19E-04
25/05/2018,,0.005453825
26/05/2018,,0.002250075
27/05/2018,,0.00667572
28/05/2018,,0.003233552
29/05/2018,,0.00834465
30/05/2018,,0.002086163
31/05/2018,,0.001788139
01/06/2018,,0.003129244
02/06/2018,,4.17E-04
03/06/2018,,0.080689788
04/06/2018,,0.00333786
05/06/2018,,2.09E-04
06/06/2018,,0.011622906
07/06/2018,,0.005871058
08/06/2018,,0.002831221
09/06/2018,,0.027015805
10/06/2018,,0.00461936
11/06/2018,,1.34E-04
12/06/2018,,8.34E-04
13/06/2018,,0.020176172
14/06/2018,,0.001266599
15/06/2018,,0.041246414
16/06/2018,,0.002339482
17/06/2018,,0.0230968
18/06/2018,,0.059276819
19/06/2018,,0.001400709
20/06/2018,,0.002890825
21/06/2018,,0.452801585
22/06/2018,,0.006318092
23/06/2018,,0.065565109
24/06/2018,,0.084489584
25/06/2018,,0.007480383
26/06/2018,,0.018820167
27/06/2018,,0.004768372
28/06/2018,,0.018551946
29/06/2018,,0.037372112
30/06/2018,,0.083804131
01/07/2018,,0.019624829
02/07/2018,,0.004976988
03/07/2018,,0.029012561
04/07/2018,,0.052824616
05/07/2018,,0.021293759
06/07/2018,,5.22E-04
07/07/2018,,0.039696693
08/07/2018,,0.003680587
09/07/2018,,0.018402934
10/07/2018,,0.002786517
11/07/2018,,0.002130866
12/07/2018,,0.061646104
13/07/2018,,0.020951033
14/07/2018,,0.001430511
15/07/2018,,0.006228685
16/07/2018,,0.099748373
17/07/2018,,0.029072165
18/07/2018,,0.011473894
19/07/2018,,0.020116568
20/07/2018,,0.041365623
21/07/2018,,0.010490417
22/07/2018,,0.002145767
23/07/2018,,0.027060509
24/07/2018,,0.004306436
25/07/2018,,0.016376376
26/07/2018,,0.004768372
27/07/2018,,0.014692545
28/07/2018,,0.027701259
29/07/2018,,0.010624528
30/07/2018,,0.025257468
31/07/2018,,8.64E-04
01/08/2018,,0.008970499
02/08/2018,,0.013768673
03/08/2018,,0.006571412
04/08/2018,,0.002160668
05/08/2018,,0.001385808
06/08/2018,,0.006616116
07/08/2018,,0.002101064
08/08/2018,,0.002115965
09/08/2018,,0.009268522
10/08/2018,,0.007688999
11/08/2018,,0.006765127
12/08/2018,,0.073954463
13/08/2018,,1.48640573
14/08/2018,,0.013202429
15/08/2018,,0.002622604
16/08/2018,,0.005453825
17/08/2018,,0.083208084
18/08/2018,,0.896140933
19/08/2018,,2.60591507
20/08/2018,,2.717167139
21/08/2018,,0.875145197
22/08/2018,,0.077620149
23/08/2018,,2.923130989
24/08/2018,,4.176065326
25/08/2018,,0.058472157
26/08/2018,,0.01475215
27/08/2018,,0.003948808
28/08/2018,,0.102981925
29/08/2018,,0.075444579
30/08/2018,,1.932889223
31/08/2018,,0.043034554
01/09/2018,,0.021353364
02/09/2018,,0.012636185
03/09/2018,,0.366002321
04/09/2018,,0.078976154
05/09/2018,,0.014260411
06/09/2018,,0.138789415
07/09/2018,,3.931596875
08/09/2018,,0.01975894
09/09/2018,,2.225026488
10/09/2018,,3.150060773
11/09/2018,,0.139981508
12/09/2018,,0.019222498
13/09/2018,,0.046476722
14/09/2018,,0.007793307
15/09/2018,,0.028342009
16/09/2018,,0.022098422
17/09/2018,,0.002861023
18/09/2018,,0.170484185
19/09/2018,,0.02412498
20/09/2018,,0.554412603
21/09/2018,,0.083819032
22/09/2018,,0.335156918
23/09/2018,,0.032410026
24/09/2018,,0.009685755
25/09/2018,,1.10219419
26/09/2018,,0.024080276
27/09/2018,,0.017985702
28/09/2018,,0.00987947
29/09/2018,,0.002548099
30/09/2018,,0.069066882
01/10/2018,,0.207647681
02/10/2018,,0.025808811
03/10/2018,,0.01104176
04/10/2018,,0.005185604
05/10/2018,,0.787749887
06/10/2018,,0.057458878
07/10/2018,,1.457169652
08/10/2018,,0.287994742
09/10/2018,,0.001654029
10/10/2018,,0.041604042
11/10/2018,,0.207319856
12/10/2018,,0.086933374
13/10/2018,,0.016599894
14/10/2018,,0.550881028
15/10/2018,,0.080019236
16/10/2018,,0.013381243
17/10/2018,,0.005066395
18/10/2018,,0.006064773
19/10/2018,,9.98E-04
20/10/2018,,3.58E-04
21/10/2018,,0.003248453
22/10/2018,,0.012904406
23/10/2018,,0.0012815
24/10/2018,,0.002205372
25/10/2018,,0.001162291
26/10/2018,,0.020310283
27/10/2018,,0.069826841
28/10/2018,,0.483766198
29/10/2018,,0.002831221
30/10/2018,,0.004380941
31/10/2018,,0.001206994
01/11/2018,,5.07E-04
02/11/2018,,5.36E-04
03/11/2018,,6.71E-04
04/11/2018,,0.043198466
05/11/2018,,0.00949204
06/11/2018,,4.77E-04
07/11/2018,,0.00308454
08/11/2018,,4.02E-04
09/11/2018,,4.17E-04
10/11/2018,,4.77E-04
11/11/2018,,4.32E-04
12/11/2018,,4.77E-04
13/11/2018,,4.32E-04
14/11/2018,,5.51E-04
15/11/2018,,8.49E-04
16/11/2018,,4.32E-04
17/11/2018,,4.62E-04
18/11/2018,,0.002756715
19/11/2018,,4.17E-04
20/11/2018,,4.02E-04
21/11/2018,,4.47E-04
22/11/2018,,6.26E-04
23/11/2018,,5.66E-04
24/11/2018,,4.02E-04
25/11/2018,,4.32E-04
26/11/2018,,9.39E-04
27/11/2018,,7.45E-04
28/11/2018,,4.32E-04
29/11/2018,,3.87E-04
30/11/2018,,4.02E-04
01/12/2018,,4.32E-04
02/12/2018,,4.17E-04
03/12/2018,,3.87E-04
04/12/2018,,5.81E-04
05/12/2018,,3.87E-04
06/12/2018,,3.87E-04
07/12/2018,,3.87E-04
08/12/2018,,3.87E-04
09/12/2018,,3.58E-04
10/12/2018,,3.87E-04
11/12/2018,,3.58E-04
12/12/2018,,3.73E-04
13/12/2018,,3.87E-04
14/12/2018,,3.43E-04
15/12/2018,,3.87E-04
16/12/2018,,3.73E-04
17/12/2018,,3.87E-04
18/12/2018,,3.73E-04
19/12/2018,,3.58E-04
20/12/2018,,3.43E-04
21/12/2018,,3.58E-04
22/12/2018,,3.58E-04
23/12/2018,,3.43E-04
24/12/2018,,3.58E-04
25/12/2018,,3.58E-04
26/12/2018,,3.43E-04
27/12/2018,,3.43E-04
28/12/2018,,3.43E-04
29/12/2018,,3.43E-04
30/12/2018,,3.28E-04
31/12/2018,,3.43E-04
01/01/2019,,2.98E-04
02/01/2019,,3.43E-04
03/01/2019,,3.28E-04
04/01/2019,,2.98E-04
05/01/2019,,3.13E-04
06/01/2019,,3.28E-04
07/01/2019,,3.13E-04
08/01/2019,,2.98E-04
09/01/2019,,3.43E-04
10/01/2019,,3.13E-04
11/01/2019,,2.98E-04
12/01/2019,,2.83E-04
13/01/2019,,2.98E-04
14/01/2019,,3.28E-04
15/01/2019,,2.98E-04
16/01/2019,,3.73E-04
17/01/2019,,2.98E-04
18/01/2019,,4.17E-04
19/01/2019,,4.92E-04
20/01/2019,,3.28E-04
21/01/2019,,2.98E-04
22/01/2019,,2.98E-04
23/01/2019,,3.58E-04
24/01/2019,,0.005766749
25/01/2019,,2.76E-04
26/01/2019,,2.83E-04
27/01/2019,,3.28E-04
28/01/2019,,0.009328127
29/01/2019,,0.001132488
30/01/2019,,5.81E-04
31/01/2019,,4.77E-04
01/02/2019,,0.006884336
02/02/2019,,0.005573034
03/02/2019,,3.13E-04
04/02/2019,,2.98E-04
05/02/2019,,3.58E-04
06/02/2019,,3.43E-04
07/02/2019,,8.49E-04
08/02/2019,,3.87E-04
09/02/2019,,2.68E-04
10/02/2019,,2.53E-04
11/02/2019,,2.53E-04
12/02/2019,,2.53E-04
13/02/2019,,2.38E-04
14/02/2019,,2.24E-04
15/02/2019,,2.24E-04
16/02/2019,,2.53E-04
17/02/2019,,2.68E-04
18/02/2019,,2.38E-04
19/02/2019,,2.09E-04
20/02/2019,,2.98E-04
21/02/2019,,2.68E-04
22/02/2019,,2.38E-04
23/02/2019,,4.17E-04
24/02/2019,,0.005930662
25/02/2019,,0.006765127
26/02/2019,,0.022247434
27/02/2019,,0.001177192
28/02/2019,,0.003665686
01/03/2019,,0.00166893
02/03/2019,,2.24E-04
03/03/2019,,2.09E-04
04/03/2019,,2.09E-04
05/03/2019,,2.38E-04
06/03/2019,,0.018581748
07/03/2019,,9.54E-04
08/03/2019,,2.38E-04
09/03/2019,,0.004023314
10/03/2019,,0.054851174
11/03/2019,,2.09E-04
12/03/2019,,4.17E-04
13/03/2019,,0.002920628
14/03/2019,,0.002592802
15/03/2019,,2.38E-04
16/03/2019,,0.00244379
17/03/2019,,2.53E-04
18/03/2019,,2.53E-04
19/03/2019,,7.75E-04
20/03/2019,,0.005453825
21/03/2019,,0.037908554
22/03/2019,,0.001698732
23/03/2019,,5.81E-04
24/03/2019,,1.94E-04
25/03/2019,,0.021278858
26/03/2019,,2.24E-04
27/03/2019,,4.17E-04
28/03/2019,,1.79E-04
29/03/2019,,0.003248453
30/03/2019,,4.92E-04
31/03/2019,,4.92E-04
01/04/2019,,1.94E-04
02/04/2019,,1.64E-04
03/04/2019,,2.24E-04
04/04/2019,,1.94E-04
05/04/2019,,3.58E-04
06/04/2019,,5.07E-04
07/04/2019,,0.027924776
08/04/2019,,0.014603138
09/04/2019,,0.038221478
10/04/2019,,0.009655952
11/04/2019,,0.001519918
12/04/2019,,0.001609325
13/04/2019,,0.044241548
14/04/2019,,0.002354383
15/04/2019,,0.003889203
16/04/2019,,8.64E-04
17/04/2019,,0.003874302
18/04/2019,,1.49E-04
19/04/2019,,3.43E-04
20/04/2019,,0.015750527
21/04/2019,,3.87E-04
22/04/2019,,0.016137958
23/04/2019,,0.042125583
24/04/2019,,0.019654632
25/04/2019,,0.001206994
26/04/2019,,0.001221895
27/04/2019,,9.69E-04
28/04/2019,,2.09E-04
29/04/2019,,0.004023314
30/04/2019,,0.002533197
01/05/2019,,0.007420778
02/05/2019,,0.022605062
03/05/2019,,0.026807189
04/05/2019,,0.004649162
05/05/2019,,7.45E-04
06/05/2019,,8.05E-04
07/05/2019,,3.87E-04
08/05/2019,,0.002086163
09/05/2019,,0.018686056
10/05/2019,,0.002801418
11/05/2019,,0.002250075
12/05/2019,,0.050902367
13/05/2019,,0.004380941
14/05/2019,,0.007525086
15/05/2019,,3.107041121
16/05/2019,,0.014603138
17/05/2019,,0.004425645
18/05/2019,,0.002041459
19/05/2019,,6.41E-04
20/05/2019,,0.031873584
21/05/2019,,0.001877546
22/05/2019,,0.023454428
23/05/2019,,0.030100346
24/05/2019,,0.923380256
25/05/2019,,0.00102818
26/05/2019,,0.006899238
27/05/2019,,3.73E-04
28/05/2019,,0.005215406
29/05/2019,,0.029161572
30/05/2019,,0.071763992
31/05/2019,,0.196874142
01/06/2019,,0.005617738
02/06/2019,,0.028893352
03/06/2019,,9.69E-04
04/06/2019,,0.002965331
05/06/2019,,0.038847327
06/06/2019,,0.045150518
07/06/2019,,0.643491745
08/06/2019,,0.024482608
09/06/2019,,2.823933959
10/06/2019,,0.00834465
11/06/2019,,0.0179708
12/06/2019,,0.064015388
13/06/2019,,0.033020973
14/06/2019,,0.001624227
15/06/2019,,0.023424625
16/06/2019,,2.38E-04
17/06/2019,,8.64E-04
18/06/2019,,2.98E-04
19/06/2019,,4.47E-04
20/06/2019,,0.007167459
21/06/2019,,0.001102686
22/06/2019,,0.003173947
23/06/2019,,0.011518598
24/06/2019,,0.038936734
25/06/2019,,0.010073185
26/06/2019,,0.016912818
27/06/2019,,0.044301152
28/06/2019,,0.068262219
29/06/2019,,0.003159046
30/06/2019,,0.016450882
01/07/2019,,0.022903085
02/07/2019,,0.002637506
03/07/2019,,0.031635165
04/07/2019,,0.295177102
05/07/2019,,0.023409724
06/07/2019,,0.00448525
07/07/2019,,2.46912241
08/07/2019,,0.036150217
09/07/2019,,0.085890293
10/07/2019,,1.763239503
11/07/2019,,0.060066581
12/07/2019,,0.041931868
13/07/2019,,0.012546778
14/07/2019,,5.321979523
15/07/2019,,2.435490489
16/07/2019,,0.051394105
17/07/2019,,0.003263354
18/07/2019,,0.067934394
19/07/2019,,0.147163868
20/07/2019,,0.610649586
21/07/2019,,0.002130866
22/07/2019,,0.047102571
23/07/2019,,0.011593103
24/07/2019,,0.013917685
25/07/2019,,0.090301037
26/07/2019,,0.06633997
27/07/2019,,0.020846725
28/07/2019,,0.034362078
29/07/2019,,0.191166997
30/07/2019,,0.017553568
31/07/2019,,0.006943941
01/08/2019,,0.004798174
02/08/2019,,0.08392334
03/08/2019,,0.012665987
04/08/2019,,0.003755093
05/08/2019,,0.009357929
06/08/2019,,0.013574958
07/08/2019,,0.013232231
08/08/2019,,0.047042966
09/08/2019,,0.090256333
10/08/2019,,0.04093349
11/08/2019,,0.009387732
12/08/2019,,0.012405217
13/08/2019,,0.007279217
14/08/2019,,0.009641051
15/08/2019,,0.017270446
16/08/2019,,0.09894371
17/08/2019,,0.021368265
18/08/2019,,0.005573034
19/08/2019,,0.084519386
20/08/2019,,0.029951334
21/08/2019,,0.029668212
22/08/2019,,0.03670156
23/08/2019,,0.119432807
24/08/2019,,0.057339668
25/08/2019,,0.006914139
26/08/2019,,0.043317676
27/08/2019,,0.022098422
28/08/2019,,0.073820353
29/08/2019,,0.218421221
30/08/2019,,3.307178617
31/08/2019,,13.8104111
01/09/2019,,2.403482795
02/09/2019,,0.018194318
03/09/2019,,0.033080578
04/09/2019,,1.671522856
05/09/2019,,0.039592385
06/09/2019,,0.078007579
07/09/2019,,0.003874302
08/09/2019,,0.038951635
09/09/2019,,0.044837594
10/09/2019,,0.603035092
11/09/2019,,3.839939833
12/09/2019,,0.023022294
13/09/2019,,0.028088689
14/09/2019,,0.038400292
15/09/2019,,0.418007374
16/09/2019,,1.491978765
17/09/2019,,1.477122307
18/09/2019,,9.179592133
19/09/2019,,0.267609954
20/09/2019,,0.006660819
21/09/2019,,0.910907984
22/09/2019,,0.013306737
23/09/2019,,0.038206577
24/09/2019,,0.004917383
25/09/2019,,0.0141114
26/09/2019,,0.014066696
27/09/2019,,0.076800585
28/09/2019,,0.031754375
29/09/2019,,0.00244379
30/09/2019,,0.109806657
01/10/2019,,0.064477324
02/10/2019,,0.014960766
03/10/2019,,0.070691109
04/10/2019,,0.1193434
05/10/2019,,2.716869116
06/10/2019,,0.021159649
07/10/2019,,3.230378032
08/10/2019,,0.292792916
09/10/2019,,0.058799982
10/10/2019,,0.019431114
11/10/2019,,0.090405345
12/10/2019,,0.11433661
13/10/2019,,0.004708767
14/10/2019,,0.057742
15/10/2019,,0.034615397
16/10/2019,,0.008821487
17/10/2019,,0.085815787
18/10/2019,,0.153854489
19/10/2019,,2.493351698
20/10/2019,,0.147178769
21/10/2019,,0.019490719
22/10/2019,,0.135034323
23/10/2019,,0.020831823
24/10/2019,,2.028048038
25/10/2019,,2.489715815
26/10/2019,,0.198215246
27/10/2019,,1.96069479
28/10/2019,,0.106438994
29/10/2019,,1.48370862
30/10/2019,,0.153928995
31/10/2019,,0.064209104
01/11/2019,,0.001758337
02/11/2019,,0.016182661
03/11/2019,,0.100389123
04/11/2019,,0.001654029
05/11/2019,,0.005841255
06/11/2019,,0.005379319
07/11/2019,,0.002473593
08/11/2019,,0.002294779
09/11/2019,,0.002071261
10/11/2019,,0.008359551
11/11/2019,,0.006482005
12/11/2019,,0.00500679
13/11/2019,,0.08392334
14/11/2019,,0.003039837
15/11/2019,,0.00230968
16/11/2019,,0.002086163
17/11/2019,,0.002205372
18/11/2019,,0.002160668
19/11/2019,,0.002577901
20/11/2019,,0.002101064
21/11/2019,,0.00217557
22/11/2019,,0.002399087
23/11/2019,,0.002212822
24/11/2019,,0.002294779
25/11/2019,,0.002160668
26/11/2019,,0.00217557
27/11/2019,,0.002324581
28/11/2019,,0.002354383
29/11/2019,,0.002205372
30/11/2019,,0.002130866
01/12/2019,,0.002115965
02/12/2019,,0.002115965
03/12/2019,,0.002115965
04/12/2019,,0.002086163
05/12/2019,,0.002086163
06/12/2019,,0.002473593
07/12/2019,,0.00205636
08/12/2019,,0.002071261
09/12/2019,,0.002190471
10/12/2019,,0.002041459
11/12/2019,,0.002026558
12/12/2019,,0.002086163
13/12/2019,,0.001981854
14/12/2019,,0.001981854
15/12/2019,,0.001952052
16/12/2019,,0.001952052
17/12/2019,,0.001937151
18/12/2019,,0.001966953
19/12/2019,,0.001907349
20/12/2019,,0.001892447
21/12/2019,,0.001877546
22/12/2019,,0.001847744
23/12/2019,,0.001832843
24/12/2019,,0.001832843
25/12/2019,,0.001817942
26/12/2019,,0.001803041
27/12/2019,,0.001788139
28/12/2019,,0.001773238
29/12/2019,,0.001758337
30/12/2019,,0.001743436
31/12/2019,,0.001728535
01/01/2020,,0.001728535
02/01/2020,,0.001698732
03/01/2020,,0.001698732
04/01/2020,,0.00166893
05/01/2020,,0.001683831
06/01/2020,,0.001639128
07/01/2020,,0.001624227
08/01/2020,,0.001624227
09/01/2020,,0.001624227
10/01/2020,,0.001594424
11/01/2020,,0.004827976
12/01/2020,,0.001683831
13/01/2020,,0.001579523
14/01/2020,,0.001549721
15/01/2020,,0.001519918
16/01/2020,,0.001519918
17/01/2020,,0.001490116
18/01/2020,,0.001519918
19/01/2020,,0.001460314
20/01/2020,,0.001490116
21/01/2020,,0.001460314
22/01/2020,,0.00141561
23/01/2020,,0.001430511
24/01/2020,,0.001400709
25/01/2020,,0.001385808
26/01/2020,,0.001400709
27/01/2020,,0.001370907
28/01/2020,,0.001356006
29/01/2020,,0.001356006
30/01/2020,,0.001326203
31/01/2020,,0.001311302
01/02/2020,,0.001311302
02/02/2020,,0.001296401
03/02/2020,,0.001266599
04/02/2020,,0.001251698
05/02/2020,,0.001236796
06/02/2020,,0.001236796
07/02/2020,,0.001221895
08/02/2020,,0.001221895
09/02/2020,,0.001192093
10/02/2020,,0.001177192
11/02/2020,,0.001177192
12/02/2020,,0.001162291
13/02/2020,,0.001147389
14/02/2020,,0.001117587
15/02/2020,,0.001117587
16/02/2020,,0.001072884
17/02/2020,,0.001102686
18/02/2020,,0.001072884
19/02/2020,,0.001072884
20/02/2020,,0.001072884
21/02/2020,,0.00102818
22/02/2020,,0.001013279
23/02/2020,,0.00102818
24/02/2020,,9.98E-04
25/02/2020,,9.83E-04
26/02/2020,,9.69E-04
27/02/2020,,0.001072884
28/02/2020,,0.001639128
29/02/2020,,9.39E-04
01/03/2020,,9.54E-04
02/03/2020,,0.031784177
03/03/2020,,9.39E-04
04/03/2020,,0.001132488
05/03/2020,,9.24E-04
06/03/2020,,0.004291534
07/03/2020,,0.010430813
08/03/2020,,0.005066395
09/03/2020,,8.64E-04
10/03/2020,,9.24E-04
11/03/2020,,0.01475215
12/03/2020,,8.49E-04
13/03/2020,,0.001996756
14/03/2020,,9.83E-04
15/03/2020,,8.05E-04
16/03/2020,,8.05E-04
17/03/2020,,8.20E-04
18/03/2020,,7.90E-04
19/03/2020,,7.90E-04
20/03/2020,,9.24E-04
21/03/2020,,9.24E-04
22/03/2020,,0.001132488
23/03/2020,,0.004455447
24/03/2020,,0.003695488
25/03/2020,,0.015556812
26/03/2020,,0.002279878
27/03/2020,,7.75E-04
28/03/2020,,7.15E-04
29/03/2020,,7.00E-04
30/03/2020,,7.75E-04
31/03/2020,,7.30E-04
01/04/2020,,8.34E-04
02/04/2020,,6.85E-04
03/04/2020,,0.001959503
04/04/2020,,0.001274049
05/04/2020,,6.56E-04
06/04/2020,,0.001221895
07/04/2020,,7.90E-04
08/04/2020,,0.001296401
09/04/2020,,0.045657158
10/04/2020,,0.00718236
11/04/2020,,7.30E-04
12/04/2020,,6.26E-04
13/04/2020,,7.45E-04
14/04/2020,,0.001132488
15/04/2020,,5.96E-04
16/04/2020,,6.26E-04
17/04/2020,,8.05E-04
18/04/2020,,0.001013279
19/04/2020,,0.001609325
20/04/2020,,0.001072884
21/04/2020,,0.001400709
22/04/2020,,0.004529953
23/04/2020,,0.001996756
24/04/2020,,0.001266599
25/04/2020,,0.001564622
26/04/2020,,0.00295043
27/04/2020,,0.013619661
28/04/2020,,9.83E-04
29/04/2020,,6.56E-04
30/04/2020,,0.003278255
01/05/2020,,7.75E-04
02/05/2020,,0.001728535
03/05/2020,,0.010967255
04/05/2020,,0.010967255
05/05/2020,,4.77E-04
06/05/2020,,0.006705523
07/05/2020,,5.96E-04
08/05/2020,,4.77E-04
09/05/2020,,0.001013279
10/05/2020,,0.031650066
11/05/2020,,0.003442168
12/05/2020,,4.47E-04
13/05/2020,,8.94E-04
14/05/2020,,7.00E-04
15/05/2020,,0.009268522
16/05/2020,,0.001713634
17/05/2020,,9.39E-04
18/05/2020,,0.005632639
19/05/2020,,0.03182888
20/05/2020,,0.001043081
21/05/2020,,0.002354383
22/05/2020,,0.009298325
23/05/2020,,0.003799796
24/05/2020,,0.02168119
25/05/2020,,0.013381243
26/05/2020,,0.069528818
27/05/2020,,0.010713935
28/05/2020,,0.008523464
29/05/2020,,0.001341105
30/05/2020,,0.029787421
31/05/2020,,9.24E-04
01/06/2020,,0.003576279
02/06/2020,,0.034600496
03/06/2020,,7.45E-04
04/06/2020,,0.01502037
05/06/2020,,0.005543232
06/06/2020,,0.008046627
07/06/2020,,0.004217029
08/06/2020,,0.007241964
09/06/2020,,0.013738871
10/06/2020,,0.012367964
11/06/2020,,0.013411045
12/06/2020,,0.033378601
13/06/2020,,9.83E-04
14/06/2020,,5.36E-04
15/06/2020,,0.001519918
16/06/2020,,0.001981854
17/06/2020,,0.065565109
18/06/2020,,0.034809113
19/06/2020,,0.069409609
20/06/2020,,0.00153482
21/06/2020,,0.00205636
22/06/2020,,0.003546476
23/06/2020,,0.046789646
24/06/2020,,0.001132488
25/06/2020,,0.001206994
26/06/2020,,0.002905726
27/06/2020,,0.017717481
28/06/2020,,0.037223101
29/06/2020,,0.030428171
30/06/2020,,0.015705824
01/07/2020,,0.001370907
02/07/2020,,0.002592802
03/07/2020,,0.003159046
04/07/2020,,0.028178096
05/07/2020,,0.010102987
06/07/2020,,0.006958842
07/07/2020,,0.055164099
08/07/2020,,0.030562282
09/07/2020,,0.019237399
10/07/2020,,0.007256866
11/07/2020,,0.081434846
12/07/2020,,0.101953745
13/07/2020,,0.033050776
14/07/2020,,0.039517879
15/07/2020,,0.11049211
16/07/2020,,0.080540776
17/07/2020,,0.038146973
18/07/2020,,0.004202127
19/07/2020,,0.042915344
20/07/2020,,0.056684017
21/07/2020,,2.009138465
22/07/2020,,0.01104176
23/07/2020,,0.029534101
24/07/2020,,0.001698732
25/07/2020,,0.001817942
26/07/2020,,0.007808208
27/07/2020,,0.004887581
28/07/2020,,0.004291534
29/07/2020,,9.24E-04
30/07/2020,,0.007748604
31/07/2020,,0.184327364
01/08/2020,,0.007763505
02/08/2020,,0.001043081
03/08/2020,,0.003352761
04/08/2020,,3.73E-04
05/08/2020,,0.00230968
06/08/2020,,0.011369586
07/08/2020,,0.002369285
08/08/2020,,3.28E-04
09/08/2020,,3.73E-04
10/08/2020,,0.002712011
11/08/2020,,0.001847744
12/08/2020,,3.58E-04
13/08/2020,,0.001132488
14/08/2020,,0.179365277
15/08/2020,,0.004082918
16/08/2020,,8.94E-04
17/08/2020,,9.24E-04
18/08/2020,,0.00372529
19/08/2020,,0.003278255
20/08/2020,,0.007599592
21/08/2020,,0.06493926
22/08/2020,,0.005945563
23/08/2020,,8.79E-04
24/08/2020,,0.01424551
25/08/2020,,0.006973743
26/08/2020,,0.031456351
27/08/2020,,0.008702278
28/08/2020,,0.013396144
29/08/2020,,0.017881393
30/08/2020,,0.002756715
31/08/2020,,0.04042685
01/09/2020,,0.200852752
02/09/2020,,0.063896179
03/09/2020,,0.006258488
04/09/2020,,0.087946653
05/09/2020,,0.365883112
06/09/2020,,0.056564808
07/09/2020,,0.004917383
08/09/2020,,0.021249056
09/09/2020,,69.02176142
10/09/2020,,0.0205338
11/09/2020,,0.001445413
12/09/2020,,0.007346272
13/09/2020,,0.102773309
14/09/2020,,0.021308661
15/09/2020,,0.003114343
16/09/2020,,0.104755163
17/09/2020,,0.010922551
18/09/2020,,0.059232116
19/09/2020,,0.065028667
20/09/2020,,0.012367964
21/09/2020,,0.132322311
22/09/2020,,0.140279531
23/09/2020,,0.067636371
24/09/2020,,8.20E-04
25/09/2020,,0.003099442
26/09/2020,,0.089883804
27/09/2020,,0.001952052
28/09/2020,,0.380754471
29/09/2020,,2.380356193
30/09/2020,,0.605911016
01/10/2020,,0.01502037
02/10/2020,,0.684723258
03/10/2020,,0.016748905
04/10/2020,,0.034302473
05/10/2020,,0.021249056
06/10/2020,,0.185787678
07/10/2020,,0.004202127
08/10/2020,,0.031203032
09/10/2020,,0.04696846
10/10/2020,,0.072941184
11/10/2020,,0.056505203
12/10/2020,,7.75E-04
13/10/2020,,0.003099442
14/10/2020,,0.007733703
15/10/2020,,0.003427267
16/10/2020,,0.006973743
17/10/2020,,0.009804964
18/10/2020,,0.003516674
19/10/2020,,0.030726194
20/10/2020,,0.013008714
21/10/2020,,5.96E-04
22/10/2020,,4.92E-04
23/10/2020,,6.11E-04
24/10/2020,,5.36E-04
25/10/2020,,0.002086163
26/10/2020,,5.36E-04
27/10/2020,,4.62E-04
28/10/2020,,5.07E-04
29/10/2020,,5.66E-04
30/10/2020,,5.36E-04
31/10/2020,,5.07E-04
01/11/2020,,5.36E-04
02/11/2020,,7.00E-04
03/11/2020,,4.92E-04
04/11/2020,,5.07E-04
05/11/2020,,4.77E-04
06/11/2020,,4.92E-04
07/11/2020,,5.96E-04
08/11/2020,,4.92E-04
09/11/2020,,4.47E-04
10/11/2020,,4.92E-04
11/11/2020,,4.92E-04
12/11/2020,,7.60E-04
13/11/2020,,4.62E-04
14/11/2020,,4.47E-04
15/11/2020,,4.47E-04
16/11/2020,,4.77E-04
17/11/2020,,6.11E-04
18/11/2020,,4.47E-04
19/11/2020,,4.47E-04
20/11/2020,,4.62E-04
21/11/2020,,4.32E-04
22/11/2020,,4.32E-04
23/11/2020,,4.32E-04
24/11/2020,,4.62E-04
25/11/2020,,4.32E-04
26/11/2020,,4.32E-04
27/11/2020,,0.001907349
28/11/2020,,8.64E-04
29/11/2020,,4.62E-04
30/11/2020,,4.17E-04
01/12/2020,,5.07E-04
02/12/2020,,4.77E-04
03/12/2020,,4.32E-04
04/12/2020,,4.32E-04
05/12/2020,,4.02E-04
06/12/2020,,4.17E-04
07/12/2020,,5.07E-04
08/12/2020,,3.87E-04
09/12/2020,,4.47E-04
10/12/2020,,5.07E-04
11/12/2020,,6.56E-04
12/12/2020,,4.17E-04
13/12/2020,,4.47E-04
14/12/2020,,3.87E-04
15/12/2020,,4.02E-04
16/12/2020,,4.77E-04
17/12/2020,,4.02E-04
18/12/2020,,3.73E-04
19/12/2020,,3.73E-04
20/12/2020,,3.73E-04
21/12/2020,,3.73E-04
22/12/2020,,3.87E-04
23/12/2020,,3.87E-04
24/12/2020,,3.43E-04
25/12/2020,,3.58E-04
26/12/2020,,3.58E-04
27/12/2020,,3.43E-04
28/12/2020,,3.58E-04
29/12/2020,,3.43E-04
30/12/2020,,3.43E-04
31/12/2020,,3.43E-04
01/01/2021,,3.43E-04
02/01/2021,,3.43E-04
03/01/2021,,3.87E-04
04/01/2021,,3.28E-04
05/01/2021,,3.43E-04
06/01/2021,,3.43E-04
07/01/2021,,3.58E-04
08/01/2021,,4.77E-04
09/01/2021,,4.47E-04
10/01/2021,,3.28E-04
11/01/2021,,3.28E-04
12/01/2021,,3.58E-04
13/01/2021,,3.28E-04
14/01/2021,,3.13E-04
15/01/2021,,3.28E-04
16/01/2021,,3.28E-04
17/01/2021,,2.98E-04
18/01/2021,,2.83E-04
19/01/2021,,2.98E-04
20/01/2021,,2.98E-04
21/01/2021,,2.83E-04
22/01/2021,,2.68E-04
23/01/2021,,2.68E-04
24/01/2021,,2.83E-04
25/01/2021,,2.68E-04
26/01/2021,,2.68E-04
27/01/2021,,2.68E-04
28/01/2021,,2.83E-04
29/01/2021,,2.83E-04
30/01/2021,,2.68E-04
31/01/2021,,2.68E-04
01/02/2021,,2.83E-04
02/02/2021,,2.98E-04
03/02/2021,,3.43E-04
04/02/2021,,2.68E-04
05/02/2021,,2.68E-04
06/02/2021,,3.13E-04
07/02/2021,,2.68E-04
08/02/2021,,2.68E-04
09/02/2021,,2.68E-04
10/02/2021,,2.53E-04
11/02/2021,,2.53E-04
12/02/2021,,2.38E-04
13/02/2021,,2.53E-04
14/02/2021,,5.07E-04
15/02/2021,,2.83E-04
16/02/2021,,3.28E-04
17/02/2021,,2.53E-04
18/02/2021,,2.24E-04
19/02/2021,,2.38E-04
20/02/2021,,2.09E-04
21/02/2021,,2.09E-04
22/02/2021,,2.24E-04
23/02/2021,,2.24E-04
24/02/2021,,2.24E-04
25/02/2021,,2.24E-04
26/02/2021,,2.53E-04
27/02/2021,,2.24E-04
28/02/2021,,1.94E-04
01/03/2021,,2.09E-04
02/03/2021,,2.24E-04
03/03/2021,,2.24E-04
04/03/2021,,2.09E-04
05/03/2021,,2.24E-04
06/03/2021,,1.94E-04
07/03/2021,,2.24E-04
08/03/2021,,2.09E-04
09/03/2021,,2.09E-04
10/03/2021,,2.09E-04
11/03/2021,,0.001594424
12/03/2021,,0.025063753
13/03/2021,,3.43E-04
14/03/2021,,2.24E-04
15/03/2021,,2.24E-04
16/03/2021,,0.00628829
17/03/2021,,0.020116568
18/03/2021,,8.34E-04
19/03/2021,,0.014230609
20/03/2021,,0.002354383
21/03/2021,,0.001519918
22/03/2021,,4.17E-04
23/03/2021,,3.13E-04
24/03/2021,,0.002592802
25/03/2021,,2.83E-04
26/03/2021,,1.94E-04
27/03/2021,,2.53E-04
28/03/2021,,2.38E-04
29/03/2021,,1.79E-04
30/03/2021,,1.94E-04
31/03/2021,,1.79E-04
01/04/2021,,3.13E-04
02/04/2021,,2.83E-04
03/04/2021,,3.13E-04
04/04/2021,,2.38E-04
05/04/2021,,1.94E-04
06/04/2021,,1.64E-04
07/04/2021,,2.09E-04
08/04/2021,,1.79E-04
09/04/2021,,0.00475347
10/04/2021,,1.49E-04
11/04/2021,,0.001892447
12/04/2021,,5.36E-04
13/04/2021,,4.62E-04
14/04/2021,,1.64E-04
15/04/2021,,9.39E-04
16/04/2021,,7.30E-04
17/04/2021,,0.004783273
18/04/2021,,2.98E-04
19/04/2021,,3.87E-04
20/04/2021,,2.83E-04
21/04/2021,,0.001251698
22/04/2021,,0.001177192
23/04/2021,,0.00692904
24/04/2021,,0.003948808
25/04/2021,,0.002518296
26/04/2021,,2.38E-04
27/04/2021,,0.001221895
28/04/2021,,4.62E-04
29/04/2021,,1.64E-04
30/04/2021,,1.49E-04
01/05/2021,,1.19E-04
02/05/2021,,1.34E-04
03/05/2021,,0.008061528
04/05/2021,,0.001579523
05/05/2021,,0.001475215
06/05/2021,,0.001192093
07/05/2021,,7.00E-04
08/05/2021,,7.30E-04
09/05/2021,,0.005528331
10/05/2021,,0.013500452
11/05/2021,,3.87E-04
12/05/2021,,2.98E-04
13/05/2021,,3.28E-04
14/05/2021,,5.96E-04
15/05/2021,,0.008195639
16/05/2021,,5.07E-04
17/05/2021,,0.001177192
18/05/2021,,0.00102818
19/05/2021,,4.92E-04
20/05/2021,,0.003218651
21/05/2021,,3.28E-04
22/05/2021,,1.19E-04
23/05/2021,,1.79E-04
24/05/2021,,2.68E-04
25/05/2021,,2.38E-04
26/05/2021,,2.09E-04
27/05/2021,,6.41E-04
28/05/2021,,6.71E-04
29/05/2021,,0.005975366
30/05/2021,,0.004604459
31/05/2021,,0.006690621
01/06/2021,,8.05E-04
02/06/2021,,6.85E-04
03/06/2021,,0.001505017
04/06/2021,,0.023245811
05/06/2021,,0.002205372
06/06/2021,,9.39E-04
07/06/2021,,4.17E-04
08/06/2021,,0.001162291
09/06/2021,,0.010401011
10/06/2021,,5.96E-04
11/06/2021,,0.006258488
12/06/2021,,0.018790364
13/06/2021,,0.002235174
14/06/2021,,5.36E-04
15/06/2021,,0.011563301
16/06/2021,,0.003814697
17/06/2021,,0.002160668
18/06/2021,,0.002652407
19/06/2021,,0.007554889
20/06/2021,,0.053986907
21/06/2021,,0.022515655
22/06/2021,,0.001579523
23/06/2021,,0.02387166
24/06/2021,,7.60E-04
25/06/2021,,0.002413988
26/06/2021,,0.023126602
27/06/2021,,8.94E-05
28/06/2021,,0.012345612
29/06/2021,,0.001080334
30/06/2021,,0.013723969
01/07/2021,,0.009521842
02/07/2021,,0.002413988
03/07/2021,,0.00333786
04/07/2021,,0.001445413
05/07/2021,,7.75E-04
06/07/2021,,0.010967255
07/07/2021,,0.005379319
08/07/2021,,0.001430511
09/07/2021,,0.001937151
10/07/2021,,0.002399087
11/07/2021,,0.020131469
12/07/2021,,0.00564754
13/07/2021,,0.001132488
14/07/2021,,0.001817942
15/07/2021,,0.010609627
16/07/2021,,0.026851892
17/07/2021,,0.002324581
18/07/2021,,6.71E-04
19/07/2021,,0.0012815
20/07/2021,,0.001847744
21/07/2021,,6.11E-04
22/07/2021,,1.19E-04
23/07/2021,,1.49E-04
24/07/2021,,2.09E-04
25/07/2021,,0.006869435
26/07/2021,,0.001564622
27/07/2021,,0.001549721
28/07/2021,,4.32E-04
29/07/2021,,2.53E-04
30/07/2021,,0.009641051
31/07/2021,,0.005811453
01/08/2021,,6.85E-04
02/08/2021,,0.001043081
03/08/2021,,0.00821054
04/08/2021,,0.006824732
05/08/2021,,0.002682209
06/08/2021,,0.008001924
07/08/2021,,0.033646822
08/08/2021,,0.118985772
09/08/2021,,0.081941485
10/08/2021,,0.051811337
11/08/2021,,0.057712197
12/08/2021,,0.010982156
13/08/2021,,1.929029822
14/08/2021,,0.018194318
15/08/2021,,0.012487173
16/08/2021,,0.056639314
17/08/2021,,4.152446985
18/08/2021,,2.135112882
19/08/2021,,0.08559227
20/08/2021,,0.009819865
21/08/2021,,0.024497509
22/08/2021,,0.068694353
23/08/2021,,0.008255243
24/08/2021,,0.027686357
25/08/2021,,0.011533499
26/08/2021,,1.841202378
27/08/2021,,2.718731761
28/08/2021,,0.012204051
29/08/2021,,0.108376145
30/08/2021,,2.796635032
31/08/2021,,7.75E-04
01/09/2021,,2.277240157
02/09/2021,,0.273227692
03/09/2021,,1.278460026
04/09/2021,,0.05236268
05/09/2021,,0.00411272
06/09/2021,,0.04093349
07/09/2021,,5.81E-04
08/09/2021,,0.044107437
09/09/2021,,0.002026558
10/09/2021,,1.249864697
11/09/2021,,2.475678921
12/09/2021,,0.042617321
13/09/2021,,0.019013882
14/09/2021,,0.069230795
15/09/2021,,0.037997961
16/09/2021,,0.053778291
17/09/2021,,0.030934811
18/09/2021,,0.01052022
19/09/2021,,0.002622604
20/09/2021,,0.002503395
21/09/2021,,0.007376075
22/09/2021,,0.099658966
23/09/2021,,0.041007996
24/09/2021,,0.009909272
25/09/2021,,0.043258071
26/09/2021,,0.013202429
27/09/2021,,1.79E-04
28/09/2021,,0.00295043
29/09/2021,,0.149384141
30/09/2021,,0.225484371
01/10/2021,,0.034585595
02/10/2021,,0.001132488
03/10/2021,,0.007972121
04/10/2021,,0.002205372
05/10/2021,,0.009506941
06/10/2021,,0.031411648
07/10/2021,,0.00295043
08/10/2021,,5.66E-04
09/10/2021,,0.001639128
10/10/2021,,0.003308058
11/10/2021,,2.53E-04
12/10/2021,,1.49E-04
13/10/2021,,6.41E-04
14/10/2021,,0.002577901
15/10/2021,,0.001721084
16/10/2021,,2.46E-04
17/10/2021,,7.15E-04
18/10/2021,,0.019297004
19/10/2021,,0.009313226
20/10/2021,,0.019133091
21/10/2021,,0.011086464
22/10/2021,,0.016242266
23/10/2021,,0.06519258
24/10/2021,,2.83E-04
25/10/2021,,1.94E-04
26/10/2021,,0.006631017
27/10/2021,,0.01861155
28/10/2021,,0.001639128
29/10/2021,,1.19E-04
30/10/2021,,2.68E-04
31/10/2021,,1.79E-04
01/11/2021,,2.38E-04
02/11/2021,,2.09E-04
03/11/2021,,1.19E-04
04/11/2021,,0.002428889
05/11/2021,,1.79E-04
06/11/2021,,1.49E-04
07/11/2021,,1.64E-04
08/11/2021,,1.94E-04
09/11/2021,,7.75E-04
10/11/2021,,0.007122755
11/11/2021,,4.77E-04
12/11/2021,,1.79E-04
13/11/2021,,2.83E-04
14/11/2021,,1.64E-04
15/11/2021,,1.94E-04
16/11/2021,,1.34E-04
17/11/2021,,1.79E-04
18/11/2021,,1.34E-04
19/11/2021,,1.79E-04
20/11/2021,,1.94E-04
21/11/2021,,1.19E-04
22/11/2021,,1.19E-04
23/11/2021,,1.71E-04
24/11/2021,,1.64E-04
25/11/2021,,1.79E-04
26/11/2021,,1.19E-04
27/11/2021,,3.13E-04
28/11/2021,,1.04E-04
29/11/2021,,2.09E-04
30/11/2021,,2.53E-04
01/12/2021,,1.04E-04
02/12/2021,,1.79E-04
03/12/2021,,1.94E-04
04/12/2021,,1.19E-04
05/12/2021,,1.19E-04
06/12/2021,,1.04E-04
07/12/2021,,1.27E-04
08/12/2021,,1.04E-04
09/12/2021,,1.04E-04
10/12/2021,,1.34E-04
11/12/2021,,8.94E-05
12/12/2021,,8.94E-05
13/12/2021,,1.04E-04
14/12/2021,,1.04E-04
15/12/2021,,8.94E-05
16/12/2021,,8.94E-05
17/12/2021,,8.94E-05
18/12/2021,,1.04E-04
19/12/2021,,8.94E-05
20/12/2021,,1.04E-04
21/12/2021,,8.94E-05
22/12/2021,,8.94E-05
23/12/2021,,1.04E-04
24/12/2021,,8.94E-05
25/12/2021,,8.94E-05
26/12/2021,,1.04E-04
27/12/2021,,8.94E-05
28/12/2021,,8.94E-05
29/12/2021,,1.19E-04
30/12/2021,,8.94E-05
31/12/2021,,1.04E-04
01/01/2022,,8.94E-05
02/01/2022,,1.04E-04
03/01/2022,,8.94E-05
04/01/2022,,8.94E-05
05/01/2022,,8.94E-05
06/01/2022,,8.94E-05
07/01/2022,,8.94E-05
08/01/2022,,8.94E-05
09/01/2022,,8.94E-05
10/01/2022,,8.94E-05
11/01/2022,,8.94E-05
12/01/2022,,8.94E-05
13/01/2022,,8.94E-05
14/01/2022,,8.94E-05
15/01/2022,,8.94E-05
16/01/2022,,7.45E-05
17/01/2022,,1.04E-04
18/01/2022,,8.20E-05
19/01/2022,,8.20E-05
20/01/2022,,8.94E-05
21/01/2022,,8.94E-05
22/01/2022,,7.45E-05
23/01/2022,,8.94E-05
24/01/2022,,8.94E-05
25/01/2022,,7.45E-05
26/01/2022,,8.94E-05
27/01/2022,,7.45E-05
28/01/2022,,8.94E-05
29/01/2022,,7.45E-05
30/01/2022,,7.45E-05
31/01/2022,,7.45E-05
01/02/2022,,8.94E-05
02/02/2022,,7.45E-05
03/02/2022,,7.45E-05
04/02/2022,,9.69E-05
05/02/2022,,8.94E-05
06/02/2022,,7.45E-05
07/02/2022,,7.45E-05
08/02/2022,,7.45E-05
09/02/2022,,7.45E-05
10/02/2022,,8.94E-05
11/02/2022,,7.45E-05
12/02/2022,,7.45E-05
13/02/2022,,7.45E-05
14/02/2022,,7.45E-05
15/02/2022,,7.45E-05
16/02/2022,,8.94E-05
17/02/2022,,1.04E-04
18/02/2022,,7.45E-05
19/02/2022,,7.45E-05
20/02/2022,,1.27E-04
21/02/2022,,8.20E-05
22/02/2022,,7.45E-05
23/02/2022,,7.45E-05
24/02/2022,,7.45E-05
25/02/2022,,1.04E-04
26/02/2022,,5.96E-05
27/02/2022,,2.68E-04
28/02/2022,,5.96E-05
01/03/2022,,1.19E-04
02/03/2022,,5.96E-05
03/03/2022,,2.24E-04
04/03/2022,,0.002831221
05/03/2022,,0.001788139
06/03/2022,,6.11E-04
07/03/2022,,1.34E-04
08/03/2022,,5.96E-05
09/03/2022,,7.45E-05
10/03/2022,,5.96E-05
11/03/2022,,4.62E-04
12/03/2022,,4.77E-04
13/03/2022,,0.003784895
14/03/2022,,5.96E-05
15/03/2022,,8.94E-05
16/03/2022,,1.04E-04
17/03/2022,,7.45E-05
18/03/2022,,8.94E-05
19/03/2022,,1.64E-04
20/03/2022,,1.04E-04
21/03/2022,,7.45E-05
22/03/2022,,1.04E-04
23/03/2022,,1.64E-04
24/03/2022,,0.001057982
25/03/2022,,8.94E-05
26/03/2022,,1.19E-04
27/03/2022,,5.96E-05
28/03/2022,,5.96E-05
29/03/2022,,4.32E-04
30/03/2022,,1.34E-04
31/03/2022,,0.001341105
01/04/2022,,1.94E-04
02/04/2022,,8.94E-05
03/04/2022,,1.19E-04
04/04/2022,,0.001132488
05/04/2022,,2.24E-04
06/04/2022,,4.47E-04
07/04/2022,,0.001162291
08/04/2022,,0.003486872
09/04/2022,,2.09E-04
10/04/2022,,1.79E-04
11/04/2022,,2.38E-04
12/04/2022,,1.79E-04
13/04/2022,,0.009208918
14/04/2022,,0.002771616
15/04/2022,,0.020980835
16/04/2022,,0.001937151
17/04/2022,,0.083237886
18/04/2022,,0.006809831
19/04/2022,,0.004768372
20/04/2022,,7.15E-04
21/04/2022,,0.001147389
22/04/2022,,7.00E-04
23/04/2022,,0.001445413
24/04/2022,,1.34E-04
25/04/2022,,7.60E-04
26/04/2022,,8.34E-04
27/04/2022,,6.26E-04
28/04/2022,,7.60E-04
29/04/2022,,0.003010035
30/04/2022,,4.92E-04
01/05/2022,,2.24E-04
02/05/2022,,0.001698732
03/05/2022,,0.010430813
04/05/2022,,0.001907349
05/05/2022,,0.004291534
06/05/2022,,0.006407499
07/05/2022,,4.47E-05
08/05/2022,,2.53E-04
09/05/2022,,0.014200807
10/05/2022,,0.004976988
11/05/2022,,0.001236796
12/05/2022,,2.53E-04
13/05/2022,,0.021547079
14/05/2022,,8.05E-04
15/05/2022,,0.00667572
16/05/2022,,0.001013279
17/05/2022,,1.19E-04
18/05/2022,,0.00102818
19/05/2022,,0.003650784
20/05/2022,,0.050842762
21/05/2022,,1.34E-04
22/05/2022,,0.001817942
23/05/2022,,0.009164214
24/05/2022,,8.94E-05
25/05/2022,,0.002086163
26/05/2022,,0.003367662
27/05/2022,,6.56E-04
28/05/2022,,5.96E-05
29/05/2022,,1.79E-04
30/05/2022,,0.005304813
31/05/2022,,5.07E-04
01/06/2022,,1.94E-04
02/06/2022,,0.001147389
03/06/2022,,5.07E-04
04/06/2022,,1.64E-04
05/06/2022,,0.02270937
06/06/2022,,0.003039837
07/06/2022,,0.003188848
08/06/2022,,0.012844801
09/06/2022,,0.003665686
10/06/2022,,0.013381243
11/06/2022,,0.098705292
12/06/2022,,0.001907349
13/06/2022,,0.008225441
14/06/2022,,0.063255429
15/06/2022,,0.016063452
16/06/2022,,0.016003847
17/06/2022,,3.180652857
18/06/2022,,0.008702278
19/06/2022,,0.003233552
20/06/2022,,0.00230968
21/06/2022,,0.050216913
22/06/2022,,0.020250678
23/06/2022,,0.001475215
24/06/2022,,0.001132488
25/06/2022,,8.94E-05
26/06/2022,,0.006660819
27/06/2022,,0.004783273
28/06/2022,,8.20E-04
29/06/2022,,0.018745661
30/06/2022,,0.089600682
01/07/2022,,0.013723969
02/07/2022,,0.005587935
03/07/2022,,3.58E-04
04/07/2022,,0.0218153
05/07/2022,,0.017851591
06/07/2022,,0.001013279
07/07/2022,,0.005125999
08/07/2022,,0.003814697
09/07/2022,,0.005096197
10/07/2022,,0.003516674
11/07/2022,,0.002667308
12/07/2022,,0.002890825
13/07/2022,,4.17E-04
14/07/2022,,1.19E-04
15/07/2022,,0.00166893
16/07/2022,,0.003159046
17/07/2022,,0.003263354
18/07/2022,,2.38E-04
19/07/2022,,5.96E-05
20/07/2022,,1.64E-04
21/07/2022,,0.004544854
22/07/2022,,0.026598573
23/07/2022,,0.009462237
24/07/2022,,0.003814697
25/07/2022,,0.006601214
26/07/2022,,0.008955598
27/07/2022,,0.018447638
28/07/2022,,0.010877848
29/07/2022,,0.041872263
30/07/2022,,0.093117356
31/07/2022,,0.03798306
01/08/2022,,0.013619661
02/08/2022,,0.002101064
03/08/2022,,0.001639128
04/08/2022,,5.07E-04
05/08/2022,,1.19E-04
06/08/2022,,5.22E-04
07/08/2022,,5.07E-04
08/08/2022,,0.002488494
09/08/2022,,0.008553267
10/08/2022,,0.002115965
11/08/2022,,0.028431416
12/08/2022,,0.019788742
13/08/2022,,0.004783273
14/08/2022,,10.34209132
15/08/2022,,0.056490302
16/08/2022,,0.004798174
17/08/2022,,9.24E-04
18/08/2022,,8.34E-04
19/08/2022,,0.048965216
20/08/2022,,0.002816319
21/08/2022,,7.75E-04
22/08/2022,,0.03105402
23/08/2022,,0.09547174
24/08/2022,,8.49E-04
25/08/2022,,0.006511807
26/08/2022,,0.114709139
27/08/2022,,0.072598457
28/08/2022,,0.008910894
29/08/2022,,0.080645084
30/08/2022,,0.896543264
31/08/2022,,3.422439098
01/09/2022,,0.045269728
02/09/2022,,0.994950533
03/09/2022,,1.664489508
04/09/2022,,0.005751848
05/09/2022,,0.014424324
06/09/2022,,0.013768673
07/09/2022,,0.046730042
08/09/2022,,0.018566847
09/09/2022,,0.021636486
10/09/2022,,0.016435981
11/09/2022,,1.438438892
12/09/2022,,0.163093209
13/09/2022,,0.004172325
14/09/2022,,0.002220273
15/09/2022,,11.66646183
16/09/2022,,0.004172325
17/09/2022,,0.020176172
18/09/2022,,0.044539571
19/09/2022,,0.972434878
20/09/2022,,0.471130013
21/09/2022,,0.04170835
22/09/2022,,1.48396194
23/09/2022,,0.052392483
24/09/2022,,0.023722649
25/09/2022,,0.00667572
26/09/2022,,0.050440431
27/09/2022,,0.011891127
28/09/2022,,0.004589558
29/09/2022,,0.001519918
30/09/2022,,0.046268106
01/10/2022,,0.093221664
02/10/2022,,0.051349401
03/10/2022,,0.008061528
04/10/2022,,0.008240342
05/10/2022,,0.007137656
06/10/2022,,0.190913677
07/10/2022,,0.108003616
08/10/2022,,7.15E-04
09/10/2022,,0.021994114
10/10/2022,,0.004723668
11/10/2022,,6.11E-04
12/10/2022,,0.004440546
13/10/2022,,0.252738595
14/10/2022,,0.197276473
15/10/2022,,0.097796321
16/10/2022,,1.19E-04
17/10/2022,,2.68E-04
18/10/2022,,0.001445413
19/10/2022,,3.73E-04
20/10/2022,,2.83E-04
21/10/2022,,0.002563
22/10/2022,,8.94E-05
23/10/2022,,8.94E-05
24/10/2022,,4.62E-04
25/10/2022,,0.008806586
26/10/2022,,1.79E-04
27/10/2022,,1.04E-04
28/10/2022,,1.19E-04
29/10/2022,,1.19E-04
30/10/2022,,7.45E-05
31/10/2022,,1.19E-04
01/11/2022,,8.94E-05
02/11/2022,,8.94E-05
03/11/2022,,8.94E-05
04/11/2022,,8.94E-04
05/11/2022,,1.19E-04
06/11/2022,,2.38E-04
07/11/2022,,8.94E-05
08/11/2022,,1.19E-04
09/11/2022,,8.94E-05
10/11/2022,,8.94E-05
11/11/2022,,4.62E-04
12/11/2022,,2.68E-04
13/11/2022,,1.49E-04
14/11/2022,,8.94E-05
15/11/2022,,8.94E-05
16/11/2022,,8.94E-05
17/11/2022,,8.94E-05
18/11/2022,,8.94E-05
19/11/2022,,8.94E-05
20/11/2022,,8.94E-05
21/11/2022,,8.94E-05
22/11/2022,,8.94E-05
23/11/2022,,1.19E-04
24/11/2022,,8.94E-05
25/11/2022,,8.20E-05
26/11/2022,,8.20E-05
27/11/2022,,8.94E-05
28/11/2022,,8.94E-05
29/11/2022,,8.94E-05
30/11/2022,,7.45E-05
01/12/2022,,1.04E-04
02/12/2022,,8.94E-05
03/12/2022,,7.45E-05
04/12/2022,,7.45E-05
05/12/2022,,1.19E-04
06/12/2022,,8.94E-05
07/12/2022,,9.69E-05
08/12/2022,,8.94E-05
09/12/2022,,7.45E-05
10/12/2022,,7.45E-05
11/12/2022,,5.96E-05
12/12/2022,,1.04E-04
13/12/2022,,8.20E-05
14/12/2022,,8.20E-05
15/12/2022,,1.04E-04
16/12/2022,,1.04E-04
17/12/2022,,8.94E-05
18/12/2022,,7.45E-05
19/12/2022,,8.94E-05
20/12/2022,,7.45E-05
21/12/2022,,7.45E-05
22/12/2022,,7.45E-05
23/12/2022,,7.45E-05
24/12/2022,,5.96E-05
25/12/2022,,5.96E-05
26/12/2022,,1.04E-04
27/12/2022,,7.45E-05
28/12/2022,,5.96E-05
29/12/2022,,7.45E-05
30/12/2022,,7.45E-05
31/12/2022,,8.94E-05
01/01/2023,,5.96E-05
02/01/2023,,5.96E-05
03/01/2023,,8.94E-05
04/01/2023,,7.45E-05
05/01/2023,,7.45E-05
06/01/2023,,5.96E-05
07/01/2023,,7.45E-05
08/01/2023,,5.96E-05
09/01/2023,,7.45E-05
10/01/2023,,7.45E-05
11/01/2023,,5.96E-05
12/01/2023,,5.96E-05
13/01/2023,,5.96E-05
14/01/2023,,5.96E-05
15/01/2023,,5.96E-05
16/01/2023,,5.96E-05
17/01/2023,,7.45E-05
18/01/2023,,5.96E-05
19/01/2023,,5.96E-05
20/01/2023,,5.96E-05
21/01/2023,,5.96E-05
22/01/2023,,1.04E-04
23/01/2023,,5.96E-05
24/01/2023,,8.94E-05
25/01/2023,,7.45E-05
26/01/2023,,5.96E-05
27/01/2023,,1.04E-04
28/01/2023,,4.77E-04
29/01/2023,,0.002503395
30/01/2023,,5.96E-05
31/01/2023,,5.96E-05
01/02/2023,,7.45E-05
02/02/2023,,1.04E-04
03/02/2023,,5.96E-05
04/02/2023,,8.94E-05
05/02/2023,,5.96E-05
06/02/2023,,1.04E-04
07/02/2023,,8.94E-05
08/02/2023,,6.71E-05
09/02/2023,,1.34E-04
10/02/2023,,7.45E-05
11/02/2023,,5.96E-05
12/02/2023,,5.96E-05
13/02/2023,,5.96E-05
14/02/2023,,5.96E-05
15/02/2023,,5.96E-05
16/02/2023,,4.47E-05
17/02/2023,,5.96E-05
18/02/2023,,5.96E-05
19/02/2023,,5.96E-05
20/02/2023,,5.96E-05
21/02/2023,,5.96E-05
22/02/2023,,5.96E-05
23/02/2023,,5.96E-05
24/02/2023,,5.96E-05
25/02/2023,,5.96E-05
26/02/2023,,5.96E-05
27/02/2023,,5.96E-05
28/02/2023,,8.94E-05
01/03/2023,,5.96E-05
02/03/2023,,4.47E-05
03/03/2023,,0.005215406
04/03/2023,,0.004813075
05/03/2023,,1.19E-04
06/03/2023,,0.010147691
07/03/2023,,0.001460314
08/03/2023,,0.00153482
09/03/2023,,5.96E-05
10/03/2023,,4.47E-05
11/03/2023,,0.001072884
12/03/2023,,5.96E-05
13/03/2023,,5.96E-05
14/03/2023,,5.96E-05
15/03/2023,,4.47E-05
16/03/2023,,5.96E-05
17/03/2023,,4.47E-05
18/03/2023,,7.45E-05
19/03/2023,,0.001013279
20/03/2023,,0.001192093
21/03/2023,,0.014320016
22/03/2023,,0.008866191
23/03/2023,,0.004380941
24/03/2023,,2.38E-04
25/03/2023,,4.47E-05
26/03/2023,,0.014156103
27/03/2023,,2.09E-04
28/03/2023,,5.96E-05
29/03/2023,,4.47E-05
30/03/2023,,7.45E-05
31/03/2023,,5.96E-05
01/04/2023,,2.98E-04
02/04/2023,,1.04E-04
03/04/2023,,8.94E-05
04/04/2023,,9.24E-04
05/04/2023,,1.34E-04
06/04/2023,,5.96E-05
07/04/2023,,5.96E-05
08/04/2023,,0.02220273
09/04/2023,,0.003039837
10/04/2023,,8.94E-05
11/04/2023,,7.45E-05
12/04/2023,,0.003114343
13/04/2023,,7.45E-05
14/04/2023,,5.96E-05
15/04/2023,,0.001817942
16/04/2023,,5.96E-04
17/04/2023,,5.96E-05
18/04/2023,,0.002101064
19/04/2023,,0.008367002
20/04/2023,,0.002615154
21/04/2023,,9.83E-04
22/04/2023,,2.38E-04
23/04/2023,,0.002399087
24/04/2023,,8.94E-05
25/04/2023,,1.49E-04
26/04/2023,,9.09E-04
27/04/2023,,0.085011125
28/04/2023,,8.05E-04
29/04/2023,,0.013500452
30/04/2023,,0.001579523
01/05/2023,,9.39E-04
02/05/2023,,0.001192093
03/05/2023,,7.00E-04
04/05/2023,,0.001385808
05/05/2023,,0.002622604
06/05/2023,,5.07E-04
07/05/2023,,0.004857779
08/05/2023,,0.001713634
09/05/2023,,1.79E-04
10/05/2023,,3.87E-04
11/05/2023,,0.001758337
12/05/2023,,0.001356006
13/05/2023,,0.003054738
14/05/2023,,0.05415082
15/05/2023,,1.19E-04
16/05/2023,,2.38E-04
17/05/2023,,0.013202429
18/05/2023,,0.001743436
19/05/2023,,0.012770295
20/05/2023,,0.03489852
21/05/2023,,0.018745661
22/05/2023,,0.001311302
23/05/2023,,0.002130866
24/05/2023,,0.011533499
25/05/2023,,0.005543232
26/05/2023,,5.66E-04
27/05/2023,,1.49E-04
28/05/2023,,2.38E-04
29/05/2023,,0.005781651
30/05/2023,,8.34E-04
31/05/2023,,0.024810433
01/06/2023,,0.002428889
02/06/2023,,0.008404255
03/06/2023,,6.56E-04
04/06/2023,,7.90E-04
05/06/2023,,9.54E-04
06/06/2023,,0.00539422
07/06/2023,,0.025242567
08/06/2023,,5.96E-04
09/06/2023,,0.002771616
10/06/2023,,0.008583069
11/06/2023,,0.010743737
12/06/2023,,1.64E-04
13/06/2023,,8.79E-04
14/06/2023,,0.009328127
15/06/2023,,0.045150518
16/06/2023,,4.17E-04
17/06/2023,,1.79E-04
18/06/2023,,0.001057982
19/06/2023,,0.01758337
20/06/2023,,0.002086163
21/06/2023,,0.001654029
22/06/2023,,0.0012815
23/06/2023,,0.001847744
24/06/2023,,0.085026026
25/06/2023,,0.007838011
26/06/2023,,0.011533499
27/06/2023,,0.011280179
28/06/2023,,7.606938481
29/06/2023,,0.032678246
30/06/2023,,1.239955425
01/07/2023,,0.006571412
02/07/2023,,0.004768372
03/07/2023,,0.004887581
04/07/2023,,0.013053417
05/07/2023,,0.025689602
06/07/2023,,8.94E-04
07/07/2023,,0.02785027
08/07/2023,,9.98E-04
09/07/2023,,0.068247318
10/07/2023,,0.002637506
11/07/2023,,0.028312206
12/07/2023,,0.053375959
13/07/2023,,0.030249357
14/07/2023,,0.009179115
15/07/2023,,0.030323863
16/07/2023,,0.003650784
17/07/2023,,0.008434057
18/07/2023,,0.042200089
19/07/2023,,0.011414289
20/07/2023,,0.00667572
21/07/2023,,0.006884336
22/07/2023,,0.031292439
23/07/2023,,0.025898218
24/07/2023,,0.018119812
25/07/2023,,7.15E-04
26/07/2023,,0.001847744
27/07/2023,,0.004082918
28/07/2023,,0.006467104
29/07/2023,,0.013589859
30/07/2023,,0.011861324
31/07/2023,,0.0205338
01/08/2023,,0.232964754
02/08/2023,,0.012338161
03/08/2023,,0.008553267
04/08/2023,,0.007018447
05/08/2023,,0.005036592
06/08/2023,,0.009328127
07/08/2023,,0.04914403
08/08/2023,,0.014469028
09/08/2023,,0.006780028
10/08/2023,,0.013202429
11/08/2023,,0.004291534
12/08/2023,,0.06249547
13/08/2023,,0.114411116
14/08/2023,,4.742205143
15/08/2023,,0.003769994
16/08/2023,,0.00551343
17/08/2023,,0.027239323
18/08/2023,,0.013723969
19/08/2023,,0.001847744
20/08/2023,,0.042259693
21/08/2023,,0.003233552
22/08/2023,,0.00230968
23/08/2023,,0.090494752
24/08/2023,,0.005453825
25/08/2023,,0.023961067
26/08/2023,,0.017091632
27/08/2023,,0.119537115
28/08/2023,,0.016927719
29/08/2023,,0.01744926
30/08/2023,,0.296831131
31/08/2023,,0.021621585
01/09/2023,,0.01680851
02/09/2023,,0.156760216
03/09/2023,,0.029236078
04/09/2023,,0.008955598
05/09/2023,,0.004887581
06/09/2023,,0.00153482
07/09/2023,,0.004500151
08/09/2023,,0.075191259
09/09/2023,,0.004857779
10/09/2023,,0.01296401
11/09/2023,,0.005930662
12/09/2023,,0.018417835
13/09/2023,,0.005543232
14/09/2023,,0.010699034
15/09/2023,,0.013798475
16/09/2023,,0.005304813
17/09/2023,,0.007018447
18/09/2023,,0.005200505
19/09/2023,,0.023454428
20/09/2023,,0.036180019
21/09/2023,,0.020608306
22/09/2023,,0.00487268
23/09/2023,,0.055000186
24/09/2023,,0.005245209
25/09/2023,,3.43E-04
26/09/2023,,0.001564622
27/09/2023,,1.34E-04
28/09/2023,,0.001877546
29/09/2023,,0.010848045
30/09/2023,,0.003069639
01/10/2023,,0.010684133
02/10/2023,,0.013679266
03/10/2023,,0.074774027
04/10/2023,,0.067934394
05/10/2023,,0.047564507
06/10/2023,,0.048696995
07/10/2023,,0.078678131
08/10/2023,,0.001877546
09/10/2023,,0.408485532
10/10/2023,,0.004649162
11/10/2023,,0.002712011
12/10/2023,,0.02259016
13/10/2023,,0.003069639
14/10/2023,,0.009194016
15/10/2023,,6.41E-04
16/10/2023,,0.003039837
17/10/2023,,0.004246831
18/10/2023,,0.006064773
19/10/2023,,0.001341105
20/10/2023,,7.45E-04
21/10/2023,,4.17E-04
22/10/2023,,1.94E-04
23/10/2023,,1.34E-04
24/10/2023,,1.19E-04
25/10/2023,,0.00192225
26/10/2023,,7.45E-05
27/10/2023,,1.64E-04
28/10/2023,,7.60E-04
29/10/2023,,1.49E-04
30/10/2023,,0.003606081
31/10/2023,,8.94E-05
01/11/2023,,5.96E-05
02/11/2023,,5.96E-05
03/11/2023,,8.94E-05
04/11/2023,,5.51E-04
05/11/2023,,1.19E-04
06/11/2023,,0.003099442
07/11/2023,,0.006005168
08/11/2023,,1.49E-04
09/11/2023,,8.94E-05
10/11/2023,,2.98E-05
11/11/2023,,2.24E-04
12/11/2023,,1.79E-04
13/11/2023,,5.96E-05
14/11/2023,,4.47E-05
15/11/2023,,4.77E-04
16/11/2023,,4.47E-05
17/11/2023,,4.47E-05
18/11/2023,,4.47E-05
19/11/2023,,4.47E-05
20/11/2023,,1.49E-04
21/11/2023,,5.96E-05
22/11/2023,,5.96E-05
23/11/2023,,8.94E-05
24/11/2023,,5.96E-05
25/11/2023,,0.043064356
26/11/2023,,0.073418021
27/11/2023,,2.98E-05
28/11/2023,,2.98E-05
29/11/2023,,1.04E-04
30/11/2023,,8.94E-05
01/12/2023,,2.98E-05
02/12/2023,,2.98E-04
03/12/2023,,5.96E-05
04/12/2023,,1.79E-04
05/12/2023,,2.98E-05
06/12/2023,,2.38E-04
07/12/2023,,7.45E-05
08/12/2023,,4.47E-05
09/12/2023,,5.96E-05
10/12/2023,,2.83E-04
11/12/2023,,5.96E-05
12/12/2023,,2.98E-05
13/12/2023,,2.98E-05
14/12/2023,,2.98E-05
15/12/2023,,2.98E-05
16/12/2023,,2.98E-05
17/12/2023,,2.98E-05
18/12/2023,,2.98E-05
19/12/2023,,2.98E-05
20/12/2023,,2.98E-05
21/12/2023,,2.98E-05
22/12/2023,,2.98E-05
23/12/2023,,2.98E-05
24/12/2023,,2.98E-05
25/12/2023,,2.98E-05
26/12/2023,,2.98E-05
27/12/2023,,2.98E-05
28/12/2023,,2.98E-05
29/12/2023,,2.98E-05
30/12/2023,,2.98E-05
31/12/2023,,2.98E-05
01/01/2024,,2.98E-05
02/01/2024,,5.96E-05
03/01/2024,,4.47E-05
04/01/2024,,4.47E-05
05/01/2024,,5.96E-05
06/01/2024,,2.98E-05
07/01/2024,,2.98E-05
08/01/2024,,2.98E-05
09/01/2024,,5.96E-05
10/01/2024,,7.45E-05
11/01/2024,,4.47E-05
12/01/2024,,4.47E-05
13/01/2024,,2.98E-05
14/01/2024,,2.98E-05
15/01/2024,,2.98E-05
16/01/2024,,2.98E-05
17/01/2024,,2.98E-05
18/01/2024,,2.98E-05
19/01/2024,,2.98E-05
20/01/2024,,2.98E-05
21/01/2024,,2.98E-05
22/01/2024,,2.98E-05
23/01/2024,,2.09E-04
24/01/2024,,2.98E-05
25/01/2024,,2.98E-05
26/01/2024,,2.98E-05
27/01/2024,,2.98E-05
28/01/2024,,2.98E-05
29/01/2024,,2.98E-05
30/01/2024,,2.98E-05
31/01/2024,,2.98E-05
01/02/2024,,2.98E-05
02/02/2024,,2.98E-05
03/02/2024,,2.98E-05
04/02/2024,,2.98E-05
05/02/2024,,2.98E-05
06/02/2024,,2.98E-05
07/02/2024,,2.98E-05
08/02/2024,,2.98E-05
09/02/2024,,2.98E-05
10/02/2024,,2.98E-05
11/02/2024,,2.98E-05
12/02/2024,,2.98E-05
13/02/2024,,5.96E-05
14/02/2024,,8.94E-05
15/02/2024,,8.94E-05
16/02/2024,,2.98E-05
17/02/2024,,2.98E-05
18/02/2024,,2.98E-05
19/02/2024,,4.47E-04
20/02/2024,,1.49E-04
21/02/2024,,2.38E-04
22/02/2024,,1.64E-04
23/02/2024,,1.64E-04
24/02/2024,,2.98E-05
25/02/2024,,5.96E-05
26/02/2024,,2.98E-05
27/02/2024,,2.98E-05
28/02/2024,,2.98E-05
29/02/2024,,4.47E-05
01/03/2024,,2.24E-04
02/03/2024,,2.98E-05
03/03/2024,,2.98E-05
04/03/2024,,2.98E-05
05/03/2024,,2.98E-05
06/03/2024,,1.04E-04
07/03/2024,,9.54E-04
08/03/2024,,2.09E-04
09/03/2024,,2.98E-05
10/03/2024,,2.98E-05
11/03/2024,,0.001728535
12/03/2024,,3.87E-04
13/03/2024,,2.98E-05
14/03/2024,,0.005483627
15/03/2024,,2.98E-05
16/03/2024,,2.98E-05
17/03/2024,,1.49E-04
18/03/2024,,2.98E-05
19/03/2024,,2.98E-05
20/03/2024,,5.96E-05
21/03/2024,,5.96E-05
22/03/2024,,2.98E-05
23/03/2024,,9.54E-04
24/03/2024,,2.98E-05
25/03/2024,,2.98E-05
26/03/2024,,2.98E-05
27/03/2024,,2.98E-05
28/03/2024,,2.98E-05
29/03/2024,,1.04E-04
30/03/2024,,2.98E-05
31/03/2024,,2.98E-05
01/04/2024,,7.00E-04
02/04/2024,,2.98E-05
03/04/2024,,4.47E-05
04/04/2024,,8.94E-05
05/04/2024,,0.015571713
06/04/2024,,1.04E-04
07/04/2024,,2.98E-05
08/04/2024,,0.001102686
09/04/2024,,0.001698732
10/04/2024,,4.92E-04
11/04/2024,,1.19E-04
12/04/2024,,2.98E-05
13/04/2024,,0.016257167
14/04/2024,,0.003412366
15/04/2024,,0.009194016
16/04/2024,,8.94E-05
17/04/2024,,1.19E-04
18/04/2024,,2.98E-05
19/04/2024,,2.38E-04
20/04/2024,,4.47E-04
21/04/2024,,0.004887581
22/04/2024,,2.83E-04
23/04/2024,,0.061064959
24/04/2024,,7.45E-05
25/04/2024,,0.001132488
26/04/2024,,8.94E-04
27/04/2024,,5.96E-05
28/04/2024,,2.24E-04
29/04/2024,,4.77E-04
30/04/2024,,4.47E-05
01/05/2024,,3.43E-04
02/05/2024,,6.56E-04
03/05/2024,,0.001460314
04/05/2024,,1.19E-04
05/05/2024,,2.83E-04
06/05/2024,,4.17E-04
07/05/2024,,0.007927418
08/05/2024,,7.00E-04
09/05/2024,,2.53E-04
10/05/2024,,3.28E-04
11/05/2024,,0.002503395
12/05/2024,,0.004529953
13/05/2024,,0.00192225
14/05/2024,,1.94E-04
15/05/2024,,0.002145767
16/05/2024,,0.004082918
17/05/2024,,5.66E-04
18/05/2024,,1.64E-04
19/05/2024,,2.53E-04
20/05/2024,,8.94E-05
21/05/2024,,0.00102818
22/05/2024,,0.001400709
23/05/2024,,8.94E-05
24/05/2024,,3.87E-04
25/05/2024,,0.002622604
26/05/2024,,6.85E-04
27/05/2024,,2.68E-04
28/05/2024,,9.54E-04
29/05/2024,,0.001132488
30/05/2024,,8.49E-04
31/05/2024,,0.001013279
01/06/2024,,0.001162291
02/06/2024,,8.64E-04
03/06/2024,,4.47E-04
04/06/2024,,0.002384186
05/06/2024,,1.79E-04
06/06/2024,,0.005096197
07/06/2024,,8.94E-05
08/06/2024,,5.07E-04
09/06/2024,,1.79E-04
10/06/2024,,0.002145767
11/06/2024,,0.043779612
12/06/2024,,6.71E-04
13/06/2024,,6.71E-04
14/06/2024,,0.007092953
15/06/2024,,0.013440847
16/06/2024,,0.001266599
17/06/2024,,1.94E-04
18/06/2024,,2.98E-05
19/06/2024,,0.001311302
20/06/2024,,0.001460314
21/06/2024,,0.001549721
22/06/2024,,5.66E-04
23/06/2024,,1.64E-04
24/06/2024,,6.26E-04
25/06/2024,,0.023573637
26/06/2024,,8.64E-04
27/06/2024,,0.002235174
28/06/2024,,0.001311302
29/06/2024,,0.005841255
30/06/2024,,0.025123358
01/07/2024,,0.001102686
02/07/2024,,0.006973743
03/07/2024,,0.020861626
04/07/2024,,0.011414289
05/07/2024,,7.75E-04
06/07/2024,,0.043004751
07/07/2024,,0.043213367
08/07/2024,,0.047057867
09/07/2024,,0.001892447
10/07/2024,,0.015854836
11/07/2024,,0.015884638
12/07/2024,,0.013887882
13/07/2024,,0.002130866
14/07/2024,,0.009611249
15/07/2024,,0.003799796
16/07/2024,,0.040531158
17/07/2024,,0.043407083
18/07/2024,,0.003606081
19/07/2024,,0.022619963
20/07/2024,,0.013560057
21/07/2024,,0.0038445
22/07/2024,,0.001132488
23/07/2024,,0.003889203
24/07/2024,,3.58E-04
25/07/2024,,9.24E-04
26/07/2024,,0.001162291
27/07/2024,,0.012218952
28/07/2024,,0.019475818
29/07/2024,,0.001862645
30/07/2024,,0.004157424
31/07/2024,,0.003248453
01/08/2024,,0.003606081
02/08/2024,,0.004947186
03/08/2024,,3.43E-04
04/08/2024,,5.96E-05
05/08/2024,,3.87E-04
06/08/2024,,0.004515052
07/08/2024,,0.004813075
08/08/2024,,0.002980232
09/08/2024,,1.79E-04
10/08/2024,,7.15E-04
11/08/2024,,0.002354383
12/08/2024,,0.001549721
13/08/2024,,0.001758337
14/08/2024,,0.002264977
15/08/2024,,2.83E-04
16/08/2024,,0.008612871
17/08/2024,,8.49E-04
18/08/2024,,3.43E-04
19/08/2024,,0.060781837
20/08/2024,,10.3559792
21/08/2024,,0.014320016
22/08/2024,,3.432884812
23/08/2024,,9.0931952
24/08/2024,,0.036150217
25/08/2024,,0.055208802
26/08/2024,,0.058531761
27/08/2024,,0.021353364
28/08/2024,,0.002652407
29/08/2024,,0.016793609
30/08/2024,,0.07507205
31/08/2024,,0.027731061
01/09/2024,,0.00295043
02/09/2024,,2.98E-05
03/09/2024,,6.26E-04
04/09/2024,,1.49E-04
05/09/2024,,2.98E-05
06/09/2024,,0.004976988
07/09/2024,,0.041395426
08/09/2024,,0.009089708
09/09/2024,,0.003635883
10/09/2024,,0.119507313
11/09/2024,,0.008672476
12/09/2024,,0.067591667
13/09/2024,,0.069707632
14/09/2024,,0.108808279
15/09/2024,,0.067859888
16/09/2024,,0.054210424
17/09/2024,,0.03054738
18/09/2024,,0.121504068
19/09/2024,,0.009074807
20/09/2024,,0.015854836
21/09/2024,,0.090762973
22/09/2024,,0.027090311
23/09/2024,,0.010624528
24/09/2024,,0.017940998
25/09/2024,,0.094518065
26/09/2024,,0.025451183
27/09/2024,,0.00295043
28/09/2024,,0.021919608
29/09/2024,,0.075012445
30/09/2024,,0.082358718
01/10/2024,,0.004127622
02/10/2024,,0.005364418
03/10/2024,,0.063896179
04/10/2024,,1.404583454
05/10/2024,,1.605391502
06/10/2024,,0.393643975
07/10/2024,,1.836329699
08/10/2024,,0.039100647
09/10/2024,,1.771807671
10/10/2024,,0.019490719
11/10/2024,,1.977771521
12/10/2024,,0.016748905
13/10/2024,,0.053271651
14/10/2024,,0.003054738
15/10/2024,,0.003397465
16/10/2024,,0.022515655
17/10/2024,,0.111863017
18/10/2024,,0.066682696
19/10/2024,,4.92E-04
20/10/2024,,0.007271767
21/10/2024,,0.043347478
22/10/2024,,0.084191561
23/10/2024,,0.002324581
24/10/2024,,0.001460314
25/10/2024,,0.01399219
26/10/2024,,9.54E-04
27/10/2024,,8.94E-05
28/10/2024,,1.94E-04
29/10/2024,,8.64E-04
30/10/2024,,1.79E-04
31/10/2024,,5.96E-05
01/11/2024,,8.94E-05
02/11/2024,,1.04E-04
03/11/2024,,8.05E-04
04/11/2024,,4.47E-05
05/11/2024,,2.98E-05
06/11/2024,,2.98E-05
07/11/2024,,4.47E-05
08/11/2024,,2.98E-05
09/11/2024,,4.47E-05
10/11/2024,,2.98E-05
11/11/2024,,2.98E-05
12/11/2024,,2.98E-05
13/11/2024,,4.47E-05
14/11/2024,,2.98E-05
15/11/2024,,5.96E-05
16/11/2024,,5.96E-05
17/11/2024,,7.45E-05
18/11/2024,,2.98E-05
19/11/2024,,2.98E-05
20/11/2024,,2.98E-05
21/11/2024,,2.98E-05
22/11/2024,,2.68E-04
23/11/2024,,5.96E-05
24/11/2024,,2.98E-05
25/11/2024,,2.98E-05
26/11/2024,,7.45E-05
27/11/2024,,2.98E-05
28/11/2024,,2.98E-05
29/11/2024,,2.98E-05
30/11/2024,,2.98E-05
01/12/2024,,4.47E-05
02/12/2024,,2.98E-05
03/12/2024,,2.98E-05
04/12/2024,,2.98E-05
05/12/2024,,2.98E-05
06/12/2024,,2.98E-05
07/12/2024,,2.98E-05
08/12/2024,,2.98E-05
09/12/2024,,2.98E-05
10/12/2024,,2.98E-05
11/12/2024,,2.98E-05
12/12/2024,,2.98E-05
13/12/2024,,5.96E-05
14/12/2024,,2.98E-05
15/12/2024,,2.98E-05
16/12/2024,,2.98E-05
17/12/2024,,2.98E-05
18/12/2024,,2.98E-05
19/12/2024,,2.98E-05
20/12/2024,,2.98E-05
21/12/2024,,2.98E-05
22/12/2024,,2.98E-05
23/12/2024,,2.98E-05
24/12/2024,,2.98E-05
25/12/2024,,2.98E-05
26/12/2024,,2.98E-05
27/12/2024,,2.98E-05
28/12/2024,,2.98E-05
29/12/2024,,2.98E-05
30/12/2024,,2.98E-05
31/12/2024,,2.98E-05
01/01/2025,,2.98E-05
02/01/2025,,2.98E-05
03/01/2025,,2.98E-05
04/01/2025,,2.98E-05
05/01/2025,,2.98E-05
06/01/2025,,2.98E-05
07/01/2025,,2.98E-05
08/01/2025,,2.98E-05
09/01/2025,,2.98E-05
10/01/2025,,2.98E-05
11/01/2025,,2.98E-05
12/01/2025,,2.98E-05
13/01/2025,,2.98E-05
14/01/2025,,2.98E-05
15/01/2025,,2.98E-05
16/01/2025,,2.98E-05
17/01/2025,,2.98E-05
18/01/2025,,2.98E-05
19/01/2025,,2.98E-05
20/01/2025,,2.98E-05
21/01/2025,,2.98E-05
22/01/2025,,4.47E-05
23/01/2025,,5.96E-05
24/01/2025,,2.98E-05
25/01/2025,,2.98E-05
26/01/2025,,1.49E-04
27/01/2025,,4.47E-05
28/01/2025,,1.04E-04
29/01/2025,,2.98E-05
30/01/2025,,2.98E-05
31/01/2025,,2.98E-05
01/02/2025,,5.96E-05
02/02/2025,,8.94E-05
03/02/2025,,2.98E-05
04/02/2025,,2.98E-05
05/02/2025,,2.98E-05
06/02/2025,,4.47E-05
07/02/2025,,2.98E-05
08/02/2025,,1.19E-04
09/02/2025,,5.96E-05
10/02/2025,,2.98E-05
11/02/2025,,2.98E-05
12/02/2025,,4.47E-05
13/02/2025,,2.98E-05
14/02/2025,,2.98E-05
15/02/2025,,2.98E-05
16/02/2025,,2.98E-05
17/02/2025,,5.96E-05
18/02/2025,,2.98E-05
19/02/2025,,5.96E-05
20/02/2025,,2.98E-05
21/02/2025,,7.45E-05
22/02/2025,,0.011026859
23/02/2025,,4.17E-04
24/02/2025,,2.98E-05
25/02/2025,,2.98E-05
26/02/2025,,2.98E-05
27/02/2025,,2.98E-05
28/02/2025,,0.008508563
01/03/2025,,2.98E-05
02/03/2025,,4.47E-05
03/03/2025,,5.96E-05
04/03/2025,,7.45E-05
05/03/2025,,1.64E-04
06/03/2025,,2.98E-05
07/03/2025,,1.19E-04
08/03/2025,,2.98E-05
09/03/2025,,2.98E-05
10/03/2025,,8.94E-05
11/03/2025,,3.58E-04
12/03/2025,,2.98E-05
13/03/2025,,1.04E-04
14/03/2025,,4.47E-05
15/03/2025,,5.96E-05
16/03/2025,,2.98E-05
17/03/2025,,2.98E-05
18/03/2025,,2.98E-05
19/03/2025,,2.98E-05
20/03/2025,,5.96E-05
21/03/2025,,5.96E-05
22/03/2025,,2.98E-05
23/03/2025,,1.19E-04
24/03/2025,,7.45E-05
25/03/2025,,0.004157424
26/03/2025,,5.96E-05
27/03/2025,,4.47E-04
28/03/2025,,7.45E-05
29/03/2025,,4.47E-05
30/03/2025,,2.68E-04
31/03/2025,,0.002279878
01/04/2025,,1.64E-04
02/04/2025,,0.040888786
03/04/2025,,2.98E-04
04/04/2025,,5.96E-05
05/04/2025,,4.47E-05
06/04/2025,,5.96E-05
07/04/2025,,8.94E-05
08/04/2025,,1.49E-04
09/04/2025,,3.87E-04
10/04/2025,,0.005215406
11/04/2025,,0.010997057
12/04/2025,,5.96E-05
13/04/2025,,5.96E-05
14/04/2025,,2.83E-04
15/04/2025,,7.45E-05
16/04/2025,,1.34E-04
17/04/2025,,1.49E-04
18/04/2025,,0.001251698
19/04/2025,,3.43E-04
20/04/2025,,8.64E-04
21/04/2025,,2.98E-05
22/04/2025,,0.00411272
23/04/2025,,6.11E-04
24/04/2025,,4.62E-04
25/04/2025,,1.49E-05
26/04/2025,,0.012353063
27/04/2025,,0.003442168
28/04/2025,,1.49E-04
29/04/2025,,0.002399087
30/04/2025,,0.003159046
01/05/2025,,0.006228685
02/05/2025,,0.008359551
03/05/2025,,4.47E-04
04/05/2025,,2.98E-05
05/05/2025,,0.001624227
06/05/2025,,7.60E-04
07/05/2025,,3.73E-04
08/05/2025,,2.24E-04
09/05/2025,,0.002771616
10/05/2025,,1.04E-04
11/05/2025,,0.003322959
12/05/2025,,0.002384186
13/05/2025,,0.005036592
14/05/2025,,0.001192093
15/05/2025,,0.004276633
16/05/2025,,0.001206994
17/05/2025,,0.69783628
