Date,Temperature_3PM_C,DewPoint_3PM_C,RH_3PM_%,Rain_fall,Run-off
01/01/1990,34.88387451,7.955545044,19.14415312,0,0.000805
02/01/1990,34.78325806,5.942544556,16.76477789,0,0.000834
03/01/1990,33.94011841,12.95063171,28.16045722,0,0.000834
04/01/1990,34.12493286,14.57262573,30.97219468,0,0.000805
05/01/1990,34.25771484,14.92926941,31.45989288,0,0.001043081
06/01/1990,32.96228943,17.420755,39.64533355,0,0.001609325
07/01/1990,34.97815857,15.62693176,31.61397412,0,0.000969
08/01/1990,35.23067627,12.26159058,25.05706116,0,0.000924
09/01/1990,35.37642822,8.328607178,19.10936433,0,0.00079
10/01/1990,35.24399719,9.756677246,21.1983409,0,0.000805
11/01/1990,34.74530945,13.94031677,28.72330813,0,0.000775
12/01/1990,33.8933197,14.77562866,31.78798055,0,0.000983
13/01/1990,34.42229614,13.84327087,29.05857624,0,0.000924
14/01/1990,35.62006531,10.09606323,21.24154854,0,0.000849
15/01/1990,35.38582764,11.51029358,23.64174778,0,0.001013279
16/01/1990,34.92522583,13.21756897,27.13143611,0,0.000715
17/01/1990,34.51941833,14.37752686,29.92111382,0,0.000864
18/01/1990,35.33390198,13.79706726,27.5466428,0,0.000864
19/01/1990,35.10471497,14.44254456,29.08944603,0,0.000909
20/01/1990,35.74227295,15.75048218,30.55072959,2.310227156,0.000805
21/01/1990,35.10480652,17.23821411,34.78443003,4.286177635,0.00076
22/01/1990,33.26035461,19.84371338,45.37071514,0,0.017598271
23/01/1990,34.62749634,2.414086914,13.19599585,0,0.00076
24/01/1990,35.22731934,1.693444824,12.12407221,2.143088818,0.000909
25/01/1990,36.29947815,0.406533813,10.41690194,0,0.000671
26/01/1990,36.09407959,10.32705078,21.01793769,0,0.000671
27/01/1990,35.37351379,14.24881897,28.30412797,0,0.000671
28/01/1990,35.76778564,13.69265137,26.7145026,0,0.000656
29/01/1990,36.90778503,6.550363159,15.55800828,0,0.000656
30/01/1990,37.00785217,7.867318726,16.93529686,0,0.000656
31/01/1990,37.26870117,7.395089722,16.16659704,0,0.000641
01/02/1990,37.82546387,6.186730957,14.43457086,0,0.000641
02/02/1990,36.45806274,12.54606018,23.86547321,1.789526463,0.000633
03/02/1990,35.10390625,15.1191803,30.38831665,0,0.000775
04/02/1990,35.57773743,13.66062317,26.93900319,0,0.001475215
05/02/1990,36.0382019,4.57088623,14.21902503,0,0.000745
06/02/1990,35.37789307,1.970071411,12.26456126,0,0.000596
07/02/1990,35.40865479,1.754159546,12.05583632,0,0.000611
08/02/1990,35.9430481,2.687997437,12.51422898,0,0.000581
09/02/1990,35.23456726,12.06855164,24.73523958,1.596365213,0.000596
10/02/1990,36.04219971,10.75171814,21.68356753,0,0.000596
11/02/1990,34.40819702,7.903268433,19.58559588,0,0.002354383
12/02/1990,35.36707458,4.27578125,14.45132093,0,0.000551
13/02/1990,36.77462158,4.275872803,13.37789819,0,0.000566
14/02/1990,36.83817444,9.739053345,19.40047268,0,0.000566
15/02/1990,37.22828064,12.28418884,22.49341142,0,0.000551
16/02/1990,37.29953918,13.1826416,23.76574523,0,0.000894
17/02/1990,36.56038818,16.08695374,29.84615507,0,0.000939
18/02/1990,36.13657532,18.11914978,34.74140556,2.093807697,0.032521784
19/02/1990,33.60787354,20.77694092,47.13740877,1.744839787,0.008001924
20/02/1990,35.77817688,12.67620239,24.98419605,0,0.000566
21/02/1990,35.02349243,11.91817627,24.77829158,0,0.000551
22/02/1990,35.30613098,10.35276184,21.98635186,0,0.000641
23/02/1990,35.03347168,6.361810303,17.02072335,2.747813463,0.000536
24/02/1990,34.49527893,-1.563009644,9.962404352,0,0.000536
25/02/1990,33.62928162,-0.356512451,11.42192439,0,0.000507
26/02/1990,33.7701355,0.912713623,12.42648172,0,0.000507
27/02/1990,36.19584045,0.158868408,10.28950215,0,0.000507
28/02/1990,36.77021179,0.62822876,10.3167307,0,0.000507
01/03/1990,36.85027466,10.2255188,20.03018789,0,0.000477
02/03/1990,37.27793274,10.16710815,19.49289359,0,0.000477
03/03/1990,36.7552887,11.48500977,21.89460682,0,0.000507
04/03/1990,37.93145142,9.469689941,17.95390588,0,0.000462
05/03/1990,37.39156494,11.45543823,21.10783165,0,0.000507
06/03/1990,37.33907471,9.830606079,18.99503919,0,0.000611
07/03/1990,37.30466614,9.503182983,18.61648805,0,0.00073
08/03/1990,37.65934143,4.747460938,13.17793015,0,0.000685
09/03/1990,37.66700134,4.829629517,13.24836335,0,0.000492
10/03/1990,37.53795776,-2.237265015,8.020696362,0,0.000462
11/03/1990,37.31614075,-3.630651855,7.316317843,0,0.000447
12/03/1990,37.4258667,-3.265005493,7.474879105,0,0.000417
13/03/1990,37.61689148,2.375512695,11.17059206,0,0.000447
14/03/1990,37.66584167,6.526101685,14.90504631,0,0.000432
15/03/1990,37.9444519,8.140344238,16.39795552,0,0.000447
16/03/1990,38.58574829,6.643457031,14.29756359,0,0.000432
17/03/1990,37.73378906,11.55054626,20.85047418,0,0.000432
18/03/1990,37.64797363,13.57193909,23.9201461,0,0.000462
19/03/1990,38.83944092,9.893365479,17.58966089,0,0.000462
20/03/1990,38.41797791,3.844720459,11.87161373,2.126705647,0.000641
21/03/1990,37.25464783,11.00893555,20.64472371,0,0.000879
22/03/1990,38.14226685,0.578225708,9.541600208,0,0.000417
23/03/1990,38.23926697,1.201623535,9.928944529,0,0.000417
24/03/1990,38.40229187,2.771737671,11.0125934,0,0.000387
25/03/1990,38.34481201,1.74276123,10.26415263,0,0.000373
26/03/1990,38.72849426,3.883081055,11.70636179,0,0.000373
27/03/1990,39.07344971,6.297067261,13.59887761,0,0.000373
28/03/1990,39.73214111,9.702249146,16.55454204,0,0.000343
29/03/1990,38.83907471,13.13004456,21.79331957,0,0.000417
30/03/1990,37.89196167,17.24680481,29.88458544,5.226961136,0.003561378
31/03/1990,38.34185181,17.1909729,29.06412494,0,0.000641
01/04/1990,37.70397339,15.7521759,27.45176295,0,0.000656
02/04/1990,38.01140747,16.0236145,27.47131759,0,0.000715
03/04/1990,37.3194519,15.81911621,28.15090198,0,0.000447
04/04/1990,37.78580627,16.53032837,28.72147759,3.467292547,0.000447
05/04/1990,37.82129822,17.82428894,31.11252478,6.934585094,0.001803041
06/04/1990,34.29239807,20.22510681,43.85601182,1.139983058,0.004991889
07/04/1990,35.68099365,19.96949158,39.9785812,15.85433006,0.007227063
08/04/1990,32.72355042,20.58173523,48.93971245,9.310959816,0.004798174
09/04/1990,36.29169617,18.85640869,36.07551089,0,0.001311302
10/04/1990,36.58336792,17.61525879,32.84391791,0,0.000581
11/04/1990,34.89603577,18.97261963,39.23908686,0,0.000581
12/04/1990,34.37442932,20.81630859,45.27726547,1.458977461,0.002622604
13/04/1990,35.88543091,19.36130676,38.06756667,7.294886112,0.015094876
14/04/1990,35.5460907,20.54978333,41.74651156,7.294886112,0.001430511
15/04/1990,34.26235352,21.26239929,46.82527975,5.835909843,0.020384789
16/04/1990,32.80967102,22.09304199,53.42827625,13.78009987,0.016584992
17/04/1990,34.80346069,20.55999146,43.52076533,0,0.007793307
18/04/1990,32.53891907,20.80535278,50.13613517,0,0.003620982
19/04/1990,36.39541016,19.96709595,38.43653897,6.890049934,0.030100346
20/04/1990,32.93802795,21.48999939,51.12727019,0,0.002577901
21/04/1990,34.31855164,20.47968445,44.48601558,0.477115929,0.001147389
22/04/1990,33.95041809,21.54972229,48.49065668,1.695465565,0.001236796
23/04/1990,32.04750977,22.1585022,55.99477758,6.662583351,0.015154481
24/04/1990,29.96611938,22.86530457,65.8027097,18.5223217,0.010073185
25/04/1990,31.0924469,22.03826294,58.67875709,0,0.03990531
26/04/1990,34.38303528,20.00705872,43.05128786,0,0.00448525
27/04/1990,32.56977234,22.60843811,55.87722148,0,0.011280179
28/04/1990,32.28910217,22.5931488,56.71502285,6.279831886,0.006586313
29/04/1990,32.22028503,22.2594696,55.79303237,0,0.028699636
30/04/1990,32.51546631,22.26123962,54.87850534,0,0.042423606
01/05/1990,32.03745422,21.03873596,52.31916955,0,0.0007
02/05/1990,31.95186768,22.30671082,56.80818648,0,0.021189451
03/05/1990,33.02401123,21.76525269,51.74458663,16.09673119,0.048279762
04/05/1990,32.4755188,21.68006287,53.08737517,9.198132515,0.020623207
05/05/1990,33.56234131,20.60540161,46.76092568,0,0.001907349
06/05/1990,32.40905151,20.08377991,48.30530506,8.24900341,0.000373
07/05/1990,34.20722351,19.47039185,42.05049173,0,0.000522
08/05/1990,25.02668152,22.82746277,87.62728161,8.24900341,0.078245997
09/05/1990,29.17070923,21.9731842,65.25031282,0,0.002652407
10/05/1990,30.15023193,21.66713867,60.53517209,18.85486603,0.03361702
11/05/1990,33.1098114,21.35018311,50.20546265,4.996254921,0.004693866
12/05/1990,31.81731567,22.36077271,57.43058792,0,0.042319298
13/05/1990,29.40018616,24.75800476,76.17003239,7.200485706,0.032633543
14/05/1990,31.87862549,21.7787262,55.2379908,14.84181595,0.057607889
15/05/1990,30.75258789,21.92472229,59.41317469,6.612690449,0.018894672
16/05/1990,30.42662964,22.21816406,61.62119757,4.232694149,0.008299947
17/05/1990,32.63489685,22.5604187,55.51089946,0,0.018253922
18/05/1990,32.91069946,20.60997925,48.51231988,0,0.003278255
19/05/1990,33.04389343,22.44742737,53.87952289,0,0.001817942
20/05/1990,28.31472168,23.40200195,74.77046666,0,0.029176474
21/05/1990,31.1537262,21.37163696,56.14107239,9.451465607,0.01552701
22/05/1990,32.72651062,20.47768555,48.61870192,0,0.00333786
23/05/1990,33.1174408,20.38585815,47.29489403,0,0.005304813
24/05/1990,30.02817688,22.58188782,64.45212935,4.725732803,0.002518296
25/05/1990,32.61556396,21.7156311,52.78517126,4.725732803,0.016719103
26/05/1990,28.13840637,22.58753357,71.90940199,0,0.004991889
27/05/1990,31.63083801,21.54981384,55.24014414,3.893141747,0.001609325
28/05/1990,26.26059875,21.62680969,75.70911943,0,0.01475215
29/05/1990,27.08324585,21.31572876,70.77299997,3.893141747,0.015676022
30/05/1990,31.12961731,21.09276733,55.26501705,0,0.030055642
31/05/1990,32.42380676,21.26104126,51.8941951,0,0.02643466
01/06/1990,32.62410889,22.22367249,54.41951733,6.487607002,0.03144145
02/06/1990,31.26571045,21.15181885,55.03819318,6.487607002,0.007003546
03/06/1990,31.59308777,21.21659241,54.24018046,19.46282005,0.001445413
04/06/1990,32.28719482,21.25641785,52.28047489,0,0.004217029
05/06/1990,33.5269104,21.04352722,48.1333644,0,0.001505017
06/06/1990,32.39934692,21.18027649,51.70903139,0,0.005587935
07/06/1990,29.8212677,20.64283142,57.93101486,8.866117477,0.004261732
08/06/1990,27.43934021,22.14315186,72.90564151,0,0.014513731
09/06/1990,33.07756958,20.43517456,47.54517333,8.866117477,0.000417
10/06/1990,32.97187195,21.53669128,51.17625621,0,0.001996756
11/06/1990,30.49646912,21.22361145,57.75808785,0,0.001773238
12/06/1990,30.69371948,20.81902466,55.70959105,0,0.000775
13/06/1990,27.16408691,22.79044495,77.0603987,13.62414455,0.008195639
14/06/1990,25.16817627,22.51357422,85.25416833,0,0.024721026
15/06/1990,30.67440186,20.62326965,55.10302093,13.62414455,0.001356006
16/06/1990,29.51639709,22.65891418,66.68632487,0,0.065669417
17/06/1990,29.93790588,20.56600342,57.27264795,0,0.00295043
18/06/1990,30.3951355,20.12372742,54.28919448,0,0.009581447
19/06/1990,30.56020508,22.70369873,62.98280483,0,0.069350004
20/06/1990,30.12653503,21.80068359,61.1138706,0,0.052958727
21/06/1990,29.80977783,19.57715759,54.27158021,8.925479889,0.000834
22/06/1990,30.51230774,20.94468079,56.72620823,0,0.001192093
23/06/1990,29.44150696,21.05466614,60.72902335,0,0.03862381
24/06/1990,27.27066956,22.1537262,73.67611953,8.925479889,0.055521727
25/06/1990,28.16306458,21.26647339,66.24806855,8.925479889,0.007688999
26/06/1990,28.94564209,21.37825928,63.74425789,9.496273994,0.015556812
27/06/1990,25.89379272,21.12189636,75.01175578,9.496273994,0.019595027
28/06/1990,26.66871033,20.71282349,69.88080506,9.496273994,0.027999282
29/06/1990,29.76047668,20.64411316,58.13827066,0,0.004500151
30/06/1990,29.13887939,21.17920837,62.27221533,0,0.00436604
01/07/1990,28.79529724,20.97336731,62.72370442,16.40239143,0.006854534
02/07/1990,28.93189392,21.05951843,62.56015809,0,0.031083822
03/07/1990,28.34943542,20.03702698,60.75522608,4.100597858,0.001549721
04/07/1990,27.71056519,22.31818542,72.52799452,4.100597858,0.06327033
05/07/1990,29.21624146,20.97225342,61.21216551,4.100597858,0.010371208
06/07/1990,29.57032166,20.91365967,59.76041635,5.276211739,0.016763806
07/07/1990,29.19640503,21.49997864,63.29754818,5.276211739,0.053435564
08/07/1990,28.71839294,21.90485535,66.70060984,0,1.494884491
09/07/1990,24.74500427,22.35402832,86.58786056,0,0.054359436
10/07/1990,28.57038269,20.12331543,60.30234114,0,0.003024936
11/07/1990,29.86498413,20.98912964,59.02989489,0,0.006005168
12/07/1990,26.77156982,21.4177948,72.53174928,7.301539421,0.030443072
13/07/1990,25.97088013,22.27446899,80.11802725,0,0.075340271
14/07/1990,28.23529968,21.54337463,67.09851954,0,0.021979213
15/07/1990,28.82067261,21.42478333,64.38986236,10.95230961,0.014230609
16/07/1990,24.33681641,22.19109497,87.85156384,9.317698479,0.317081809
17/07/1990,27.74230347,21.50786743,68.90283846,0,0.007331371
18/07/1990,28.27021179,21.28630981,65.91681648,4.658849239,0.026136637
19/07/1990,22.69196472,21.54311523,93.24300851,9.317698479,0.071108341
20/07/1990,27.82993469,20.91022644,66.08463494,0,0.005036592
21/07/1990,26.99038086,21.56025085,72.23271208,5.506482601,0.019073486
22/07/1990,26.80617676,20.3978363,67.98556961,5.506482601,0.009134412
23/07/1990,27.80075989,18.72782288,57.82075091,11.0129652,0.003919005
24/07/1990,29.63688049,21.05170593,60.03904179,5.506482601,0.02515316
25/07/1990,29.01868591,22.0871521,66.28441702,0,0.040069222
26/07/1990,28.91951904,20.96170959,62.22997507,8.678805351,0.010564923
27/07/1990,23.84723816,22.44819031,91.89487712,0,0.076308846
28/07/1990,26.35288391,20.6242157,70.80515306,15.18790817,0.032752752
29/07/1990,29.58847961,20.75777588,59.12840616,0,0.002622604
30/07/1990,29.09006653,21.31427917,62.96724094,15.18790817,0.004425645
31/07/1990,27.06350098,21.38747559,71.16707931,30.37581635,0.017464161
01/08/1990,23.98621521,21.49239502,85.97249986,0,0.854894519
02/08/1990,27.01381836,21.33202515,71.13273846,0,0.020578504
03/08/1990,27.29433594,22.77762756,76.41544688,9.576648712,0.094145536
04/08/1990,24.95876465,21.63106689,81.80548215,0,0.046759844
05/08/1990,28.13292847,21.64249573,67.90943407,9.576648712,0.03656745
06/08/1990,28.24155579,19.99291382,60.97049775,6.043802261,0.007852912
07/08/1990,29.48583374,20.80057678,59.63561466,6.907202721,0.00192225
08/08/1990,26.16347656,21.39603577,75.07678899,6.043802261,0.051856041
09/08/1990,24.91091309,20.90078125,78.44758613,6.043802261,0.055789948
10/08/1990,26.47130737,20.28174744,68.84295355,0,4.130199552
11/08/1990,28.84006653,20.46257935,60.62486834,0,0.002786517
12/08/1990,25.75501404,22.22945557,80.9261102,5.460460663,0.025108457
13/08/1990,26.91289673,20.7784668,69.16414618,5.460460663,0.030517578
14/08/1990,28.7778717,19.82654724,58.49705994,0,0.003263354
15/08/1990,27.47286377,20.72364197,66.70665052,0,0.040188432
16/08/1990,28.10190735,21.42098389,67.11645199,5.75427103,0.017091632
17/08/1990,27.99430237,22.41231689,71.74762297,5.75427103,0.058680773
18/08/1990,26.46676025,22.50692139,78.91426004,5.75427103,0.096231699
19/08/1990,27.48963318,19.69976196,62.55506839,0,0.001758337
20/08/1990,29.86951599,19.79764709,54.83081182,0,0.002339482
21/08/1990,30.78835449,20.53386841,54.44520096,5.995831013,0.002518296
22/08/1990,29.26656494,21.46044312,62.88953008,11.99166203,0.003427267
23/08/1990,29.88915405,20.59385071,57.53177184,11.99166203,0.001564622
24/08/1990,30.00214539,21.23438416,59.45528001,5.995831013,0.007003546
25/08/1990,29.30101929,21.57602844,63.21010649,0,0.02720952
26/08/1990,28.51275024,21.19802246,64.64432533,12.4431963,0.008523464
27/08/1990,23.96264038,22.63372192,92.29361551,0,0.231832266
28/08/1990,27.16729126,22.1526886,74.11889098,6.221598148,0.084549189
29/08/1990,28.65375671,21.4974762,65.30512057,6.221598148,0.01129508
30/08/1990,26.06328735,23.58336792,86.25003699,12.4431963,0.823363662
31/08/1990,29.82299194,22.08564148,63.27744572,0,0.043466687
01/09/1990,28.69561157,21.32303772,64.45484695,6.607141495,0.029355288
02/09/1990,28.76564941,21.12696228,63.42679571,13.21428299,0.077664852
03/09/1990,27.39837036,20.89473877,67.70673656,6.607141495,0.060111284
04/09/1990,28.55558167,21.46395264,65.54318776,19.82142448,0.050112605
05/09/1990,26.23285828,21.85727844,76.90807104,0,0.070407987
06/09/1990,28.6428772,21.28034363,64.48313101,7.79730463,0.010862947
07/09/1990,27.75719604,22.19765625,71.8025644,7.79730463,0.025674701
08/09/1990,28.65728149,22.12301025,67.83304344,7.79730463,0.018924475
09/09/1990,28.91938171,21.41227112,63.97422234,7.79730463,0.006005168
10/09/1990,28.50248108,21.82062683,67.19432448,7.79730463,0.034987926
11/09/1990,23.40664063,21.91231689,91.33641549,0,8.31758976
12/09/1990,27.78981934,21.28481445,67.77998052,0,0.012397766
13/09/1990,28.67839966,22.14710388,67.84956697,21.20420456,2.193257213
14/09/1990,29.02474365,22.31218872,67.17492643,0,0.089809299
15/09/1990,29.84880981,21.56273804,61.19902087,27.83051682,0.06775558
16/09/1990,27.5183197,22.39199219,73.67659815,10.63354969,0.04735589
17/09/1990,29.25800476,22.05263672,65.2376317,0,0.022366643
18/09/1990,27.77930603,22.07810364,71.1899309,0,0.012949109
19/09/1990,24.02657471,22.07215271,88.8546375,0,1.254603267
20/09/1990,27.30632935,22.48778687,75.03108377,21.26709938,0.272542238
21/09/1990,29.78083191,20.41459045,57.25441676,9.126745224,0.001549721
22/09/1990,29.77788696,21.74762878,62.14710723,0,0.00987947
23/09/1990,28.67548523,22.27272949,68.38178821,9.126745224,0.061765313
24/09/1990,24.56925354,21.71639404,84.16686959,0,1.181527972
25/09/1990,27.66204224,22.09060059,71.73327902,18.25349045,2.636671066
26/09/1990,28.58675537,21.8130127,66.83568748,10.62015629,0.018015504
27/09/1990,29.98137817,22.1226593,62.84630292,0,0.004857779
28/09/1990,29.04555664,21.38871155,63.41782944,10.62015629,0.006809831
29/09/1990,28.31311951,21.74045715,67.60527082,0,0.038176775
30/09/1990,27.56896362,20.32053528,64.70486543,10.62015629,0.000745
01/10/1990,29.02359924,22.17211304,66.60930414,0,0.077307224
02/10/1990,29.91642151,21.7348877,61.60672297,0,0.010311604
03/10/1990,29.66385803,23.18950806,68.28069936,0,0.101432204
04/10/1990,26.54656372,22.48093567,78.42044847,4.931097031,0.038191676
05/10/1990,29.09180603,23.0178772,69.84087163,9.862194061,0.070273876
06/10/1990,27.54671631,23.25216064,77.48806143,0,0.29180944
07/10/1990,28.21741638,22.64017639,71.80874664,2.97410655,0.035271049
08/10/1990,29.4453064,22.37432251,65.81290801,11.8964262,0.010192394
09/10/1990,29.7000061,22.91582642,67.02073904,0,0.066190958
10/10/1990,30.06173096,22.51540527,64.06919717,0,0.011771917
11/10/1990,29.12436829,22.3230835,66.83376851,5.689700603,0.007525086
12/10/1990,30.34803162,22.92939148,64.62881757,0,0.014066696
13/10/1990,30.30988464,22.65747986,63.71184951,5.689700603,0.062823296
14/10/1990,24.29671631,21.7275177,85.60853772,17.06910133,2.98781693
15/10/1990,23.02984009,22.42324219,96.39008599,5.689700603,0.179857016
16/10/1990,28.78885803,20.3701416,60.45896841,4.417058468,0.014483929
17/10/1990,30.28902588,20.95481262,57.49095069,0,0.006392598
18/10/1990,29.57511292,21.39640198,61.5398206,8.834116936,0.04516542
19/10/1990,31.37598572,19.71088562,50.04207026,0,0.000492
20/10/1990,32.14495239,19.05474243,45.99443013,0,0.000477
21/10/1990,30.37026367,20.16613159,54.50921175,0,0.002771616
22/10/1990,31.03119812,20.64678345,54.07207466,7.536718845,0.002458692
23/10/1990,32.52855835,18.7181488,44.07442114,0,0.001117587
24/10/1990,32.33629761,18.71418152,44.54327503,2.512239695,0.000551
25/10/1990,31.99588928,18.47059021,44.72033274,2.512239695,0.000581
26/10/1990,31.4971405,18.57140503,46.29242292,0,0.000611
27/10/1990,31.94637451,19.10888062,46.67054731,0,0.000641
28/10/1990,32.46061096,18.51122437,43.67417227,0,0.000522
29/10/1990,32.36564026,18.3722168,43.52767868,0,0.000775
30/10/1990,31.64638672,19.02715454,47.2283823,0,0.00079
31/10/1990,31.63266907,19.24387512,47.90780841,5.593488216,0.000864
01/11/1990,29.05492554,22.28211365,66.93536554,3.545991659,0.029921532
02/11/1990,31.48308716,20.90874634,53.55768307,0,0.002294779
03/11/1990,32.09125671,19.78707275,48.28351001,0,0.000656
04/11/1990,33.5551239,17.53255615,38.62278173,0,0.000581
05/11/1990,32.89983521,17.62867126,40.31001946,0,0.000834
06/11/1990,32.64393005,17.6534668,40.95778516,1.721703529,0.0007
07/11/1990,34.2374054,16.19022522,34.14666482,0,0.000611
08/11/1990,33.5712677,17.09612427,37.53790427,0,0.000626
09/11/1990,31.73145447,18.46122131,45.36765528,0,0.001475215
10/11/1990,32.68375549,17.93308411,41.5921871,0,0.000745
11/11/1990,32.29673157,18.10328064,42.96574217,0,0.000626
12/11/1990,31.19240723,20.54560242,53.24549792,0,0.001788139
13/11/1990,32.33092651,17.82267151,42.13279566,0.842862725,0.000745
14/11/1990,31.892099,18.63952026,45.46175802,0.561908424,0.001005828
15/11/1990,30.60845337,20.92676697,56.35346832,0,0.006631017
16/11/1990,32.01040039,20.15432129,49.62011977,0,0.003546476
17/11/1990,32.7519928,17.28768311,39.78030822,0,0.000834
18/11/1990,32.41425476,18.25563965,43.09236515,0,0.000924
19/11/1990,31.40010986,20.00489197,50.89244892,0,0.001505017
20/11/1990,33.7567688,16.76470337,36.37867563,0,0.000566
21/11/1990,33.80285034,17.76325378,38.65058955,0,0.001311302
22/11/1990,34.36782227,16.14570007,33.8040096,0,0.000641
23/11/1990,35.0302063,13.60242615,27.65986437,0,0.000551
24/11/1990,34.38253174,16.03743896,33.54382099,0,0.000775
25/11/1990,32.72304688,18.36568604,42.64339061,0,0.001177192
26/11/1990,33.70934448,16.60408936,36.10476182,0,0.000581
27/11/1990,34.45795593,16.78969727,35.04240722,0,0.001385808
28/11/1990,35.38590393,14.61341248,28.95965794,0,0.000536
29/11/1990,33.95888672,16.10610352,34.49431272,0,0.00073
30/11/1990,34.01447449,15.9243866,33.99092646,0,0.0007
01/12/1990,33.72722778,15.26792297,33.11670416,0,0.000581
02/12/1990,33.69516907,16.32137451,35.48902935,0,0.000909
03/12/1990,35.3802887,10.39441833,21.95766887,0,0.0007
04/12/1990,35.55762634,8.025476074,18.53354017,0,0.000909
05/12/1990,34.8658844,12.92723999,26.70884854,0,0.000849
06/12/1990,34.59380493,14.43430481,29.90758832,0,0.000447
07/12/1990,33.91288147,15.25878296,32.75644976,0,0.000477
08/12/1990,33.69658813,16.20020447,35.21319259,0,0.000507
09/12/1990,33.78476868,14.79073486,32.0120901,0,0.000596
10/12/1990,33.92971191,15.87326965,34.04034559,0,0.000536
11/12/1990,33.52185974,16.22306213,35.61030741,1.888599992,0.000656
12/12/1990,32.05176697,18.90892944,45.81832745,3.777199984,0.003531575
13/12/1990,32.20719299,19.76227722,47.89486538,3.777199984,0.00141561
14/12/1990,34.26918945,17.26156006,36.48634355,3.777199984,0.001877546
15/12/1990,31.25441895,19.08246765,48.45738523,0,0.006660819
16/12/1990,32.21419678,19.35720215,46.68634879,0,0.003695488
17/12/1990,34.35837708,15.48479614,32.4217031,0,0.000477
18/12/1990,31.66489563,21.26624451,54.18462185,0,0.00448525
19/12/1990,34.1854187,16.98262939,36.01498354,0,0.000551
20/12/1990,33.11618958,16.62780151,37.3787244,0,0.000641
21/12/1990,32.98175964,18.67478333,42.84979292,0,0.003576279
22/12/1990,32.74144897,19.74274597,46.41917929,4.837591648,0.000939
23/12/1990,32.31817017,19.52643738,46.90431689,5.52867651,0.002533197
24/12/1990,35.15950928,10.11560974,21.81614605,0,0.004068017
25/12/1990,35.62278137,9.82668457,20.85831902,0,0.000373
26/12/1990,35.92347107,10.19420776,21.0279666,0,0.000373
27/12/1990,34.93988953,12.89386902,26.54170331,0,0.000402
28/12/1990,35.47506104,11.03432617,22.79471222,0,0.000387
29/12/1990,35.41471252,9.896676636,21.19795515,0,0.000373
30/12/1990,34.4732605,7.09772644,18.46903869,5.020766258,0.000417
31/12/1990,30.81896362,-3.026724243,10.98956428,0,0.000358
01/01/1991,30.3240448,1.268701172,15.48971017,0,0.000373
02/01/1991,31.81020508,3.202661133,16.34209329,0,0.000358
03/01/1991,32.93325195,4.713113403,17.06119747,0,0.000343
04/01/1991,34.61722717,6.563500977,17.66133445,0,0.000358
05/01/1991,35.40871582,7.444589233,17.95978174,0,0.000358
06/01/1991,35.73082886,8.981713867,19.58795464,0,0.000358
07/01/1991,35.00911865,13.4401947,27.40100518,0,0.000373
08/01/1991,35.91130981,11.41187439,22.81892742,0,0.000358
09/01/1991,33.817453,14.54876099,31.45858248,0,0.000522
10/01/1991,35.07239685,4.961709595,15.41095486,0,0.000358
11/01/1991,35.24167786,3.758676147,14.03157606,0,0.000328
12/01/1991,34.93979797,4.525842285,15.05811654,0,0.000402
13/01/1991,35.52906189,5.598535156,15.70917297,0,0.000343
14/01/1991,35.09287415,7.447183228,18.27871118,0,0.000313
15/01/1991,35.81237183,6.635690308,16.61653581,0,0.000328
16/01/1991,36.24358521,9.727059937,20.02510228,0,0.000343
17/01/1991,36.84856567,3.678704834,12.77553057,0,0.000432
18/01/1991,36.30610046,8.116571045,17.89812002,0,0.000343
19/01/1991,34.75679932,14.61271057,29.98242264,0,0.000611
20/01/1991,33.36455688,18.30500183,40.98044327,0,0.008016825
21/01/1991,35.70377502,15.0944458,29.35344947,0,0.000343
22/01/1991,35.79703674,12.6070343,24.84532365,0,0.000462
23/01/1991,36.25115356,9.337625122,19.49926831,0,0.000477
24/01/1991,35.59986267,12.91309509,25.62506066,0,0.000671
25/01/1991,35.78296814,12.52630005,24.73311874,0,0.000902
26/01/1991,36.4285675,8.722390747,18.52487619,0,0.000596
27/01/1991,36.10285339,12.36109314,24.04025533,0,0.000641
28/01/1991,36.28170166,10.25840149,20.70772451,0,0.000894
29/01/1991,36.63726196,9.050790405,18.72602501,0,0.000626
30/01/1991,37.11676941,2.210092163,11.34347711,0,0.000328
31/01/1991,36.64321289,10.20131836,20.22502432,0,0.000417
01/02/1991,36.42278442,9.247125244,19.19949497,0,0.000656
02/02/1991,36.61420593,8.554833984,18.13085417,0,0.000447
03/02/1991,34.90755615,14.2776886,29.09610914,0,0.000402
04/02/1991,34.28437195,17.11651001,36.12250068,2.388583183,0.00308454
05/02/1991,34.88546143,19.86034546,41.49036741,0,0.001937151
06/02/1991,37.72258911,6.951760864,15.30095922,0,0.000283
07/02/1991,37.73064575,8.073907471,16.51403282,2.497638226,0.000343
08/02/1991,36.79052124,13.7832428,25.40885141,2.497638226,0.000305
09/02/1991,35.98812256,15.26835022,29.22344166,1.248819113,0.000283
10/02/1991,34.70276794,18.83213196,39.31475541,0,0.004261732
11/02/1991,37.1316925,15.32529602,27.55380434,0,0.000477
12/02/1991,36.34200439,14.76107178,27.74132099,0,0.000358
13/02/1991,35.29563293,18.6035553,37.50746572,5.114461422,0.001966953
14/02/1991,36.80632935,16.15792236,29.58175638,1.704820514,0.000373
15/02/1991,36.02958069,16.99155579,32.54591895,1.704820514,0.000417
16/02/1991,35.62488708,16.25763855,31.76092884,1.526314616,0.000849
17/02/1991,34.7366272,17.54509888,36.19494246,0,0.001564622
18/02/1991,33.78917847,20.41892395,45.64481278,1.526314616,0.00667572
19/02/1991,36.3991333,16.24537048,30.41627884,0,0.000387
20/02/1991,35.07155762,18.81665955,38.48363697,1.526314616,0.001221895
21/02/1991,35.64119873,18.61979065,36.83770178,1.987506032,0.001087785
22/02/1991,35.38553772,19.26474915,38.89455875,0,0.001870096
23/02/1991,34.54328308,20.30326233,43.45882192,1.987506032,0.001177192
24/02/1991,34.79477844,20.26423035,42.75425929,0,0.00153482
25/02/1991,30.56224976,19.91387329,53.07921826,0,0.002980232
26/02/1991,34.07900391,20.24767456,44.44140386,0,0.007718801
27/02/1991,33.47773132,20.55141602,46.82647502,2.480807543,0.018954277
28/02/1991,35.58147583,17.74746094,34.98913501,1.240403771,0.000343
01/03/1991,33.95287476,20.64508972,45.8653284,0,0.003054738
02/03/1991,34.07270203,13.12700806,28.27762491,4.78118372,0.028327107
03/03/1991,35.88961182,7.693048096,17.7904765,0,0.000238
04/03/1991,38.02497253,8.780969238,17.05204688,0,0.000253
05/03/1991,34.6458374,16.875177,34.86782662,0,0.000611
06/03/1991,34.63637695,17.95301208,37.34398109,0,0.000358
07/03/1991,36.09272156,17.17498169,32.81237213,0,0.002250075
08/03/1991,37.2307373,16.02527771,28.66216938,0,0.000298
09/03/1991,37.88842163,14.17974243,24.5614798,0,0.000238
10/03/1991,38.51383362,13.73226318,23.06605454,0,0.000253
11/03/1991,37.53952942,14.61101685,25.7383853,0,0.000387
12/03/1991,35.08498535,18.52544556,37.76099748,10.69110394,0.002846122
13/03/1991,34.63321838,17.22242126,35.66825117,3.563701391,0.000343
14/03/1991,35.42518005,18.80851135,37.72091438,0,0.001952052
15/03/1991,34.29537354,20.40796814,44.34670151,10.69110394,0.032126904
16/03/1991,35.64589844,17.89559326,35.19204209,0,0.024080276
17/03/1991,36.00655518,14.09447632,27.06370106,2.507265329,0.000983
18/03/1991,34.97869263,16.46697388,33.35495325,7.521795273,0.000551
19/03/1991,36.63501892,16.42226563,30.36691294,0,0.000328
20/03/1991,35.3427063,18.55773315,37.30309261,0,0.001147389
21/03/1991,34.77935181,19.8150116,41.61761136,2.173067331,0.027358532
22/03/1991,28.35691223,23.66771851,75.79091341,2.173067331,0.029474497
23/03/1991,35.0070282,17.37478027,35.27609627,0,0.00079
24/03/1991,36.434198,19.19585571,36.56125462,0,0.002771616
25/03/1991,35.80843506,19.27520142,38.02460276,0,0.001117587
26/03/1991,34.63746033,21.46468506,46.43238535,0,0.004261732
27/03/1991,33.80681763,21.70163879,49.33630163,0,0.018998981
28/03/1991,33.46299133,21.23604736,48.87961649,0,0.00076
29/03/1991,37.40241394,16.25263367,28.81093232,0,0.000224
30/03/1991,36.49109802,16.97086487,31.69207571,0,0.000283
31/03/1991,36.80835876,18.57875977,34.46762313,0,0.000507
01/04/1991,31.78223572,21.4591156,54.46544917,22.83405113,0.032633543
02/04/1991,30.22770081,21.56470642,59.89095202,4.526865959,0.005215406
03/04/1991,34.1453186,20.01659546,43.64952956,0,0.001057982
04/04/1991,36.59505615,15.76615295,29.18513186,0,0.000224
05/04/1991,31.17426453,21.32459412,55.91418058,5.059439182,0.004157424
06/04/1991,35.84128723,18.33330688,35.78671427,5.420535088,0.004604459
07/04/1991,35.66713867,18.50982056,36.53281612,5.420535088,0.008359551
08/04/1991,33.48471985,20.95414124,47.98280669,0,0.004738569
09/04/1991,28.36708984,23.78040466,76.2612841,10.84107018,0.032871962
10/04/1991,33.06365356,17.06884155,38.55283062,5.420535088,0.000298
11/04/1991,33.36734924,18.51577148,41.51889873,0,0.001505017
12/04/1991,35.04552612,17.02346191,34.42727918,0,0.000298
13/04/1991,31.48511658,19.87189636,50.23209797,3.950036764,0.004649162
14/04/1991,31.19887695,20.08564148,51.73540082,11.85011101,0.033378601
15/04/1991,35.17971191,16.56368408,33.19019225,0,0.000179
16/04/1991,34.5393158,19.36043701,41.00088995,0,0.000328
17/04/1991,34.26891479,20.60331116,44.95011709,0,0.00073
18/04/1991,35.74822388,18.9777771,37.44994712,12.77063847,0.000209
19/04/1991,33.15319214,21.29276428,49.90767266,0,0.004529953
20/04/1991,32.65349731,20.78621826,49.75538486,8.513758659,0.000507
21/04/1991,35.7985321,19.14742432,37.74371755,0,0.000373
22/04/1991,36.14794312,19.74689636,38.43287483,0,0.000209
23/04/1991,35.21228943,20.65844116,42.80730645,0,0.001341105
24/04/1991,34.73208008,21.101297,45.17226332,0,0.000656
25/04/1991,34.50348816,20.55523071,44.23722934,14.78421974,0.002577901
26/04/1991,35.58657227,18.85376892,37.49301664,0,0.000283
27/04/1991,32.56046448,20.81517944,50.10565822,6.776918888,0.00307709
28/04/1991,30.96230469,21.94677124,58.78628027,13.55383778,0.080488622
29/04/1991,27.94895325,23.75774536,78.03210219,0,0.048711896
30/04/1991,26.40574036,24.64504395,90.08119637,20.33075714,1.075863838
01/05/1991,30.28684387,21.2055603,58.39001652,0,0.000969
02/05/1991,32.65728149,19.98560486,47.346546,3.254442453,0.003308058
03/05/1991,32.37862549,21.87027893,54.00146982,0,0.002533197
04/05/1991,30.88138733,22.45861206,60.92640834,9.763326645,0.068619847
05/05/1991,30.49707947,22.99741516,64.34465256,3.719362736,0.010862947
06/05/1991,29.31408081,23.45275269,70.7851648,7.006380558,0.008404255
07/05/1991,34.41459045,22.13733826,48.98042322,0,0.012531877
08/05/1991,32.01223145,22.54215393,57.430336,0,0.008895993
09/05/1991,29.35686646,23.90944824,72.5780104,7.006380558,0.009253621
10/05/1991,30.82763062,22.95011292,62.96167146,8.007291794,0.02489984
11/05/1991,32.31322632,21.08695374,51.66392781,0,0.000596
12/05/1991,33.17070923,22.28200684,52.96273192,6.050798893,0.012949109
13/05/1991,28.20444641,23.09650574,73.87606867,6.050798893,0.047549605
14/05/1991,31.24149475,21.2315918,55.38429839,3.025399446,0.001057982
15/05/1991,31.7335144,21.41536865,54.46981152,6.050798893,0.010922551
16/05/1991,32.45144043,21.96164856,54.08094779,3.94362855,0.035002828
17/05/1991,26.93035278,22.36081848,76.1135726,10.35202503,0.044301152
18/05/1991,31.18029175,22.32322083,59.40784042,13.80270004,0.010922551
19/05/1991,29.76467285,22.07280884,63.4401844,11.83088589,0.017732382
20/05/1991,29.31173096,21.68639526,63.59868616,6.901350021,0.034764409
21/05/1991,32.04094849,20.55600891,50.77822346,0,0.005722046
22/05/1991,29.03066406,23.03478394,70.15966019,0,0.047594309
23/05/1991,30.17913208,20.6919342,56.92590565,4.79429245,0.006318092
24/05/1991,25.1009613,22.89568481,87.60173315,9.5885849,0.033348799
25/05/1991,26.37612305,21.81110535,76.04638917,9.5885849,0.037521124
26/05/1991,29.90744934,19.50260315,53.71868398,3.028452158,0.000611
27/05/1991,30.2252594,20.19156799,55.04993763,3.461088181,0.000507
28/05/1991,27.48851929,21.39115295,69.43373663,12.11380863,0.025272369
29/05/1991,28.94022522,20.4044281,60.0588351,0,0.025883317
30/05/1991,28.79863892,21.32920227,64.09570937,3.028452158,0.008702278
31/05/1991,31.35772095,22.11550293,58.07329221,3.028452158,0.057175756
01/06/1991,29.7789093,22.60099182,65.456752,12.89788532,0.059500337
02/06/1991,31.7889801,21.83031616,55.69398876,0,0.002861023
03/06/1991,32.97893677,23.4815918,57.56769731,6.448942661,0.034973025
04/06/1991,32.20620117,23.21459351,59.16502505,0,0.025093555
05/06/1991,31.9586731,22.44092712,57.25144659,0,0.005990267
06/06/1991,31.26174316,20.83144531,53.97779366,6.084963322,0.007763505
07/06/1991,30.97046814,21.22788391,56.23202392,24.33985329,0.002413988
08/06/1991,30.77683411,22.82792053,62.6789273,0,0.035494566
09/06/1991,31.65870056,22.21198425,57.42666827,0,0.001102686
10/06/1991,31.56543884,21.89670715,56.63264264,0,0.002980232
11/06/1991,31.32229004,22.46549377,59.4420968,9.032987595,0.007808208
12/06/1991,28.37049255,22.23917542,69.46020765,0,0.00590086
13/06/1991,29.66848145,22.41806946,65.14600213,4.516493797,0.004321337
14/06/1991,31.23647461,21.7444397,57.16627675,4.516493797,0.016629696
15/06/1991,30.1422821,22.86899719,65.15599964,0,0.011727214
16/06/1991,30.53423462,21.58606873,58.92701808,0,0.009596348
17/06/1991,31.91564331,21.42516479,53.94370817,9.39545536,0.002771616
18/06/1991,28.70453796,22.73346863,70.20347624,0,0.038057566
19/06/1991,31.23491821,21.28313599,55.580346,0,0.008314848
20/06/1991,29.25162659,21.59966431,63.48209469,18.79091072,0.003919005
21/06/1991,30.04500732,21.39934692,59.91185123,0,0.011995435
22/06/1991,30.48986206,21.77288208,59.75482012,13.49909306,0.048428774
23/06/1991,31.8127533,20.0125824,49.73974016,0,0.001296401
24/06/1991,31.93323669,21.75522766,54.98871184,0,0.004962087
25/06/1991,31.03559265,22.49840698,60.53983464,0,0.0038445
26/06/1991,28.42115173,22.02549133,68.36096972,6.390975952,0.020265579
27/06/1991,24.73024902,22.42569885,87.04242262,0,0.069990754
28/06/1991,30.79868469,21.66065369,58.309562,0,0.033631921
29/06/1991,30.66201172,21.94301758,59.78767611,0,0.048905611
30/06/1991,26.1168457,23.0287262,83.14767797,19.17292786,3.037974238
01/07/1991,29.17649231,21.68403015,64.08750072,5.923359394,0.008016825
02/07/1991,23.5641571,22.41658936,93.29392837,23.69343758,1.923084259
03/07/1991,28.43694458,20.45354614,62.02313895,0,0.001177192
04/07/1991,26.41681824,22.37233887,78.50238838,11.84671879,0.04966557
05/07/1991,28.50093994,22.14005432,68.52171867,0,0.038772821
06/07/1991,28.3442627,21.89771423,68.13394569,0,0.010564923
07/07/1991,29.4361969,20.29778442,57.98124934,0,0.004291534
08/07/1991,30.09172974,20.88591919,57.89862102,0,0.015616417
09/07/1991,23.43279419,22.39286194,93.89980819,9.084503174,0.551179051
10/07/1991,29.42814026,19.98330078,56.89102332,0,0.007003546
11/07/1991,28.51984558,21.84732971,67.23616542,0,0.032782555
12/07/1991,29.62079773,22.71401367,66.50871788,16.8795433,3.450393677
13/07/1991,28.56661377,22.01252136,67.73299414,19.29090881,0.012502074
14/07/1991,26.4558197,21.7075592,75.21300747,8.439771652,0.035077333
15/07/1991,26.04114685,21.04915771,74.02975194,0,0.046432018
16/07/1991,28.79802856,21.44570313,64.55692105,4.689572811,0.03413856
17/07/1991,27.83930359,22.77489624,74.00882029,4.689572811,0.671461225
18/07/1991,27.94373474,21.93406067,69.89458318,9.379145622,0.056296587
19/07/1991,24.29113159,22.1554657,87.90136869,4.689572811,0.209420919
20/07/1991,24.97220764,21.77970276,82.48558316,4.689572811,0.161752105
21/07/1991,25.40859375,21.28901062,77.9955307,6.058793068,0.059962273
22/07/1991,25.46643982,21.82169495,80.3021988,6.058793068,0.12139976
23/07/1991,26.21865234,21.94887695,77.403841,0,0.04799664
24/07/1991,28.58291016,21.70307312,66.40328799,0,0.073224306
25/07/1991,25.1670166,22.40738831,84.71195391,12.11758614,0.723987818
26/07/1991,21.76886902,21.20491943,96.60785747,11.14741325,6.380170584
27/07/1991,27.20295105,19.66443787,63.47398008,0,0.017479062
28/07/1991,29.54517517,20.85874329,59.64524651,0,0.007987022
29/07/1991,26.76963196,21.90293274,74.72284316,0,2.740770578
30/07/1991,27.67133484,21.30455933,68.33279581,0,0.029087067
31/07/1991,25.48267517,21.07949219,76.66172662,0,0.026851892
01/08/1991,27.69524536,22.06325684,71.4752442,0,0.03144145
02/08/1991,24.43010864,21.62478027,84.39625861,0,0.076368451
03/08/1991,27.08921204,21.55346069,71.785415,13.14751244,0.041887164
04/08/1991,26.08152161,22.87331543,82.54151801,0,0.058397651
05/08/1991,27.5107666,21.74564514,70.86322292,15.02573013,0.040069222
06/08/1991,27.3111969,22.15400085,73.50276635,0,0.046268106
07/08/1991,27.35842285,21.40885315,70.03987585,0,0.04774332
08/08/1991,26.33806763,21.66945801,75.56068391,0,0.108405948
09/08/1991,28.55358276,21.61420593,66.1560276,0,0.044226646
10/08/1991,27.68018494,21.64748535,69.74598703,0,0.012725592
11/08/1991,23.60920105,22.42235718,93.07384836,0,0.15000999
12/08/1991,28.77277527,20.72522888,61.85441696,0,0.011131167
13/08/1991,25.4993988,22.17492065,81.88951487,35.19530869,2.825975418
14/08/1991,26.76085815,22.30571899,76.61801478,0,0.032782555
15/08/1991,28.96968994,20.81147156,61.47925802,0,0.008136034
16/08/1991,27.63781128,21.64396057,69.90366303,0,0.039249659
17/08/1991,22.94190369,22.4218689,96.89609897,18.34930992,33.17031264
18/08/1991,26.34156189,19.91761169,67.82632554,9.174654961,0.856310129
19/08/1991,28.27416382,21.6705719,67.46978416,0,0.077113509
20/08/1991,24.39428101,23.1447998,92.76234506,27.52396584,0.58580935
21/08/1991,23.95510254,22.91713867,93.93465649,0,0.54128468
22/08/1991,27.92830811,20.34026489,63.43982047,0,0.019431114
23/08/1991,26.41057739,23.15198669,82.33032956,0,0.084519386
24/08/1991,27.78534851,22.45499573,72.81514798,0,0.062093139
25/08/1991,27.35914001,21.72434387,71.40135786,0,0.032290816
26/08/1991,25.65133057,21.74012146,79.03179658,0,0.071838498
27/08/1991,26.0690094,23.00406799,83.2587163,0,3.542721272
28/08/1991,26.41236267,21.58652649,74.85009529,16.55950737,0.022813678
29/08/1991,22.99006042,22.29619751,95.87900909,0,1.424133778
30/08/1991,26.54563293,21.23294983,72.67433854,0,0.413894653
31/08/1991,28.4053894,20.33179626,61.67171015,0,0.005871058
01/09/1991,27.43682251,23.3354126,78.38018862,9.40557003,0.029325485
02/09/1991,29.51766357,22.31742249,65.31297286,0,0.016510487
03/09/1991,26.3635498,22.48856506,79.30723366,0,0.029996037
04/09/1991,25.65963135,21.24634705,76.64190086,18.81114006,0.074759126
05/09/1991,27.90355835,21.90505371,69.93454162,0,0.109314919
06/09/1991,26.74427185,22.86889038,79.35872445,13.29156017,3.022372723
07/09/1991,25.47840271,21.63118896,79.31686712,0,0.428885221
08/09/1991,28.10830078,20.76664124,64.4502566,0,0.002980232
09/09/1991,30.79328308,21.56829224,57.9991135,13.29156017,0.012516975
10/09/1991,29.65636597,21.56424866,61.88527001,13.29156017,0.003635883
11/09/1991,29.12954102,22.65526733,68.17519503,14.70894146,0.025436282
12/09/1991,29.69017944,22.51169739,65.43581649,22.06341362,0.052794814
13/09/1991,28.36983643,21.22359619,65.28499849,14.70894146,0.005751848
14/09/1991,29.95032654,22.03638611,62.62836886,14.70894146,0.038415194
15/09/1991,30.00597534,21.96480713,62.15697916,7.35447073,0.005349517
16/09/1991,29.27604065,22.17157898,65.64357551,7.117255211,0.042766333
17/09/1991,26.89536438,22.64597473,77.60206769,14.23451042,0.043854117
18/09/1991,28.92208252,20.53191528,60.59648212,7.117255211,0.007212162
19/09/1991,29.16950378,21.53301392,63.52415005,14.23451042,0.023365021
20/09/1991,29.06633911,22.48554382,67.72334464,28.46902084,0.017955899
21/09/1991,28.38579712,21.81266174,67.61798128,12.43074036,0.006198883
22/09/1991,28.58834229,21.82903442,66.89492398,6.215370178,0.007942319
23/09/1991,29.27318726,21.42820129,62.74156405,6.215370178,0.01744926
24/09/1991,28.87980042,22.40586243,68.12695984,12.43074036,0.074207783
25/09/1991,29.09679565,21.890802,65.20094798,6.215370178,0.016510487
26/09/1991,29.30085144,22.1405426,65.42599107,10.26095772,0.016599894
27/09/1991,29.01210938,21.06244812,62.28196636,0,0.003486872
28/09/1991,29.79432068,21.41912231,60.85370239,0,0.005021691
29/09/1991,25.88208923,22.4506012,81.40674759,10.26095772,0.086411834
30/09/1991,29.12087402,21.37519226,63.09031404,10.26095772,0.005573034
01/10/1991,28.97077332,21.93892822,65.87046791,4.589815617,0.016197562
02/10/1991,24.87928162,23.01645813,89.41724334,18.35926247,0.484526157
03/10/1991,23.87940369,22.01366577,89.3244057,18.35926247,0.185146928
04/10/1991,27.56910095,22.50963745,73.98512364,4.589815617,0.247076154
05/10/1991,27.00127563,22.55028687,76.67476196,4.589815617,0.035017729
06/10/1991,28.81398926,21.79244385,65.87903575,4.174478531,0.007450581
07/10/1991,25.46853027,22.69381104,84.66687317,4.174478531,0.723212957
08/10/1991,29.09757385,21.63318787,64.18042193,0,1.110702753
09/10/1991,28.25922546,22.01651917,68.96915814,0,0.011369586
10/10/1991,30.65566406,20.61664734,55.13948132,0,0.006601214
11/10/1991,29.81318054,21.27707825,60.26116115,0,0.009074807
12/10/1991,29.02715454,20.34609375,59.54306973,0,0.003501773
13/10/1991,29.64449463,20.71560059,58.78539477,0,0.005066395
14/10/1991,28.5831543,21.15453491,64.20944495,3.280965567,0.005021691
15/10/1991,29.59238586,20.14763794,56.93156607,3.280965567,0.028416514
16/10/1991,26.23903809,20.72557983,71.72852223,6.807779312,0.03130734
17/10/1991,29.16877136,20.54610596,59.79131931,6.807779312,0.01193583
18/10/1991,28.61593018,20.00444946,59.70263877,6.807779312,0.00205636
19/10/1991,28.76142273,21.50362549,64.92359206,0,0.012055039
20/10/1991,29.14154968,20.97976074,61.50495658,0,0.004276633
21/10/1991,28.59760437,20.86347351,63.01896023,16.72066307,0.009715557
22/10/1991,28.75466309,19.72890625,58.22212013,8.360331535,0.001788139
23/10/1991,29.91739807,19.65987549,54.2149789,0,0.001892447
24/10/1991,30.31559143,20.54352722,55.96884101,0,0.005930662
25/10/1991,29.35645447,21.20041809,61.57562288,0,0.003144145
26/10/1991,30.53928528,19.76285706,52.65373478,0,0.003740191
27/10/1991,31.37536011,18.87149963,47.49628983,4.427426338,0.002384186
28/10/1991,31.38671265,19.87232361,50.51471962,4.427426338,0.00372529
29/10/1991,30.51703796,20.17118225,54.07063148,0,0.007599592
30/10/1991,26.74370728,21.17572937,71.58083541,4.427426338,0.006437302
31/10/1991,28.11002502,19.61248169,60.00647386,4.427426338,0.002786517
01/11/1991,31.26679382,19.4152771,49.43725442,2.576495647,0.001966953
02/11/1991,31.29534302,18.77105103,47.41412908,0,0.001892447
03/11/1991,31.88305054,18.05999146,43.86181284,0,0.002041459
04/11/1991,32.42012939,16.58854065,38.77269348,0,0.001788139
05/11/1991,32.7990509,15.09943542,34.50720432,0,0.001832843
06/11/1991,32.08962402,17.22097168,41.11882141,0,0.002041459
07/11/1991,31.35080872,16.16582642,40.0959021,0,0.001773238
08/11/1991,32.40267334,14.85630188,34.73721355,0,0.002011657
09/11/1991,31.88149414,16.0105072,38.52417992,0,0.001773238
10/11/1991,31.73839722,18.23508606,44.71130658,0,0.00295043
11/11/1991,31.77417908,16.94448242,41.13215459,0.539066792,0.001996756
12/11/1991,33.26004944,10.81542358,25.40553007,0,0.001743436
13/11/1991,33.07010803,12.65406189,28.99452187,0,0.00166893
14/11/1991,33.24305115,13.16608582,29.69370135,0,0.001683831
15/11/1991,32.97283325,14.0649353,31.9633174,0,0.00179559
16/11/1991,32.8696228,14.62180481,33.32875568,0,0.001765788
17/11/1991,33.66324768,12.62584839,27.99639973,0,0.001609325
18/11/1991,33.73127136,14.19831238,30.90146932,0,0.001579523
19/11/1991,32.47449646,16.49067078,38.41428705,0,0.001981854
20/11/1991,31.74558411,19.50286255,48.3754992,0,0.001892447
21/11/1991,32.85111389,18.22849426,41.97488138,0,0.001743436
22/11/1991,33.69542847,17.13016663,37.35903414,0,0.001698732
23/11/1991,34.13544617,13.96521912,29.76020573,0,0.001594424
24/11/1991,33.33530579,15.71126709,34.82611602,0,0.002011657
25/11/1991,33.71048889,14.91689453,32.40746618,0,0.001937151
26/11/1991,33.51990662,15.12656555,33.19923553,0,0.001698732
27/11/1991,33.0967041,15.22704468,34.21522695,0,0.001661479
28/11/1991,33.70551453,15.97384033,34.69078134,0,0.001691282
29/11/1991,34.16173706,12.5908905,27.16715639,0,0.001519918
30/11/1991,34.09758911,12.51595459,27.13047575,0,0.001698732
01/12/1991,32.46982727,14.98790894,34.90071099,0,0.002101064
02/12/1991,32.91887817,15.96413574,36.22958386,0,0.001594424
03/12/1991,31.69173584,18.40432129,45.307977,0,0.002220273
04/12/1991,32.79262695,19.55054626,45.73695693,0,0.002861023
05/12/1991,35.01516113,14.03405151,28.47038306,0,0.001519918
06/12/1991,34.83887634,14.7129303,30.0402334,0,0.001564622
07/12/1991,33.83475647,15.68340454,33.8077304,0,0.001594424
08/12/1991,34.85424194,12.18152771,25.44921866,0,0.001460314
09/12/1991,34.90145264,8.914498901,20.41165771,0,0.001475215
10/12/1991,34.91254578,7.636819458,18.70269724,0,0.001460314
11/12/1991,35.19095764,8.146463013,19.06829212,0,0.001400709
12/12/1991,35.10547791,7.096566772,17.83243385,0,0.001400709
13/12/1991,35.14663086,8.074029541,19.0210253,0,0.001370907
14/12/1991,34.26409302,6.090341187,17.43197676,0,0.001326203
15/12/1991,33.8394104,5.699090576,17.37152964,0,0.001341105
16/12/1991,32.84101257,4.936013794,17.41909319,0,0.001311302
17/12/1991,33.07132874,5.417596436,17.78244196,0,0.001311302
18/12/1991,34.02755127,6.591134644,18.28418501,0,0.001311302
19/12/1991,34.66240845,7.379373169,18.63255007,0,0.0012815
20/12/1991,34.4866272,5.476144409,16.49986364,0,0.001296401
21/12/1991,33.09684143,13.69164429,30.98139965,3.361931086,0.00141561
22/12/1991,32.49498901,11.59981689,27.93756878,3.361931086,0.001639128
23/12/1991,31.84658203,6.154260254,20.05094661,0,0.001251698
24/12/1991,32.04335938,7.518334961,21.77896019,0,0.001251698
25/12/1991,33.3495575,6.845498657,19.32461866,0,0.001251698
26/12/1991,34.02463684,6.503625488,18.17718923,0,0.001206994
27/12/1991,34.12664185,7.590432739,19.4741842,0,0.001221895
28/12/1991,33.92487488,7.545373535,19.63359281,0,0.001206994
29/12/1991,33.64808044,5.604394531,17.44287124,0,0.001192093
30/12/1991,34.11094055,5.263848877,16.60078386,0,0.001177192
31/12/1991,33.45357666,3.909051514,15.66164559,0,0.001192093
01/01/1992,32.83609924,2.970239258,15.17162982,0,0.001177192
02/01/1992,32.08077393,2.208688354,14.99522019,0,0.001147389
03/01/1992,31.38868103,1.524407959,14.84840475,0,0.001162291
04/01/1992,30.8550354,2.188668823,16.05212548,0,0.001117587
05/01/1992,31.16394958,0.739022827,14.21138545,0,0.001132488
06/01/1992,30.91065369,1.665185547,15.41260586,0,0.001132488
07/01/1992,32.01456604,3.135263062,16.07735622,0,0.001117587
08/01/1992,32.87267456,3.116464233,15.29838814,0,0.001102686
09/01/1992,32.10357056,0.49906311,13.24246531,0,0.001087785
10/01/1992,32.83274231,1.725228882,13.88450608,0,0.001102686
11/01/1992,32.78612671,1.255059814,13.45835563,0,0.001057982
12/01/1992,33.36838684,1.891610718,13.6355044,0,0.001072884
13/01/1992,33.89327393,2.802148438,14.13066302,0,0.001050532
14/01/1992,33.26470337,1.776986694,13.60265057,0,0.001057982
15/01/1992,34.5163208,2.442758179,13.30476316,0,0.001043081
16/01/1992,35.11881409,3.353234863,13.72817088,0,0.00102818
17/01/1992,36.00211487,5.268334961,14.95847479,0,0.00102818
18/01/1992,36.23612366,4.861444092,14.35448208,0,0.000998
19/01/1992,35.41768799,8.914102173,19.83761895,0,0.000998
20/01/1992,35.39498291,-1.877279663,9.26148241,0,0.000991
21/01/1992,36.3557373,5.577386475,14.99023946,0,0.000983
22/01/1992,35.04485474,13.33059082,27.15218085,0,0.000983
23/01/1992,35.62636719,8.220132446,18.70972578,0,0.000983
24/01/1992,34.72593079,1.500985718,12.29373562,0,0.000969
25/01/1992,33.69129333,-2.614599609,9.637439262,0,0.000939
26/01/1992,36.04184875,1.745782471,11.63638345,0,0.000939
27/01/1992,35.23954163,8.749047852,19.81099375,0,0.000939
28/01/1992,34.8091217,10.84176025,23.34751624,0,0.000909
29/01/1992,35.84957275,11.81913147,23.52157292,0,0.000939
30/01/1992,36.21956787,8.268502808,18.16988968,0,0.000902
31/01/1992,35.68998108,11.09378967,22.61585189,0,0.000916
01/02/1992,35.99471436,8.634332275,18.85762738,0,0.000902
02/02/1992,36.25570068,3.505288696,13.03557577,0,0.000887
03/02/1992,35.43349609,7.622918701,18.15527939,0,0.000864
04/02/1992,32.48829041,15.92272339,37.01914204,0,0.001877546
05/02/1992,34.81328735,8.343530273,19.73306443,0,0.000872
06/02/1992,36.13262329,4.92875061,14.50416277,0,0.000834
07/02/1992,36.74323425,4.362741089,13.48279688,0,0.000842
08/02/1992,36.23856506,9.90368042,20.26944638,0,0.00082
09/02/1992,37.06455383,2.562783813,11.66560017,0,0.00082
10/02/1992,36.11612854,10.53928528,21.29217508,0,0.000834
11/02/1992,36.65212402,2.639428711,11.99619303,0,0.00082
12/02/1992,36.55968628,-0.460119629,9.641827464,0,0.00079
13/02/1992,35.59342346,-1.240988159,9.600910717,0,0.00079
14/02/1992,35.10390625,-3.721334839,8.202938258,0,0.000775
15/02/1992,35.5618988,-2.950292969,8.473693516,0,0.00076
16/02/1992,36.37087402,-1.820578003,8.815094422,0,0.00079
17/02/1992,36.65427551,-1.213232422,9.077018496,0,0.00076
18/02/1992,36.91803894,-0.713186646,9.281711252,0,0.000745
19/02/1992,37.18596802,-0.039434814,9.608495667,0,0.000745
20/02/1992,37.61063538,2.564767456,11.32615817,0,0.00073
21/02/1992,37.92463074,7.477243042,15.68957088,0,0.00073
22/02/1992,38.54973755,2.086175537,10.40417127,0,0.000715
23/02/1992,37.44907532,9.552651978,18.53259757,0,0.000969
24/02/1992,37.00292358,1.40380249,10.77302205,0,0.00073
25/02/1992,35.88787231,-1.611517334,9.192414171,0,0.000715
26/02/1992,35.94286499,-1.63059082,9.151814573,0,0.000685
27/02/1992,36.10666809,-1.916021729,8.880693149,0,0.000671
28/02/1992,37.25037537,-1.936773682,8.330329008,0,0.000671
29/02/1992,37.16916809,8.577539063,17.61768136,0,0.000685
01/03/1992,34.38741455,17.92951355,37.80734333,0.501289487,0.004306436
02/03/1992,35.0473877,15.42023621,31.07865088,0,0.000849
03/03/1992,36.90065918,12.49546204,23.21843573,0,0.0007
04/03/1992,36.85559998,13.23925171,24.43725395,0,0.000685
05/03/1992,36.71825562,12.940271,24.14452919,0.207430124,0.000656
06/03/1992,37.6196991,10.6189209,19.72083471,0.664795876,0.000671
07/03/1992,36.94437561,13.01213989,23.96102464,0.664795876,0.000641
08/03/1992,36.72605286,14.8986908,27.40719392,0,0.000685
09/03/1992,37.14116821,15.496698,27.84418428,0,0.0007
10/03/1992,38.62101135,11.84993896,20.27225579,0,0.000596
11/03/1992,38.36876831,14.32053528,24.15154676,0,0.000641
12/03/1992,36.89394531,16.02285156,29.18804211,0,0.021100044
13/03/1992,36.22652588,18.30210266,34.96990869,0,0.006049871
14/03/1992,35.90984497,18.63096008,36.32319966,0,0.005736947
15/03/1992,34.53579102,21.34813843,46.36279333,0,0.013142824
16/03/1992,34.93546448,19.5733429,40.64558924,0,0.002726912
17/03/1992,35.31429443,18.32727966,36.82595081,0,0.000969
18/03/1992,34.40340576,17.90075073,37.70549576,0,0.001385808
19/03/1992,32.35294495,19.75319824,47.47608172,1.877756119,0.00082
20/03/1992,36.09951172,10.16195068,20.78095296,0,0.000745
21/03/1992,34.54737244,12.02329407,25.61704596,1.782583237,0.024586916
22/03/1992,30.70577393,16.02282104,41.21744057,0,0.002369285
23/03/1992,36.53257141,15.42507324,28.65184962,0,0.001728535
24/03/1992,35.84604797,17.22333679,33.36149768,0,0.002220273
25/03/1992,35.966745,18.74608765,36.47157674,0,0.002324581
26/03/1992,32.93384705,20.11878357,47.00237631,0,0.002667308
27/03/1992,37.76687012,13.79572449,24.11507743,7.268681526,0.000954
28/03/1992,38.56276855,13.21421204,22.24164515,0,0.00073
29/03/1992,38.00882874,11.17530212,20.03779586,0,0.000566
30/03/1992,36.90987549,15.08918152,27.46862264,0,0.000596
31/03/1992,37.69907532,15.38921509,26.82766138,0,0.000522
01/04/1992,37.5019928,15.41195068,27.15552057,0,0.000596
02/04/1992,38.06188354,13.74707947,23.65826794,0,0.000596
03/04/1992,37.29319153,16.94294128,30.28261841,6.161058426,0.000834
04/04/1992,35.7632843,19.05506287,37.59979112,3.520605087,0.001311302
05/04/1992,33.08469543,21.30449829,50.13566119,6.161058426,0.005036592
06/04/1992,35.10119019,19.60688171,40.35900583,20.13731384,0.017806888
07/04/1992,33.25910339,20.00293884,45.82360214,5.3350811,0.140607357
08/04/1992,32.7697998,21.05289612,50.24805864,2.458321333,0.007122755
09/04/1992,34.02108154,20.72780762,45.92477244,0,0.002816319
10/04/1992,34.41581116,20.68137512,44.7997826,0.679961205,0.004306436
11/04/1992,32.36548767,22.48246155,56.09319312,9.196469307,0.060766935
12/04/1992,31.05297241,22.91893921,62.0415947,6.130979538,0.021547079
13/04/1992,34.82918701,18.63952026,38.57326299,0,0.000566
14/04/1992,35.07970581,18.43372498,37.55561573,0,0.000715
15/04/1992,34.33680115,18.72016296,39.8411808,0,0.001296401
16/04/1992,33.95296631,21.13346252,47.26301904,4.776566505,0.007972121
17/04/1992,29.80532227,22.21134338,63.8283102,8.358990669,0.007465482
18/04/1992,32.4669281,20.35143433,48.95110963,0,0.000536
19/04/1992,32.78804932,20.83681641,49.5344478,4.179495335,0.002995133
20/04/1992,34.56813965,20.41106567,43.6887389,0,0.009953976
21/04/1992,31.78067932,22.07201538,56.54741806,13.57830811,0.017911196
22/04/1992,35.36924133,17.13384399,34.05494717,0,0.000484
23/04/1992,35.16576538,17.43938599,35.11114999,0,0.000551
24/04/1992,36.00536499,16.01191101,30.62002426,0,0.000477
25/04/1992,37.10798035,15.39032898,27.7048101,0,0.000507
26/04/1992,35.06746826,19.07099304,39.10823518,0,0.001907349
27/04/1992,36.49294434,18.369104,34.6088881,0,0.000507
28/04/1992,33.18102417,21.47368774,50.38511323,2.993929625,0.01591444
29/04/1992,34.39093933,19.6426178,42.07116658,0,0.006765127
30/04/1992,35.41880188,18.01278076,35.89843911,0,0.000611
01/05/1992,33.34894714,19.95317993,45.4535253,0,0.002145767
02/05/1992,35.90677795,18.49833069,36.02894087,0,0.001132488
03/05/1992,31.37711487,21.47278748,55.77735209,8.79852581,0.004813075
04/05/1992,28.31340942,22.13271484,69.24074931,0,0.025466084
05/05/1992,27.07807312,21.89754639,73.35799168,10.05545902,0.008270144
06/05/1992,32.98771057,20.98172913,49.42059114,0,0.000909
07/05/1992,27.64011536,24.57737122,83.45130594,10.39100838,0.09958446
08/05/1992,30.80802307,21.92530212,59.2277514,5.937719345,0.029623508
09/05/1992,31.2696167,22.02262268,58.03532295,0,0.002875924
10/05/1992,27.17525635,22.25809631,74.5610577,5.195504189,0.014841557
11/05/1992,32.61332092,20.80683289,49.93122804,0,0.000879
12/05/1992,26.928125,21.91105042,74.06714079,0,0.01065433
13/05/1992,30.02619324,20.79490051,57.79216711,16.96777534,0.001847744
14/05/1992,32.23002014,19.6723114,47.56699126,0,0.004172325
15/05/1992,32.47506104,20.97654114,50.84903005,11.31184959,0.020384789
16/05/1992,31.62876282,22.00658569,56.8090822,2.884232521,0.039681792
17/05/1992,29.22919617,23.00625,69.24050831,5.768465042,0.008419156
18/05/1992,30.96042786,22.77578125,61.83097653,0,0.019013882
19/05/1992,31.98677979,22.63613281,57.84188339,0,0.039234757
20/05/1992,27.09638367,22.22338257,74.74848264,11.53693008,0.012800097
21/05/1992,28.70449219,22.29662476,68.36627133,8.39012146,0.009134412
22/05/1992,28.86501465,21.61438904,64.97420813,0,0.035792589
23/05/1992,30.77922974,21.2320343,56.86263542,0,0.003814697
24/05/1992,32.17035828,21.86365662,54.61738407,0,0.00821054
25/05/1992,30.21930847,21.85514221,60.99233537,5.593414307,0.033214688
26/05/1992,28.41947327,20.83014832,63.54309942,0,0.002726912
27/05/1992,31.58680115,20.60517273,52.25816822,0,0.002130866
28/05/1992,31.83545837,22.34165344,57.30502433,0,0.013232231
29/05/1992,32.58794556,21.4828125,52.120034,9.110628128,0.002622604
30/05/1992,31.15474854,22.81661377,61.30245849,0,0.007241964
31/05/1992,32.16407166,20.71872864,50.93439412,9.110628128,0.014454126
01/06/1992,29.59507141,21.39698181,61.47137534,0,0.029101968
02/06/1992,24.8905426,22.21132813,85.09767037,7.132221699,0.036939979
03/06/1992,27.676828,21.61806641,69.63432346,0,0.006824732
04/06/1992,28.02358398,21.79508362,68.98289422,7.132221699,0.016123056
05/06/1992,29.38192139,20.87545166,60.2705375,0,0.003159046
06/06/1992,30.97878418,20.90729675,55.11000563,7.599288464,0.001266599
07/06/1992,27.60131226,22.12984619,72.16034983,15.19857693,0.01463294
08/06/1992,29.6480957,22.20612488,64.38726682,15.19857693,0.060498714
09/06/1992,28.60154114,22.49440918,69.60686422,0,0.549018383
10/06/1992,27.37359009,22.55710754,75.05152198,0,1.384153962
11/06/1992,31.33399353,20.22043762,51.76941664,0,0.002458692
12/06/1992,29.75557861,22.22583923,64.06747084,0,0.018775463
13/06/1992,30.05722961,21.5894104,60.57023162,0,0.010386109
14/06/1992,30.56113586,21.66704712,59.12849841,8.918207169,0.00397861
15/06/1992,28.87619934,21.25826416,63.53191259,0,0.057250261
16/06/1992,27.50089417,22.05741272,72.26542052,18.36513901,0.038996339
17/06/1992,28.1138855,23.47602234,75.98682403,9.182569504,2.084374428
18/06/1992,29.06858215,20.71230469,60.75705693,0,0.003248453
19/06/1992,30.1141449,21.41010437,59.71419857,0,0.004202127
20/06/1992,28.98583374,20.60033569,60.62869317,9.182569504,0.005617738
21/06/1992,29.38977966,21.09342346,61.05535964,17.33557701,0.017151237
22/06/1992,28.79793701,20.92829285,62.54066123,0,0.002503395
23/06/1992,29.64426575,20.94382629,59.61717728,0,0.001505017
24/06/1992,30.11379395,20.790979,57.48879369,0,0.067576766
25/06/1992,28.6703125,19.84971008,58.94712306,0,0.001057982
26/06/1992,26.55979309,21.54151306,73.99898827,0,0.035762787
27/06/1992,28.97350464,21.13276062,62.69104577,0,0.05209446
28/06/1992,27.84388123,20.99796448,66.38787253,0,0.040888786
29/06/1992,29.05965576,19.60552368,56.76785317,0,0.002294779
30/06/1992,30.77984009,19.86753235,52.27385494,0,0.003963709
01/07/1992,30.69971619,20.39867554,54.2667687,0,0.00205636
02/07/1992,30.49111328,20.87267456,56.54412881,0,0.017955899
03/07/1992,28.7413269,21.17926941,63.72033459,0,0.037029386
04/07/1992,28.29107056,19.65944824,59.55155782,0,0.001788139
05/07/1992,27.48252258,20.30988464,64.98976849,0,0.008776784
06/07/1992,24.08866272,21.99866638,88.12875338,0,1.713618636
07/07/1992,27.29264221,21.31847534,69.92187917,6.467270374,0.107526779
08/07/1992,23.51877747,21.63329468,89.1887057,12.93454075,0.099211931
09/07/1992,26.94120178,20.65569458,68.52943421,6.467270374,0.005096197
10/07/1992,27.74576721,20.94992981,66.57205627,0,0.010490417
11/07/1992,29.26116333,20.99265442,61.13031428,3.677929163,0.015765429
12/07/1992,25.60634766,20.82615051,74.9258845,9.130778313,0.016868114
13/07/1992,24.99558411,21.57102356,81.32713228,5.507744312,1.092001796
14/07/1992,26.68071899,20.64302979,69.53199472,6.550738811,0.014558434
15/07/1992,24.90883789,21.95232544,83.67434261,8.289065361,0.0564605
16/07/1992,28.43261108,21.14354858,64.72893398,0,0.027820468
17/07/1992,28.82087097,21.78655396,65.82913037,20.65945244,0.092312694
18/07/1992,27.34597168,20.9081665,67.97068772,0,0.0218153
19/07/1992,24.33350525,21.2126709,82.77058693,17.29037285,0.073134899
20/07/1992,27.87363586,21.18522034,67.03896378,0,0.006854534
21/07/1992,29.18737183,21.11649475,61.85968563,0,0.014141202
22/07/1992,28.85692749,20.54503784,60.87448781,0,0.005736947
23/07/1992,27.33033142,20.49543152,66.32594208,7.365816593,0.021159649
24/07/1992,27.36013184,20.86124573,67.71876833,7.365816593,0.041991472
25/07/1992,24.3893219,20.64153442,79.64905626,0,0.023037195
26/07/1992,26.3166748,21.30823669,74.00210062,0,0.008761883
27/07/1992,24.50307617,21.14373169,81.58933494,0,0.051230192
28/07/1992,24.36777649,21.53133545,84.22895859,0,0.306874514
29/07/1992,27.10166321,21.11786804,69.84403747,0,0.019192696
30/07/1992,26.70160828,21.14019165,71.60194104,0,0.055402517
31/07/1992,25.72391663,21.10384521,75.68603297,0,0.012651086
01/08/1992,28.3893219,20.05281982,60.67394818,0,0.020697713
02/08/1992,28.93746338,20.90854797,61.96267486,0,0.009149313
03/08/1992,27.25968323,21.05777893,68.94563866,0,0.003919005
04/08/1992,27.90041504,20.3714386,63.66540401,0,0.011235476
05/08/1992,28.27243958,20.32705078,62.13153583,0,0.030145049
06/08/1992,22.40825806,21.86548767,96.74922579,0,0.124976039
07/08/1992,23.87197266,20.84354553,83.18647534,44.39922333,0.05479157
08/08/1992,24.30498657,21.15645752,82.62666071,0,0.077441335
09/08/1992,28.25684509,19.84664307,60.36692276,0,0.00987947
10/08/1992,27.54902039,21.57541809,69.97328161,0,0.015109777
11/08/1992,25.68058167,20.47837219,73.01606791,0,0.016361475
12/08/1992,24.80310974,21.54348145,82.12716273,18.87088394,0.022441149
13/08/1992,22.8665863,21.68013916,93.03783176,9.435441971,0.118747354
14/08/1992,26.48890076,19.65767822,66.16494845,0,0.007033348
15/08/1992,28.29076538,20.19645081,61.56668062,0,0.007659197
16/08/1992,26.75682983,20.86983643,70.19450679,5.939839363,0.037878752
17/08/1992,26.6511322,20.49041138,69.00101004,5.939839363,0.037938356
18/08/1992,27.37474976,19.96605835,64.02483818,11.87967873,0.004068017
19/08/1992,28.76352844,21.66622314,65.56431429,0,0.097200274
20/08/1992,25.96485291,20.99860535,74.13386203,0,0.010639429
21/08/1992,26.66416321,20.35198364,68.36175851,0,0.003054738
22/08/1992,26.67434082,19.59806213,65.20498709,0,0.004604459
23/08/1992,28.56580505,18.6382843,54.99618773,0,0.005349517
24/08/1992,28.69260559,19.32904968,56.99798568,0,0.004053116
25/08/1992,28.19875488,21.1894165,65.7991033,10.02280045,0.052928925
26/08/1992,26.38196716,20.37282715,69.59660662,0,0.022023916
27/08/1992,26.090448,20.92455444,73.25156994,0,0.014141202
28/08/1992,26.73835144,20.52021179,68.77428392,0,0.008955598
29/08/1992,25.68378601,19.44953308,68.49655762,0,0.004455447
30/08/1992,27.12548218,20.76635132,68.25612096,0,0.022530556
31/08/1992,27.71734009,19.2469574,60.01557534,0,0.00230968
01/09/1992,27.68071899,20.19472656,63.78630837,0,0.004962087
02/09/1992,27.97304688,21.06925354,66.17919781,0,0.010758638
03/09/1992,28.73523865,20.44846497,60.94075423,0,0.013232231
04/09/1992,28.66555176,21.41079102,64.91515828,27.08033752,0.072091818
05/09/1992,26.28411255,22.52582703,79.86006882,0,4.369169474
06/09/1992,24.22800598,21.30758057,83.78127394,0,25.48886836
07/09/1992,27.4656311,21.23812256,68.87779656,0,0.043421984
08/09/1992,23.55880127,21.57827148,88.67514411,32.30592728,1.129761338
09/09/1992,28.59017334,21.9576355,67.4146154,10.76864243,0.021547079
10/09/1992,28.88825378,21.44512329,64.21851945,0,0.003576279
11/09/1992,25.00107727,20.93052063,78.17001753,0,0.008627772
12/09/1992,24.1423584,23.1847168,94.40008836,18.75184441,0.100344419
13/09/1992,24.36757813,21.7157074,85.18463946,0,31.99160099
14/09/1992,24.48983154,21.77922974,84.89257045,18.75184441,0.859707594
15/09/1992,27.23381958,21.86344299,72.54045696,0,0.01642108
16/09/1992,26.35753784,22.57926331,79.77333241,11.27513409,0.765159726
17/09/1992,27.95516357,21.86065063,69.53598877,9.86574173,0.098675489
18/09/1992,28.3273407,21.06421814,64.80944352,19.73148346,0.160127878
19/09/1992,24.09833679,21.56710205,85.78721212,9.86574173,2.37968564
20/09/1992,25.1040741,22.08684692,83.38777487,19.73148346,0.987246633
21/09/1992,24.66507874,22.64742432,88.56575182,0,4.299610853
22/09/1992,27.57929382,21.29215393,68.6488184,13.3475132,0.245153904
23/09/1992,29.71621094,20.37474976,57.32630439,0,0.003099442
24/09/1992,29.19597778,21.86947021,64.74440097,13.3475132,0.021785498
25/09/1992,29.22043762,21.92662964,64.87891031,13.3475132,0.00859797
26/09/1992,29.01581726,22.28809509,67.1111822,3.785225153,0.031873584
27/09/1992,28.04366455,23.14454041,74.7870317,0,0.050425529
28/09/1992,28.71340332,22.93534241,71.03055273,34.06702423,0.042840838
29/09/1992,24.84208069,21.86066589,83.53968237,26.17442703,0.12306869
30/09/1992,24.29006348,21.8150116,86.10140702,17.95968628,0.93537569
01/10/1992,28.79477844,20.67106018,61.57000506,0,0.007465482
02/10/1992,29.59406433,21.22843323,60.84329239,10.92882538,0.011980534
03/10/1992,29.3756958,22.32009277,65.85990352,0,0.024005771
04/10/1992,29.48023376,21.64545593,62.82683433,0,0.005379319
05/10/1992,29.93517456,21.14098511,59.34322574,0,0.003278255
06/10/1992,30.79702148,20.23793945,53.43342604,0,0.00230968
07/10/1992,29.24755249,22.13353882,65.59942519,0,0.009536743
08/10/1992,27.96062622,20.91018066,65.58308566,0,0.00372529
09/10/1992,28.68601379,21.2078186,64.0368131,0,0.068619847
10/10/1992,23.90952454,21.86246643,88.34460451,6.035784721,1.712083817
11/10/1992,28.5851532,21.70676575,66.40963345,5.741958618,0.154867768
12/10/1992,27.74163208,21.85746155,70.39323185,5.741958618,0.03066659
13/10/1992,29.62336121,21.35280762,61.20560158,0,0.012591481
14/10/1992,29.41576538,22.09217224,64.80294329,0,0.005125999
15/10/1992,29.87325439,21.56994019,61.14010902,11.48391724,0.00679493
16/10/1992,29.13953552,21.89022217,65.03794823,4.273481846,0.006437302
17/10/1992,28.9278656,21.51230774,64.33555449,8.546963692,0.033453107
18/10/1992,30.04282532,21.31655273,59.61623451,0,0.001981854
19/10/1992,29.09375916,21.78618774,64.79736922,8.546963692,0.019103289
20/10/1992,30.03518066,22.32137451,63.41482113,4.273481846,0.01296401
21/10/1992,29.25077209,21.9927002,65.02690202,16.38565063,0.009134412
22/10/1992,29.18251953,20.94472656,61.22774522,8.192825317,0.012651086
23/10/1992,29.84134827,21.37697754,60.53313042,0,0.008553267
24/10/1992,29.22605286,20.79953918,60.53136388,0,0.003740191
25/10/1992,31.20838318,19.76168213,50.68023492,0,0.002071261
26/10/1992,31.0901886,19.65407715,50.6825282,0,0.001609325
27/10/1992,31.60738525,18.12268982,44.72759244,0,0.001609325
28/10/1992,32.08815918,19.27164612,46.76998134,0,0.001713634
29/10/1992,31.16295776,19.2991272,49.37184105,0,0.001639128
30/10/1992,29.66819153,19.36646423,54.00309889,22.56246376,0.001609325
31/10/1992,30.85247192,19.56098328,51.07714749,16.92184639,0.004865229
01/11/1992,32.884729,16.67421875,37.97903421,0,0.00128895
02/11/1992,32.13396606,17.13286743,40.78795159,0,0.001370907
03/11/1992,31.69742737,17.53441772,42.881949,0,0.001430511
04/11/1992,31.30983887,18.4999176,46.57824036,0,0.001683831
05/11/1992,29.56598816,20.1790863,57.12907127,0,0.00475347
06/11/1992,30.38616333,21.48749695,59.07063522,1.961348414,0.037536025
07/11/1992,29.77286682,21.67858276,61.90338774,0,0.023603439
08/11/1992,29.4782959,21.65674744,62.87722135,2.241541147,0.045970082
09/11/1992,29.3865448,20.38366089,58.45645592,0,0.011704862
10/11/1992,31.26163635,18.65210876,47.1530212,0,0.006221235
11/11/1992,29.35538635,20.34435425,58.41959891,0,0.017344952
12/11/1992,31.03199158,18.25711975,46.60511789,0,0.001519918
13/11/1992,30.54670105,17.93477783,46.95216749,0,0.001832843
14/11/1992,30.77103577,17.32991943,44.62008162,0,0.002026558
15/11/1992,29.91988525,17.18140564,46.40863582,0,0.002250075
16/11/1992,31.55965576,15.76294861,38.61667209,0,0.001296401
17/11/1992,31.07668457,18.34740601,46.75075669,0,0.003263354
18/11/1992,32.34462891,17.67434082,41.7086751,0,0.001631677
19/11/1992,32.06113586,17.60056458,42.18450358,0,0.001743436
20/11/1992,32.44725952,15.19280396,35.40878629,0,0.001341105
21/11/1992,32.26244507,14.5806366,34.39561107,0,0.001549721
22/11/1992,32.63749084,9.060067749,23.38775869,0,0.001356006
23/11/1992,32.52131042,9.686471558,24.55557704,0,0.001266599
24/11/1992,33.05736694,9.130807495,22.95210747,0,0.001236796
25/11/1992,33.38132629,8.955499268,22.27419656,0,0.001251698
26/11/1992,33.14684448,6.995477295,19.74765372,0,0.001251698
27/11/1992,32.62401733,5.86512146,18.81030496,0,0.001221895
28/11/1992,32.57581482,8.101266479,21.99221674,0,0.001251698
29/11/1992,32.91433105,8.780480957,22.59567835,0,0.001192093
30/11/1992,32.96416626,7.479196167,20.62343258,0,0.001206994
01/12/1992,33.41695557,8.854150391,22.07805904,0,0.001177192
02/12/1992,33.79442749,11.22033081,25.33078127,0,0.001177192
03/12/1992,34.08977661,9.564431763,22.30824311,0,0.001192093
04/12/1992,33.82036743,10.08692322,23.45358624,0,0.001162291
05/12/1992,33.67929993,13.05228577,28.76360091,0,0.001266599
06/12/1992,33.5223175,8.854165649,21.94843646,0,0.001162291
07/12/1992,33.91312561,7.98923645,20.25060059,0,0.001147389
08/12/1992,33.77674255,13.80973206,30.05567754,0,0.001206994
09/12/1992,33.19875488,15.17785034,33.91273973,0,0.001370907
10/12/1992,32.85,16.55953369,37.77677236,0,0.001370907
11/12/1992,32.90450439,17.0322052,38.8083999,0,0.001624227
12/12/1992,35.09949646,13.34757385,27.10035433,0,0.001117587
13/12/1992,35.11795959,12.76494751,26.06080621,0,0.001177192
14/12/1992,34.57917175,12.79171143,26.89656778,0,0.001311302
15/12/1992,33.98163757,12.93746338,28.07121253,0,0.002220273
16/12/1992,33.97457275,10.82335815,24.42479148,0,0.001743436
17/12/1992,34.18760071,5.531686401,16.84108244,0,0.001296401
18/12/1992,33.85370789,8.906213379,21.6222198,0,0.001102686
19/12/1992,34.03241882,10.45588074,23.75706655,0,0.001117587
20/12/1992,34.34137878,2.421517944,13.41424715,0,0.001057982
21/12/1992,34.33831177,4.550469971,15.59539607,0,0.001043081
22/12/1992,34.13930664,2.863244629,13.99908616,0,0.001013279
23/12/1992,33.74685059,3.476861572,14.94445636,0,0.00102818
24/12/1992,34.29854736,4.0269104,15.06572396,0,0.001013279
25/12/1992,33.74912415,5.313638306,16.99761614,0,0.001013279
26/12/1992,34.46785889,5.712960815,16.79100737,0,0.000983
27/12/1992,34.7178894,9.231912231,21.06675842,0,0.001013279
28/12/1992,34.39859924,12.43047485,26.53098271,0,0.000983
29/12/1992,34.59128723,11.98546753,25.49108841,0,0.001013279
30/12/1992,33.97451172,14.83243713,31.76066012,0,0.001132488
31/12/1992,35.85180054,14.87845764,28.71352238,0,0.001326203
01/01/1993,35.71766052,11.15715942,22.676681,0,0.000969
02/01/1993,35.5407196,11.26113281,23.05704568,0,0.000983
03/01/1993,34.58640442,14.07590637,29.23339449,0,0.001005828
04/01/1993,35.8567749,5.317636108,15.13015282,0,0.000946
05/01/1993,35.55954895,3.083535767,13.14504241,0,0.000924
06/01/1993,32.31368408,1.845407104,14.4197189,0,0.000924
07/01/1993,30.31923828,3.352731323,17.97914041,0,0.000909
08/01/1993,30.16874084,3.289331055,18.05352723,0,0.000924
09/01/1993,31.08516846,2.827294922,16.58082655,0,0.000909
10/01/1993,30.95635376,3.084710693,17.01091563,0,0.000864
11/01/1993,31.70339355,2.752908325,15.92460599,0,0.000909
12/01/1993,31.64486084,2.790322876,16.02005725,0,0.000879
13/01/1993,33.04462585,4.436257935,16.62928497,0,0.000879
14/01/1993,34.04676208,5.482553101,16.91567725,0,0.000864
15/01/1993,34.42601929,5.967950439,17.13018263,0,0.000834
16/01/1993,34.33701477,5.614572144,16.79828271,0,0.000834
17/01/1993,33.86448059,3.624108887,15.0020091,0,0.000834
18/01/1993,33.798349,3.483377075,14.9084595,0,0.000849
19/01/1993,33.92621765,2.883462524,14.18649065,0,0.000849
20/01/1993,33.49848328,1.266687012,12.94257362,0,0.00082
21/01/1993,33.6171814,0.194924927,11.89799261,0,0.000775
22/01/1993,33.90715942,-0.116110229,11.44516047,0,0.000805
23/01/1993,34.29708252,1.371179199,12.47272459,0,0.00079
24/01/1993,34.1440979,2.064874268,13.22105266,0,0.000805
25/01/1993,34.59668884,0.413354492,11.44703345,0,0.000775
26/01/1993,35.27828369,-0.044607544,10.6628272,0,0.000805
27/01/1993,35.66132507,5.636087036,15.63597529,0,0.000805
28/01/1993,35.34401855,0.982110596,11.44515204,0,0.00076
29/01/1993,35.52645264,0.217935181,10.72074582,0,0.00076
30/01/1993,35.8068634,7.973016357,18.21603803,0,0.000745
31/01/1993,35.40657959,12.91837463,25.90820993,0,0.000745
01/02/1993,35.68734131,14.15029297,27.64226551,0,0.000715
02/02/1993,35.96242676,12.43694458,24.34723533,0,0.000775
03/02/1993,35.14049683,14.65209351,29.42777539,1.647143006,0.000849
04/02/1993,36.52704773,12.06766663,23.03912488,0,0.001087785
05/02/1993,35.74112854,11.11634216,22.58614691,0,0.000879
06/02/1993,36.01990662,-1.098059082,9.477591571,0,0.0007
07/02/1993,35.38289795,-2.12315979,9.100507645,0,0.0007
08/02/1993,35.36876831,-2.278051758,9.003599098,0,0.00073
09/02/1993,35.66367493,-2.543798828,8.685430528,0,0.000671
10/02/1993,35.87012634,-2.844000244,8.39761595,0,0.000656
11/02/1993,36.42240295,-4.216635132,7.350300993,0,0.000685
12/02/1993,35.84584961,10.21169434,21.14250786,0,0.000671
13/02/1993,35.85483704,11.87258301,23.59790125,0,0.000685
14/02/1993,34.3485199,16.92174683,35.55255108,1.511501312,0.009134412
15/02/1993,33.06672058,18.4522644,42.05618303,1.511501312,0.012531877
16/02/1993,36.09787903,13.30185852,25.57523559,0,0.000656
17/02/1993,35.28467712,15.91922913,31.67024521,0.444874555,0.002577901
18/02/1993,34.1088501,17.75713501,37.9827953,0.622824252,0.001698732
19/02/1993,36.38829956,12.41225586,23.74707763,0,0.000954
20/02/1993,36.88970337,-4.536489868,6.994075617,0,0.000626
21/02/1993,36.31792603,-3.888815308,7.577263732,0,0.000626
22/02/1993,36.04049072,-2.436758423,8.57547195,0,0.000611
23/02/1993,35.55761108,11.99064026,24.17429037,1.194553852,0.000626
24/02/1993,35.53815613,14.36989746,28.2692919,1.194553852,0.000596
25/02/1993,30.79137573,21.00658569,56.04251437,2.389107704,0.005230308
26/02/1993,36.16381226,16.71247253,31.74025172,0,0.001117587
27/02/1993,37.65899048,10.72098694,19.81319407,0,0.000626
28/02/1993,34.69162903,16.50162659,33.96384786,1.996103883,0.0007
01/03/1993,34.48235474,19.24498901,40.83615905,7.316747189,0.006735325
02/03/1993,35.93953857,17.14972839,33.03643439,0,0.000954
03/03/1993,37.28565369,15.27723083,27.23983341,0,0.000596
04/03/1993,38.19780884,13.65244446,23.34105398,0,0.000566
05/03/1993,36.7943512,16.09000549,29.47308193,0,0.000611
06/03/1993,35.84719238,17.20093689,33.31215846,3.030655622,0.000738
07/03/1993,29.46735535,20.75734863,59.54052562,3.030655622,0.002399087
08/03/1993,36.16745911,17.5163208,33.39083923,3.030655622,0.000775
09/03/1993,35.52784119,18.2242981,36.16078227,3.030655622,0.020131469
10/03/1993,32.73327026,20.3361145,48.17751196,9.091967583,0.01321733
11/03/1993,35.2749115,17.0054718,33.95533311,0,0.002264977
12/03/1993,35.15299377,18.73308716,38.11137628,7.094767094,0.02643466
13/03/1993,34.22576294,19.60718689,42.36569318,4.054152966,0.012159348
14/03/1993,33.60372314,19.53719482,43.66941902,12.16245747,0.047206879
15/03/1993,31.68335876,20.57213745,51.86734322,3.547383547,0.04671514
16/03/1993,32.48233948,21.40699158,52.18797958,0,0.012353063
17/03/1993,36.24382935,16.73720703,31.65109563,0,0.000507
18/03/1993,33.51174316,20.71038208,47.19747066,0,0.0089854
19/03/1993,30.9742981,14.23764954,36.18853845,3.15590024,0.00988692
20/03/1993,32.55684814,-3.026754761,9.959319395,0,0.000492
21/03/1993,32.83371887,1.444970703,13.60710529,0,0.000507
22/03/1993,34.68105469,2.290475464,13.04135359,0,0.000507
23/03/1993,35.66124878,1.361367798,11.55857895,0,0.000507
24/03/1993,35.82042847,5.701409912,15.57026545,0,0.000492
25/03/1993,36.7819458,10.93569336,21.08018926,0,0.000492
26/03/1993,35.8477417,14.29274902,27.65367329,0,0.000715
27/03/1993,37.17189941,12.06342468,22.23687878,0,0.000492
28/03/1993,36.16958008,14.52778015,27.58587443,0,0.000939
29/03/1993,37.56029663,12.5644165,22.50202988,0,0.000522
30/03/1993,36.32071838,16.83556519,31.71552905,0,0.000991
31/03/1993,36.3953186,17.12275085,32.16653317,6.287336349,0.002577901
01/04/1993,35.75290833,16.42241821,31.87090604,3.033536434,0.000596
02/04/1993,36.05010376,16.18312988,30.8805924,0,0.000626
03/04/1993,37.42296753,12.22042236,22.16350922,0,0.000447
04/04/1993,36.88213501,13.78713379,25.2886223,0,0.000522
05/04/1993,36.5135437,16.11582336,29.97784748,3.033536434,0.000611
06/04/1993,35.83519897,18.47892151,36.12690345,5.359279633,0.006049871
07/04/1993,36.41240845,15.98180542,29.88725229,2.679639816,0.000507
08/04/1993,37.07610474,12.80770264,23.47348484,2.679639816,0.00044
09/04/1993,37.48957214,11.86089478,21.56630423,0,0.000417
10/04/1993,37.56734619,12.8530365,22.92313892,0,0.000447
11/04/1993,37.95488892,12.34909973,21.71678015,0,0.000432
12/04/1993,38.08797607,12.50866089,21.78834641,0,0.000507
13/04/1993,37.13189087,14.55591736,26.22133135,0,0.000417
14/04/1993,29.65282593,21.2862793,60.85340195,0,0.006362796
15/04/1993,33.3875061,20.67897949,47.43462185,0.781998694,0.013381243
16/04/1993,36.95995483,19.52913818,36.27115169,2.519398451,0.007510185
17/04/1993,32.75184021,20.58271179,48.86490536,1.923205018,0.001624227
18/04/1993,33.98963318,20.97896729,46.72131538,10.4814682,0.001221895
19/04/1993,35.64217529,20.19202576,40.61940162,1.846276999,0.021472573
20/04/1993,31.16684875,21.72800598,57.33540791,0.153856412,0.001221895
21/04/1993,32.49120483,21.77410278,53.34604722,4.957289696,0.071533024
22/04/1993,31.35376892,22.77462158,60.45910025,0.838473439,0.001981854
23/04/1993,31.90715942,21.92023621,55.62721346,3.280343533,0.003874302
24/04/1993,33.2905365,19.45733032,44.22074512,0,0.001266599
25/04/1993,34.35721741,19.03275452,40.5804991,0,0.000685
26/04/1993,32.97611389,20.80274353,48.91159347,0,0.003531575
27/04/1993,28.95083008,21.93563232,65.93319712,3.073256969,0.021204352
28/04/1993,34.65975342,20.93792114,44.9008171,1.423084497,0.003740191
29/04/1993,32.45971069,20.05852661,48.09246532,1.483641267,0.002205372
30/04/1993,35.31032715,20.21245728,41.4209212,2.391993284,0.028446317
01/05/1993,34.21114502,21.63092957,48.03011348,0,0.003010035
02/05/1993,34.00829468,21.4589325,48.06686871,17.68829536,0.031009316
03/05/1993,31.11419067,22.22652588,59.28190099,10.31817245,0.002413988
04/05/1993,33.36893616,20.65693054,47.41948675,0,0.000626
05/05/1993,35.45768127,20.55811462,41.97179712,0,0.001251698
06/05/1993,31.84530029,22.40375671,57.48970699,5.216367722,0.005453825
07/05/1993,34.62859497,21.11651001,45.47442426,0,0.00987947
08/05/1993,34.07494507,21.76047668,48.77989878,5.216367722,0.002413988
09/05/1993,29.21950684,22.80281982,68.43139643,4.564321518,0.005111098
10/05/1993,31.5553833,21.63033447,55.75070939,13.69296551,0.010371208
11/05/1993,33.45667419,22.07584534,51.47194328,0,0.017553568
12/05/1993,33.87067566,20.11820374,44.60161034,0,0.000998
13/05/1993,32.80849609,21.38092957,51.15772293,3.67633152,0.00987947
14/05/1993,33.58701477,21.40340576,49.04240023,0,0.002518296
15/05/1993,33.70601807,21.70160828,49.6143837,8.403043747,0.002264977
16/05/1993,33.26317749,21.5069519,50.25603841,0,0.004008412
17/05/1993,34.32250366,19.89585266,42.89979994,0,0.001206994
18/05/1993,35.5140625,19.77254639,39.85812132,0,0.000805
19/05/1993,27.71703491,22.59855042,73.74576284,10.00144863,0.073969364
20/05/1993,32.415979,20.02724609,48.11784123,0,0.001400709
21/05/1993,31.21967468,20.27198181,52.27295224,3.169367075,0.002875924
22/05/1993,32.00148926,21.33449707,53.38531085,0,0.003546476
23/05/1993,32.74071655,21.54422913,51.86874721,6.33873415,0.003278255
24/05/1993,34.25615845,20.88039551,45.75568658,3.169367075,0.020891428
25/05/1993,32.47611389,20.31537781,48.81699661,0,0.008553267
26/05/1993,31.21979675,21.73589478,57.19063491,0,0.046730042
27/05/1993,33.55605469,20.59473572,46.74661866,1.873522043,0.001072884
28/05/1993,31.64904175,22.14940796,57.23967062,0,0.001564622
29/05/1993,31.1708313,21.86853943,57.81631533,0,0.004664063
30/05/1993,32.75261841,21.60810242,52.03692304,9.915957451,0.002279878
31/05/1993,28.05828247,21.55326233,67.8339178,23.35048103,0.023826957
01/06/1993,25.34581909,22.21082458,82.82042649,9.059889793,0.041306019
02/06/1993,31.58397827,20.35915527,51.47951467,0,0.00192225
03/06/1993,31.93753967,21.14722595,52.96697309,4.529944897,0.143349171
04/06/1993,27.70073853,22.74703369,74.48352849,13.58983517,0.137090683
05/06/1993,27.25991211,21.47426758,70.72753327,13.58983517,0.017628074
06/06/1993,29.79903564,21.39216003,60.73686572,0,0.010296702
07/06/1993,30.93314514,21.10567627,55.93079712,7.253577232,0.002875924
08/06/1993,28.80278931,21.72348938,65.64475455,7.253577232,0.08648634
09/06/1993,27.05155334,22.50895081,76.25738795,14.50715446,0.028327107
10/06/1993,31.82142029,19.76436768,48.9566523,7.253577232,0.000477
11/06/1993,30.25959167,21.82018433,60.72214006,0,0.001251698
12/06/1993,29.83556519,22.11574707,63.34781544,0,0.004276633
13/06/1993,30.57488403,21.35274658,57.95680798,0,0.013932586
14/06/1993,27.75115356,22.56824646,73.46390339,7.344302177,0.008359551
15/06/1993,28.15671692,20.97496948,65.09753709,7.344302177,0.007048249
16/06/1993,26.00560913,22.27292786,79.94620788,0,0.043481588
17/06/1993,26.55101929,21.7658783,75.05940854,0,0.00834465
18/06/1993,30.99668274,20.66108093,54.22614847,10.24620152,0.001013279
19/06/1993,30.49938354,21.76841125,59.70601428,0,0.003635883
20/06/1993,30.37053833,22.40020142,62.50725818,10.24620152,0.029832125
21/06/1993,31.46376953,21.17051086,54.48519292,15.86529446,0.064045191
22/06/1993,28.33838806,21.90374146,68.18225799,7.932647228,0.010281801
23/06/1993,24.91999207,22.88224182,88.479035,0,0.096529722
24/06/1993,31.14118347,20.21747742,52.33022306,0,0.001624227
25/06/1993,30.90110168,21.0304657,55.77485944,0,0.002190471
26/06/1993,31.46927795,21.38659058,55.19434279,0,0.003993511
27/06/1993,31.00452576,21.35404358,56.55870697,21.51324081,0.026941299
28/06/1993,28.42113647,21.83727417,67.58085402,0,0.004023314
29/06/1993,31.00791321,21.28057251,56.29380342,5.378310204,0.003889203
30/06/1993,30.50315247,21.17759094,57.57330917,16.13492966,0.017017126
01/07/1993,28.9311615,21.13378296,62.84863503,11.47971249,0.049248338
02/07/1993,29.51133118,21.66541443,62.79099025,0,0.021904707
03/07/1993,29.63756714,22.19538269,64.38416157,0,0.010818243
04/07/1993,28.73859558,20.88813171,62.60114531,11.47971249,0.058591366
05/07/1993,29.51824341,21.13140259,60.74672788,0,0.004932284
06/07/1993,30.40024719,20.75678406,56.43486715,0,0.013172626
07/07/1993,28.52175293,21.51500854,65.87738695,10.05711269,0.027805567
08/07/1993,25.17525635,22.3940979,84.60209141,5.028556347,0.090390444
09/07/1993,27.34082947,21.34116516,69.82195584,5.028556347,0.026673079
10/07/1993,26.65470276,22.18331299,76.52573419,0,0.017404556
11/07/1993,27.64814148,20.18459473,63.86771296,3.483350039,0.029817224
12/07/1993,27.47281799,21.34227905,69.28976,0,0.014275312
13/07/1993,28.70914612,21.22548828,64.02040184,0,0.025734305
14/07/1993,24.79648743,21.19860229,80.44233426,3.483350039,0.034198165
15/07/1993,27.57317505,21.34501038,68.89613052,0,0.035822392
16/07/1993,24.69915161,22.00618896,85.00624324,6.807851791,0.050798059
17/07/1993,28.67278442,20.4908844,61.32181778,0,0.003010035
18/07/1993,29.26946411,21.13128052,61.62330279,0,0.012263656
19/07/1993,29.9543396,20.95690308,58.61176245,0,0.007525086
20/07/1993,29.26552734,21.31859741,62.34933228,6.807851791,0.022515655
21/07/1993,28.62406311,20.30549011,60.79561871,0,0.041276217
22/07/1993,24.82984314,20.4243866,76.54857747,0.618195474,0.012144446
23/07/1993,24.36159668,21.56557617,84.43677205,0,0.030145049
24/07/1993,28.09681091,21.04548035,65.60829979,0,0.01744926
25/07/1993,28.12642822,21.57047424,67.63664346,0.36125797,0.051915646
26/07/1993,23.90575562,22.31974182,90.86034115,3.81838274,0.031799078
27/07/1993,28.38997803,20.84627686,63.71515791,4.065727234,0.008173287
28/07/1993,27.4755188,22.17211304,72.87997707,0,0.019051135
29/07/1993,29.67414246,21.71997986,62.41329605,0,0.01360476
30/07/1993,26.12084351,22.15163574,78.81981981,15.36628723,0.092715025
31/07/1993,23.07756958,22.39330444,95.93766384,12.83100319,0.090822577
01/08/1993,29.38593445,21.1324707,61.21540743,4.926410675,0.007733703
02/08/1993,28.39486084,20.42177734,62.05309034,0,0.002995133
03/08/1993,28.70099792,21.29055176,64.30659876,0,0.007852912
04/08/1993,28.50144348,21.60561523,66.32153303,14.77923203,0.030502677
05/08/1993,28.67780457,22.08765564,67.60671353,0,0.030532479
06/08/1993,29.24364624,20.57416687,59.63661453,0,0.007271767
07/08/1993,28.97820435,20.66262207,60.88860637,0,0.013962388
08/08/1993,27.28299866,20.82599792,67.87785698,0,0.017955899
09/08/1993,25.5823761,22.53144226,83.27265336,6.790917397,0.086426735
10/08/1993,28.73546753,19.00031433,55.70395804,0,0.006809831
11/08/1993,29.02868042,20.37507019,59.64441159,5.723235607,0.009387732
12/08/1993,30.14934692,21.22382507,58.91752763,6.684926033,0.005081296
13/08/1993,26.57996521,20.6586853,70.01284715,6.309633255,0.079065561
14/08/1993,29.6174408,21.06871948,60.16902846,0,0.025212765
15/08/1993,26.5848938,23.77492676,84.6070989,0,0.068545341
16/08/1993,27.75118408,21.55288086,69.05704551,14.93485737,0.062584877
17/08/1993,29.25910339,21.27469788,62.20486093,0,0.019147992
18/08/1993,26.33335266,22.00609741,77.1505353,0,1.651033759
19/08/1993,29.178125,20.94117126,61.22989648,0,0.00461936
20/08/1993,26.46656189,20.78389893,71.0272557,4.978285789,0.083044171
21/08/1993,29.46703491,21.43213806,62.0595176,15.49696064,0.004634261
22/08/1993,28.72156677,20.69576416,61.92565328,23.24544144,0.053450465
23/08/1993,27.69100342,21.21161804,67.8666243,23.24544144,0.049501657
24/08/1993,26.04424438,21.57151184,76.42366547,7.74848032,0.064834952
25/08/1993,28.16192017,20.69690857,63.97437776,0,0.037252903
26/08/1993,29.39301453,21.15557251,61.27723411,6.151090145,0.021845102
27/08/1993,29.07772217,20.48539124,59.8818769,0,0.006228685
28/08/1993,27.86783752,20.56075439,64.53557738,0,0.007838011
29/08/1993,29.1622406,20.16668091,58.42914727,6.151090145,0.030875206
30/08/1993,24.87696228,21.50812683,81.58958075,12.30218029,0.138893723
31/08/1993,23.98015747,21.9041687,88.1947915,12.30218029,1.55594945
01/09/1993,24.85180054,21.494104,81.64200309,7.045012951,0.065475702
02/09/1993,28.47631226,20.82096252,63.29808408,0,0.055357814
03/09/1993,29.98426208,22.06029663,62.59768208,14.0900259,0.05979836
04/09/1993,26.90995178,22.05619202,74.80513602,14.0900259,0.354617834
05/09/1993,25.58330688,21.19164429,76.73165721,49.31509018,0.038981438
06/09/1993,27.37192688,21.86847839,71.97852625,8.541405678,0.036373734
07/09/1993,28.96756897,21.85,65.52624139,17.08281136,0.534132123
08/09/1993,23.8588501,22.3668457,91.37802206,0,2.914190292
09/09/1993,28.23870239,21.19867859,65.6837875,37.36865234,0.091716647
10/09/1993,29.20214233,20.75986633,60.46714448,0,0.044554472
11/09/1993,29.9543396,21.70920715,61.37646307,4.791908741,0.021189451
12/09/1993,25.91436157,22.0347229,79.22151116,4.791908741,0.07353723
13/09/1993,29.34794006,21.20133362,61.60930726,23.95954323,0.010833144
14/09/1993,29.51319275,22.22971497,64.98220092,4.791908741,0.012561679
15/09/1993,27.15279541,23.58080444,80.88168464,9.583817482,0.072866678
16/09/1993,29.55729065,22.07306824,64.20226537,11.78476238,0.023141503
17/09/1993,29.69552002,21.76038513,62.49065172,0,0.042274594
18/09/1993,27.57064209,22.23101196,72.73624009,17.677145,0.057667494
19/09/1993,25.01020203,22.33321533,85.12178979,11.78476238,0.100940466
20/09/1993,27.68929443,21.36512146,68.51494916,0,0.040739775
21/09/1993,25.33114014,22.61387024,84.94764915,0,0.129818916
22/09/1993,29.98015747,21.08617554,58.99149899,6.854023933,0.007420778
23/09/1993,29.36704407,21.87246094,64.12054037,20.56207085,0.036492944
24/09/1993,24.28565369,22.32721863,88.85382482,6.854023933,1.092940569
25/09/1993,29.69812927,20.94336853,59.43115037,0,0.006586313
26/09/1993,29.48261414,22.37070618,65.65722864,13.13133717,0.036761165
27/09/1993,30.71161804,22.37742004,61.21631032,4.377111912,0.032037497
28/09/1993,28.16439209,22.11220703,69.75588564,8.754223824,0.028580427
29/09/1993,28.16570435,22.18110046,70.0437401,0,0.026702881
30/09/1993,29.21116028,21.70183716,64.02904209,4.377111912,0.015899539
01/10/1993,29.71506653,21.90462646,62.97239535,0,0.007390976
02/10/1993,30.87674866,20.88585815,55.35823859,0,0.001341105
03/10/1993,26.01200256,22.45195923,80.79037998,12.71134281,0.076681376
04/10/1993,29.61693726,21.71613464,62.60426015,4.571194172,0.004321337
05/10/1993,29.22303162,21.44791565,62.99932713,0.909349918,0.001996756
06/10/1993,30.30045471,22.5362793,63.27920359,0,0.003859401
07/10/1993,29.56757507,22.33551941,65.19731663,7.251704693,0.073328614
08/10/1993,28.69364319,21.78457031,66.30777613,0,0.033527613
09/10/1993,27.94886169,22.66437683,73.04684692,14.50340939,0.127181411
10/10/1993,27.84603271,20.6352478,64.91492879,0,0.001847744
11/10/1993,30.85978088,21.28089294,56.77190573,5.492187977,0.003650784
12/10/1993,30.15561829,22.28959045,62.85696635,21.96875191,0.003799796
13/10/1993,29.94669495,21.73000488,61.48144779,0,0.02194941
14/10/1993,31.62661133,21.08634338,53.70633624,0,0.004589558
15/10/1993,31.72297058,21.02550659,53.21484517,0,0.002354383
16/10/1993,30.10457764,21.79187927,61.15794086,3.247116089,0.023573637
17/10/1993,31.31894836,20.13791809,51.55003722,3.918461084,0.003866851
18/10/1993,31.53315125,20.03139648,50.59269175,3.055303097,0.000924
19/10/1993,31.87444458,19.93311462,49.32315924,2.7401824,0.001341105
20/10/1993,31.00179443,21.26456604,56.258193,2.315454245,0.018343329
21/10/1993,29.61759338,21.66596375,62.41029783,0,0.022575259
22/10/1993,30.9367157,22.04165039,59.21347578,4.958417416,0.022128224
23/10/1993,29.59543762,21.99332581,63.75096591,9.916834831,0.035181642
24/10/1993,29.47609863,22.07213745,64.49938401,4.958417416,0.033594668
25/10/1993,26.99447021,24.00255737,83.73237192,0,0.325001776
26/10/1993,32.38515625,22.01622925,54.46417044,5.321424007,0.002577901
27/10/1993,31.95331726,21.09308777,52.74422655,10.64284801,0.001460314
28/10/1993,32.2396637,19.92672119,48.29694569,0,0.000522
29/10/1993,32.18700562,18.67710266,44.81587461,0,0.000596
30/10/1993,32.65911255,18.04555664,41.94547001,0,0.000536
31/10/1993,32.86138306,16.71341858,38.12366367,0,0.000447
01/11/1993,32.30361328,16.98897705,40.03289329,0,0.000462
02/11/1993,32.64168701,17.94567261,41.72372141,5.863325596,0.000954
03/11/1993,32.33927307,18.3925415,43.64799049,0,0.000685
04/11/1993,33.26426086,16.0307251,35.68639156,0,0.000432
05/11/1993,33.42441711,15.72440491,34.68211774,0,0.000492
06/11/1993,33.00527344,15.57740173,35.17310847,0,0.000432
07/11/1993,33.35627136,15.03231201,33.30179997,0,0.000492
08/11/1993,33.55899963,14.11144409,31.02491147,0,0.000447
09/11/1993,32.85920105,16.53377686,37.69546031,0,0.000417
10/11/1993,33.37784729,16.99299011,37.69882572,0,0.000477
11/11/1993,33.57198486,17.85180054,39.37070254,0,0.000894
12/11/1993,34.21825562,15.94468079,33.65137674,0,0.000387
13/11/1993,33.54154358,16.83231506,36.9767305,0,0.000864
14/11/1993,34.21799622,16.26522217,34.34737145,0,0.000507
15/11/1993,33.95499573,19.21911011,41.98329773,0,0.002682209
16/11/1993,33.23618469,17.70488892,39.74754149,0,0.000745
17/11/1993,33.536203,16.98378906,37.34478719,0,0.000596
18/11/1993,33.84275208,15.02971802,32.4038621,0,0.000462
19/11/1993,34.07117615,15.74041138,33.48745363,0,0.000492
20/11/1993,34.24987183,16.81182251,35.499514,0,0.000432
21/11/1993,32.55381165,19.84768066,47.21781252,0,0.028729439
22/11/1993,33.3428894,18.01494751,40.2895598,0,0.000611
23/11/1993,32.19988403,19.46424255,47.03612486,0,0.002726912
24/11/1993,32.86586914,18.9150177,43.78172281,0,0.000775
25/11/1993,32.55001221,19.75596008,46.96010964,0,0.017672777
26/11/1993,31.67150269,20.77649841,52.55947711,0,0.018343329
27/11/1993,33.30028687,19.38697205,44.00368145,0,0.001013279
28/11/1993,32.08754883,19.80922852,48.36000568,0,0.002563
29/11/1993,32.51607666,18.28933105,42.93664674,0,0.000685
30/11/1993,32.33236084,19.58309326,47.0320403,0,0.001370907
01/12/1993,30.96349487,19.88417969,51.7830147,0,0.011116266
02/12/1993,32.17452393,19.0473114,45.89645198,4.126325607,0.005602837
03/12/1993,32.52686462,17.75049744,41.48134065,0,0.000402
04/12/1993,28.91619263,21.03608093,62.52693386,0,0.003814697
05/12/1993,31.32921753,21.06867371,54.56087554,0,0.002667308
06/12/1993,33.29708252,17.11062012,38.15280551,0,0.000641
07/12/1993,33.73233948,15.23587952,33.03916794,0,0.000447
08/12/1993,34.48702393,12.27637634,26.13494811,0,0.000477
09/12/1993,34.72535095,7.474389648,18.68881144,0,0.000373
10/12/1993,35.01954041,8.484750366,19.69716332,0,0.000358
11/12/1993,34.77855835,9.340539551,21.15038906,0,0.000373
12/12/1993,34.28640137,7.629083252,19.35302585,0,0.000343
13/12/1993,34.02974854,5.684915161,17.17141067,3.053770065,0.000358
14/12/1993,33.93668518,5.217340088,16.70838138,0,0.000343
15/12/1993,34.72141418,6.887750244,17.95592843,0,0.000343
16/12/1993,35.20398865,11.18636475,23.3727529,0,0.000328
17/12/1993,35.30111084,11.29029236,23.40870291,0,0.000328
18/12/1993,35.5006958,11.03339539,22.76114573,0,0.000358
19/12/1993,35.24820862,10.95449219,22.9593831,0,0.000551
20/12/1993,35.57744751,8.360284424,18.93966216,0,0.00035
21/12/1993,35.78847656,6.324731445,16.2853801,0,0.000358
22/12/1993,35.35680542,7.94135437,18.63262931,0,0.000402
23/12/1993,34.81760559,10.64498291,23.03267482,0,0.000447
24/12/1993,34.81141052,8.613885498,20.10042725,0,0.000305
25/12/1993,34.80223999,5.41187439,16.1414806,0,0.000298
26/12/1993,35.28286133,5.925195313,16.28870018,0,0.000328
27/12/1993,35.70870361,8.9777771,19.60658074,0,0.000313
28/12/1993,35.91497192,13.38384399,25.9717112,0,0.000298
29/12/1993,35.86260376,5.224069214,15.02706153,0,0.000313
30/12/1993,34.92641602,3.770837402,14.29031228,0,0.000313
31/12/1993,34.77446899,11.02311096,23.67619395,0,0.000313
01/01/1994,33.21842346,7.459481812,20.30419138,0,0.000313
02/01/1994,33.22718201,5.232080078,17.40163081,0,0.000313
03/01/1994,34.47641907,6.133843994,17.27957891,0,0.000283
04/01/1994,35.34734497,7.771447754,18.42761521,0,0.000298
05/01/1994,35.86300049,7.61071167,17.71658155,0,0.000298
06/01/1994,35.51938782,10.87590942,22.50085941,0,0.000298
07/01/1994,34.0521637,15.81871948,33.69129446,0,0.00082
08/01/1994,33.91323242,16.99526367,36.59403731,0,0.000522
09/01/1994,36.2461792,11.22524414,22.12822182,0,0.000283
10/01/1994,33.75292358,13.44181213,29.38349103,0,0.000417
11/01/1994,33.8298584,18.01679382,39.21313131,0,0.000671
12/01/1994,35.90276489,-1.289205933,9.405617687,0,0.000283
13/01/1994,35.76712952,4.532266235,14.39323813,0,0.000343
14/01/1994,34.18218384,4.59571228,15.78123215,0,0.000268
15/01/1994,32.65778503,-1.217169189,11.32390665,0,0.000283
16/01/1994,33.08564148,0.012261963,12.09539994,0,0.000268
17/01/1994,35.09636841,5.964456177,16.50204336,0,0.000283
18/01/1994,35.37027893,14.08243713,28.00555785,0,0.000283
19/01/1994,35.51584778,16.22849426,31.89280432,0,0.000328
20/01/1994,36.04787598,14.89823303,28.44238445,0,0.001721084
21/01/1994,36.38877258,9.500543213,19.56637486,0,0.000305
22/01/1994,35.64286194,11.04265747,22.59764509,0,0.000298
23/01/1994,35.08664856,11.07483826,23.35109615,0,0.000283
24/01/1994,35.39864502,13.31940613,26.6078213,5.691396713,0.000283
25/01/1994,33.68430481,17.22791443,37.61418694,5.691396713,0.027418137
26/01/1994,31.41266785,20.45636902,52.29493272,8.86848259,0.017657876
27/01/1994,33.3208252,17.90278015,40.05574028,0,0.001758337
28/01/1994,34.26911316,16.11443481,33.92212945,0,0.000417
29/01/1994,36.32753906,11.41126404,22.30325446,0,0.000373
30/01/1994,34.62613831,6.945901489,18.1232326,0,0.00076
31/01/1994,34.33504639,9.839532471,22.41656907,0,0.000298
01/02/1994,34.90450439,3.738519287,14.27506558,0,0.000253
02/02/1994,35.83857117,2.92131958,12.79672598,0,0.000238
03/02/1994,35.68978271,9.977593994,20.99297672,0,0.000268
04/02/1994,34.11202393,14.673349,31.19669127,3.251382113,0.000566
05/02/1994,35.8429657,12.47997437,24.57683648,0,0.000253
06/02/1994,37.4704834,9.516931152,18.46664936,0,0.000253
07/02/1994,36.97564087,10.21805725,19.88386679,0,0.000238
08/02/1994,36.19658813,13.31307373,25.45586874,0,0.000283
09/02/1994,36.10811768,10.89330444,21.80992053,0,0.000328
10/02/1994,35.59006653,12.54371033,25.02548096,0,0.000477
11/02/1994,35.09102783,15.74633179,31.65853722,0,0.001013279
12/02/1994,36.22442017,12.60125122,24.26033378,0,0.000238
13/02/1994,36.420755,11.17618713,21.84655083,0,0.000253
14/02/1994,37.07555542,5.14473877,13.98520601,0,0.000253
15/02/1994,37.18892822,-2.430075073,8.058065501,0,0.000253
16/02/1994,36.08632813,4.888574219,14.50026796,0,0.000313
17/02/1994,36.29773865,8.540338135,18.42923128,0,0.000492
18/02/1994,36.77979431,10.02198181,19.83522038,0,0.000238
19/02/1994,36.74094543,9.886682129,19.69784116,0,0.000238
20/02/1994,36.70119629,12.23816833,23.07871269,0,0.000268
21/02/1994,37.22211609,4.180200195,12.96830821,2.84114933,0.000373
22/02/1994,37.14969788,2.580987549,11.62673211,0,0.000238
23/02/1994,36.46581421,10.68670044,21.09474134,0,0.000224
24/02/1994,37.13372192,5.03951416,13.83905566,0,0.000224
25/02/1994,37.70516357,1.485818481,10.43109291,0,0.000216
26/02/1994,37.39728699,9.276986694,18.24303114,0,0.000201
27/02/1994,36.62420044,12.45281372,23.50537782,0,0.000224
28/02/1994,37.63276062,10.09996948,19.03526293,0,0.000194
01/03/1994,37.84023438,10.67144165,19.55495019,0,0.000224
02/03/1994,37.66259155,12.46546326,22.23261741,1.91740346,0.000224
03/03/1994,36.80397949,14.72431335,26.98579013,0,0.001490116
04/03/1994,36.33052979,17.08233032,32.19826107,0,0.000328
05/03/1994,35.90679321,17.01786194,32.82063842,0,0.004127622
06/03/1994,36.51537476,14.30301819,26.67804592,0,0.000253
07/03/1994,38.49285278,10.69519958,18.90762969,0,0.000194
08/03/1994,38.04744873,12.75139771,22.1866543,0,0.000224
09/03/1994,36.06356201,17.10770569,32.72521709,1.957442045,0.003218651
10/03/1994,27.60106812,22.42185364,73.45445083,2.936163187,0.02451241
11/03/1994,36.79923401,15.25977478,27.93959534,9.872010231,0.000358
12/03/1994,35.29955444,16.60666809,33.0616888,0,0.000447
13/03/1994,35.76407776,17.09299622,33.23676598,0,0.010147691
14/03/1994,34.68074951,19.70719299,41.56661733,5.923206329,0.009611249
15/03/1994,35.02126465,17.07666931,34.58985394,4.936004639,0.000358
16/03/1994,36.36124573,16.85274658,31.67977668,0,0.000328
17/03/1994,36.24778137,15.84032593,29.88628657,2.364749193,0.000283
18/03/1994,36.85656128,16.53582153,30.21958364,0,0.000253
19/03/1994,35.70752869,19.10302124,37.82815602,0,0.003144145
20/03/1994,34.62194214,18.01661072,37.52363816,0,0.000477
21/03/1994,37.41858826,16.35010681,28.96498573,4.500197887,0.002548099
22/03/1994,34.80918274,18.58733521,38.49009687,1.968836546,0.003412366
23/03/1994,37.96158752,13.76810608,23.81945295,0,0.000179
24/03/1994,37.33791504,16.89908752,30.12521963,0,0.001236796
25/03/1994,38.36252747,13.26552734,22.55841131,0,0.000164
26/03/1994,37.1879364,13.65152893,24.65261334,2.224303007,0.000581
27/03/1994,36.43042908,16.18956909,30.25640628,0,0.000209
28/03/1994,37.99039612,15.92632446,27.33213528,0,0.000194
29/03/1994,38.27146301,14.13453064,23.98788696,0,0.000253
30/03/1994,38.47982178,14.5349823,24.34267608,0,0.000209
31/03/1994,38.38868103,14.64263306,24.6332465,0,0.000209
01/04/1994,38.24825439,15.23754272,25.79012477,0,0.000179
02/04/1994,36.04143677,19.16047058,37.27402598,0,0.000522
03/04/1994,28.87282715,22.99277649,70.6231212,12.52750683,0.02156198
04/04/1994,32.26230774,20.22623596,49.13742252,39.75074387,0.003740191
05/04/1994,33.48890076,17.15696106,37.85657759,13.00933361,0.002920628
06/04/1994,33.4394928,19.431604,43.78371366,13.98922729,0.062406063
07/04/1994,32.41268311,20.53145752,49.649245,13.98922729,0.062867999
08/04/1994,32.8006073,18.25240479,42.15733158,4.663075924,0.013574958
09/04/1994,36.62104187,7.340936279,16.68534129,0,0.000149
10/04/1994,35.88787231,14.32763062,27.65516815,0,0.000268
11/04/1994,35.52648315,17.4235321,34.3853608,0,0.000641
12/04/1994,36.62565002,16.1930481,29.94193216,0,0.000194
13/04/1994,33.71193848,18.71054993,41.22667341,0.789980114,0.000611
14/04/1994,35.44977722,18.33078918,36.56003202,7.307315826,0.001966953
15/04/1994,36.02753601,19.1091095,37.18324818,0,0.000894
16/04/1994,30.476297,22.94634399,64.22238804,8.553027153,0.022605062
17/04/1994,30.75921021,22.68267212,62.19213937,10.56550407,0.038847327
18/04/1994,35.07860718,20.78443298,43.46018881,0,0.00102818
19/04/1994,33.38515625,21.52797852,49.97842892,0,0.000283
20/04/1994,34.17157898,20.53315125,44.99899466,0,0.000253
21/04/1994,34.14244995,20.49512634,44.96640586,6.988908291,0.000432
22/04/1994,35.35466919,20.59049377,42.29504498,0,0.011131167
23/04/1994,33.79174194,21.61525879,49.1178197,7.987324238,0.00795722
24/04/1994,33.1975647,20.92286072,48.66630352,6.988908291,0.003039837
25/04/1994,34.17511902,20.53954468,45.00787262,0,0.000462
26/04/1994,35.18039856,20.6512085,42.86361959,8.195569038,0.002607703
27/04/1994,33.37923584,20.82407532,47.88223523,4.097784519,0.001594424
28/04/1994,34.39536438,19.51229248,41.72176305,8.195569038,0.010386109
29/04/1994,31.62828979,21.10912476,53.77637,4.097784519,0.010073185
30/04/1994,29.89151917,21.41387329,60.49553953,4.097784519,0.001758337
01/05/1994,32.04340515,21.18763123,52.78169553,5.633982658,0.036120415
02/05/1994,31.47075806,21.51333008,55.61952705,19.71893692,0.047698617
03/05/1994,31.93422852,18.17849121,44.06183522,9.85946846,0.003993511
04/05/1994,32.22110901,20.20977173,49.20166087,19.71893692,0.003755093
05/05/1994,33.5650116,19.83750305,44.58713189,0,0.001356006
06/05/1994,33.81598816,20.69817505,46.36786677,0,0.003054738
07/05/1994,34.21219788,19.5335022,42.20405974,0,0.001400709
08/05/1994,35.77214966,17.92435608,35.01189877,0,0.001311302
09/05/1994,31.91138611,21.37258301,53.78324197,15.79861832,0.001445413
10/05/1994,32.80834351,21.03104553,50.07214329,5.266206264,0.015825033
11/05/1994,32.66303406,21.30143127,51.32707446,4.385097027,0.017404556
12/05/1994,31.21978149,22.14069519,58.62000485,13.15529156,0.012785196
13/05/1994,31.56450806,21.84131775,56.44455486,0,0.002294779
14/05/1994,33.0296875,20.99163208,49.3343753,5.011539459,0.000894
15/05/1994,34.39675293,19.56720886,41.86112009,0,0.000909
16/05/1994,33.67920837,20.89077148,47.27991659,0,0.000983
17/05/1994,35.46006165,20.20194397,41.05381538,0,0.000224
18/05/1994,35.32134399,19.97995911,40.80469127,8.083357811,0.000954
19/05/1994,34.81975708,20.50893555,43.34488972,0,0.00082
20/05/1994,31.32468567,21.8816925,57.35904541,0,0.006169081
21/05/1994,33.9818512,19.88985596,43.70408322,13.96326542,0.002592802
22/05/1994,32.64478455,21.71846924,52.70762579,13.96326542,0.014603138
23/05/1994,33.76827393,19.11251221,42.14167822,0,0.000909
24/05/1994,33.88762817,20.23986206,44.89586746,0,0.000224
25/05/1994,29.76139221,21.38793335,60.85261026,9.308843613,0.003159046
26/05/1994,28.51072083,21.72800598,66.78347166,10.72059631,0.009074807
27/05/1994,27.95780334,23.00391541,74.52562826,5.360298157,0.064492226
28/05/1994,32.63369141,20.22265015,48.10963469,5.360298157,0.001177192
29/05/1994,31.40360413,21.27590332,55.0259947,10.72059631,0.025734305
30/05/1994,27.19513855,23.27680359,79.21611096,0,2.629220486
31/05/1994,29.71257935,22.13849792,63.88546664,0,0.006496906
01/06/1994,27.28554688,22.35382996,74.51351751,5.175367832,0.026807189
02/06/1994,29.58849487,20.60479126,58.57396691,0,0.000477
03/06/1994,31.9888092,20.10532532,49.53039692,5.175367832,0.007271767
04/06/1994,32.09876404,20.9243103,51.7730888,5.91470623,0.024914742
05/06/1994,29.55892334,22.60961304,66.32466844,0,0.350952148
06/06/1994,25.89483032,22.98217163,84.00918687,7.690338612,0.035569072
07/06/1994,26.71080933,23.13231812,80.79206349,7.690338612,0.028789043
08/06/1994,24.94208679,23.14736328,89.79081543,15.38067722,0.344753265
09/06/1994,29.08934937,20.66854248,60.52093283,15.38067722,0.002458692
10/06/1994,27.49624023,20.88849792,67.29457657,7.690338612,0.001743436
11/06/1994,30.36954651,20.17606506,54.54493321,0,0.002488494
12/06/1994,27.33558044,22.49369202,74.92960902,0,0.02682209
13/06/1994,31.09923706,20.35621033,52.90663939,0,0.004410744
14/06/1994,30.60109863,21.70058594,59.11472297,0,0.008374453
15/06/1994,30.77095947,20.90778503,55.76821122,0,0.000954
16/06/1994,30.68752441,19.8718811,52.56402159,0,0.001370907
17/06/1994,29.40363464,21.21183167,61.45143997,8.642181396,0.016182661
18/06/1994,27.88923035,22.7869812,73.8478176,0,0.092074275
19/06/1994,24.92092285,21.73763428,82.52577329,8.642181396,0.088870525
20/06/1994,30.33904419,20.13089905,54.48781882,0,0.001043081
21/06/1994,26.56815491,23.65038452,84.05838338,4.750780582,0.05684793
22/06/1994,29.20209656,21.3403717,62.66143747,4.750780582,0.032246113
23/06/1994,28.99755249,21.59217224,64.39067739,4.750780582,0.007227063
24/06/1994,28.92191467,20.96764526,62.24405126,9.501561165,0.070422888
25/06/1994,27.73618469,22.83808289,74.74075762,0,0.054448843
26/06/1994,28.95366821,21.65403137,64.79877941,8.073172569,0.08648634
27/06/1994,29.30037842,22.37346802,66.36142552,8.073172569,0.036850572
28/06/1994,26.58564148,21.1995636,72.3551128,0,0.006243587
29/06/1994,29.44262085,20.45714722,58.53271245,0,0.003352761
30/06/1994,29.84307251,20.04920349,55.77646442,0,0.003248453
01/07/1994,28.35863647,20.77652893,63.55792851,5.55855608,0.035852194
02/07/1994,28.11722717,21.31711731,66.63141557,5.55855608,0.072076917
03/07/1994,27.60860596,21.08101807,67.64962226,0,0.009089708
04/07/1994,23.69083557,22.40577087,92.52440776,5.55855608,0.104576349
05/07/1994,24.74852905,21.14550171,80.41050825,0,0.028774142
06/07/1994,28.73943481,20.04717407,59.43396729,0,0.004023314
07/07/1994,28.53081665,20.43221436,61.60516203,9.560531616,0.004529953
08/07/1994,27.68717346,21.17748413,67.73983393,9.560531616,0.035017729
09/07/1994,26.67823181,21.30310974,72.42031414,19.12106323,0.017672777
10/07/1994,28.34888611,21.29873047,65.666217,0,0.010028481
11/07/1994,29.39864502,21.84427795,63.89391442,4.263043404,0.027701259
12/07/1994,24.85164795,22.16686401,85.06473047,8.526086807,0.062733889
13/07/1994,27.71804199,20.49308167,64.83076303,4.263043404,0.009745359
14/07/1994,28.63672791,21.11693726,63.86287805,0,0.009953976
15/07/1994,28.10831604,21.3504425,66.80221846,4.263043404,0.006511807
16/07/1994,25.32657776,21.27150879,78.29239411,15.1108551,0.022694468
17/07/1994,28.9467865,20.1553894,59.11960629,0,0.005573034
18/07/1994,27.47754822,21.41436157,69.57708715,0,0.038966537
19/07/1994,27.27219543,20.83910522,67.97557768,0,0.005349517
20/07/1994,28.79198608,20.95372925,62.66007522,8.634774208,0.009000301
21/07/1994,26.15513,20.52678833,71.20728215,0,0.040739775
22/07/1994,23.7289978,21.79015503,88.91513041,13.19605637,0.038295984
23/07/1994,25.18042908,22.55065308,85.38401499,0,0.099852681
24/07/1994,27.85222778,21.88668213,70.06550043,0,0.021159649
25/07/1994,28.36982117,20.34346924,61.84374538,0,0.006809831
26/07/1994,26.71524963,21.26545105,72.09625021,0,0.029161572
27/07/1994,28.07322083,20.8593689,64.95137249,0,0.008746982
28/07/1994,28.22374878,20.59224854,63.33521214,0,0.002816319
29/07/1994,26.17060242,22.49561462,80.24946831,12.85861206,0.084266067
30/07/1994,24.99825439,21.93570862,83.14541987,0,0.051990151
31/07/1994,28.60556946,21.19407043,64.28177656,0,0.007048249
01/08/1994,27.84865723,21.03943787,66.53865781,0,0.01065433
02/08/1994,25.70739136,20.55733643,73.25595247,0,0.010743737
03/08/1994,26.00715027,20.21769104,70.47503795,0,0.005081296
04/08/1994,28.37210999,20.17348633,61.1895704,0,0.006780028
05/08/1994,26.3258606,20.50481567,70.39809806,0,0.005424023
06/08/1994,29.34110413,19.25307617,54.64268283,0,0.001758337
07/08/1994,29.07702026,17.56186829,49.90158831,0,0.002354383
08/08/1994,24.47846375,19.89063416,75.63434442,0,0.045478344
09/08/1994,27.3800293,20.25802002,65.17133866,0,0.011950731
10/08/1994,26.20586548,21.50037537,75.36899666,13.88489056,0.029966235
11/08/1994,23.49285278,22.87738953,96.35094868,0,15.23405313
12/08/1994,25.44341431,21.95675049,81.07727146,0,0.051304698
13/08/1994,27.57119141,20.95559082,67.27736204,0,0.079244375
14/08/1994,26.06400452,21.01096497,73.75663672,0,0.023588538
15/08/1994,25.747995,22.60804138,82.84350075,20.17488098,0.107839704
16/08/1994,24.06960449,23.19805298,94.8892816,23.40784645,1.574605703
17/08/1994,27.09041748,21.77048645,72.73867858,11.70392323,0.042572618
18/08/1994,28.35985718,21.69906006,67.25173518,11.70392323,0.00821054
19/08/1994,27.81131897,20.94994507,66.3180871,11.70392323,0.012621284
20/08/1994,25.95572815,23.16637573,84.64442924,0,0.087425113
21/08/1994,28.37946472,20.1401001,61.03732402,0,0.004380941
22/08/1994,27.26174316,21.30202637,69.9779104,0,0.022411346
23/08/1994,25.41930542,23.06510315,86.84498378,8.813300133,0.158786774
24/08/1994,28.06543884,21.68883667,68.36995812,8.813300133,0.03644824
25/08/1994,26.2260376,20.57406006,71.11677994,0,0.004097819
26/08/1994,27.65671692,22.09784851,71.78726573,0,0.044733286
27/08/1994,24.64399109,21.69872437,83.70149121,30.77261353,0.191748142
28/08/1994,27.66573486,21.49204407,69.14442396,0,0.041902065
29/08/1994,24.23232422,23.5790802,96.15223586,10.25753784,0.071749091
30/08/1994,24.72844849,22.92434082,89.7240197,10.25753784,1.849010587
31/08/1994,26.98742065,21.76065979,73.1355084,0,0.029981136
01/09/1994,21.96102295,21.68233643,98.31340706,14.78285694,2.777218819
02/09/1994,27.38892517,21.40406189,69.89449707,14.78285694,0.059485435
03/09/1994,28.52271423,21.47614441,65.71724773,7.391428471,0.045254827
04/09/1994,26.05196533,22.1164032,78.97159248,14.78285694,1.737415791
05/09/1994,27.90786133,21.74199829,69.22464442,0,0.047698617
06/09/1994,27.03110657,21.83651123,73.28688743,0,0.984162092
07/09/1994,27.43363342,21.87101135,71.73029813,0,0.606715679
08/09/1994,26.75617371,22.15981445,75.96178507,31.29931068,0.064402819
09/09/1994,23.69063721,22.57041321,93.45517896,0,0.889748335
10/09/1994,27.31876526,20.52680359,66.49935995,0,0.024944544
11/09/1994,28.48990784,21.74283752,66.92474431,0,0.009834766
12/09/1994,27.71543274,21.2489563,67.92527233,0,0.002786517
13/09/1994,24.94692383,22.71436462,87.44333202,11.83819866,0.162959099
14/09/1994,24.94503174,21.90119324,83.23408508,11.83819866,0.097721815
15/09/1994,27.80179749,21.33724365,67.95060603,13.52937126,0.012636185
16/09/1994,27.95359192,21.60924683,68.48269904,16.06456184,0.048473477
17/09/1994,25.41336975,22.38131104,83.3484826,0,0.233232975
18/09/1994,28.38627014,21.84549866,67.75176994,8.032280922,0.040009618
19/09/1994,26.64122925,22.90097961,79.99629363,16.06456184,0.075787306
20/09/1994,27.80333862,22.05639038,70.99625263,0,0.033929944
21/09/1994,27.73522339,23.26520691,76.70030287,0,1.211225986
22/09/1994,26.14499817,21.66802368,76.41970582,10.40628242,0.079751015
23/09/1994,28.28940735,21.67298279,67.41998526,10.40628242,0.07557869
24/09/1994,28.91185913,22.00888977,66.37771914,10.40628242,0.010475516
25/09/1994,28.92507324,22.41776428,67.99797696,0,0.020310283
26/09/1994,29.11789856,22.05298767,65.76863722,10.08379459,0.009015203
27/09/1994,28.85468445,22.17383728,67.27005326,10.08379459,0.007912517
28/09/1994,28.88134155,22.19915161,67.26996628,5.041897297,0.024110079
29/09/1994,28.04294739,22.5954834,72.34481265,15.12569237,0.062763691
30/09/1994,29.27640686,21.89399109,64.54117979,5.041897297,0.041693449
01/10/1994,28.02556763,22.44536743,71.76107886,12.32251263,0.064149499
02/10/1994,23.97583923,21.65299377,86.87509931,12.32251263,1.541353762
03/10/1994,27.69681702,21.99624023,71.1774178,8.215008736,0.046387315
04/10/1994,25.98894653,22.0105072,78.75655597,4.107504368,0.089451671
05/10/1994,28.18236694,21.37441406,66.61286005,0,0.003665686
06/10/1994,30.39760742,22.41427002,62.46393357,0,0.024870038
07/10/1994,28.55431519,22.07303772,68.03170523,0,0.033959746
08/10/1994,26.04273376,21.57143555,76.43013143,4.33537674,0.083222985
09/10/1994,29.66544495,21.3973175,61.22432164,4.33537674,0.017791986
10/10/1994,30.0418335,22.58782349,64.42487535,0,0.062867999
11/10/1994,27.98166809,23.11063538,74.90384602,5.191521168,0.08481741
12/10/1994,29.68053589,21.89162598,63.04750714,0,0.020444393
13/10/1994,30.32805786,21.71502075,60.09751765,9.085160255,0.008791685
14/10/1994,28.32166443,22.04111633,68.82249902,4.542580128,0.030346215
15/10/1994,25.49675903,21.32267151,77.74861413,5.191521168,0.052914023
16/10/1994,28.46154175,21.72606812,66.9663518,9.547330856,0.013768673
17/10/1994,27.28299866,23.6868988,80.78143766,4.773665428,0.529140234
18/10/1994,26.84205017,22.38723145,76.63215868,19.09466171,0.08110702
19/10/1994,26.29343567,22.79541931,81.1317778,14.32099724,0.077411532
20/10/1994,29.85888062,21.31235657,60.23329936,14.32099724,0.560611486
21/10/1994,25.83266602,22.63648376,82.57156829,0,0.049352646
22/10/1994,29.57055054,21.45415649,61.77401874,3.057772398,0.008806586
23/10/1994,31.83083496,21.01114807,52.84431544,3.057772398,0.00333786
24/10/1994,28.55036316,22.63132629,70.39620623,6.115544796,0.042676926
25/10/1994,27.91083679,22.88813171,74.20808479,0,0.045761466
26/10/1994,28.09703979,23.16488037,74.64675939,9.656084061,0.078678131
27/10/1994,27.6478363,22.07036743,71.70436416,0,0.00962615
28/10/1994,30.0125824,22.25510559,63.24166429,4.82804203,0.089541078
29/10/1994,28.37102661,22.42139587,70.23181513,4.82804203,0.135496259
30/10/1994,30.13170776,22.27118835,62.87273068,4.82804203,0.058084726
31/10/1994,30.6352478,22.20203552,60.8313926,0,0.016242266
01/11/1994,29.87774048,21.22786865,59.8573201,0,0.005096197
02/11/1994,30.28618774,20.45792542,55.76795574,0,0.003680587
03/11/1994,30.05779419,21.9399353,61.87864131,2.551157236,0.005811453
04/11/1994,31.33568726,20.48400269,52.61357824,2.551157236,0.037893653
05/11/1994,27.55375061,22.17241821,72.54889081,1.275578618,0.001966953
06/11/1994,32.30269775,17.86306152,42.30733924,0,0.001788139
07/11/1994,31.53739319,17.53470764,43.27341097,0.718132794,0.001162291
08/11/1994,31.22295532,17.45121155,43.82121949,0,0.001683831
09/11/1994,31.60695801,16.36304626,40.01738773,0,0.001043081
10/11/1994,32.06540833,13.24408875,31.88879152,0,0.000969
11/11/1994,32.05237732,12.60411987,30.60313533,0,0.000969
12/11/1994,31.9044281,13.2530304,32.19902515,0,0.000954
13/11/1994,31.4192749,14.98179016,37.02167429,0,0.000924
14/11/1994,31.25023804,17.14428101,42.91246436,0,0.000954
15/11/1994,33.17620239,13.68505249,30.83070749,0,0.000924
16/11/1994,33.13823853,14.44024048,32.447425,0,0.001132488
17/11/1994,33.05249939,16.29082642,36.71649256,0,0.000939
18/11/1994,33.10137329,12.27483521,28.23157952,0,0.000954
19/11/1994,32.75139771,11.00579224,26.47391817,0,0.000939
20/11/1994,33.07291565,11.02404175,26.03200551,0,0.000954
21/11/1994,33.45499573,11.70786438,26.66250547,0,0.000894
22/11/1994,33.18561707,9.822610474,23.8736974,0,0.000939
23/11/1994,33.46117554,11.90841064,27.0086483,0,0.000969
24/11/1994,33.11351929,10.97347412,25.88566808,0,0.000909
25/11/1994,32.94896851,9.351937866,23.43895123,0,0.000924
26/11/1994,32.90404663,8.034295654,21.49205581,0,0.000894
27/11/1994,33.01015625,9.282983398,23.25035283,0,0.000894
28/11/1994,33.32862244,9.379602051,22.98838276,0,0.000894
29/11/1994,33.68279419,9.210626221,22.28266644,0,0.000894
30/11/1994,33.62626038,10.11939392,23.76056364,0,0.000924
01/12/1994,33.68677673,8.875970459,21.77988631,0,0.000894
02/12/1994,33.73240051,8.561380005,21.26665146,0,0.000879
03/12/1994,33.36824951,8.210305786,21.19249983,0,0.000894
04/12/1994,33.1539093,7.526193237,20.47088138,0,0.000879
05/12/1994,33.37352905,7.578820801,20.29361033,0,0.000864
06/12/1994,32.48243103,6.901040649,20.36599463,0,0.000864
07/12/1994,31.85854492,5.358575439,18.96134204,0,0.000864
08/12/1994,32.30640564,6.717584229,20.31110076,0,0.000849
09/12/1994,32.93285522,6.632119751,19.49280987,0,0.000834
10/12/1994,33.01212463,6.597146606,19.359618,0,0.000849
11/12/1994,33.5929657,6.543572998,18.67134764,0,0.000834
12/12/1994,34.17846069,6.693139648,18.25913042,0,0.00082
13/12/1994,33.88553772,6.700112915,18.56821136,0,0.000834
14/12/1994,33.65041504,5.552575684,17.37792528,0,0.00082
15/12/1994,33.91466675,4.251290894,15.63565924,0,0.000805
16/12/1994,33.10842285,3.197610474,15.18449093,0,0.000805
17/12/1994,32.55751953,3.24112854,15.70998962,0,0.000805
18/12/1994,32.77605591,3.385018921,15.67698914,0,0.00079
19/12/1994,33.71276245,5.594720459,17.36834254,0,0.00079
20/12/1994,33.97966919,7.661737061,19.73001278,0,0.000805
21/12/1994,34.03536377,7.62192688,19.61551472,0,0.000775
22/12/1994,34.46602783,8.846246338,20.8137351,0,0.000775
23/12/1994,34.58902893,8.011422729,19.5335102,0,0.000745
24/12/1994,34.54778442,7.125924683,18.42846361,0,0.00079
25/12/1994,35.54117737,6.045007324,16.1922584,0,0.000745
26/12/1994,35.79082642,5.557046509,15.44004479,0,0.000745
27/12/1994,35.55263672,5.456567383,15.53475851,0,0.000745
28/12/1994,34.94573364,12.61005554,26.0441176,0,0.000745
29/12/1994,35.10328064,8.217263794,19.25330078,0,0.00073
30/12/1994,34.6892334,7.533944702,18.80265645,0,0.000715
31/12/1994,33.67389832,14.869104,32.37386265,0,0.000745
01/01/1995,34.41596375,12.97120056,27.46204462,0,0.00073
02/01/1995,35.11725769,9.17661438,20.52985443,0,0.000715
03/01/1995,35.01296387,7.864251709,18.8900902,0,0.0007
04/01/1995,35.29937134,6.137063599,16.51427794,0,0.0007
05/01/1995,35.32077942,5.34446106,15.61222386,0,0.000715
06/01/1995,35.10088501,3.614144897,13.99755881,0,0.000685
07/01/1995,34.37949524,2.026864624,13.0137945,0,0.000656
08/01/1995,34.98764954,2.205072021,12.74398876,0,0.000685
09/01/1995,35.78974304,3.841241455,13.69394298,0,0.000671
10/01/1995,34.49640808,0.901193237,11.92455064,0,0.000685
11/01/1995,33.92756042,1.329415894,12.69358405,0,0.000641
12/01/1995,34.64191589,6.152642822,17.14400464,0,0.000656
13/01/1995,34.68018494,8.288705444,19.80514227,0,0.000656
14/01/1995,34.92485962,14.60082397,29.68209384,0,0.000641
15/01/1995,35.89899597,9.654367065,20.30769599,0,0.000641
16/01/1995,35.92870483,11.0540863,22.26235538,0,0.000641
17/01/1995,35.00959167,6.037850952,16.66581746,0,0.000626
18/01/1995,34.89231262,6.130792236,16.88244341,0,0.000611
19/01/1995,34.77802429,4.298898315,14.95355312,0,0.000626
20/01/1995,35.57290039,3.821939087,13.83938382,0,0.000626
21/01/1995,35.87528381,2.66010437,12.53596634,0,0.000596
22/01/1995,35.54203186,3.309152222,13.36975564,0,0.000581
23/01/1995,35.83731995,2.828897095,12.71384966,5.250364304,0.000626
24/01/1995,35.30875549,2.712808228,12.98154567,0,0.000581
25/01/1995,34.81290588,3.100808716,13.71487191,0,0.000581
26/01/1995,34.32026062,3.499246216,14.49789815,0,0.000581
27/01/1995,35.15809021,3.009667969,13.3689489,0,0.000596
28/01/1995,35.97208557,3.502526855,13.23725449,0,0.000566
29/01/1995,36.2341095,6.048608398,15.59159602,0,0.000581
30/01/1995,36.07335815,10.38308105,21.12075749,0,0.000551
31/01/1995,36.0954834,9.963708496,20.51138661,0,0.000536
01/02/1995,35.44338379,11.21784363,23.11449377,0,0.000581
02/02/1995,35.7759491,4.946084595,14.80881323,0,0.000536
03/02/1995,35.55117188,5.263482666,15.32863149,0,0.000551
04/02/1995,35.36591492,3.795022583,13.97153166,0,0.000522
05/02/1995,35.29494629,-2.024969482,9.211492077,0,0.000551
06/02/1995,35.20415649,0.624978638,11.23984515,0,0.000522
07/02/1995,35.19094238,2.520074463,12.88812224,0,0.000536
08/02/1995,35.29023132,9.936151123,21.40049587,0,0.000626
09/02/1995,35.64206848,11.49718628,23.29030282,0,0.000522
10/02/1995,35.4835144,14.88746033,29.31807711,0,0.000581
11/02/1995,35.84047852,14.0881897,27.3004433,0,0.000656
12/02/1995,33.08995972,20.05953369,46.42216891,0,0.003367662
13/02/1995,35.9815155,3.722589111,13.43759616,0,0.000536
14/02/1995,36.69298706,7.886956787,17.25164561,0,0.000507
15/02/1995,36.27807007,5.845819092,15.33716566,0,0.0007
16/02/1995,36.72425232,6.080834961,15.21319833,0,0.000536
17/02/1995,36.76075134,8.855691528,18.35658346,0,0.000492
18/02/1995,36.42420349,7.861245728,17.47623329,0,0.000477
19/02/1995,36.7815033,7.517388916,16.7407426,0,0.000477
20/02/1995,37.09298096,-0.644979858,9.239705941,0,0.000477
21/02/1995,37.11264954,-1.971304321,8.371555343,0,0.000462
22/02/1995,36.81609497,-2.505957031,8.177130868,0,0.000462
23/02/1995,36.81917725,-3.70960083,7.472537684,0,0.000462
24/02/1995,37.48516235,-3.419271851,7.365293088,0,0.000417
25/02/1995,37.48510132,-1.835531616,8.28659242,0,0.000462
26/02/1995,37.55167542,7.557580566,16.0979914,0,0.000462
27/02/1995,36.7096344,11.47339783,21.93235596,8.619531631,0.000447
28/02/1995,36.96779785,14.7920166,26.8629324,0,0.001773238
01/03/1995,37.64043579,11.93166504,21.49067476,0,0.000432
02/03/1995,38.08866272,10.58817444,19.1871418,0,0.000417
03/03/1995,37.08175049,12.39083252,22.83301706,0,0.000432
04/03/1995,37.40934143,11.87845764,21.68557074,2.650690794,0.000432
05/03/1995,37.92272339,11.41298828,20.45115622,0,0.000447
06/03/1995,38.74025879,10.59447632,18.53262901,2.926744461,0.000402
07/03/1995,37.13334045,12.77796326,23.35492258,0,0.000417
08/03/1995,38.61133728,13.31412659,22.32871159,2.926744461,0.000387
09/03/1995,38.27214966,12.59673462,21.69781121,2.926744461,0.000432
10/03/1995,37.18439636,15.50704346,27.79721358,5.853488922,0.000462
11/03/1995,38.06975708,15.61060486,26.67081276,0,0.000492
12/03/1995,35.39882813,19.24572144,38.82006247,2.538321257,0.001400709
13/03/1995,37.42774353,16.68250427,29.56926984,0.581698656,0.000402
14/03/1995,35.93132935,18.71689758,36.47591626,11.15803814,0.012010336
15/03/1995,35.08043823,20.34763489,42.30154846,2.37967658,0.008940697
16/03/1995,37.60688171,17.83266602,31.49270978,0,0.002652407
17/03/1995,36.23618469,20.04177246,38.95266273,0.982596934,0.003367662
18/03/1995,30.73851929,23.3341156,64.76778392,3.895294666,0.024691224
19/03/1995,35.24646912,19.35164795,39.40652043,0,0.013016164
20/03/1995,33.70862732,20.3833252,45.74975667,9.369762421,0.002913177
21/03/1995,32.82904968,20.85416565,49.47325637,0,0.031068921
22/03/1995,31.94332275,19.99051819,49.30637389,2.947418213,0.002026558
23/03/1995,34.55678711,18.19565735,38.08542293,2.947418213,0.002503395
24/03/1995,34.95327148,11.78574524,24.65812861,2.947418213,0.000387
25/03/1995,37.31635437,7.732202148,16.5006368,0,0.000343
26/03/1995,37.65723572,8.218545532,16.74379955,0,0.000373
27/03/1995,37.60767517,12.78319702,22.76864767,0,0.000358
28/03/1995,37.04902039,15.73787842,28.41995044,1.707225919,0.002130866
29/03/1995,37.98392639,13.652948,23.61315831,0,0.000358
30/03/1995,37.29464111,16.79242859,29.99248613,1.707225919,0.000402
31/03/1995,36.55126343,17.59725342,32.86424046,3.414451838,0.002190471
01/04/1995,36.50574646,18.44968567,34.75978658,6.432779789,0.01168251
02/04/1995,37.5853363,18.5274292,32.93537615,3.675874233,0.008627772
03/04/1995,33.70731506,21.46695862,48.90404784,6.432779789,0.011563301
04/04/1995,36.83733521,17.157724,31.46882399,0,0.000373
05/04/1995,38.16604004,15.61342773,26.53723534,0,0.000328
06/04/1995,38.47980652,13.35738525,22.55100445,0,0.000343
07/04/1995,38.51340637,13.59665833,22.8639527,4.031921864,0.000358
08/04/1995,36.1610199,19.02518616,36.71944936,0,0.001311302
09/04/1995,37.66845093,15.03869019,26.27359471,0,0.000298
10/04/1995,37.65873108,17.17391357,30.12523481,8.063843727,0.000358
11/04/1995,38.27671204,16.35480652,27.65853957,8.156115532,0.000313
12/04/1995,37.38060913,17.84917603,31.91498835,8.156115532,0.000581
13/04/1995,37.89548645,16.19106445,27.94111535,0,0.000343
14/04/1995,35.8583313,19.46735535,38.37651233,4.078057766,0.000745
15/04/1995,37.50385437,18.42423401,32.86812902,4.078057766,0.011146069
16/04/1995,26.4848114,23.66730652,84.557946,12.36459827,0.037908554
17/04/1995,26.43990479,23.31447754,82.99845851,5.409511089,0.03489852
18/04/1995,37.59552917,14.36974487,25.2632224,0,0.000313
19/04/1995,34.93657837,19.4971405,40.45112676,0,0.00153482
20/04/1995,33.43996582,21.64420471,50.18084292,5.409511089,0.00217557
21/04/1995,32.06855164,21.82366333,54.79831871,6.52082634,0.00333786
22/04/1995,32.32149658,21.13923035,51.80578509,5.705722332,0.009030104
23/04/1995,26.1423584,23.73179016,86.61837368,13.04165268,0.062122941
24/04/1995,32.61371765,22.33374939,54.817108,0,0.02720952
25/04/1995,33.89748535,20.75319824,46.31431921,0,0.0205338
26/04/1995,31.84830627,22.1736084,56.68100461,0,0.014156103
27/04/1995,32.24364624,22.26685486,55.74459071,0,0.019192696
28/04/1995,30.72774658,23.00281677,63.52353135,14.26551819,0.040605664
29/04/1995,32.98273621,21.50586853,51.04872304,6.241164207,0.001966953
30/04/1995,31.93355713,21.40201721,53.81277637,0,0.002503395
01/05/1995,32.18312988,22.12133179,55.44203621,5.582891464,0.035911798
02/05/1995,32.75052795,21.68605957,52.29159085,12.76089573,0.004559755
03/05/1995,32.84884033,21.19838867,50.47409588,0,0.004678965
04/05/1995,30.93311462,22.82953796,62.12922125,11.16578293,0.024527311
05/05/1995,33.31228027,19.37149963,43.93185431,0,0.000656
06/05/1995,34.70809326,20.53933105,43.6955029,0,0.01642108
07/05/1995,29.93297729,22.01534424,62.61041392,4.813938618,0.011712313
08/05/1995,33.10935364,21.04348145,49.27117313,11.00328922,0.001877546
09/05/1995,33.40819702,17.40996704,38.64101874,0,0.001221895
10/05/1995,32.51889954,21.52835999,52.46896993,4.813938618,0.014409423
11/05/1995,28.9235321,23.45983276,72.43036496,6.589961052,0.04683435
12/05/1995,31.35588989,22.63285217,59.93450117,0,0.011488795
13/05/1995,32.12507019,21.77909241,54.47528799,5.766215324,0.000745
14/05/1995,32.12406311,22.43709717,56.70583455,0,0.004261732
15/05/1995,33.53522644,20.54552612,46.65932287,0,0.000477
16/05/1995,33.40296326,20.20336304,46.02324381,0,0.000656
17/05/1995,34.8322998,19.97057495,41.89768691,9.805323601,0.000685
18/05/1995,33.87171326,21.34995422,48.11183459,4.9026618,0.00308454
19/05/1995,34.92444763,20.05336914,41.89882202,9.805323601,0.005230308
20/05/1995,35.67505798,19.1358429,37.97336624,0,0.000581
21/05/1995,34.25237427,21.6308075,47.91981223,0,0.000954
22/05/1995,31.18999634,22.06554565,58.45120401,0,0.029191375
23/05/1995,31.50040588,22.65899048,59.53928455,0,0.949680805
24/05/1995,28.52555237,22.57413635,70.25338496,20.8648243,0.015377998
25/05/1995,32.78530273,19.37333069,45.25449281,0,0.000402
26/05/1995,33.4299408,20.62441406,47.16342148,11.44769001,0.005483627
27/05/1995,31.52428589,20.96787415,53.62718847,5.723845005,0.001937151
28/05/1995,33.76281128,19.37372742,42.84579175,0,0.002086163
29/05/1995,31.43763123,21.92678223,57.14940641,5.723845005,0.021979213
30/05/1995,31.28896484,20.71621094,53.51358422,11.44769001,0.008940697
31/05/1995,32.37824402,20.56867371,49.85992463,11.44769001,0.022888184
01/06/1995,31.41867981,21.99042664,57.43333927,0,0.008866191
02/06/1995,31.8518158,22.51111755,57.8444847,4.494484425,0.03194809
03/06/1995,31.34981689,22.46825562,59.35920447,22.47242355,0.032439828
04/06/1995,30.60041199,22.40160522,61.69671606,0,0.049218535
05/06/1995,31.00594482,22.13108215,59.3026742,0,0.010073185
06/06/1995,32.67672119,20.85421143,49.89870548,0,0.012278557
07/06/1995,31.14408264,22.86644897,61.52504986,0,0.065773726
08/06/1995,27.72628174,23.65917358,78.58428287,29.96476555,1.538977027
09/06/1995,31.06385193,21.2958313,56.16736223,19.66437721,0.001609325
10/06/1995,32.43192444,22.07900391,54.52902077,6.554792881,0.000909
11/06/1995,30.56226501,23.33768616,65.43676502,0,0.019818544
12/06/1995,31.03054199,22.85941467,61.89740591,12.9186697,0.041678548
13/06/1995,31.10068665,22.06557617,58.74894122,25.8373394,0.004947186
14/06/1995,30.27556763,21.63143311,59.97122155,0,0.011980534
15/06/1995,30.32848511,22.65316162,63.62740986,6.45933485,0.030726194
16/06/1995,30.24056396,22.63903198,63.89362831,0,0.051259995
17/06/1995,30.42347107,21.36583862,58.50734748,8.561495781,0.000864
18/06/1995,31.26412354,21.46738586,56.11789164,0,0.002741814
19/06/1995,24.81221924,23.06054077,90.01518246,17.12299156,0.088840723
20/06/1995,30.21979675,21.29148254,58.92414295,8.561495781,0.02630055
21/06/1995,30.29236755,20.73529968,56.70921088,0,0.002235174
22/06/1995,30.49634705,22.4568573,62.27324013,0,0.022515655
23/06/1995,28.1380249,24.13808594,78.9609182,11.79297829,0.085234642
24/06/1995,25.70502625,23.22742615,86.22717142,23.58595657,3.988862038
25/06/1995,27.88991699,20.61724243,64.6773268,0,0.61827898
26/06/1995,28.85393677,18.80126343,54.64002113,0,0.002875924
27/06/1995,27.46654663,21.94448242,71.91394713,6.100989819,0.023201108
28/06/1995,28.26828918,22.33236084,70.27090967,12.20197964,0.028476119
29/06/1995,29.2081543,21.00638733,61.36928037,6.100989819,0.053077936
30/06/1995,25.5765625,22.018396,80.74210253,6.100989819,0.084906816
01/07/1995,26.5954071,21.62159119,74.20652103,0,0.005125999
02/07/1995,29.69843445,20.82987366,59.01687841,0,0.000477
03/07/1995,24.53002319,23.27007446,92.71099522,13.34215164,2.502396703
04/07/1995,23.29465637,22.05832825,92.77760259,0,0.054568052
05/07/1995,28.81844482,20.43178711,60.5855713,0,0.008046627
06/07/1995,29.66178284,19.73931274,55.28882212,6.05957222,0.00411272
07/07/1995,25.16356812,22.11531982,83.23730822,12.11914444,0.213712454
08/07/1995,26.13633118,21.20032654,74.30072103,12.11914444,0.025078654
09/07/1995,26.73703918,21.88904724,74.80274065,0,0.022411346
10/07/1995,27.62276611,22.28215942,72.74112424,6.05957222,0.040441751
11/07/1995,27.84571228,22.78132019,74.00997601,12.48966789,0.749409199
12/07/1995,28.23548279,21.58684692,67.27643006,0,0.02796948
13/07/1995,27.81168518,22.1839386,71.51501813,6.244833946,0.040858984
14/07/1995,27.76279602,21.29326782,67.92207373,0,0.422552228
15/07/1995,28.74779663,20.8341156,62.36033046,12.48966789,0.008553267
16/07/1995,28.29682312,21.57744751,66.99853528,0,0.007659197
17/07/1995,27.45437012,21.11733398,68.41438128,0,0.006139278
18/07/1995,25.68625793,22.63057861,83.26079572,0,0.086799264
19/07/1995,26.80495605,22.99865112,79.69960275,5.654732227,1.487895846
20/07/1995,26.03817139,22.44072876,80.61051438,5.654732227,0.036552548
21/07/1995,25.22522888,21.53788147,80.06071694,9.96330452,0.061511993
22/07/1995,26.5677887,20.66156921,70.07548634,9.96330452,0.083580613
23/07/1995,29.31472168,21.70531616,63.66126897,0,0.05941093
24/07/1995,28.9084259,21.08963928,62.7610543,9.96330452,0.052526593
25/07/1995,26.7144104,22.60151062,78.22025827,9.96330452,0.048309565
26/07/1995,25.84674988,21.0234314,74.7675308,8.663507462,0.045597553
27/07/1995,28.54490051,20.85056458,63.16165464,0,0.008523464
28/07/1995,28.36576233,21.71256409,67.28416298,0,0.009983778
29/07/1995,26.57441101,22.27301941,77.30893085,17.32701492,0.065624714
30/07/1995,26.28659973,21.51690063,75.08670302,25.99052238,0.02707541
31/07/1995,25.87844238,21.76856384,78.11153336,0,0.028595328
01/08/1995,26.22937927,21.74321899,76.3901143,11.12564087,0.024437904
02/08/1995,29.33007202,20.90673218,60.56727562,0,0.005066395
03/08/1995,27.55028687,21.3789917,69.13205793,0,0.010356307
04/08/1995,25.77649841,22.00634155,79.73251229,11.12564087,0.861287117
05/08/1995,22.59609375,22.11586914,97.12316451,0,1.924142241
06/08/1995,28.39986572,20.6090332,62.75543207,8.251485825,0.039532781
07/08/1995,25.6778656,21.67049561,78.57269144,0,0.037804246
08/08/1995,23.04552612,21.92629395,93.42937914,33.0059433,0.109761953
09/08/1995,27.90056763,21.51001892,68.27895075,0,0.014364719
10/08/1995,27.56913147,21.91317139,71.3477539,0,0.303477049
11/08/1995,24.33660278,22.67615662,90.47993135,18.41709518,2.806514502
12/08/1995,28.88839111,20.87258301,62.00151954,0,0.015765429
13/08/1995,26.20215759,22.0181366,77.80704167,9.574691772,1.079380512
14/08/1995,26.06122742,23.14141235,83.99146091,5.821705818,0.122159719
15/08/1995,27.62243042,21.36860046,68.79756688,8.879015923,0.018745661
16/08/1995,28.50661621,21.54050598,66.03817393,5.374575138,0.05659461
17/08/1995,27.67121277,22.70412598,74.41819935,0,0.06647408
18/08/1995,30.41123352,21.29754028,58.30382158,10.74915028,0.040650368
19/08/1995,24.06139526,22.4526001,90.74509998,10.74915028,3.138974309
20/08/1995,28.92714844,22.22327576,67.19056453,5.374575138,1.728788018
21/08/1995,28.96476135,21.68760071,64.89021323,13.77057362,0.022530556
22/08/1995,28.6353241,21.35097656,64.79117031,13.77057362,0.493437052
23/08/1995,28.72001038,21.40603027,64.69185177,0,1.243904233
24/08/1995,28.77329407,21.6975647,65.65286496,13.77057362,1.907631755
25/08/1995,26.00283203,22.90484009,83.08464678,20.65585899,1.349270344
26/08/1995,25.01584778,21.54897461,81.11957012,14.87433624,0.051289797
27/08/1995,28.26972351,22.54683838,71.18649342,0,0.249668956
28/08/1995,29.40841064,21.18630371,61.33842491,0,0.009179115
29/08/1995,29.10794983,21.81844482,64.87190782,14.87433624,0.027775764
30/08/1995,28.29888306,22.3480011,70.21283729,0,0.074893236
31/08/1995,29.01223145,21.64898071,64.5598905,7.437168121,0.015839934
01/09/1995,26.25196228,23.29126892,83.80581447,17.34575462,0.398442149
02/09/1995,27.17731628,22.97789917,77.8794794,0,0.074356794
03/09/1995,28.74085388,20.73842773,62.01920024,0,0.015467405
04/09/1995,29.51152954,21.92861328,63.80730712,0,0.025048852
05/09/1995,27.86350403,22.34671936,72.00877978,17.34575462,0.013843179
06/09/1995,28.72071228,22.48456726,69.08662702,0,0.074669719
07/09/1995,29.65596924,21.43149719,61.38602226,0,0.015199184
08/09/1995,27.76496277,22.10823975,71.38041253,16.80950165,0.044107437
09/09/1995,26.30317078,21.19284973,73.53901088,8.404750824,0.008359551
10/09/1995,28.76049194,21.79429016,66.09079672,0,0.016719103
11/09/1995,28.29378662,21.18570862,65.4218136,15.65758324,0.009655952
12/09/1995,29.01864014,22.65032349,68.59271199,15.65758324,0.015109777
13/09/1995,27.71979675,20.57459412,65.15068503,0,0.010505319
14/09/1995,29.38665161,20.89501343,60.32661939,0,0.011861324
15/09/1995,27.46911011,22.29448853,73.45214865,0,0.040397048
16/09/1995,24.21578369,21.67678223,85.75837306,23.76366234,0.059306622
17/09/1995,28.34679565,20.8351532,63.83143272,0,0.017881393
18/09/1995,30.32688293,22.19716797,61.89462752,0,0.014364719
19/09/1995,31.73795471,21.64252625,55.21812673,7.921220779,0.007301569
20/09/1995,29.44211731,22.42171631,66.0148391,15.84244156,0.05440414
21/09/1995,29.49874268,21.81347046,63.40728373,13.38317204,0.010356307
22/09/1995,26.74555359,21.79322205,74.32937024,0,0.061094761
23/09/1995,28.49787292,22.49021301,70.0087071,26.76634407,0.085771084
24/09/1995,25.29282532,21.91755066,81.61042214,6.691586018,0.09137392
25/09/1995,28.91594849,21.97364197,66.21959503,6.691586018,0.033259392
26/09/1995,30.28101501,22.7987915,64.3661458,9.761521339,0.018149614
27/09/1995,27.67655334,23.63057861,78.6771457,0,0.024616718
28/09/1995,26.26360474,24.11081848,87.98087626,29.28456497,0.16450882
29/09/1995,27.71973572,22.71982727,74.27842452,0,0.01308322
30/09/1995,29.0197998,21.70279846,64.74422473,0,0.004768372
01/10/1995,29.30864868,21.65924988,63.50456436,9.55992794,0.008225441
02/10/1995,28.45681152,22.11695251,68.60080168,9.55992794,0.04568696
03/10/1995,27.82854614,21.9808136,70.56621328,0,0.0846982
04/10/1995,30.10765991,21.62430725,60.52437901,4.77996397,0.013932586
05/10/1995,28.65860901,22.07096252,67.61315123,9.55992794,0.093594193
06/10/1995,28.22356567,22.02434692,69.14522531,4.224855423,0.07481873
07/10/1995,25.36292419,22.47309265,84.0659983,8.449710846,2.973765135
08/10/1995,24.92939148,23.32169495,90.80956264,8.449710846,0.547230244
09/10/1995,30.43421326,21.94916687,60.5934687,8.449710846,0.19723177
10/10/1995,25.85547791,23.0650116,84.62791992,4.224855423,0.246956944
11/10/1995,29.41469727,22.73885498,67.4039039,6.907164574,0.030681491
12/10/1995,30.11039124,22.03832397,62.06346971,6.907164574,0.004723668
13/10/1995,28.35605774,24.7270752,80.76285569,0,0.048652291
14/10/1995,30.7723175,22.18296204,60.2874751,0,0.003680587
15/10/1995,30.98290405,20.94843445,55.23655599,3.453582287,0.00295043
16/10/1995,30.12529907,21.7096344,60.77931953,3.234895706,0.0102669
17/10/1995,28.56357727,21.40380249,65.27201467,0,0.004455447
18/10/1995,31.27871094,20.54439697,52.98104511,0,0.002637506
19/10/1995,26.37713013,22.25489197,78.12630504,9.704687119,0.044435263
20/10/1995,27.54615173,20.98543701,67.49950934,3.234895706,0.002607703
21/10/1995,28.43306885,21.50170288,66.16332616,17.0710144,0.024184585
22/10/1995,28.21677551,22.3286377,70.46566045,14.9371376,0.02476573
23/10/1995,30.17627869,22.33088074,62.94044127,0,0.03297627
24/10/1995,31.21485291,22.11998901,58.56254609,0,0.085964799
25/10/1995,27.37636719,22.78099976,76.06504365,14.9371376,0.038340688
26/10/1995,28.00531921,22.28772888,71.16064175,20.20864868,0.007763505
27/10/1995,29.02262268,20.66922913,60.7572282,0,0.001609325
28/10/1995,32.41700134,17.95112,42.2692329,0,0.001311302
29/10/1995,30.95427856,19.91394958,51.90584145,5.05216217,0.004172325
30/10/1995,27.56002197,22.34325562,73.27990674,0,0.027224422
31/10/1995,30.68514404,21.52068481,58.18829421,0,0.001773238
01/11/1995,29.40041504,22.90665588,68.14848402,3.146834612,0.014394522
02/11/1995,28.23853455,21.69866333,67.72577192,3.146834612,0.031396747
03/11/1995,26.67658386,20.69132385,69.75605912,6.293669224,0.003218651
04/11/1995,29.52851257,20.84620056,59.65644531,0,0.044159591
05/11/1995,27.95215759,21.97133789,70.01926844,3.146834612,0.011570752
06/11/1995,30.40265808,21.84650574,60.32394348,1.645300984,0.010997057
07/11/1995,31.19913635,21.56646118,56.66798725,0,0.001549721
08/11/1995,30.96772156,20.78197632,54.72136478,3.290601969,0.002712011
09/11/1995,30.93692932,20.4210144,53.61170389,0,0.004068017
10/11/1995,31.82758484,17.50657043,42.49240598,0,0.001683831
11/11/1995,33.31334839,12.92173157,29.10824494,0,0.001579523
12/11/1995,32.96991882,13.40377197,30.62313923,0,0.001490116
13/11/1995,32.40412292,13.20765076,31.21092669,0,0.001564622
14/11/1995,31.54113159,10.18059692,26.82795885,0,0.001505017
15/11/1995,31.81682739,11.94510803,29.69742142,0,0.001475215
16/11/1995,31.95624695,15.57061157,37.2970857,0,0.00141561
17/11/1995,32.95630798,9.478356934,23.62957228,0,0.001370907
18/11/1995,32.66027222,9.389550781,23.88258264,0,0.001445413
19/11/1995,32.11202393,10.21312866,26.03180132,0,0.002399087
20/11/1995,31.67669067,6.356332397,20.52932361,0,0.001370907
21/11/1995,32.28035889,10.2146698,25.788365,0,0.001341105
22/11/1995,32.71514282,9.717050171,24.33924046,0,0.001341105
23/11/1995,33.2932373,7.515466309,20.29689233,0,0.001341105
24/11/1995,33.20227966,10.60605774,25.13477515,0,0.001385808
25/11/1995,32.83855591,13.96334229,31.99353856,0,0.001400709
26/11/1995,34.00377808,10.69210205,24.17286074,0,0.001326203
27/11/1995,33.90784607,8.613702393,21.13446552,0,0.001311302
28/11/1995,33.88492737,11.27315674,25.29179093,0,0.001296401
29/11/1995,34.55040894,8.150949097,19.76216565,0,0.001311302
30/11/1995,34.36573181,7.934411621,19.67353961,0,0.001356006
01/12/1995,33.32821045,14.28656921,31.78644816,0,0.001326203
02/12/1995,32.65813599,16.46598206,37.95968454,0,0.002205372
03/12/1995,33.34050903,10.84636841,25.34353151,0,0.001266599
04/12/1995,33.92736206,13.36046753,28.94521653,0,0.001266599
05/12/1995,31.75208435,17.74080811,43.3094157,2.297207117,0.006586313
06/12/1995,32.53507385,18.75213013,44.15195625,0,0.001758337
07/12/1995,34.29271851,14.70372925,30.94547853,0,0.001251698
08/12/1995,34.41964111,13.16814575,27.81224718,0,0.001251698
09/12/1995,35.11832581,13.27979431,26.9527224,0,0.001221895
10/12/1995,34.15659485,16.2605835,34.45464645,0,0.001311302
11/12/1995,33.65754089,15.90075073,34.62169798,0,0.001311302
12/12/1995,34.34861145,14.38395081,30.21867094,0,0.001475215
13/12/1995,34.04036865,15.02015076,32.02939191,0,0.001266599
14/12/1995,34.62720642,14.6585022,30.2878562,0,0.001206994
15/12/1995,35.30809937,13.28571472,26.68224073,0,0.001192093
16/12/1995,35.60285339,9.910531616,20.99898176,0,0.001132488
17/12/1995,35.31269226,9.478738403,20.72729326,0,0.001356006
18/12/1995,34.18796692,14.32224426,30.36812869,0,0.001192093
19/12/1995,34.1308075,14.48546753,30.7881772,0,0.001430511
20/12/1995,33.53330383,16.23420105,35.61282793,0,0.002190471
21/12/1995,33.61513672,15.34691772,33.49403753,0,0.001199543
22/12/1995,31.89321289,17.58216248,42.53736774,3.608756304,0.015042722
23/12/1995,32.71677551,15.18843994,34.86609963,1.804378152,0.001430511
24/12/1995,33.09510193,4.867715454,17.09079244,0,0.001087785
25/12/1995,31.87772522,-0.047216797,12.89076027,0,0.001102686
26/12/1995,32.71384583,4.468225098,16.97900286,0,0.001087785
27/12/1995,33.43120728,6.787683105,19.16023907,0,0.001072884
28/12/1995,33.89847717,7.037149048,18.98972308,0,0.001057982
29/12/1995,34.44725952,6.674035645,17.96486821,2.688373089,0.001072884
30/12/1995,35.08970032,6.187356567,16.76468672,0,0.001043081
31/12/1995,34.39000854,12.09803162,25.96930845,0,0.00102818
01/01/1996,34.67214355,7.416741943,18.67019315,0,0.001043081
02/01/1996,34.83344421,3.628488159,14.22044706,0,0.00102818
03/01/1996,34.84855042,2.025170898,12.67827698,0,0.000998
04/01/1996,34.84171448,3.542352295,14.12773264,0,0.000998
05/01/1996,34.95675049,7.625924683,18.64315589,0,0.001221895
06/01/1996,34.42977295,9.358300781,21.58909997,0,0.001147389
07/01/1996,33.51952515,12.60428772,28.18211849,0,0.001043081
08/01/1996,35.24854431,1.62671814,12.05202757,0,0.000969
09/01/1996,34.83893738,1.488809204,12.20638015,0,0.000969
10/01/1996,34.58997498,10.44770203,23.01994297,0,0.001490116
11/01/1996,34.07595215,12.56110535,27.24380105,0,0.000983
12/01/1996,35.15198669,11.44184265,23.84037408,0,0.000946
13/01/1996,34.65291748,10.53540955,23.07445991,0,0.000931
14/01/1996,34.43096313,8.260964966,20.04292535,0,0.001057982
15/01/1996,35.03392944,9.106759644,20.52758395,0,0.001013279
16/01/1996,34.7499176,13.27868042,27.50543563,0,0.000909
17/01/1996,35.42757568,11.6725708,23.84201103,0,0.000924
18/01/1996,34.31246338,12.77512512,27.26798158,0,0.000909
19/01/1996,35.37281189,12.71663818,25.61569767,0,0.000879
20/01/1996,34.58123169,15.92344055,32.93532837,0,0.001087785
21/01/1996,36.19353638,8.973687744,19.08643962,0,0.000924
22/01/1996,36.57637939,2.958322144,12.32212988,3.44693327,0.000879
23/01/1996,36.63811646,5.463739014,14.64447402,0,0.000879
24/01/1996,35.99225769,10.91613159,21.98230938,0,0.001013279
25/01/1996,35.57117615,11.21170959,22.94306918,0,0.000864
26/01/1996,36.45072327,10.48606262,20.83153053,5.710497379,0.000894
27/01/1996,36.75789795,10.98014221,21.17034376,0,0.000864
28/01/1996,37.63057861,4.648995972,13.10786361,0,0.000864
29/01/1996,35.54902039,12.06032715,24.29709401,0,0.00102818
30/01/1996,36.81989441,6.642404175,15.73218324,0,0.001043081
31/01/1996,36.81142578,6.469552612,15.55307022,0,0.000879
01/02/1996,36.01976929,9.954644775,20.58422619,0,0.000849
02/02/1996,35.58553467,12.45694885,24.88949516,2.581297874,0.000775
03/02/1996,35.54552612,13.48909912,26.68707949,0,0.000849
04/02/1996,36.1606842,11.1556488,22.12965674,0,0.000954
05/02/1996,36.31836853,12.36725769,23.7677252,0,0.000834
06/02/1996,37.65787659,5.191445923,13.59392302,0,0.00076
07/02/1996,35.9347168,11.20606384,22.48073581,0,0.000864
08/02/1996,35.97062073,12.70923767,24.77515213,3.193814754,0.000745
09/02/1996,37.10610352,8.814996338,17.96482645,0,0.000805
10/02/1996,36.5095459,13.76757202,25.77543802,0,0.000805
11/02/1996,34.77419434,19.42151794,40.62477611,4.212285042,0.003233552
12/02/1996,36.33760986,15.52602539,29.1471141,0,0.000909
13/02/1996,33.75660095,19.38382874,42.8875751,2.106142521,0.006720424
14/02/1996,35.0853363,15.95571289,32.0953719,2.106142521,0.000939
15/02/1996,35.38858948,17.66282043,35.17467816,0,0.003397465
16/02/1996,36.27004395,14.45305786,27.30228483,0,0.00073
17/02/1996,35.77401123,14.01165161,27.26462436,3.690059662,0.000715
18/02/1996,35.02454529,14.9997345,30.28813647,0,0.000715
19/02/1996,35.90245972,14.49025879,27.9252413,0,0.00079
20/02/1996,36.24515686,8.249215698,18.12067182,0,0.000909
21/02/1996,36.63788757,4.785623169,13.96827421,0,0.000685
22/02/1996,37.64948425,6.97008667,15.38105092,0,0.000663
23/02/1996,38.1279541,2.220071411,10.74593806,0,0.000685
24/02/1996,37.4952179,9.645852661,18.6024309,0,0.00073
25/02/1996,36.80385742,13.01888428,24.15594162,0,0.00073
26/02/1996,37.25307617,12.72579346,23.12411108,0,0.000656
27/02/1996,36.99518738,13.92905579,25.36612044,0,0.000611
28/02/1996,34.07572327,18.5362793,39.96125049,1.327057123,0.014036894
29/02/1996,33.56606445,19.12682495,42.65804139,1.327057123,0.014156103
01/03/1996,33.9936615,18.58616028,40.26975876,3.873106956,0.003054738
02/03/1996,35.65445862,15.261026,29.75007723,0,0.000745
03/03/1996,34.08979187,18.60386047,40.09925501,3.873106956,0.000939
04/03/1996,37.15477905,15.58477173,27.98110862,3.873106956,0.000656
05/03/1996,38.65236816,12.32715759,20.88457287,0,0.000596
06/03/1996,37.23569641,15.25434265,27.27377993,0,0.000894
07/03/1996,35.18226013,16.87033997,33.83820496,3.176280737,0.000864
08/03/1996,37.31482849,14.98227844,26.68562498,0,0.000626
09/03/1996,36.46064148,16.28971252,30.39992314,3.176280737,0.000596
10/03/1996,34.63694153,20.62191162,44.09190681,0,0.001698732
11/03/1996,26.84398804,23.10823975,80.04566737,9.601573944,0.014722347
12/03/1996,35.288797,17.69184265,35.4335033,4.800786972,0.00073
13/03/1996,35.25092468,18.57450256,37.53176975,2.743306875,0.006124377
14/03/1996,34.97355042,18.62455139,38.23066617,2.400393486,0.000581
15/03/1996,36.22918091,16.89179382,31.98880099,4.800786972,0.004410744
16/03/1996,36.99979553,13.41900024,24.53198521,0,0.000611
17/03/1996,37.77097473,11.67054138,20.97433477,0,0.000551
18/03/1996,37.00362549,13.72419128,25.01916115,0,0.000671
19/03/1996,37.2448822,14.71630249,26.33194611,0,0.0007
20/03/1996,36.3713623,17.61576233,33.22790089,0,0.009849668
21/03/1996,37.79490051,14.3306366,24.92856645,4.497626781,0.000685
22/03/1996,35.68059692,16.92118225,33.02810101,2.248813391,0.00192225
23/03/1996,30.00339661,19.43390808,53.19613095,4.497626781,0.00244379
24/03/1996,33.58666382,19.3456665,43.19362682,0,0.001654029
25/03/1996,36.56543884,12.71157227,23.9848484,0,0.000536
26/03/1996,36.02984009,14.03632507,26.92739784,0,0.000507
27/03/1996,38.07567749,11.45858154,20.34405615,0,0.000507
28/03/1996,36.84259949,15.76731262,28.7956064,7.012097359,0.001758337
29/03/1996,37.19687805,15.03847656,26.95463638,2.337365627,0.002071261
30/03/1996,34.89270935,18.60262451,38.34929815,2.337365627,0.009208918
31/03/1996,37.01821289,14.60093079,26.46093093,0,0.000566
01/04/1996,35.69893799,16.68467102,32.50320466,0,0.000536
02/04/1996,36.81932983,15.30231628,27.98536051,0,0.000775
03/04/1996,36.90406189,16.4996582,30.07217167,8.708986282,0.000596
04/04/1996,37.62027893,14.6501709,25.69077389,8.708986282,0.000477
05/04/1996,37.2839447,15.27388916,27.23651638,8.708986282,0.000492
06/04/1996,36.59235535,16.94796143,31.47145833,10.77081394,0.00082
07/04/1996,37.62119446,15.43218384,27.01554689,0,0.00079
08/04/1996,36.19880066,17.66336975,33.64417652,0,0.000447
09/04/1996,36.7146698,18.19005737,33.81030012,0,0.001206994
10/04/1996,34.08934937,18.7812439,40.54755021,0,0.014796853
11/04/1996,33.68421326,19.09687195,42.29852211,14.83362579,0.005796552
12/04/1996,29.50582275,21.09429321,60.65189109,4.944541931,0.00076
13/04/1996,35.86620483,15.76236877,30.36649158,9.889083862,0.000477
14/04/1996,28.92270813,21.66835938,64.97173712,14.83362579,0.008270144
15/04/1996,36.34438477,15.46231995,29.01751848,4.944541931,0.000492
16/04/1996,30.11664734,21.33634338,59.43651394,13.57842731,0.019147992
17/04/1996,32.53011475,16.57537231,38.50105649,0,0.002339482
18/04/1996,35.07149658,19.11184082,39.19922887,11.88112354,0.011220574
19/04/1996,34.13361511,20.65122375,45.42338466,17.82168579,0.028640032
20/04/1996,35.60875854,18.98250732,37.74943545,0,0.007435679
21/04/1996,33.46903381,21.25753174,48.92751171,9.48486805,0.002428889
22/04/1996,34.69375,20.49761353,43.61790091,8.299259186,0.010237098
23/04/1996,36.62412415,16.11597595,29.79755653,0,0.000447
24/04/1996,36.43570862,15.30065308,28.5748375,0,0.000462
25/04/1996,36.51918945,16.22709045,30.18205324,0,0.000402
26/04/1996,35.19942627,18.97776184,38.59919824,0,0.0007
27/04/1996,35.30832825,19.64743958,40.00086331,5.660242558,0.000998
28/04/1996,35.36333618,19.41491089,39.30773861,0,0.001832843
29/04/1996,31.58425293,22.0357605,57.05391771,24.76355934,0.024735928
30/04/1996,33.73523865,20.35743103,45.60892517,0,0.00217557
01/05/1996,31.63701782,21.38067017,54.6520945,3.005774498,0.005111098
02/05/1996,34.93462524,20.46001587,42.94058196,6.870342255,0.001057982
03/05/1996,34.28829346,20.74546204,45.29651925,3.005774498,0.000641
04/05/1996,35.71221313,20.3671051,40.9032026,3.005774498,0.002816319
05/05/1996,32.96982727,22.00414429,52.66404371,9.017323494,0.001698732
06/05/1996,34.65427551,20.44202576,43.56378318,4.081154823,0.001147389
07/05/1996,31.69960938,21.13709412,53.65154381,0,0.002428889
08/05/1996,34.20374451,21.59874878,47.95544214,8.162309647,0.005483627
09/05/1996,33.39853821,20.93660889,48.16264365,0,0.011458993
10/05/1996,33.41977844,21.58599243,50.05905459,24.48692894,0.006303191
11/05/1996,33.96773682,18.90882263,41.14959384,0,0.000432
12/05/1996,32.90187988,21.35064087,50.7958467,0,0.001013279
13/05/1996,34.83193359,21.11435852,44.95927427,0,0.003635883
14/05/1996,33.46891174,21.02616272,48.23816691,5.480794907,0.036373734
15/05/1996,32.36283264,21.33271179,52.30200458,21.92317963,0.041678548
16/05/1996,32.80721436,21.18084106,50.53781272,0,0.011771917
17/05/1996,34.54671631,21.25774536,46.07875686,2.652815819,0.002518296
18/05/1996,34.16340027,21.51038513,47.80408611,7.958447456,0.001013279
19/05/1996,33.33355103,21.39679871,49.72210253,0,0.002190471
20/05/1996,33.40935669,21.32164917,49.28431848,10.61126328,0.014156103
21/05/1996,28.86585388,22.16144714,67.17591588,0,0.024601817
22/05/1996,31.55613098,20.79404602,52.96140003,0,0.045403838
23/05/1996,32.26348267,20.233255,49.15548184,0,0.000671
24/05/1996,33.1615387,19.59563599,44.92573293,9.765307426,0.000983
25/05/1996,30.9684082,21.16570435,56.02456099,6.510205269,0.005617738
26/05/1996,30.87555847,22.52407227,61.18938241,0,0.019952655
27/05/1996,27.60843811,22.42806396,73.45054948,13.12400818,0.020831823
28/05/1996,30.56162415,20.25205383,54.20331468,4.374669552,0.003233552
29/05/1996,29.35085449,19.46686707,55.34319232,17.49867821,0.001996756
30/05/1996,33.1241394,18.80539856,42.85759392,0,0.002041459
31/05/1996,31.00245056,19.10323486,49.22051497,0,0.000849
01/06/1996,31.90957031,19.62175903,48.28398993,0,0.002428889
02/06/1996,25.10280762,22.94004211,87.82757349,15.67550564,0.067651272
03/06/1996,24.35140381,22.23745117,88.02282633,0,0.061437488
04/06/1996,30.33704529,21.24276123,58.35548051,0,0.006213784
05/06/1996,32.32155762,20.93451843,51.15844874,0,0.004321337
06/06/1996,31.48317871,22.03476868,57.37838928,0,0.025868416
07/06/1996,27.35221252,22.0588623,72.90292114,0,0.025093555
08/06/1996,29.76996765,21.47139893,61.13422135,0,0.006124377
09/06/1996,26.49109802,21.2521759,72.99406869,0,0.006169081
10/06/1996,30.53122864,20.88627014,56.46184518,20.605896,0.005438924
11/06/1996,28.46462402,21.03910217,64.19591523,8.535892487,0.025138259
12/06/1996,27.5210968,21.62850342,70.3153874,0,0.024318695
13/06/1996,30.43691406,20.48392639,55.37792833,0,0.001713634
14/06/1996,29.21479187,20.80248413,60.58167785,25.60767937,0.018149614
15/06/1996,26.5216156,22.45351563,78.40504217,8.535892487,0.0256598
16/06/1996,28.83954773,21.57868347,64.92810912,0,0.005483627
17/06/1996,31.24367676,19.4319397,49.55355252,7.856885433,0.000596
18/06/1996,32.01992188,21.4777771,53.79967313,7.856885433,0.001162291
19/06/1996,31.37409363,21.85976563,57.12187882,0,0.002324581
20/06/1996,31.54270325,20.57137451,52.27998169,7.856885433,0.000626
21/06/1996,30.92969666,21.87891541,58.65230944,14.1839962,0.003665686
22/06/1996,31.78304443,21.48809204,54.55962387,0,0.005424023
23/06/1996,30.73694763,21.52800903,58.04256826,16.21027946,0.01552701
24/06/1996,30.5085083,21.71279297,59.47253049,0,0.005438924
25/06/1996,31.10109863,19.99500427,51.73288946,0,0.001326203
26/06/1996,30.01264343,21.53656921,60.52936395,12.85694981,0.039130449
27/06/1996,26.90932617,21.3205658,71.52003576,0,0.042945147
28/06/1996,30.20025024,20.6032959,56.54752885,0,0.002712011
29/06/1996,28.24967346,22.02979431,69.06330349,6.428474903,0.036135316
30/06/1996,28.83236084,21.70401917,65.45461941,6.428474903,0.620082021
01/07/1996,23.55492554,22.30732117,92.72790802,6.693915844,1.236870885
02/07/1996,28.85102234,19.92640076,58.61147087,6.693915844,0.002115965
03/07/1996,26.00820313,22.39898071,80.54885757,6.693915844,0.0397861
04/07/1996,27.02732239,21.57619629,72.14666426,6.693915844,0.00962615
05/07/1996,29.22944031,19.61177979,56.23602447,0,0.000402
06/07/1996,28.11545715,21.36515198,66.83466393,0,0.018417835
07/07/1996,29.85901794,21.22229919,59.90123768,0,0.040560961
08/07/1996,30.23941956,20.5197998,56.13123171,7.987732887,0.011712313
09/07/1996,29.6877533,21.24556885,60.57994769,15.97546577,0.009536743
10/07/1996,29.13961182,20.231073,58.7388285,0,0.002294779
11/07/1996,27.23246155,21.36008606,70.34779581,0,0.008106232
12/07/1996,27.60706482,20.45635376,65.1044719,10.47068882,0.003457069
13/07/1996,26.57529602,21.5112854,73.79490936,31.41206932,0.013947487
14/07/1996,26.36039124,21.05617676,72.67918607,20.94137764,0.014916062
15/07/1996,28.03440247,20.51781616,63.74353792,31.41206932,0.00564754
16/07/1996,28.78824768,19.93924866,58.87159923,9.53352356,0.005200505
17/07/1996,29.72303162,21.30024109,60.66015857,0,0.009834766
18/07/1996,29.55481873,20.94332275,59.92289704,0,0.011518598
19/07/1996,28.86399231,20.6897522,61.39453719,0,0.014305115
20/07/1996,28.25921021,21.0412384,64.9747402,0,0.00436604
21/07/1996,29.51322327,17.69498596,49.07231879,0,0.001788139
22/07/1996,29.83577881,19.46764526,53.82311424,0,0.001743436
23/07/1996,30.05767212,19.7192627,53.97903881,0,0.001698732
24/07/1996,28.5263916,20.83948669,63.18642441,0,0.009000301
25/07/1996,28.85338745,20.85300598,62.05244462,0,0.013306737
26/07/1996,27.90340576,18.08963928,55.22223991,8.963235855,0.006049871
27/07/1996,26.22754822,19.79569397,67.77003683,8.963235855,0.032797456
28/07/1996,27.90075073,20.85582886,65.59269857,0,0.041410327
29/07/1996,28.76360474,19.5750824,57.63901848,0,0.007912517
30/07/1996,28.08065186,21.05845032,65.72233402,0,0.005707145
31/07/1996,25.45661316,21.51818237,78.87256985,0,0.025227666
01/08/1996,26.16748962,21.15799866,73.97184322,0,0.016868114
02/08/1996,27.77669678,21.78357849,69.93331934,0,0.035837293
03/08/1996,27.42975769,22.08420715,72.68512342,0,0.027149916
04/08/1996,21.91512451,21.52326355,97.63478253,0,1.714259386
05/08/1996,28.31083069,20.01342163,60.80271008,0,0.014215708
06/08/1996,28.30152283,21.19983826,65.44911153,0,1.723647118
07/08/1996,28.49984131,21.90979919,67.57126123,0,0.026866794
08/08/1996,27.88977966,21.00667725,66.24595495,0,0.007286668
09/08/1996,29.01513062,20.64353333,60.6874183,11.06906033,0.008240342
10/08/1996,26.94849548,21.89998779,73.92873403,0,0.037774444
11/08/1996,29.58493958,19.84990845,55.91585052,0,0.001862645
12/08/1996,28.56888733,21.31459961,64.89635648,6.992190361,0.017166138
13/08/1996,24.57991943,20.95429382,80.2762341,0,4.293590784
14/08/1996,23.38649902,22.47672424,94.64320817,6.992190361,4.097253084
15/08/1996,27.80211792,19.92901001,62.30336955,0,0.002279878
16/08/1996,22.83570251,22.24929199,96.50323947,25.4083786,1.044631004
17/08/1996,24.80333862,21.70072327,82.91925423,16.93891907,1.158252358
18/08/1996,27.54775391,21.35616455,69.04568466,0,0.012978911
19/08/1996,26.4139801,20.24282227,68.90995587,0,0.004783273
20/08/1996,22.11725769,21.44849548,95.99917984,42.34730148,3.914624453
21/08/1996,25.54290161,20.26345215,72.64441245,0,20.71081102
22/08/1996,28.82911072,19.22493896,56.18400336,0,0.001639128
23/08/1996,27.03687439,22.19667969,74.88798394,7.301493168,0.048950315
24/08/1996,26.54522095,22.31443176,77.63715726,14.60298634,0.104546547
25/08/1996,26.59630737,21.03115234,71.56621481,7.301493168,0.091910362
26/08/1996,28.71315918,20.00644836,59.37462635,0,0.029355288
27/08/1996,26.3570343,22.75600586,80.63529314,18.17551041,0.103026628
28/08/1996,28.07772217,21.21549377,66.37001512,0,0.035047531
29/08/1996,27.49837646,21.33312378,69.14752677,0,0.011458993
30/08/1996,26.68686829,21.71090088,74.21225229,0,0.091180205
31/08/1996,25.5057312,21.80162964,80.01710773,0,0.908851624
01/09/1996,28.34513245,22.04258118,68.73489143,11.29518795,0.062316656
02/09/1996,25.92287598,23.14290771,84.68889207,22.5903759,0.933095813
03/09/1996,28.96421204,21.22153625,63.06722925,0,0.033706427
04/09/1996,27.84372864,20.74558411,65.36621669,11.29518795,0.038638711
05/09/1996,24.2656189,21.69443665,85.59498495,11.29518795,3.410622478
06/09/1996,27.10575256,20.53412781,67.36466837,0,0.001788139
07/09/1996,29.51816711,21.76239929,63.13924479,14.60032463,0.013977289
08/09/1996,24.35013733,21.39025269,83.59297873,21.9004879,0.540956855
09/09/1996,28.12017212,20.8809906,64.86035187,7.300162315,0.005632639
10/09/1996,26.9495636,21.9276825,74.04907481,21.9004879,0.063538551
11/09/1996,22.63414917,22.33518372,98.2009304,19.21867371,16.53908193
12/09/1996,28.15300903,20.0775238,61.60692701,0,0.018551946
13/09/1996,28.85869751,20.95708618,62.43153296,0,0.011339784
14/09/1996,27.94225464,22.21126709,71.09102378,9.609336853,0.009074807
15/09/1996,27.86329041,21.96981201,70.37621899,0,0.009655952
16/09/1996,26.63114319,21.73635254,74.57173767,0,0.024139881
17/09/1996,27.57808838,21.75895081,70.64241702,13.44982815,0.07507205
18/09/1996,28.13514099,21.49627075,67.29621187,13.44982815,0.018358231
19/09/1996,29.36625061,21.54088745,62.83767044,0,0.013038516
20/09/1996,28.05870972,22.14754639,70.33727628,13.44982815,0.009924173
21/09/1996,28.17569885,22.48009644,71.28718797,22.46853828,0.01578033
22/09/1996,28.58577881,20.73743591,62.57509548,0,0.067427754
23/09/1996,29.11498413,21.18633423,62.38544553,7.48951292,0.047147274
24/09/1996,27.46384583,23.70314941,80.00946927,0,0.13178587
25/09/1996,27.59182129,22.6446167,74.49467428,0,0.073432922
26/09/1996,25.66809998,21.9656311,80.0472572,10.74606228,0.054955482
27/09/1996,25.1965271,22.22512207,83.63139491,21.49212456,0.137373805
28/09/1996,28.72831116,21.18462524,63.7893293,10.74606228,0.028282404
29/09/1996,28.8351532,21.83773193,65.98054511,0,0.085413456
30/09/1996,26.94484863,21.58106384,72.5182113,0,0.739514828
01/10/1996,28.63448486,21.58733521,65.73842248,0,0.008374453
02/10/1996,29.0710083,22.53225098,67.89734884,0,0.051856041
03/10/1996,24.981073,22.57996521,86.55717379,7.963219643,0.703066587
04/10/1996,28.71054993,21.02953491,63.25005863,0,0.005066395
05/10/1996,30.10219727,22.698526,64.63483466,7.963219643,0.015810132
06/10/1996,28.99505005,23.39919434,71.86833662,0,0.031605363
07/10/1996,27.32053528,22.03862915,72.94820181,9.313099861,0.055357814
08/10/1996,27.24733887,22.4841095,75.2738461,0,0.027880073
09/10/1996,29.46735535,22.10416565,64.65788097,0,0.004053116
10/10/1996,28.24576721,21.2053009,65.68349402,0,0.005334616
11/10/1996,28.93087158,21.72068176,65.14900311,0,0.042468309
12/10/1996,24.002771,22.19481812,89.64875355,12.13336086,2.483144403
13/10/1996,24.15619812,22.15677795,88.62202434,0,0.105634332
14/10/1996,27.67919312,21.42821655,68.82074479,0,0.003263354
15/10/1996,30.10535583,22.75762329,64.85502565,0,0.02451241
16/10/1996,29.62989197,22.83336792,66.95639301,0,0.081241131
17/10/1996,28.25670776,22.20794067,69.7880705,0,0.016212463
18/10/1996,29.65584717,20.78942261,59.01453389,0,0.003784895
19/10/1996,31.28952942,20.81078491,53.82420465,0,0.042065978
20/10/1996,28.93935547,21.521875,64.33047184,0,0.004976988
21/10/1996,30.27178345,19.85708008,53.77858434,0,0.001907349
22/10/1996,31.78812561,18.74155579,46.02271015,0,0.001639128
23/10/1996,31.28325806,19.60201416,49.9674954,0,0.004276633
24/10/1996,31.6783844,18.62896118,45.98461737,0,0.001698732
25/10/1996,31.01639709,19.61324463,50.76695918,6.519072056,0.001937151
26/10/1996,27.98764954,21.50245056,67.90202879,6.736649513,0.002086163
27/10/1996,31.85709534,18.95899353,46.47030661,0,0.00461936
28/10/1996,31.48130188,19.80916748,50.04800803,0,0.001966953
29/10/1996,31.45466003,17.65641174,43.81199888,0,0.001966953
30/10/1996,31.74982605,15.37597046,37.26700387,0,0.001847744
31/10/1996,32.2320343,13.55387268,32.23486951,0,0.001803041
01/11/1996,32.46457825,12.94783936,30.58098192,0,0.001773238
02/11/1996,32.01848755,8.680978394,23.60528013,0,0.001788139
03/11/1996,32.42795715,10.41581116,25.92088322,0,0.001788139
04/11/1996,32.47609863,11.04136047,26.95072132,0,0.001847744
05/11/1996,32.56858215,11.76830444,28.13370245,0,0.001817942
06/11/1996,32.52074585,10.75792847,26.38091842,0,0.001773238
07/11/1996,32.84710083,11.05541382,26.41894903,0,0.001788139
08/11/1996,33.09038696,11.58936462,26.99988768,0,0.001758337
09/11/1996,32.74996338,10.04631958,24.83411873,0,0.001847744
10/11/1996,31.89859924,8.00423584,22.69817258,0,0.001758337
11/11/1996,32.36312256,10.43491516,26.04895667,0,0.001743436
12/11/1996,33.51267395,12.53800354,28.07051468,0,0.001847744
13/11/1996,32.95525513,14.56807861,33.05405087,0,0.001996756
14/11/1996,33.48011169,10.26719055,24.19340128,0,0.001758337
15/11/1996,33.57601318,8.910943604,21.96687325,0,0.001698732
16/11/1996,33.02332458,10.50518188,25.21785831,0,0.001832843
17/11/1996,33.05674133,12.01230774,27.81713505,0,0.001877546
18/11/1996,32.48931274,14.74627075,34.32372378,0,0.001907349
19/11/1996,33.23288879,13.77205811,30.907372,0,0.001698732
20/11/1996,33.72423706,10.40654907,24.08912308,0,0.001639128
21/11/1996,34.30814514,9.310098267,21.66492828,0,0.00166893
22/11/1996,33.31981812,13.25570068,29.73991511,0,0.001817942
23/11/1996,34.22231445,12.08919678,26.19711397,0,0.001773238
24/11/1996,34.39241943,10.52518616,23.39430807,0,0.001639128
25/11/1996,33.99237976,10.79909668,24.36120505,0,0.001758337
26/11/1996,33.63507996,10.69851074,24.68544139,0,0.001892447
27/11/1996,33.39385376,11.66448364,26.67720292,0,0.001639128
28/11/1996,33.24447021,14.14006958,31.63412331,0,0.001624227
29/11/1996,33.30336914,10.79868469,25.31577353,0,0.001549721
30/11/1996,34.47141418,9.820230103,22.21871273,0,0.001639128
01/12/1996,33.44605408,14.17385254,31.34791104,0,0.001654029
02/12/1996,33.35076294,14.68369446,32.57190434,0,0.001981854
03/12/1996,33.63417969,14.42363892,31.52587368,0,0.001654029
04/12/1996,30.48923645,19.89360962,53.23423041,0,0.012740493
05/12/1996,33.50924072,14.13717041,31.16321439,0,0.001966953
06/12/1996,34.04128418,12.85819397,27.83333139,0,0.001803041
07/12/1996,33.6040741,13.67783508,30.08752796,0,0.00192225
08/12/1996,32.32055054,15.99489746,37.54337881,0,0.001996756
09/12/1996,33.24979553,17.60978088,39.47982412,0,0.001594424
10/12/1996,34.68024597,12.63297424,26.4694049,0,0.001549721
11/12/1996,34.73598633,10.6738678,23.18157341,0,0.001877546
12/12/1996,34.55774841,12.15050659,25.8178237,0,0.001549721
13/12/1996,35.36022339,6.39385376,16.75353805,0,0.001460314
14/12/1996,35.05951843,7.584817505,18.48557411,0,0.001430511
15/12/1996,34.65789185,9.511590576,21.5388229,0,0.001639128
16/12/1996,34.62993774,10.62722168,23.24577446,0,0.001519918
17/12/1996,34.35509644,9.551156616,21.96202827,0,0.001713634
18/12/1996,34.86278687,6.451333618,17.28858202,0,0.001445413
19/12/1996,34.39469299,9.512094116,21.85629166,0,0.001639128
20/12/1996,34.48908386,7.668008423,19.18741402,0,0.00141561
21/12/1996,33.887323,11.16227112,25.10302937,0,0.001370907
22/12/1996,34.36368713,11.54837952,25.08027303,0,0.001505017
23/12/1996,34.52163086,11.54114685,24.84949509,0,0.001378357
24/12/1996,35.15906677,3.508721924,13.84913954,0,0.001333654
25/12/1996,34.2867218,9.32795105,21.71683786,0,0.001326203
26/12/1996,34.58808289,7.321450806,18.63540909,0,0.001460314
27/12/1996,34.65282593,9.536004639,21.58028234,0,0.001266599
28/12/1996,34.49961243,11.27909241,24.45163271,0,0.001251698
29/12/1996,34.51343689,13.88517151,28.99080033,0,0.001236796
30/12/1996,35.80904541,12.60367737,24.82346658,0,0.001251698
31/12/1996,34.9754425,13.75757751,28.02517713,0,0.001311302
01/01/1997,34.49883423,15.32393799,31.83954782,0,0.001266599
02/01/1997,35.75402222,4.825082397,14.70184722,0,0.001251698
03/01/1997,35.62459717,1.532189941,11.72503004,0,0.001192093
04/01/1997,35.18517456,9.840997314,21.3879673,0,0.001192093
05/01/1997,33.98476563,14.59539185,31.26069632,0,0.001221895
06/01/1997,33.00666199,17.81784973,40.54962824,0,0.002250075
07/01/1997,33.89551697,16.21172485,34.85033134,0,0.001221895
08/01/1997,36.62513123,7.208123779,16.53051299,0,0.001206994
09/01/1997,35.01773987,12.30899963,25.43263185,0,0.001475215
10/01/1997,33.98279724,14.59349976,31.26030256,0,0.001475215
11/01/1997,34.38286743,15.63466797,32.6901677,0,0.001505017
12/01/1997,33.96991882,16.05007324,34.35004778,0,0.001743436
13/01/1997,33.72101746,16.92949829,36.83443545,0,0.001326203
14/01/1997,34.17302856,16.63396606,35.25104482,8.817930222,0.001192093
15/01/1997,36.19310913,11.031427,21.90885456,0,0.001087785
16/01/1997,33.5770813,15.04488525,32.91991333,0,0.001221895
17/01/1997,35.1871582,13.9475647,28.0433668,0,0.001132488
18/01/1997,35.44579468,6.959436035,17.33683294,0,0.001221895
19/01/1997,34.9522644,11.77454529,24.64126472,0,0.001430511
20/01/1997,35.10358582,3.035302734,13.43365822,0,0.001057982
21/01/1997,35.12252197,1.719094849,12.21687115,0,0.001072884
22/01/1997,36.13395081,2.072137451,11.85156808,0,0.00102818
23/01/1997,35.61496887,8.022332764,18.471191,0,0.00102818
24/01/1997,35.06461487,8.03409729,19.05550506,0,0.000998
25/01/1997,35.90596924,6.857858276,16.78599226,0,0.001013279
26/01/1997,35.29207764,7.961419678,18.72483067,0,0.000998
27/01/1997,35.78571472,3.190759277,13.0816042,0,0.000998
28/01/1997,35.26766357,7.602853394,18.29691732,0,0.001206994
29/01/1997,35.17524109,-1.832418823,9.405555222,0,0.000961
30/01/1997,34.03955994,-0.635916138,10.93800522,0,0.000954
31/01/1997,33.67800293,0.613397217,12.22308216,0,0.000924
01/02/1997,33.90099487,0.257791138,11.76472536,0,0.000939
02/02/1997,34.64438782,1.277124023,12.15212774,0,0.000924
03/02/1997,35.27271423,1.320474243,11.77391248,0,0.000924
04/02/1997,35.32419739,1.42951355,11.83298995,0,0.000894
05/02/1997,35.90653381,1.092584229,11.18516127,0,0.000924
06/02/1997,35.75158081,1.090646362,11.27920443,0,0.000879
07/02/1997,35.28455505,0.397164917,11.00688421,0,0.000864
08/02/1997,34.56417236,-1.842169189,9.721951262,0,0.000879
09/02/1997,35.0543457,-1.537588501,9.676901226,0,0.000879
10/02/1997,34.89866028,-2.434072876,9.133952071,0,0.000834
11/02/1997,35.10691223,-3.138967896,8.567378589,0,0.000864
12/02/1997,34.71701965,-2.639013672,9.08671098,0,0.000849
13/02/1997,34.44234619,-3.033743286,8.958607894,0,0.00082
14/02/1997,34.08413086,-2.572317505,9.458464952,0,0.00082
15/02/1997,34.87166748,-1.377661133,9.8909934,0,0.00082
16/02/1997,35.32158813,-0.456762695,10.32240167,0,0.00082
17/02/1997,36.43396912,0.13036499,10.13522478,0,0.000775
18/02/1997,36.14455566,7.087579346,16.83119916,0,0.000805
19/02/1997,36.63573608,0.149255371,10.03785042,0,0.000775
20/02/1997,36.0316864,-3.221334839,8.092222672,0,0.00076
21/02/1997,35.92774353,0.719247437,10.87492291,0,0.000745
22/02/1997,36.35791931,0.259545898,10.27345615,0,0.000745
23/02/1997,36.88683472,0.367547607,10.05947057,0,0.00073
24/02/1997,37.17977295,2.313409424,11.38837101,0,0.000745
25/02/1997,37.7484375,2.183267212,10.94003548,0,0.000715
26/02/1997,36.89037476,8.837930298,18.205389,0,0.000715
27/02/1997,36.52138672,12.18177185,23.22013485,0,0.000715
28/02/1997,36.85689697,13.07396851,24.17308415,0,0.001266599
01/03/1997,35.25605164,15.41842041,30.71909487,5.462856293,0.001892447
02/03/1997,37.08884583,12.21152649,22.55657386,2.731428146,0.000685
03/03/1997,35.79438171,1.441461182,11.54057951,0,0.000671
04/03/1997,36.18247375,1.374246216,11.24293643,0,0.000671
05/03/1997,36.55158386,-0.307470703,9.754207989,0,0.000656
06/03/1997,37.27349243,-0.042822266,9.560516819,0,0.000685
07/03/1997,37.51072083,0.483026123,9.805625379,0,0.000656
08/03/1997,37.75530396,3.007180786,11.59679697,0,0.000641
09/03/1997,37.67658386,9.615090942,18.38229971,0,0.000641
10/03/1997,38.23749695,11.0894104,19.67922195,0,0.000626
11/03/1997,37.79386292,10.13930664,18.91957783,0,0.000611
12/03/1997,37.25968323,13.8605896,24.89269987,0,0.000641
13/03/1997,35.63900146,17.33873901,33.99049915,6.496024609,0.006228685
14/03/1997,36.93551025,14.23468933,25.95817617,6.496024609,0.001147389
15/03/1997,36.91384277,14.6806427,26.74913386,0,0.000641
16/03/1997,36.50951538,17.22049866,32.16464132,3.042630196,0.010579824
17/03/1997,30.7736145,20.33867798,53.83873944,3.477291584,0.02028048
18/03/1997,37.11452637,13.66167603,24.76762279,3.042630196,0.001147389
19/03/1997,33.19368896,21.08474121,49.16328382,6.085260391,0.009298325
20/03/1997,32.42337952,21.23160706,51.80188131,0,0.003829598
21/03/1997,36.11576233,17.15175781,32.72281615,0,0.001877546
22/03/1997,31.7885376,21.94403992,56.08312382,0,0.083342195
23/03/1997,32.13811646,22.20845947,55.87865901,0.511787951,0.010326505
24/03/1997,32.06360779,21.01572571,52.16816192,15.92320919,0.026315451
25/03/1997,27.59235535,21.38604126,68.99216087,6.124945641,0.033468008
26/03/1997,30.64745483,21.49477539,58.22122632,10.12461472,0.007629395
27/03/1997,32.81343994,21.2153717,50.62724675,4.218589783,0.029534101
28/03/1997,33.05715332,20.4997345,47.78954291,0,0.029876828
29/03/1997,32.66712341,22.08812866,53.84190588,0,0.05081296
30/03/1997,30.05079041,22.27797852,63.19110846,15.18692493,0.013142824
31/03/1997,31.75914917,21.26203308,53.88226575,1.687435985,0.008881092
01/04/1997,27.73278198,23.25921021,76.68346611,13.10111523,0.026643276
02/04/1997,28.48356018,21.40839539,65.59407262,9.825836182,0.003099442
03/04/1997,30.83857117,21.05213318,56.04848326,0,0.003635883
04/04/1997,26.01772461,22.78014526,82.38706467,13.10111523,0.03118813
05/04/1997,30.01146851,20.29062805,56.07068168,0,0.001057982
06/04/1997,33.76229248,19.60036621,43.45483227,10.0165205,0.008538365
07/04/1997,31.55935059,20.25115356,51.20874387,0,0.00230968
08/04/1997,34.00968323,15.46473083,33.01393205,0,0.000581
09/04/1997,34.27190552,18.12626038,38.52422323,0,0.001758337
10/04/1997,34.33930359,18.79793701,40.02976474,6.677680016,0.001624227
11/04/1997,35.66506348,19.64972839,39.22822041,3.944895267,0.072360039
12/04/1997,27.02323303,22.11411438,74.57214963,7.889790535,0.014573336
13/04/1997,31.52547607,20.01964722,50.57792425,0,0.001445413
14/04/1997,34.11925659,19.24894104,41.67853175,0,0.003397465
15/04/1997,33.25179443,20.05883179,46.00120481,0,0.000715
16/04/1997,34.47210083,17.92800293,37.62647714,3.858399391,0.000566
17/04/1997,32.41272888,20.04241333,48.17184712,0,0.001400709
18/04/1997,32.34206543,19.89876709,47.93579798,7.716798782,0.001311302
19/04/1997,32.52016602,20.56073914,49.43879131,7.716798782,0.004813075
20/04/1997,32.9820343,20.00037537,46.53329173,0,0.0007
21/04/1997,30.53865967,20.89251099,56.45953834,0,0.002533197
22/04/1997,24.49865112,21.38341675,82.81884772,5.420390606,0.096932054
23/04/1997,29.95391235,22.03226624,62.59976711,9.485682487,0.010758638
24/04/1997,32.96769104,19.94506226,46.41153047,4.742841244,0.000492
25/04/1997,35.26299438,18.90348206,38.2861336,0,0.000611
26/04/1997,32.50602112,21.25182495,51.62531242,8.042220116,0.003233552
27/04/1997,31.47446594,21.03177795,53.99045213,8.042220116,0.001579523
28/04/1997,32.45914612,20.42733154,49.20249559,7.036941528,0.003218651
29/04/1997,33.17035828,20.40143738,47.20022812,16.08444023,0.017404556
30/04/1997,28.142099,22.4216095,71.17332856,7.036941528,0.019416213
01/05/1997,30.75156555,20.13485107,53.23182809,0,0.002682209
02/05/1997,31.2633606,20.17852173,51.84306288,5.15312767,0.032305717
03/05/1997,30.7104126,21.36428223,57.55081407,0,0.021740794
04/05/1997,26.23401794,22.46012268,79.77752502,5.15312767,0.054270029
05/05/1997,30.66973267,21.08683167,56.7115028,10.30625534,0.024423003
06/05/1997,30.8702179,22.34108887,60.53138593,9.262563705,0.061064959
07/05/1997,26.26592407,23.1499115,83.02512419,4.631281853,1.99881196
08/05/1997,31.45272217,21.370401,55.19146055,9.262563705,0.005707145
09/05/1997,30.93869934,22.83530579,62.13116071,4.631281853,0.013008714
10/05/1997,31.73687134,21.24433289,53.89175849,0,0.000805
11/05/1997,32.81070862,20.28902588,47.82906577,0,0.002741814
12/05/1997,31.56833801,21.99387512,56.95982696,6.216780186,0.045135617
13/05/1997,32.40299377,20.01610718,48.11986902,0,0.001460314
14/05/1997,32.52816162,18.46894226,43.39331031,3.108390093,0.000522
15/05/1997,32.8986908,19.9737793,46.67452004,0,0.001251698
16/05/1997,32.92859802,20.95533142,49.50442443,5.264113426,0.013053417
17/05/1997,33.5127655,20.07233582,45.37249676,0,0.029608607
18/05/1997,31.40743408,21.69675598,56.44924462,15.79234028,0.025108457
19/05/1997,30.35064087,20.76159058,56.61196167,0,0.00205636
20/05/1997,31.12813721,21.96526489,58.29977711,0,0.079721212
21/05/1997,31.96260986,21.66652832,54.60082501,0,0.002473593
22/05/1997,24.82434998,22.54091797,87.16279828,14.9118824,0.047594309
23/05/1997,32.47721252,21.1566864,51.40829381,0,0.006124377
24/05/1997,33.07798157,20.14528809,46.70040311,0,0.00500679
25/05/1997,31.9190918,22.04198608,56.00381096,0,0.004410744
26/05/1997,32.50615845,21.92815552,53.80457723,8.331721306,0.004291534
27/05/1997,32.6274353,21.93782959,53.47017513,0,0.019460917
28/05/1997,32.25060425,21.62554321,53.58572234,0,0.039733946
29/05/1997,30.29343567,22.26897583,62.28473332,0,0.048831105
30/05/1997,31.06572876,21.93808899,58.41026512,0,0.015795231
31/05/1997,30.34078369,21.96065674,60.96080315,0,0.011131167
01/06/1997,27.93482361,21.87574158,69.68255487,0,0.010147691
02/06/1997,31.33814392,21.09658203,54.62672825,0,0.005714595
03/06/1997,27.67772827,23.93146667,80.10789292,14.12294292,0.043176115
04/06/1997,25.98648987,22.29750977,80.15636324,23.27301979,0.025346875
05/06/1997,27.80433044,22.0083252,70.78452067,0,0.289186835
06/06/1997,29.91892395,22.34356079,63.92533767,7.008159637,0.011876225
07/06/1997,29.38990173,23.18287048,69.33816961,0,0.044822693
08/06/1997,32.0961853,20.945047,51.84665885,0,0.001832843
09/06/1997,30.82793579,23.1561676,63.74984275,0,0.031277537
10/06/1997,29.75943909,22.3515564,64.54486456,0,0.033512712
11/06/1997,25.41195068,22.1218811,82.0503133,7.992504597,0.055938959
12/06/1997,24.99764404,22.22001038,84.60096942,0,0.041544437
13/06/1997,26.729776,20.49193726,68.68910491,34.96720505,0.015705824
14/06/1997,28.40419922,20.7006012,63.09447204,13.98688126,0.031903386
15/06/1997,28.87915955,20.81598816,61.81909783,6.993440628,0.020384789
16/06/1997,24.1607605,21.79346619,86.65703539,22.50606918,2.506703138
17/06/1997,29.81121216,19.94072876,55.50464129,0,0.001356006
18/06/1997,29.93357239,21.61890564,61.11148223,0,0.047281384
19/06/1997,29.33049927,22.82175598,68.07280338,11.25303459,0.057578087
20/06/1997,30.01674805,21.9140564,61.92664119,0,0.036105514
21/06/1997,29.81226501,21.76569519,62.09296161,0,0.057414174
22/06/1997,28.80428467,22.71642456,69.7271527,0,0.009119511
23/06/1997,27.88450012,21.41318665,67.93906262,17.08494186,0.070676208
24/06/1997,24.70772705,21.8068634,83.93601414,14.94932365,0.074654818
25/06/1997,29.10308228,21.38242493,63.18314216,9.966215134,0.002682209
26/06/1997,29.35500488,22.06080017,64.9060696,0,0.012695789
27/06/1997,29.76654968,21.22374878,60.22558508,0,0.003024936
28/06/1997,26.61829529,22.59807739,78.64731172,18.6208992,0.096976757
29/06/1997,30.19686279,21.72580872,60.59048092,0,0.007420778
30/06/1997,28.40415344,21.47820435,66.17923362,9.3104496,0.057548285
01/07/1997,28.70083008,21.5694519,65.41465845,0,0.063359737
02/07/1997,27.34523926,21.11344299,68.83603337,16.34757233,0.005304813
03/07/1997,29.24877319,21.09900818,61.57481488,0,0.007137656
04/07/1997,28.01455078,19.38839111,59.50635084,0,0.00217557
05/07/1997,28.27779541,20.44207153,62.55469887,0,0.003159046
06/07/1997,28.27210388,19.353479,58.49441189,0,0.002890825
07/07/1997,27.97805176,19.59795532,60.41468268,0,0.002011657
08/07/1997,28.08171997,20.11902771,62.02197496,5.013575554,0.009030104
09/07/1997,30.11849365,20.6994873,57.15059356,0,0.008046627
10/07/1997,30.4699646,21.49302063,58.80816142,5.013575554,0.00706315
11/07/1997,28.9740387,20.47728882,60.21158932,0,0.004842877
12/07/1997,27.73945007,20.84725342,66.1775746,9.242699623,0.013828278
13/07/1997,31.04714355,19.77178345,51.17920117,18.48539925,0.003173947
14/07/1997,29.13726196,20.76326904,60.70670583,9.242699623,0.026598573
15/07/1997,23.49660645,22.9653717,96.84345509,18.48539925,4.800602794
16/07/1997,23.66845093,22.06353149,90.73988537,0,1.120150089
17/07/1997,28.24134216,21.17919312,65.59526864,0,0.007882714
18/07/1997,26.08971558,22.18432007,79.12213617,0,0.046893954
19/07/1997,24.63111267,21.7476593,84.01665605,7.58486414,0.683411956
20/07/1997,26.74071655,22.12326965,75.86184896,0,0.05120039
21/07/1997,28.08658752,20.81824646,64.73693974,0,0.020727515
22/07/1997,28.37026367,20.26409302,61.53974608,0,0.004559755
23/07/1997,28.57644043,21.27321777,64.70364306,0,0.01218915
24/07/1997,27.10952148,21.20440063,70.18345899,0,0.030890107
25/07/1997,29.03757629,20.80956421,61.23136263,0,0.003799796
26/07/1997,28.45417175,20.88224182,63.61873971,0,0.003650784
27/07/1997,28.65752563,20.50356445,61.42406037,0,0.006482005
28/07/1997,27.20391235,20.4899231,66.79599407,0,0.006616116
29/07/1997,26.09484253,20.79262695,72.64086426,0,0.005960464
30/07/1997,26.82215271,20.49582825,68.33361766,41.1568222,0.031173229
31/07/1997,26.31240234,19.18076477,64.90317848,0,0.016629696
01/08/1997,27.61750183,19.66462097,61.95424788,0,0.00423193
02/08/1997,25.27903137,20.99186096,77.17814578,0,0.12396276
03/08/1997,27.08751831,21.01079712,69.44398601,0,0.00166893
04/08/1997,27.9629303,19.43857727,59.87205212,8.830572128,0.001862645
05/08/1997,29.05980835,19.6463562,56.9114414,0,0.001966953
06/08/1997,28.38385925,19.34398804,58.0816474,0,0.001952052
07/08/1997,29.23978577,19.82290039,56.94343905,0,0.003576279
08/08/1997,27.90044556,21.40395508,67.83760737,0,0.03439188
09/08/1997,27.01737366,21.93621216,73.79341414,7.306301594,0.048875809
10/08/1997,28.44274292,19.81876526,59.61563009,0,0.002190471
11/08/1997,29.09189758,20.51462708,59.94083574,0,0.002041459
12/08/1997,27.80265198,21.38817749,68.15953406,0,0.006496906
13/08/1997,24.97141418,21.74883423,82.33414363,4.852161884,0.027343631
14/08/1997,26.11785278,21.72257385,76.79783152,4.852161884,0.070810318
15/08/1997,26.01706848,22.37526855,80.39073433,14.55648518,0.068157911
16/08/1997,26.75467834,20.74471436,69.66510011,12.5471487,0.007405877
17/08/1997,27.57912598,21.22124634,68.35173237,0,0.015944242
18/08/1997,28.52103577,20.79641113,63.0388037,0,0.010296702
19/08/1997,29.02453003,20.83477173,61.37261776,0,0.010699034
20/08/1997,28.42510376,21.35257874,65.59234203,6.273574352,0.016197562
21/08/1997,29.92247925,22.63042603,65.03536271,9.037612915,0.014185905
22/08/1997,28.38793335,21.634729,66.87876391,0,0.006079674
23/08/1997,28.96776733,21.76029358,65.1676547,4.518806458,0.008314848
24/08/1997,28.79432068,22.63392029,69.41922233,0,0.104889274
25/08/1997,27.931604,22.95224915,74.406527,9.037612915,0.052317977
26/08/1997,29.8169342,21.22713623,60.06399164,0,0.007510185
27/08/1997,30.80121765,21.43265686,57.49374632,10.7023859,0.0141114
28/08/1997,27.77280579,22.38161621,72.54429463,21.4047718,0.014215708
29/08/1997,28.94963989,21.39655457,63.80097045,10.7023859,0.007674098
30/08/1997,28.04869995,21.85175476,69.12078423,0,0.018343329
31/08/1997,28.66477356,21.71695862,66.145085,0,0.023603439
01/09/1997,29.23589478,21.2237793,62.09405485,7.693133354,0.01950562
02/09/1997,29.41451416,21.05480347,60.82403684,7.693133354,0.016853213
03/09/1997,28.30368958,21.17165527,65.32784794,7.693133354,0.017717481
04/09/1997,29.70038757,21.88813171,62.96217014,0,0.029459596
05/09/1997,27.74242554,21.64104614,69.46579106,7.693133354,0.017791986
06/09/1997,28.96932373,21.83152161,65.4457524,0,0.03375113
07/09/1997,27.25763855,22.40741882,74.87883363,28.30619621,0.940948725
08/09/1997,27.41552124,22.2219635,73.35831407,0,0.019744039
09/09/1997,29.36242065,20.34562073,58.40048567,7.076549053,0.006079674
10/09/1997,28.39489136,22.78278503,71.68927752,14.15309811,0.083848834
11/09/1997,29.63981018,23.11524353,68.06910895,6.129563808,0.188544393
12/09/1997,29.21946106,21.88395081,64.71388031,0,0.037834048
13/09/1997,28.75193176,22.14168701,67.53896751,6.129563808,0.018969178
14/09/1997,30.17017517,21.32669983,59.21950555,0,0.008970499
15/09/1997,29.63109741,22.04288635,63.81277535,12.25912762,0.015571713
16/09/1997,29.66640625,22.52375183,65.57328937,0,0.076293945
17/09/1997,24.63587341,22.35132751,87.13958355,13.35368538,0.542849302
18/09/1997,28.47309265,21.99704895,68.03718894,6.67684269,0.094980001
19/09/1997,28.61292419,21.27131042,64.55940387,20.03052711,0.042259693
20/09/1997,28.49595032,23.34179077,73.71980744,0,0.064879656
21/09/1997,30.02884827,22.14534912,62.76207487,0,0.006914139
22/09/1997,28.79900513,22.95173035,70.74952364,0,0.039190054
23/09/1997,28.81742249,22.17737732,67.42977197,0,0.150263309
24/09/1997,28.75869141,21.99074707,66.89458622,17.4763298,0.032827258
25/09/1997,27.73284302,21.24842224,67.85408457,5.825443268,0.004991889
26/09/1997,30.61350403,22.49529419,62.00245396,0,0.053375959
27/09/1997,28.75089417,22.78692017,70.24241881,14.53264236,0.212296844
28/09/1997,30.20430908,20.91939697,57.64487357,0,0.000581
29/09/1997,30.27498779,22.40340576,62.86218182,0,0.032663345
30/09/1997,31.01891479,22.9755188,62.37515347,21.79896164,0.047519803
01/10/1997,30.62719116,22.24962769,61.03586787,0,0.006303191
02/10/1997,30.16721497,22.47123108,63.51247135,0,0.005871058
03/10/1997,30.24694214,22.39528809,62.93213822,18.42053413,2.370864153
04/10/1997,29.27756653,22.02227173,65.04361366,6.140178204,0.041201711
05/10/1997,29.66019592,22.27771912,64.62334375,0,0.009521842
06/10/1997,31.84081421,22.73946533,58.68779529,2.919857264,0.04568696
07/10/1997,29.57344971,23.06284485,68.11339496,0,0.049456954
08/10/1997,29.50031433,23.02456055,68.24256752,0,0.006705523
09/10/1997,31.35326538,21.99169312,57.65146013,5.839714527,0.005602837
10/10/1997,27.86339722,21.96569214,70.35810642,8.759572029,0.005587935
11/10/1997,30.39359436,22.17345581,61.56995623,0,0.00230968
12/10/1997,30.50626526,21.17653809,57.55935203,3.477698088,0.001460314
13/10/1997,27.45484314,23.01297913,76.78747056,13.91079235,0.039562583
14/10/1997,29.2259613,22.54259644,67.33500937,10.43309307,0.053912401
15/10/1997,28.93383179,21.76891479,65.33001132,3.477698088,0.016048551
16/10/1997,30.94222412,21.02910767,55.63971887,0,0.00295043
17/10/1997,29.93155823,22.49295959,64.46145921,4.238672256,0.024549663
18/10/1997,26.50679932,23.246698,82.33456971,8.477344513,0.075943768
19/10/1997,30.400354,21.98807678,60.85508284,12.71601677,0.005021691
20/10/1997,29.43610535,22.75620422,67.39164946,0,0.024363399
21/10/1997,30.99320374,21.09865723,55.7158255,2.720406771,0.01321733
22/10/1997,28.60328064,22.3064209,68.80933925,2.720406771,0.023648143
23/10/1997,31.4493042,21.23363647,54.74144504,0,0.043451786
24/10/1997,29.84847412,22.51294861,64.84829411,0,0.002473593
25/10/1997,31.04906616,22.20757446,59.43339114,2.720406771,0.006750226
26/10/1997,28.71524963,22.27814636,68.24695217,0,0.030621886
27/10/1997,30.14882813,21.6737915,60.56465763,0,0.035837293
28/10/1997,30.95453796,22.4367157,60.59240817,0,0.4568398
29/10/1997,28.46924744,23.51215515,74.59632957,7.200502872,0.106737018
30/10/1997,30.55149231,22.94065247,63.92502921,0,0.006973743
31/10/1997,31.35897217,22.5624939,59.66875763,21.60150909,0.010818243
01/11/1997,28.52797852,23.395578,73.82208263,5.791381836,0.024914742
02/11/1997,31.13991699,20.71724854,53.97231882,0,0.000939
03/11/1997,32.73809204,19.19686279,44.87899791,0,0.000566
04/11/1997,31.96984253,19.20940552,46.90153338,0,0.000626
05/11/1997,32.15839539,19.48465881,47.20624948,0,0.001013279
06/11/1997,32.43172607,20.18947754,48.55999796,0,0.002563
07/11/1997,31.70061646,20.99645386,53.1872615,0.794986486,0.038892031
08/11/1997,30.34034119,22.22236023,61.94187208,0,0.019818544
09/11/1997,32.51012573,20.52567444,49.35993679,0,0.001102686
10/11/1997,33.11771545,16.23768005,36.45879453,0,0.000477
11/11/1997,33.16355286,12.32416687,28.22482637,0,0.000462
12/11/1997,32.51786194,14.7211853,34.21318407,0,0.000894
13/11/1997,33.2802063,13.99575195,31.27676466,0,0.000492
14/11/1997,32.50592957,14.64957581,34.07830657,0,0.0007
15/11/1997,32.69620667,14.28328857,32.92639418,0,0.000596
16/11/1997,32.98204956,13.30814514,30.41201641,0,0.000477
17/11/1997,33.39116821,12.03708801,27.34567463,0,0.000596
18/11/1997,33.32319031,13.06690369,29.36981317,0,0.000551
19/11/1997,28.34041748,20.918573,64.18342908,0,0.034496188
20/11/1997,31.86324463,17.13555298,41.42377923,0,0.000671
21/11/1997,28.37111816,20.56138,62.67594002,0,0.006958842
22/11/1997,33.90851746,14.83283386,31.87844473,0,0.000477
23/11/1997,33.90122375,14.66884766,31.55581964,0,0.000551
24/11/1997,34.04293213,14.47112427,30.91041461,0,0.000492
25/11/1997,34.37182007,15.69210205,32.83076474,0,0.000507
26/11/1997,33.15493164,17.94016418,40.52474998,0,0.001370907
27/11/1997,33.66253052,17.55045471,38.43521866,0,0.000626
28/11/1997,33.42749939,16.65987549,36.80792467,0,0.000626
29/11/1997,34.26767883,14.59517822,30.77215291,0,0.000581
30/11/1997,34.30780945,13.87346802,29.30132863,0,0.000611
01/12/1997,34.57558594,12.88483582,27.06650484,0,0.000507
02/12/1997,34.89896545,5.960229492,16.67819679,0,0.000566
03/12/1997,34.43096313,5.543572998,16.62866551,0,0.000656
04/12/1997,34.2594696,10.93627319,24.22202924,0,0.000522
05/12/1997,35.70969543,10.7985321,22.15209863,0,0.00044
06/12/1997,35.48302612,14.57288513,28.72980891,0,0.00044
07/12/1997,33.81859741,15.92391357,34.36285965,1.722388387,0.000536
08/12/1997,34.77764282,15.6390625,31.99145741,0,0.000447
09/12/1997,33.33654175,16.89611206,37.55466842,0,0.001326203
10/12/1997,33.88340149,15.42902527,33.17090135,5.167165279,0.000462
11/12/1997,33.49248657,16.2920929,35.82610528,3.973208189,0.000834
12/12/1997,34.0342804,6.553277588,18.22972066,5.959812164,0.000566
13/12/1997,32.61283264,11.81891785,28.15772028,1.986604095,0.000417
14/12/1997,33.48787842,6.520974731,18.75205708,0,0.000402
15/12/1997,34.35866699,5.531304932,16.68131353,0,0.000417
16/12/1997,34.94527588,10.84223328,23.17304996,0,0.000402
17/12/1997,34.44516907,14.72667847,30.73009566,0,0.000417
18/12/1997,35.41214905,12.40291748,25.0392205,0,0.000417
19/12/1997,35.67475281,9.370370483,20.17041025,0,0.000462
20/12/1997,35.31070862,11.45450745,23.6523286,0,0.000387
21/12/1997,34.12380371,14.51073608,30.8505215,0,0.000417
22/12/1997,35.75318298,10.70137939,21.9566616,0,0.000373
23/12/1997,34.89945374,13.71976624,28.07406878,0,0.000417
24/12/1997,34.94573364,13.90662537,28.34444467,0,0.000417
25/12/1997,35.53795776,5.190393066,15.26186788,0,0.000358
26/12/1997,34.09055481,-1.757620239,10.04365385,0,0.000417
27/12/1997,33.67316589,9.379037476,22.54912781,0,0.000358
28/12/1997,33.89350281,7.885949707,20.13057137,0,0.000387
29/12/1997,35.07566223,5.003900146,15.45362705,0,0.000387
30/12/1997,34.48664246,7.623071289,19.13120116,0,0.000358
31/12/1997,35.75620422,11.52805481,23.19193136,0,0.000373
01/01/1998,35.94790039,13.66021118,26.39575871,0,0.000358
02/01/1998,35.47310791,14.13944397,27.95044895,0,0.000536
03/01/1998,36.28489075,9.808999634,20.09007256,0,0.000417
04/01/1998,35.80954895,6.735253906,16.73341677,0,0.000417
05/01/1998,33.70206604,8.370782471,21.02896487,0,0.000626
06/01/1998,33.39362488,4.59180603,16.48618418,0,0.000328
07/01/1998,33.64803467,3.112054443,14.64394836,0,0.000358
08/01/1998,34.92063293,4.105386353,14.63565578,0,0.000358
09/01/1998,35.22812805,3.696893311,13.98100291,0,0.000343
10/01/1998,34.83200989,1.470529175,12.19502642,0,0.000328
11/01/1998,33.58423767,0.963922119,12.60259296,0,0.000328
12/01/1998,34.10932312,2.482415771,13.64752659,0,0.000343
13/01/1998,33.67992554,2.631158447,14.12690003,0,0.000328
14/01/1998,34.25905762,1.910043335,12.99204685,8.064687729,0.000328
15/01/1998,33.82872925,0.12243042,11.69659725,0,0.000313
16/01/1998,34.44761047,0.741357422,11.81954642,0,0.000343
17/01/1998,34.75071106,2.096505737,12.81233271,0,0.000328
18/01/1998,34.54282532,1.28447876,12.22721278,0,0.000298
19/01/1998,34.47736511,0.908502197,11.94345872,0,0.000358
20/01/1998,34.24482117,1.328912354,12.47101216,0,0.000328
21/01/1998,35.47120056,2.978631592,13.1111901,0,0.000298
22/01/1998,35.84871826,1.969918823,11.95078497,0,0.000298
23/01/1998,37.06792603,3.006158447,12.03698719,0,0.000313
24/01/1998,36.99863586,4.161828613,13.11006114,0,0.000328
25/01/1998,37.64975891,7.266992188,15.69730466,0,0.000328
26/01/1998,37.44658813,11.49250183,21.09657267,0,0.000328
27/01/1998,36.7920929,13.53280029,24.99598707,0,0.000328
28/01/1998,37.69442139,12.22319946,21.84352629,0,0.000298
29/01/1998,38.00524292,13.48772583,23.33356135,0,0.000298
30/01/1998,35.62015686,18.34833679,36.25857552,0,0.000477
31/01/1998,36.97527466,15.81287537,28.67158583,0,0.000343
01/02/1998,37.67244873,13.64763794,24.00643765,0,0.000283
02/02/1998,39.0055481,12.57540283,20.82882655,0,0.000298
03/02/1998,39.48111877,11.48475037,18.89605545,0,0.000328
04/02/1998,39.08202515,11.81278381,19.7277283,0,0.000298
05/02/1998,40.41655884,0.639611816,8.484677832,0,0.000268
06/02/1998,39.44828186,2.88036499,10.49163946,0,0.000298
07/02/1998,38.88768921,6.500970459,13.92980873,0,0.000298
08/02/1998,38.68662415,5.605737305,13.23532777,0,0.000298
09/02/1998,37.28501282,12.30654297,22.45714173,0,0.000402
10/02/1998,36.9285675,12.76287231,23.59346563,3.888564348,0.000298
11/02/1998,35.60860596,17.92200623,35.32297633,6.322740555,0.002875924
12/02/1998,36.20806274,8.197259521,18.0935057,0,0.000283
13/02/1998,36.21706543,1.118997192,11.01725033,0,0.000298
14/02/1998,35.7047821,1.294976807,11.47597512,0,0.000238
15/02/1998,35.81742249,1.056344604,11.21069834,0,0.000283
16/02/1998,36.40682373,1.933236694,11.56031088,0,0.000276
17/02/1998,36.69695435,0.803826904,10.49047377,0,0.000246
18/02/1998,37.38752136,3.144021606,11.94584654,0,0.000268
19/02/1998,37.41925964,8.8578125,17.71280496,0,0.000238
20/02/1998,38.11681519,6.271066284,14.29194879,0,0.000253
21/02/1998,37.73500977,4.495568848,12.89454829,0,0.000253
22/02/1998,36.41181335,1.616311646,11.29749584,0,0.000238
23/02/1998,36.55471191,1.744775391,11.31338489,0,0.000238
24/02/1998,37.5510498,2.000100708,10.91383372,0,0.000224
25/02/1998,38.73038635,2.45496521,10.57842999,0,0.000238
26/02/1998,39.22582397,2.807962036,10.56288446,0,0.000224
27/02/1998,39.22870789,4.236077881,11.68269834,0,0.000238
28/02/1998,38.48270569,10.80272827,19.05394861,0,0.000253
01/03/1998,37.24593506,14.5397583,26.03198602,0,0.000224
02/03/1998,38.39927063,5.843438721,13.66530711,0,0.000283
03/03/1998,38.41072998,2.846749878,11.06643573,0,0.000253
04/03/1998,37.62061462,-1.640615845,8.34516992,0,0.000209
05/03/1998,37.1905304,-3.068807983,7.682960601,0,0.000209
06/03/1998,36.80098877,-2.620153809,8.114656723,0,0.000209
07/03/1998,37.40027771,-1.966986084,8.244300116,0,0.000209
08/03/1998,37.49039612,-2.09392395,8.127319121,0,0.000209
09/03/1998,38.15192566,-2.054083252,7.864545412,0,0.000224
10/03/1998,39.00374756,-1.332952881,7.922732597,0,0.000194
11/03/1998,37.98993835,10.75632629,19.50720773,0,0.000224
12/03/1998,38.13619385,15.14417419,25.79138625,0,0.000328
13/03/1998,36.77202759,16.86542664,31.0015678,0,0.003919005
14/03/1998,37.5041748,18.10242615,32.21053551,6.322299957,0.000849
15/03/1998,30.28080139,21.92380676,61.0331088,14.4509716,0.017523766
16/03/1998,39.02858887,3.061120605,10.8688554,0,0.000194
17/03/1998,38.50420532,3.547006226,11.57092936,0,0.000224
18/03/1998,37.87786255,12.43863831,21.93620148,0,0.000298
19/03/1998,38.50115356,14.0250946,23.52506749,0,0.000238
20/03/1998,39.26801453,7.140542603,14.2621266,0,0.000179
21/03/1998,39.51503906,6.450921631,13.42275266,0,0.000224
22/03/1998,39.24189148,11.08733521,18.64178817,0,0.000194
23/03/1998,40.12513123,12.71904907,19.80440582,0,0.000253
24/03/1998,39.8091217,13.5271698,21.23308561,0,0.000238
25/03/1998,39.00608215,12.51960144,20.75206676,0,0.000283
26/03/1998,38.87565002,12.94599304,21.4903112,0,0.000298
27/03/1998,39.17873535,13.08052979,21.33043197,0,0.000253
28/03/1998,37.99779663,15.34395752,26.32075454,0,0.000477
29/03/1998,33.25957642,20.00309143,45.82282148,9.425915718,0.009059906
30/03/1998,35.81086121,20.66793213,41.44361182,14.13887501,0.002652407
31/03/1998,38.52689514,16.55861816,27.64423421,0,0.000432
01/04/1998,38.92369995,15.52063904,25.32506834,0,0.000313
02/04/1998,39.36460266,14.99241028,23.90797718,0,0.000224
03/04/1998,39.33001099,14.64667664,23.42430158,5.78663063,0.000194
04/04/1998,39.14220581,16.76461182,27.09733833,0,0.000224
05/04/1998,37.82492981,18.41871033,32.28986769,5.78663063,0.000462
06/04/1998,39.43837891,16.20723877,25.74150275,3.826202631,0.000224
07/04/1998,40.34415588,13.048349,20.00159228,0,0.000149
08/04/1998,38.22387085,15.93694458,27.00783626,3.826202631,0.000238
09/04/1998,39.46486816,15.67939148,24.85245941,3.826202631,0.000149
10/04/1998,37.77999268,18.3396698,32.20854484,0,0.000536
11/04/1998,39.27478943,17.61191711,28.38739035,21.93890762,0.000209
12/04/1998,32.66907654,22.43760071,54.99267668,12.53651905,0.005960464
13/04/1998,39.54599915,16.47654114,26.03658734,0,0.000253
14/04/1998,37.1821991,18.99904785,34.67161074,0,0.000507
15/04/1998,39.44597778,14.86158142,23.60429909,5.484726906,0.000194
16/04/1998,38.79621277,17.05724487,28.12252846,0,0.000149
17/04/1998,38.53852234,18.21550903,30.67578448,3.855289936,0.000834
18/04/1998,36.97461853,20.74672852,39.07628576,7.710579872,0.005826354
19/04/1998,36.8543335,20.45681152,38.63692689,7.710579872,0.001102686
20/04/1998,35.16974792,21.12368164,44.15287681,7.710579872,0.012457371
21/04/1998,34.22397766,21.66443787,48.09425645,13.28136158,0.007644296
22/04/1998,32.40766296,22.91382751,57.4427882,0,0.649660826
23/04/1998,32.5768219,23.57062683,59.1997613,0,0.003367662
24/04/1998,34.39864502,21.87488708,48.24584907,0,0.003576279
25/04/1998,36.20523987,19.75684509,38.33604642,0,0.000328
26/04/1998,37.13778076,20.39682922,37.90445079,8.840925217,0.016525388
27/04/1998,28.32006226,23.66890869,75.95873133,4.420462608,0.010460615
28/04/1998,35.2943512,20.87165222,43.17673673,4.420462608,0.000879
29/04/1998,32.35959778,23.05672607,58.09862144,13.26138687,0.02387166
30/04/1998,32.67850647,22.6506897,55.6790292,17.68185043,0.035971403
01/05/1998,31.00267944,23.55932007,64.67207972,4.24326992,0.093728304
02/05/1998,26.51862488,23.33799133,82.73180788,9.698903084,0.559613109
03/05/1998,30.56432495,24.37876282,69.65276025,0,0.009924173
04/05/1998,33.70772705,22.69144592,52.69004161,4.24326992,2.203375101
05/05/1998,30.29332886,23.69820557,67.90976147,0,0.049233437
06/05/1998,28.60671387,25.13421021,81.5518721,20.69310951,0.052079558
07/05/1998,29.69802246,23.83374939,70.843739,1.288180351,0.006526709
08/05/1998,31.05526123,23.00324402,62.35073259,2.548952579,0.06455183
09/05/1998,31.27652893,22.40160522,59.36595872,0,0.019982457
10/05/1998,25.07711182,23.65218506,91.82463839,0,0.63765049
11/05/1998,32.93320618,21.36473999,50.75042617,0,0.000358
12/05/1998,32.86702881,20.68734131,48.86367279,0,0.000477
13/05/1998,33.27907715,20.75116882,47.93583543,0,0.001087785
14/05/1998,35.3946167,20.34462891,41.56687206,0,0.000849
15/05/1998,33.71587524,21.58780823,49.24340431,7.13803196,0.001460314
16/05/1998,29.60762939,23.64107666,70.39251433,9.548597336,0.01963973
17/05/1998,32.9441925,22.67310486,54.92888145,0,0.016540289
18/05/1998,32.68226013,23.10630188,57.2241278,9.548597336,0.013828278
19/05/1998,33.05108032,23.08361206,55.9744924,5.45634222,0.007733703
20/05/1998,34.58422241,21.66085205,47.13167202,0,0.003993511
21/05/1998,33.38633118,21.54418335,50.02470728,7.054537296,0.000298
22/05/1998,30.2842041,24.03171692,69.32050868,7.054537296,0.016540289
23/05/1998,33.86931763,22.7933136,52.54073871,12.34543896,0.111937523
24/05/1998,31.85535583,22.96164856,59.43380328,0,0.031843781
25/05/1998,33.2305542,22.50553284,53.5073835,0,0.006109476
26/05/1998,32.41268311,22.56600342,56.22866487,0,0.001490116
27/05/1998,31.0588623,23.29404602,63.44284036,0,0.024020672
28/05/1998,32.35921631,22.68639526,56.81169205,9.592604637,0.042468309
29/05/1998,30.69994507,23.77971802,66.67605838,6.395069599,0.012248755
30/05/1998,31.56429443,23.40673218,62.067885,3.1975348,0.011667609
31/05/1998,28.53981934,24.01279602,76.56208931,6.395069599,0.060498714
01/06/1998,26.54129944,23.13762817,81.62800968,12.76391506,0.040799379
02/06/1998,28.04464111,22.23121033,70.75426028,21.94558716,0.044599175
03/06/1998,28.39138184,22.38208923,69.98152081,9.599020004,0.016987324
04/06/1998,29.45951233,23.0342041,68.44298912,6.538463116,0.04953146
05/06/1998,26.22944031,24.14649353,88.34719686,10.19026375,1.832276583
06/06/1998,30.26667175,21.55425415,59.71928691,0,0.001132488
07/06/1998,32.01387939,21.77649841,54.80978984,0,0.002026558
08/06/1998,31.25103149,21.45324097,56.11105464,10.85285759,0.001847744
09/06/1998,30.44120178,22.18163452,61.43315693,0,0.042662024
10/06/1998,30.77695618,22.41707764,61.13573775,0,0.022888184
11/06/1998,31.76329956,22.50635681,58.11816057,0,0.003010035
12/06/1998,31.18804321,23.01363525,61.92050139,14.79212952,0.015199184
13/06/1998,28.2476593,24.31562195,79.29827296,0,0.066891313
14/06/1998,26.15062866,23.01259766,82.90106454,0,0.504791737
15/06/1998,30.02553711,22.42737732,63.85999036,0,0.0192523
16/06/1998,31.49802551,21.50036011,55.48951125,0,0.004202127
17/06/1998,32.06691895,22.61681519,57.51315416,0,0.01630187
18/06/1998,30.46314392,22.84085999,63.86160548,13.19093323,0.011786819
19/06/1998,31.4963623,21.71924744,56.2423556,0,0.000983
20/06/1998,29.27990112,21.85473022,64.37379393,7.537676811,0.038325787
21/06/1998,30.24141846,22.87206421,64.79911813,12.56925392,0.078618526
22/06/1998,28.67775879,21.64212952,65.79383072,10.99809551,0.006705523
23/06/1998,31.27683411,21.085672,54.78059705,0,0.001311302
24/06/1998,31.77662048,21.76600037,55.51457042,0,0.000596
25/06/1998,31.85163269,21.73696289,55.18148712,5.499047756,0.001460314
26/06/1998,31.0349823,22.65023193,61.102295,16.24598122,0.036001205
27/06/1998,31.39866028,21.81768188,56.89596138,12.18448639,0.030964613
28/06/1998,29.93885193,21.64202271,61.1793585,12.18448639,0.008374453
29/06/1998,30.33484802,21.55295715,59.48201822,0,0.015467405
30/06/1998,31.18262634,21.70993958,57.22081554,0,0.015839934
01/07/1998,29.59188232,22.88216553,67.30151699,0,0.060081482
02/07/1998,30.4636322,21.18508301,57.73001596,8.759407043,0.00795722
03/07/1998,27.24482117,21.41484985,70.53305186,0,0.013515353
04/07/1998,30.47205505,18.77909241,49.71636694,0,0.000745
05/07/1998,31.12075195,22.11116943,58.84511508,0,0.00706315
06/07/1998,26.48853455,21.47245178,73.99678233,7.554687023,0.023037195
07/07/1998,27.05878601,22.03763733,74.07094044,7.554687023,0.07776916
08/07/1998,30.42826233,21.68415222,59.64148614,0,0.025674701
09/07/1998,29.53493652,21.48549805,62.01960928,0,0.003635883
10/07/1998,30.26201782,21.10016785,58.09618239,7.554687023,0.002473593
11/07/1998,29.30219421,21.66854248,63.56428769,0,0.034317374
12/07/1998,26.44724426,22.62796936,79.5875359,14.15868855,0.049769878
13/07/1998,25.18216858,22.45098267,84.86007836,12.38885212,0.1180619
14/07/1998,27.31199036,22.48981628,75.01547074,0,1.337766647
15/07/1998,25.14873657,21.834375,81.8960448,0,0.060141087
16/07/1998,27.31380615,21.3414093,69.93351009,0,0.051632524
17/07/1998,27.43627319,22.10108337,72.73215868,0,0.086247921
18/07/1998,23.40796814,22.56813965,95.04676752,9.641516685,1.106277108
19/07/1998,28.62867126,21.78881226,66.5750854,9.641516685,0.066772103
20/07/1998,24.112146,22.42502747,90.31787671,9.641516685,0.305339694
21/07/1998,24.40239868,21.19236145,82.32737832,0,0.0513345
22/07/1998,27.02771912,19.96930847,65.35282858,0,0.005275011
23/07/1998,25.34472046,22.23066101,82.92586385,0,0.055462122
24/07/1998,27.05599365,21.38434753,71.18477855,0,0.01013279
25/07/1998,28.83764038,19.79802856,58.19209643,0,0.004187226
26/07/1998,28.74912415,21.54023132,65.11549509,0,0.00731647
27/07/1998,24.37272034,22.51712952,89.41760544,0,0.047117472
28/07/1998,28.05140076,21.85759888,69.13456902,10.43181705,0.03066659
29/07/1998,23.60547791,21.67443237,88.94757054,0,0.179216266
30/07/1998,28.2240387,20.99744568,64.93282055,0,0.006124377
31/07/1998,28.77860413,20.60083923,61.36168124,10.43181705,0.005066395
01/08/1998,27.10708008,21.87519226,73.1335462,0,0.02323091
02/08/1998,27.96125183,20.45160828,63.75477484,0,0.004932284
03/08/1998,27.6514679,21.02654419,67.25521013,19.13718987,0.054761767
04/08/1998,27.45424805,21.59028015,70.42591125,0,0.041007996
05/08/1998,26.60921631,20.14443359,67.70925395,19.13718987,0.014737248
06/08/1998,27.95668945,19.59221802,60.46834675,0,0.007227063
07/08/1998,25.24707947,21.56238708,80.07670312,0,0.033736229
08/08/1998,28.52622375,21.10270081,64.21716957,0,0.057384372
09/08/1998,29.15877686,20.3625885,59.15239723,0,0.00192225
10/08/1998,30.80101929,22.12302551,59.96966378,28.60733986,0.092178583
11/08/1998,27.23825989,21.59168396,71.32774527,0,0.057592988
12/08/1998,29.27016602,21.45836792,62.86848445,0,0.004634261
13/08/1998,24.82042847,22.75393066,88.31680347,21.97853851,0.102594495
14/08/1998,22.57903442,22.28943787,98.25614381,0,7.655486465
15/08/1998,21.81961975,21.58471069,98.5751453,10.98926926,4.095047712
16/08/1998,26.64820251,20.09250793,67.33753586,0,0.008329749
17/08/1998,27.96624146,22.24430237,71.13460782,0,0.079035759
18/08/1998,28.05709229,21.3276001,66.90793502,16.34213448,0.021398067
19/08/1998,28.74323425,20.67852173,61.78237799,0,0.010997057
20/08/1998,27.03049622,20.31707153,66.76249165,0,0.007778406
21/08/1998,27.06382141,21.1561676,70.16386539,0,0.018998981
22/08/1998,26.07544861,21.14040527,74.29480117,29.67683411,0.026881695
23/08/1998,26.52137146,21.35340271,73.31745576,0,0.082984567
24/08/1998,26.33840332,20.95914612,72.34104625,0,0.011995435
25/08/1998,28.14673767,19.78191528,60.51129537,0,0.007599592
26/08/1998,29.06095276,18.5524231,53.15625985,0,0.000551
27/08/1998,31.47960815,18.55578003,46.29318156,0,0.000224
28/08/1998,27.82732544,22.00504456,70.67554601,9.362335205,0.059634447
29/08/1998,27.78927002,20.83765564,65.9466069,18.72467041,0.008314848
30/08/1998,26.9084259,20.11596069,66.41189617,0,0.027120113
31/08/1998,25.54215393,21.96901855,80.66390651,0,0.049769878
01/09/1998,28.98571167,21.66907654,64.73836545,0,0.032365322
02/09/1998,27.01685486,22.13573608,74.6983385,0,0.031471252
03/09/1998,27.13857422,20.84339294,68.52777959,0,0.006973743
04/09/1998,27.93924866,20.03415833,62.21107768,0,0.003457069
05/09/1998,28.69375,19.281427,56.82552891,0,0.000536
06/09/1998,29.25878296,19.66768799,56.33610107,0,0.001952052
07/09/1998,29.7725769,20.7786499,58.58104847,0,0.013187528
08/09/1998,25.11287842,22.11031494,83.46330228,0,0.082448125
09/09/1998,27.08713684,22.03830872,73.95093637,0,0.038698316
10/09/1998,27.56096802,21.81769714,70.96717155,0,0.1308918
11/09/1998,23.05332336,22.57770691,97.16028856,0,0.155165792
12/09/1998,28.78748474,20.66533813,61.57430168,0,0.010743737
13/09/1998,28.18807373,22.5066925,71.35104502,36.29368591,0.030115247
14/09/1998,25.57125244,22.62055359,83.77941316,18.14684296,0.746130943
15/09/1998,27.43714294,22.18078003,73.08222219,0,0.131964684
16/09/1998,25.83547363,22.85363159,83.6514706,0,0.372767448
17/09/1998,29.73522339,22.119104,63.72707304,12.07639408,0.043645501
18/09/1998,27.01255188,21.95386658,73.89379488,24.15278816,0.02668798
19/09/1998,27.27755127,21.54482422,70.96019242,0,0.056236982
20/09/1998,29.07343445,21.49093018,63.71322267,12.07639408,0.026524067
21/09/1998,29.55736694,21.33419189,61.36840957,31.23672676,0.035613775
22/09/1998,25.42273865,21.49289856,78.90917646,31.23672676,1.308232546
23/09/1998,26.36928711,21.83753357,76.19985207,0,0.021398067
24/09/1998,28.21573792,21.60733948,67.43813143,0,0.331655145
25/09/1998,30.60331116,21.34057007,57.81965433,0,0.01822412
26/09/1998,29.18052063,22.49532471,67.31832545,9.003227234,0.024020672
27/09/1998,24.38335571,22.58460388,89.72741286,0,0.564545393
28/09/1998,28.90419922,22.05584106,66.59739443,18.00645447,0.04042685
29/09/1998,27.88793335,23.55692444,77.36929943,18.00645447,0.080481172
30/09/1998,26.47802124,23.32532654,82.8665305,9.003227234,1.663327217
01/10/1998,28.65427551,22.5835968,69.77116149,10.80027294,0.106409192
02/10/1998,27.99816284,23.66248474,77.36419041,0,0.196263194
03/10/1998,29.88462219,23.38346252,68.21391536,0,0.00679493
04/10/1998,27.59389648,22.36095581,73.2137835,0,0.010758638
05/10/1998,28.37180481,22.15014038,69.0795787,0,0.011593103
06/10/1998,31.01195679,21.96557007,58.68755478,0,0.01655519
07/10/1998,26.09180603,23.57184753,86.0451289,0,0.064745545
08/10/1998,25.85613403,22.57102356,82.13014312,0,0.222206116
09/10/1998,27.97055969,22.19658813,70.91054509,3.00545907,0.023603439
10/10/1998,24.81575928,22.84255371,88.81694982,20.83445549,2.958342433
11/10/1998,29.02144775,23.20147095,70.9076827,10.78830051,5.449965596
12/10/1998,29.02819214,21.41027222,63.56535021,0,0.011742115
13/10/1998,27.64463196,22.29851685,72.72062157,0,0.018522143
14/10/1998,30.08550415,21.90651855,61.65464236,0,0.007361174
15/10/1998,30.01926575,22.84781799,65.53298922,5.394150257,0.037461519
16/10/1998,28.28954468,22.72379456,71.87183973,0,0.007584691
17/10/1998,25.66074524,23.44819031,87.61282782,16.84357643,0.077933073
18/10/1998,26.23946533,23.10709534,82.93997844,11.22905064,0.131696463
19/10/1998,29.93503723,21.97266541,62.4403653,0,0.009536743
20/10/1998,29.931604,22.32007751,63.78770183,0,0.062614679
21/10/1998,29.34015808,23.31018982,70.07377179,0,0.171333551
22/10/1998,28.96071777,22.47832642,68.10807837,4.104982853,1.123100519
23/10/1998,27.8147522,21.26819763,67.6126083,0,0.02142787
24/10/1998,30.57050476,21.22176514,57.50779805,8.209965706,0.118225813
25/10/1998,30.97272644,21.15477905,55.97325795,0,0.002488494
26/10/1998,30.87598572,20.08171997,52.68217083,0,0.002771616
27/10/1998,31.01517639,20.17316589,52.56259595,0,0.001430511
28/10/1998,31.6478363,18.09040222,44.53475839,0,0.00082
29/10/1998,31.53431091,17.7259613,43.80611522,0,0.000745
30/10/1998,31.62453613,18.88997803,46.88380752,5.883548737,0.002801418
31/10/1998,32.10895691,16.80330811,40.00116661,0,0.000566
01/11/1998,32.41632996,14.09127197,33.03550235,0,0.000626
02/11/1998,32.39592896,16.50328979,38.61565513,0,0.000685
03/11/1998,33.07479248,16.64920959,37.51656635,0,0.000641
04/11/1998,32.26783142,18.76404724,44.85516686,0,0.00079
05/11/1998,32.86980591,18.85556946,43.60986116,0,0.000685
06/11/1998,33.41289673,15.82650146,34.9319276,0,0.000611
07/11/1998,32.61100159,16.78515015,38.84042911,0,0.00073
08/11/1998,33.29647217,13.4129425,30.0858499,0,0.000715
09/11/1998,32.27747498,15.79523621,37.15737176,0,0.00073
10/11/1998,32.4143158,15.65296326,36.53760471,0,0.000671
11/11/1998,31.86516724,15.35141907,36.96624106,0,0.00073
12/11/1998,31.79699097,15.90804443,38.45621194,0,0.000745
13/11/1998,32.43192444,15.57416687,36.31757153,0,0.000656
14/11/1998,32.68352661,17.16896973,39.63493083,0,0.000641
15/11/1998,32.45379028,16.85585938,39.36188002,0,0.00076
16/11/1998,34.18886719,12.4964386,26.9585122,0,0.000656
17/11/1998,33.9966217,14.65363464,31.35777737,0,0.000775
18/11/1998,32.95810852,18.13483582,41.47890943,0,0.001654029
19/11/1998,33.95266113,16.49289856,35.36734006,0,0.001102686
20/11/1998,34.23667297,15.75254211,33.20641244,0,0.000685
21/11/1998,34.75910339,13.66643677,28.19498403,0,0.000656
22/11/1998,33.20743713,16.86467896,37.75171774,0,0.000775
23/11/1998,33.83100281,16.29827271,35.16936293,0,0.0007
24/11/1998,33.73037109,15.81884155,34.30114433,0,0.000715
25/11/1998,34.62137756,14.77607117,30.52835931,0,0.000656
26/11/1998,33.78058777,15.94951782,34.49215927,0,0.0007
27/11/1998,33.66985474,15.87087402,34.53188926,0,0.00073
28/11/1998,34.61989746,13.24968872,27.65189194,0,0.000641
29/11/1998,34.30022583,13.99634705,29.54848337,0,0.000656
30/11/1998,33.53122864,14.13109741,31.11269975,0,0.0007
01/12/1998,34.69585571,13.26490173,27.56311353,0,0.000611
02/12/1998,35.29642639,13.78850708,27.5882722,0,0.000596
03/12/1998,33.12133179,17.37865601,39.18897803,0,0.000745
04/12/1998,34.80652771,16.13985596,32.979472,0,0.001117587
05/12/1998,35.99544678,13.52514038,26.09647626,0,0.00073
06/12/1998,35.04404602,16.6349884,33.59171893,0,0.000685
07/12/1998,35.09980164,14.22007141,28.68136437,7.180933952,0.000685
08/12/1998,33.94698486,14.57729492,31.28994492,0,0.000685
09/12/1998,33.67810974,15.22496948,33.11607035,0,0.000671
10/12/1998,35.53022156,13.87926636,27.3962301,0,0.000611
11/12/1998,35.54998169,10.12449036,21.364257,0,0.000596
12/12/1998,35.36324463,10.66459045,22.37810398,0,0.000685
13/12/1998,34.31426392,6.955056763,18.45118109,0,0.000596
14/12/1998,33.29509888,4.205880737,16.13452899,0,0.000581
15/12/1998,32.68717346,1.698266602,13.9714929,0,0.000551
16/12/1998,32.74900208,3.294046021,15.60007755,0,0.000566
17/12/1998,32.93691406,4.615731812,16.94181251,0,0.000566
18/12/1998,33.73783264,4.596063232,16.17706122,0,0.000566
19/12/1998,34.18682251,2.76355896,13.86355954,0,0.000536
20/12/1998,34.18456421,3.23168335,14.33370014,0,0.000536
21/12/1998,34.19338379,6.648629761,18.18816142,0,0.000551
22/12/1998,35.05895386,7.078469849,17.85613295,0,0.000551
23/12/1998,34.66355286,8.701394653,20.38618054,0,0.000551
24/12/1998,35.26389465,9.244393921,20.45766887,0,0.000536
25/12/1998,35.01467285,7.723779297,18.70815818,0,0.000536
26/12/1998,35.51075134,4.711633301,14.78217765,0,0.000536
27/12/1998,35.20542297,5.295053101,15.65793634,0,0.000566
28/12/1998,35.1827179,9.317208862,20.65061336,0,0.000581
29/12/1998,35.40319214,8.133081055,18.82925336,0,0.000507
30/12/1998,34.35222778,13.22242126,28.01567397,0,0.000909
31/12/1998,33.64103088,15.11199341,32.94450902,0,0.000596
01/01/1999,35.11223755,13.86301575,28.00540782,0,0.000536
02/01/1999,35.02887878,12.55069885,25.82389496,0,0.000507
03/01/1999,35.98238525,9.92875061,20.59071405,0,0.000551
04/01/1999,35.46753845,9.406106567,20.45092791,0,0.000551
05/01/1999,34.55817566,2.755899048,13.57322611,0,0.000626
06/01/1999,34.12970886,5.170465088,16.47590326,0,0.000462
07/01/1999,33.70908508,1.085778809,12.62558541,0,0.000492
08/01/1999,33.69637451,2.155282593,13.64288389,0,0.000492
09/01/1999,33.91771851,1.822747803,13.1586068,0,0.000492
10/01/1999,34.13694153,3.722848511,14.87947056,0,0.000462
11/01/1999,34.97437439,4.457452393,14.95747943,0,0.000477
12/01/1999,34.9081665,10.81772766,23.18280792,0,0.000477
13/01/1999,34.99834595,9.535302734,21.17055307,0,0.000462
14/01/1999,35.92196045,10.98626099,22.17043553,0,0.000507
15/01/1999,35.42209778,12.8505188,25.77131389,0,0.000492
16/01/1999,36.07232056,12.7174469,24.65057842,0,0.000462
17/01/1999,35.49884949,12.90036926,25.74649108,0,0.000656
18/01/1999,35.32848511,12.28690491,24.96378915,0,0.000775
19/01/1999,33.61544189,15.9157196,34.73638577,0,0.001162291
20/01/1999,34.13227234,14.08272705,29.99326269,0,0.000611
21/01/1999,34.40633545,11.45269165,24.86295017,0,0.000522
22/01/1999,35.51868591,7.826318359,18.32293435,0,0.000477
23/01/1999,35.49224243,9.508554077,20.56443078,0,0.000447
24/01/1999,35.63149414,11.55928955,23.39984534,0,0.000447
25/01/1999,36.45731506,12.21842346,23.35790704,0,0.000477
26/01/1999,36.29561768,12.1322113,23.43208441,0,0.000447
27/01/1999,35.93882141,12.3648468,24.26354672,0,0.000432
28/01/1999,36.69544373,11.30405579,21.70442834,0,0.000402
29/01/1999,35.39205322,11.92980347,24.29803606,0,0.000477
30/01/1999,35.99173889,12.6559845,24.6601859,0,0.000432
31/01/1999,36.38239441,12.23278198,23.47600198,0,0.000417
01/02/1999,35.31710205,13.74245605,27.47445187,0,0.000447
02/02/1999,35.25898132,14.67089233,29.2714718,0,0.000462
03/02/1999,35.09130249,14.0357605,28.35401063,0,0.000522
04/02/1999,37.17817078,10.07038269,19.47242486,0,0.000477
05/02/1999,37.42189941,1.052102661,10.26691797,0,0.000417
06/02/1999,35.26616821,-2.479360962,8.920331255,0,0.000387
07/02/1999,35.14960632,-4.85300293,7.512365317,0,0.000417
08/02/1999,36.64116821,-0.872976685,9.313300271,0,0.000373
09/02/1999,36.73169861,12.04526672,22.74943819,0,0.000387
10/02/1999,37.39776001,11.01636658,20.49492315,0,0.000373
11/02/1999,37.17063293,10.4144989,19.93393612,0,0.000373
12/02/1999,35.63770447,13.80953369,27.11153585,0,0.000402
13/02/1999,36.25206909,16.00811157,30.20140226,0,0.004261732
14/02/1999,36.27683411,17.40984497,32.96898204,2.651814938,0.000581
15/02/1999,34.34603271,18.3081604,38.80647396,2.651814938,0.00269711
16/02/1999,31.84790955,20.59588013,51.4616904,4.367446899,0.019267201
17/02/1999,33.03309021,17.41936646,39.4847352,0,0.004708767
18/02/1999,35.55167542,8.001901245,18.50987188,0,0.000536
19/02/1999,36.37072144,5.491265869,14.88857525,0,0.000358
20/02/1999,36.26661072,2.854196167,12.44034557,0,0.000343
21/02/1999,36.62845764,6.688439941,15.94788774,0,0.000358
22/02/1999,36.77002869,9.545037842,19.22046717,0,0.000373
23/02/1999,36.41091309,15.63251648,29.22923976,2.1075418,0.000522
24/02/1999,37.91596375,9.124917603,17.55625738,2.1075418,0.000417
25/02/1999,37.6881958,13.24428711,23.36356285,0,0.000373
26/02/1999,37.45939026,15.58381042,27.52001666,0,0.000387
27/02/1999,37.57201538,14.47117004,25.46194307,0,0.000417
28/02/1999,37.12909851,17.22644958,31.1076087,2.675596952,0.001162291
01/03/1999,37.10431824,15.53423462,27.96730771,0,0.000417
02/03/1999,37.05046997,14.83701477,26.81994914,0,0.000298
03/03/1999,36.52585754,16.7693573,31.23013853,0,0.000745
04/03/1999,37.23282776,16.96477661,30.42424197,10.77239323,0.004827976
05/03/1999,37.38196716,13.81531677,24.6552014,0,0.000343
06/03/1999,37.76159058,12.65404663,22.38912942,0,0.000387
07/03/1999,37.19410095,12.94194946,23.52917632,0,0.000313
08/03/1999,35.51055298,18.05985413,35.82331365,0,0.00076
09/03/1999,36.94724426,17.065271,31.09827509,7.238446236,0.003948808
10/03/1999,32.08678589,21.65621338,54.18493203,2.75750351,0.004991889
11/03/1999,35.28980408,18.22872314,36.64840713,2.455284834,0.039845705
12/03/1999,31.52585754,22.1947876,57.8001796,4.910569668,0.010415912
13/03/1999,26.85747681,20.38514099,67.72792082,2.455284834,0.002563
14/03/1999,35.37220154,16.54177246,32.79392994,0,0.000358
15/03/1999,34.20797119,18.58129272,39.78032575,0,0.002980232
16/03/1999,36.33674011,17.32290039,32.68099377,5.627885342,0.005364418
17/03/1999,35.80236206,17.24883423,33.49564055,4.287912846,0.002369285
18/03/1999,33.60515747,20.22988281,45.58078455,4.287912846,0.011444092
19/03/1999,33.43439636,20.82615051,47.74085133,1.875961781,0.00846386
20/03/1999,35.08251343,18.64901123,38.05936048,1.875961781,0.001192093
21/03/1999,36.13193665,19.11979065,36.99561185,2.404048443,0.003024936
22/03/1999,35.5387207,17.92855225,35.47370981,0,0.001341105
23/03/1999,37.64275513,16.12651978,28.20983166,2.747484446,0.000417
24/03/1999,38.61968384,12.98372803,21.84205342,0,0.000283
25/03/1999,37.97133789,14.36641846,24.74891013,0,0.000358
26/03/1999,38.21924744,13.1519104,22.56543856,0,0.000343
27/03/1999,37.83777771,13.20527039,23.11606387,0,0.000298
28/03/1999,35.6756073,17.10520325,33.42465245,0,0.000805
29/03/1999,35.98180542,16.39417419,31.41621723,2.563359499,0.000298
30/03/1999,35.22670898,17.09316406,34.23540327,0,0.000417
31/03/1999,36.50322876,15.97312317,29.72269813,0,0.000268
01/04/1999,37.77823792,16.62900696,28.91409707,3.358983994,0.002220273
02/04/1999,36.40355835,16.08104858,30.09182671,6.717967987,0.000417
03/04/1999,37.70935974,15.65105591,27.26665145,5.878221512,0.000373
04/04/1999,34.38330994,18.23993835,38.56081988,5.878221512,0.004291534
05/04/1999,36.76860962,17.77021179,32.83251792,17.63466454,0.002071261
06/04/1999,30.43996582,21.05899963,57.3626176,9.341580391,0.014603138
07/04/1999,37.04311523,8.405435181,17.53306932,0,0.000253
08/04/1999,37.56704102,7.854882813,16.41438509,3.113860369,0.000253
09/04/1999,37.13250122,12.1977478,22.482643,0,0.000253
10/04/1999,38.43406067,12.33187256,21.13813696,0,0.000268
11/04/1999,38.25144348,13.56871948,23.14707006,0,0.000238
12/04/1999,37.92368469,15.11823425,26.04590897,0,0.000298
13/04/1999,36.93332825,18.10585938,33.23330184,0,0.012397766
14/04/1999,33.54595337,21.10076294,48.25142536,4.209925652,0.032067299
15/04/1999,34.59131775,19.59099731,41.47293604,12.62977695,0.010251999
16/04/1999,33.02129517,21.3540741,50.46725964,8.697662354,0.003099442
17/04/1999,32.70580444,21.98517761,53.3889664,9.940185547,0.010490417
18/04/1999,34.86539612,20.18111572,42.36932882,0,0.001192093
19/04/1999,35.15406189,20.12940369,41.56563918,0,0.000656
20/04/1999,33.80930481,19.93576965,44.2519855,0,0.001743436
21/04/1999,35.61838684,18.86138306,37.44523947,0,0.001356006
22/04/1999,35.33591614,19.60688171,39.83962014,10.44375896,0.00079
23/04/1999,34.62264404,20.21645508,43.03661605,0,0.005841255
24/04/1999,35.38561401,17.76040039,35.39745112,0,0.000656
25/04/1999,34.66813049,18.5082489,38.60032222,0,0.00082
26/04/1999,34.68358765,19.05655823,39.91170871,3.624164581,0.002801418
27/04/1999,32.97509155,20.74935303,48.75397011,10.87249374,0.019803643
28/04/1999,32.29387817,20.6062561,50.21375467,0,0.011369586
29/04/1999,35.56670532,18.35,36.36917876,0,0.001892447
30/04/1999,34.01769409,19.80623779,43.39149782,0,0.004321337
01/05/1999,35.42922363,18.51136169,37.01800389,0,0.000417
02/05/1999,34.5214325,19.10770569,40.4007062,0,0.000492
03/05/1999,35.24898682,17.7471405,35.63535915,0,0.000402
04/05/1999,33.72069702,18.95476685,41.83999115,0,0.001117587
05/05/1999,35.50048218,17.17623291,33.90042846,0,0.000462
06/05/1999,33.14244995,19.97033081,46.03095574,0,0.001117587
07/05/1999,35.89852295,18.25058899,35.48976112,3.838469982,0.001952052
08/05/1999,33.42957458,21.02042542,48.32733651,7.676939964,0.020414591
09/05/1999,35.66838989,19.56328735,39.01109491,11.51541138,0.038981438
10/05/1999,32.40422974,18.76464233,44.51327459,0,0.003397465
11/05/1999,29.57584534,21.7131134,62.74085612,7.191757202,0.005275011
12/05/1999,33.53293762,19.56246338,43.91129504,0,0.000656
13/05/1999,33.27111206,20.0510498,45.92936178,7.191757202,0.026002526
14/05/1999,25.76459656,23.75231323,88.68449311,0,1.978635788
15/05/1999,29.75812683,19.93988953,55.67128231,0,0.000387
16/05/1999,33.36235962,19.75107727,44.85409593,7.592507839,0.023245811
17/05/1999,32.45652161,19.06560669,45.22411991,0,0.000522
18/05/1999,33.39414368,20.87354431,47.98809274,0,0.00230968
19/05/1999,26.21134338,22.8593689,81.84205923,3.79625392,0.056952238
20/05/1999,31.68032227,21.38436279,54.53051114,11.38876057,0.002801418
21/05/1999,31.20476685,21.16991577,55.29049868,0,0.000805
22/05/1999,33.72472534,20.06263123,44.81176735,0,0.001013279
23/05/1999,33.53692017,20.58667908,46.77338936,0,0.001162291
24/05/1999,33.61295471,20.38109741,45.98840342,10.27345085,0.005230308
25/05/1999,32.3522583,21.02732239,51.36198963,6.848967552,0.049620867
26/05/1999,28.40924988,22.62404785,70.94356328,5.511829853,0.06249547
27/05/1999,31.84635315,21.81813965,55.4722307,0,0.010997057
28/05/1999,28.79282532,24.14269409,76.03824169,11.02365971,0.070989132
29/05/1999,31.02552185,22.66637573,61.19508715,0,0.02245605
30/05/1999,24.37752686,23.05295715,92.34140567,5.511829853,0.782087445
31/05/1999,31.01607666,19.57769165,50.65592519,0,0.014960766
01/06/1999,32.44211731,19.92644653,47.74812376,0,0.000447
02/06/1999,31.33200989,21.9238678,57.48288077,7.987004757,0.280216336
03/06/1999,28.77202759,22.88245544,70.56361381,7.987004757,0.050574541
04/06/1999,28.85393677,22.44260559,68.38143732,3.993502378,2.183943987
05/06/1999,28.70014343,19.67896423,58.2255225,3.993502378,0.069379807
06/06/1999,31.92662964,20.65574036,51.42235989,0,0.000313
07/06/1999,31.51227722,20.91329346,53.48402905,0,0.000596
08/06/1999,32.04924927,21.46598206,53.67185198,0,0.003099442
09/06/1999,31.42336426,21.7582489,56.61045988,10.57969666,0.018149614
10/06/1999,30.95371399,20.603479,54.1664482,0,0.002555549
11/06/1999,25.41848145,22.53858337,84.12291225,12.26174259,0.067390501
12/06/1999,31.94698486,20.74839172,51.65704128,0,0.000954
13/06/1999,32.75594482,21.59760437,51.99381474,0,0.027999282
14/06/1999,31.3348175,22.22887573,58.55154706,12.26174259,0.014096498
15/06/1999,28.81920776,23.00264893,70.88486484,18.39261246,0.019788742
16/06/1999,31.75333557,20.85001526,52.5535952,0,0.004202127
17/06/1999,30.38050232,22.06974182,61.2281579,0,0.037521124
18/06/1999,24.10256348,22.51352844,90.85682402,12.41471386,0.445261598
19/06/1999,29.41745911,20.60842285,59.16681991,12.41471386,0.048786402
20/06/1999,31.53925476,19.91437683,50.21007304,0,0.000656
21/06/1999,32.04482422,20.74347839,51.35668694,5.443053722,0.002011657
22/06/1999,30.78937683,22.16349182,60.15751805,10.88610744,0.005707145
23/06/1999,31.26958618,21.15981445,55.05307333,10.88610744,0.006869435
24/06/1999,30.24472961,22.04039917,61.59550473,10.88610744,0.470921397
25/06/1999,27.65187988,22.16837463,72.11656354,0,0.073164701
26/06/1999,26.8696228,19.81812439,65.34709222,20.73854065,0.009924173
27/06/1999,29.09185181,20.41939697,59.58995244,0,0.01758337
28/06/1999,29.80639038,21.46602783,60.98638445,10.36927032,0.166162848
29/06/1999,29.64714966,21.32619629,61.0223526,0,0.006780028
30/06/1999,30.18474731,20.49945984,56.23667651,5.184635162,0.000507
01/07/1999,24.9351593,22.17263184,84.67201735,13.21396351,0.091567636
02/07/1999,28.18323669,19.78887329,60.4090509,0,0.057131052
03/07/1999,30.48037109,18.06279907,47.51136462,0,0.002264977
04/07/1999,30.30610046,21.29830322,58.65826248,6.606981754,0.04452467
05/07/1999,28.36539612,21.43082581,66.13624162,6.606981754,0.01475215
06/07/1999,27.47573242,20.99816284,67.83087238,0,0.008076429
07/07/1999,25.78052673,22.05458984,79.948208,15.57548428,0.046700239
08/07/1999,25.4452301,22.44306335,83.50368753,7.787742138,4.3861866
09/07/1999,29.67870483,19.85453186,55.63104514,7.787742138,0.013500452
10/07/1999,24.05396423,21.27524719,84.49252135,7.787742138,0.226065516
11/07/1999,24.70430908,21.795755,83.89623254,7.77710104,0.536620617
12/07/1999,23.67756042,21.52570496,87.76084627,7.77710104,2.905890346
13/07/1999,23.88535461,20.83770142,83.08975456,0,1.91449374
14/07/1999,27.48299561,21.67315063,70.66469921,7.77710104,0.036098063
15/07/1999,28.590448,19.63736877,58.44570513,7.77710104,0.00821054
16/07/1999,25.92417297,21.62331543,77.21227639,16.06276321,0.072136521
17/07/1999,23.91813049,21.92388306,88.63038691,8.031381607,1.822143793
18/07/1999,28.27588806,21.11789856,65.21799085,8.031381607,0.033944845
19/07/1999,26.61202393,22.32763062,77.394597,0,0.031530857
20/07/1999,26.25533447,21.6640564,75.90523626,0,0.050202012
21/07/1999,28.09072266,21.43135986,67.20281967,8.657512665,0.007539988
22/07/1999,26.58501587,21.26307068,72.64008078,8.657512665,0.040188432
23/07/1999,26.13857422,21.93831787,77.72056022,8.657512665,0.097826123
24/07/1999,22.9690033,22.45281372,96.91936955,0,1.672148705
25/07/1999,27.45548401,21.06580505,68.1938945,8.657512665,0.339433551
26/07/1999,28.46300659,19.62061462,58.81806772,0,0.007554889
27/07/1999,27.47680054,21.50776062,69.97902616,22.26125717,0.041007996
28/07/1999,29.36869202,21.8474823,64.0168065,11.13062859,0.064358115
29/07/1999,26.74143372,20.96257935,70.65970047,0,0.016897917
30/07/1999,25.90764771,22.21366272,80.12126067,33.39188385,1.7028898
31/07/1999,26.08225403,21.25713501,74.79850986,0,0.028684735
01/08/1999,27.9269043,20.08866272,62.46613508,0,0.006869435
02/08/1999,25.63231812,20.48127136,73.23832305,0,0.062599778
03/08/1999,24.95591125,19.91121826,73.60293504,0,0.0205338
04/08/1999,26.78811035,19.48342285,64.31069297,0,0.008493662
05/08/1999,27.50159607,19.38450012,61.29895576,0,0.002712011
06/08/1999,25.72960815,19.66375122,69.22591293,0,0.001639128
07/08/1999,28.48929749,18.45502625,54.61057137,0,0.006079674
08/08/1999,27.88536987,18.68323669,57.3760754,0,0.00141561
09/08/1999,27.34023438,20.67365417,67.01953382,0,0.012472272
10/08/1999,27.53899536,21.77158508,70.85858032,0,0.156521797
11/08/1999,26.95412598,20.84639893,69.28589469,0,0.020429492
12/08/1999,28.36069641,20.54010925,62.63170916,4.379034996,0.093638897
13/08/1999,27.92273865,20.91706238,65.75579575,4.379034996,0.042051077
14/08/1999,27.2235199,20.48121033,66.68348573,4.379034996,0.007808208
15/08/1999,29.29969177,20.70769653,59.93510087,0,0.007152557
16/08/1999,27.66698608,21.39507446,68.73018525,28.34663391,0.036358833
17/08/1999,26.18764648,21.08677063,73.56163181,28.34663391,0.158771873
18/08/1999,25.8900238,21.22432861,75.50140329,0,0.671669841
19/08/1999,27.55924377,20.77366028,66.5753937,14.17331696,0.052958727
20/08/1999,24.30091248,21.62590942,85.05729362,7.086658478,0.146105886
21/08/1999,28.18015442,20.59874878,63.52137306,0,0.028476119
22/08/1999,26.89779053,21.10949097,70.6481054,14.12646484,0.023037195
23/08/1999,27.73398743,20.38181458,64.32738822,7.063232422,0.004440546
24/08/1999,28.83728943,21.86266479,66.07284062,0,0.039979815
25/08/1999,26.50075684,21.3019043,73.17525817,7.063232422,1.05330348
26/08/1999,23.59131775,22.6199585,94.29854683,16.89236259,0.465095043
27/08/1999,25.17344055,20.79554138,76.73257249,8.446181297,0.460445881
28/08/1999,28.887323,20.36351929,60.09093523,16.89236259,0.054210424
29/08/1999,27.77608643,22.52366028,73.15889047,0,0.116974115
30/08/1999,27.95249329,22.58921204,72.69917946,25.33854485,1.331493258
31/08/1999,28.63739929,21.48586426,65.32061648,0,0.016242266
01/09/1999,28.67553101,20.88993225,62.83716874,0,0.00731647
02/09/1999,25.58643494,22.01473389,80.6768377,21.33580208,1.13043189
03/09/1999,25.99175415,21.23169861,75.08244534,21.33580208,0.098258257
04/09/1999,27.80870972,21.51978455,68.68654733,7.111934185,0.0141114
05/09/1999,27.09423218,20.80451355,68.54201646,0,0.040695071
06/09/1999,25.93911133,22.39255676,80.84701462,39.508255,2.513870597
07/09/1999,24.1980835,23.23845825,94.39110615,0,3.371879458
08/09/1999,24.95339355,21.42383728,80.80082358,0,1.624524593
09/09/1999,25.94857178,20.99712524,74.19852298,7.901650906,0.038489699
10/09/1999,24.59433899,20.95357666,80.2035622,0,1.752585173
11/09/1999,27.43969116,21.86966858,71.6990201,0,0.034078956
12/09/1999,29.6043335,20.85804138,59.43999303,0,0.01552701
13/09/1999,25.23423157,22.46380005,84.66362248,14.96830082,0.648438931
14/09/1999,26.73444519,21.94500122,75.06989997,7.48415041,4.941210151
15/09/1999,27.87287292,20.71225891,65.12154921,7.48415041,0.009819865
16/09/1999,29.1537262,21.60752258,63.8723993,0,0.037640333
17/09/1999,22.4717804,21.9441925,96.84040915,17.71876717,9.781882167
18/09/1999,27.55954895,21.52756653,69.72588553,0,0.055491924
19/09/1999,29.22286377,21.00539551,61.31348451,8.859383583,0.013574958
20/09/1999,28.09276733,22.4717041,71.59540089,20.25002098,0.101357698
21/09/1999,28.35354004,22.33812866,69.94829838,8.497825623,0.084429979
22/09/1999,26.35445557,21.86335144,76.38675531,16.99565125,0.831052661
23/09/1999,29.85434875,20.43502197,57.08508468,0,0.005841255
24/09/1999,28.68670044,22.08857117,67.57565195,16.99565125,0.040158629
25/09/1999,27.72471008,21.71509705,69.85297924,0,0.057354569
26/09/1999,27.28771362,21.35733948,70.10878411,0,0.01950562
27/09/1999,29.17502747,21.55780945,63.60028759,0,0.727295876
28/09/1999,30.36116943,21.73356018,60.05174659,12.38558674,0.010684133
29/09/1999,24.91263733,21.88274536,83.30113765,14.15495682,0.072881579
30/09/1999,27.52855835,20.87877808,67.12747262,12.38558674,0.006631017
01/10/1999,27.89417419,22.38030396,72.02706364,4.81812191,0.013366342
02/10/1999,27.93132935,21.80970154,69.41641894,4.81812191,0.040978193
03/10/1999,25.87166748,22.36792908,81.04881932,0,0.22521615
04/10/1999,29.43966064,21.72869263,63.2948883,4.81812191,0.080913305
05/10/1999,27.79874573,22.37024841,72.384605,11.01284981,0.045955181
06/10/1999,24.91768799,22.07929382,84.27985468,6.855104923,0.528812408
07/10/1999,26.22420654,21.29569397,74.34971058,0,0.014513731
08/10/1999,29.61812744,21.9125,63.35480863,6.855104923,0.059023499
09/10/1999,25.4714447,22.26065979,82.45453722,6.855104923,0.07006526
10/10/1999,27.52732239,21.64795837,70.37344495,13.71020985,0.033915043
11/10/1999,28.34665833,20.86011658,63.93001008,4.330750942,0.006824732
12/10/1999,29.79718933,21.34613953,60.57233044,0,0.024974346
13/10/1999,26.63878784,22.10526428,76.23428998,4.330750942,0.006347895
14/10/1999,23.29667053,22.64748535,96.14873078,12.9922533,0.780820847
15/10/1999,24.91695557,20.70401917,77.4758313,4.330750942,0.02425909
16/10/1999,27.30541382,19.95087585,64.22472511,0,0.013798475
17/10/1999,30.13585815,21.50618896,59.99172445,0,0.007838011
18/10/1999,28.6369873,22.09568176,67.79992127,4.960037231,0.059679151
19/10/1999,30.28466187,20.7884613,56.92013401,0,0.003457069
20/10/1999,31.28269348,19.48449097,49.60560642,0,0.002861023
21/10/1999,31.32006226,19.50493774,49.56336189,0,0.003427267
22/10/1999,30.19300232,21.95874939,61.47153986,0,0.003963709
23/10/1999,26.44144592,22.08640442,77.03659563,10.41088104,0.017940998
24/10/1999,28.79087219,22.21801147,67.70067622,10.41088104,0.015303493
25/10/1999,26.47387085,23.21143494,82.31894299,10.41088104,0.117704272
26/10/1999,29.42173157,21.23108826,61.45993464,4.623548508,0.004470348
27/10/1999,30.45342407,20.71175537,56.1078218,4.623548508,0.003024936
28/10/1999,29.67321167,22.12137756,63.96350378,0,0.006616116
29/10/1999,30.08126221,21.04030762,58.48553784,0,0.006958842
30/10/1999,30.83674011,20.12392578,52.93815479,0,0.005662441
31/10/1999,27.9986969,21.87389526,69.41599709,0,0.016257167
01/11/1999,29.17556152,20.22965393,58.61192894,0,0.005811453
02/11/1999,32.16201172,18.32540283,43.90138561,3.487952709,0.002294779
03/11/1999,30.85823975,20.34336243,53.59512267,1.743976355,0.009983778
04/11/1999,32.2381073,18.08680115,43.06342073,0,0.002324581
05/11/1999,31.92640076,18.66028748,45.43264832,0,0.002458692
06/11/1999,32.96302185,14.52155457,32.94047879,0,0.002250075
07/11/1999,32.85332642,14.4183136,32.92343441,0,0.002264977
08/11/1999,32.9074646,15.22265015,34.57057705,0,0.002264977
09/11/1999,32.63411865,16.2199646,37.41994585,0,0.002294779
10/11/1999,31.2338501,19.58298645,50.0487997,1.336900234,0.003427267
11/11/1999,31.4026123,20.35428772,51.99621642,0.228055254,0.003188848
12/11/1999,33.66842041,14.4971405,31.61556584,0,0.002264977
13/11/1999,34.16858826,6.366036987,17.86183962,0,0.002384186
14/11/1999,32.9500061,11.56994019,27.17834597,0,0.002771616
15/11/1999,32.13230286,14.26073608,33.93958653,0,0.00230968
16/11/1999,32.14689026,16.30983887,38.68243327,0,0.002339482
17/11/1999,33.41929016,15.96361694,35.22686538,0,0.002264977
18/11/1999,34.04926453,14.21506653,30.39169414,0,0.002339482
19/11/1999,33.73632202,12.98772583,28.55141589,0,0.002324581
20/11/1999,33.70769653,13.12227783,28.84974938,0,0.002220273
21/11/1999,34.21068726,15.17696533,32.04905011,0,0.002250075
22/11/1999,34.40117798,12.72561035,27.04605636,0,0.002168119
23/11/1999,33.81566772,10.68352661,24.41358734,0,0.002205372
24/11/1999,32.93734131,13.31739197,30.50680194,0,0.00217557
25/11/1999,33.80127869,14.52855835,31.44588853,0,0.002369285
26/11/1999,33.62049255,16.01481018,34.94714208,0,0.003099442
27/11/1999,34.02524719,13.68895874,29.41050374,0,0.002101064
28/11/1999,31.87651978,16.35975037,39.40301014,0,0.002264977
29/11/1999,32.86498413,16.77100525,38.25559333,0,0.002563
30/11/1999,33.14144287,14.89798889,33.41447424,0,0.002071261
01/12/1999,33.71206055,13.64859924,29.84987507,0,0.002041459
02/12/1999,34.5044342,9.231027222,21.31621978,0,0.002026558
03/12/1999,34.16385803,3.143579102,14.26090274,0,0.002011657
04/12/1999,33.31766663,11.61065063,26.6959414,0,0.002279878
05/12/1999,34.34905396,5.575418091,16.74145989,0,0.001996756
06/12/1999,34.58422241,6.18404541,17.2362965,0,0.001952052
07/12/1999,34.39185486,11.22139893,24.50433111,0,0.001966953
08/12/1999,34.58439026,9.265267944,21.27095915,0,0.001937151
09/12/1999,34.45626221,8.08651123,19.77873588,0,0.00192225
10/12/1999,33.48990784,9.016564941,22.23091233,0,0.001907349
11/12/1999,34.06221924,4.41388855,15.68571973,0,0.001892447
12/12/1999,33.9815155,5.24956665,16.70417766,0,0.001862645
13/12/1999,33.4873291,4.28951416,16.05603321,0,0.001847744
14/12/1999,33.14014587,-0.629858398,11.50655569,0,0.001832843
15/12/1999,33.15609131,0.515252686,12.49591875,0,0.001803041
16/12/1999,33.54737244,1.653833008,13.27154474,0,0.001817942
17/12/1999,34.36667786,8.630059814,20.62475707,0,0.001817942
18/12/1999,35.22709045,6.098306274,16.53587049,0,0.001773238
19/12/1999,34.90105591,9.428231812,21.13193617,0,0.001877546
20/12/1999,34.4977356,8.541726685,20.35304815,0,0.001907349
21/12/1999,34.39989624,11.39364014,24.7747331,0,0.001758337
22/12/1999,34.41130981,9.546716309,21.88705278,0,0.001728535
23/12/1999,34.86951599,10.74028931,23.11293273,0,0.001788139
24/12/1999,35.11115417,7.345986938,18.13422805,0,0.001683831
25/12/1999,35.34168396,6.784616089,17.22831346,0,0.001698732
26/12/1999,34.06560669,6.228860474,17.79507476,0,0.00166893
27/12/1999,34.05465088,5.268533325,16.65829727,0,0.001639128
28/12/1999,34.30419312,4.815026855,15.91698309,0,0.001624227
29/12/1999,34.2585083,4.377954102,15.47635755,0,0.001609325
30/12/1999,33.79999695,13.23893127,28.9211312,0,0.00166893
31/12/1999,33.38648376,14.55166016,32.23090005,6.756928444,0.001728535
01/01/2000,32.77997742,16.06459961,36.74830534,0,0.001788139
02/01/2000,35.39220581,12.18761597,24.71422873,0,0.001564622
03/01/2000,35.41912231,8.20887146,18.90995644,0,0.001549721
04/01/2000,34.96633301,7.549310303,18.53598016,0,0.00153482
05/01/2000,34.9621521,9.595803833,21.29943274,0,0.001564622
06/01/2000,34.70519409,9.168252563,20.99125554,0,0.001519918
07/01/2000,34.93776855,8.598306274,19.93934472,0,0.001519918
08/01/2000,34.69490967,7.733773804,19.05509086,0,0.001490116
09/01/2000,34.36954651,11.75953064,25.42462441,0,0.001490116
10/01/2000,34.6078125,10.47306213,23.0361611,0,0.001460314
11/01/2000,35.20998535,9.372567749,20.69660035,0,0.001460314
12/01/2000,35.57796631,8.044000244,18.53616745,0,0.001430511
13/01/2000,35.08298645,12.03766785,24.89237545,0,0.001430511
14/01/2000,34.18750916,14.36625061,30.45551384,2.285438776,0.001475215
15/01/2000,35.4263855,12.25228271,24.77294795,2.285438776,0.001430511
16/01/2000,35.20205078,13.37528381,26.99609467,0,0.001430511
17/01/2000,36.32409058,6.922860718,16.47905975,0,0.00141561
18/01/2000,35.02207336,12.09180603,25.06556393,0,0.001639128
19/01/2000,33.31723938,16.78621826,37.33401666,0,0.001952052
20/01/2000,32.583078,17.73735962,41.31610914,2.829128265,0.005036592
21/01/2000,35.0196167,15.26893005,30.8254615,0,0.001460314
22/01/2000,35.64486084,14.39325867,28.14628661,0,0.001341105
23/01/2000,36.04645691,12.38015137,24.14495137,0,0.001356006
24/01/2000,34.42672119,15.37850342,32.07939324,0,0.001326203
25/01/2000,34.49779663,15.29462585,31.78149502,0,0.001460314
26/01/2000,35.77536926,13.87111816,27.01497578,0,0.001296401
27/01/2000,36.66555176,12.41164551,23.3890009,0,0.001296401
28/01/2000,37.71068726,-0.178060913,9.244812424,0,0.0012815
29/01/2000,35.57476196,-0.494955444,10.15106444,0,0.001266599
30/01/2000,35.07045898,0.288110352,11.04993931,0,0.001236796
31/01/2000,34.20314941,-2.637304687,9.350736872,0,0.001206994
01/02/2000,32.54311523,-1.317739868,11.31318816,0,0.001221895
02/02/2000,32.18836365,-1.050619507,11.77050919,0,0.001206994
03/02/2000,33.02456055,-0.678503418,11.54019905,0,0.001177192
04/02/2000,34.39800415,1.183953857,12.23693964,0,0.001177192
05/02/2000,34.35613403,2.445245361,13.42595601,0,0.001147389
06/02/2000,34.74047241,1.951608276,12.68737694,0,0.001162291
07/02/2000,34.09186707,-0.58132019,10.94985532,0,0.001132488
08/02/2000,34.24863586,-0.036749268,11.29482025,0,0.001117587
09/02/2000,33.68100891,0.769998169,12.36029338,0,0.001102686
10/02/2000,33.91344604,1.883782959,13.21942675,0,0.001117587
11/02/2000,33.58745728,2.553201294,14.12140454,0,0.001087785
12/02/2000,34.43036804,0.937463379,11.99971814,0,0.001087785
13/02/2000,34.72658691,-0.374334717,10.73185829,0,0.001043081
14/02/2000,35.42122803,-0.053762817,10.57208096,0,0.001072884
15/02/2000,35.37604675,0.338540649,10.90501794,0,0.00102818
16/02/2000,35.77294312,3.150369263,13.05337069,0,0.001043081
17/02/2000,35.97013245,1.565072632,11.53171922,0,0.001013279
18/02/2000,35.80651245,7.312127686,17.41233177,0,0.001043081
19/02/2000,36.79099426,4.759164429,13.82642295,0,0.00102073
20/02/2000,37.0312439,4.650582886,13.54326232,0,0.000998
21/02/2000,36.41987,9.659036255,19.74239199,0,0.00102818
22/02/2000,37.31205139,8.56522522,17.46675516,0,0.000969
23/02/2000,37.1716095,12.89768372,23.48982106,0,0.001162291
24/02/2000,37.61789856,9.105187988,17.81825216,0,0.001057982
25/02/2000,37.35831604,11.09847412,20.65123279,0,0.001043081
26/02/2000,36.51052246,-2.618841553,8.245192845,0,0.000983
27/02/2000,34.95324097,-1.870611572,9.494772305,0,0.000909
28/02/2000,35.39098511,-0.835379028,10.00200518,0,0.000894
29/02/2000,36.01238403,1.095483398,11.12269563,0,0.000909
01/03/2000,36.28511963,0.956521606,10.84835471,0,0.000879
02/03/2000,37.06054077,1.245492554,10.61760772,0,0.000864
03/03/2000,37.0430542,3.270516968,12.28131028,0,0.000849
04/03/2000,37.54622803,-1.06065979,8.744365649,0,0.000879
05/03/2000,37.81989441,-3.893850708,6.979694779,0,0.00082
06/03/2000,37.62734375,-3.269857788,7.390925154,0,0.00082
07/03/2000,37.53704224,-6.017401123,6.032270868,0,0.000849
08/03/2000,36.96698914,-5.516271973,6.465149793,0,0.000805
09/03/2000,36.66604004,-5.524221802,6.568159586,0,0.00079
10/03/2000,36.63897095,-3.921560669,7.427099253,0,0.000805
11/03/2000,37.08147583,-2.142111206,8.280367134,0,0.000775
12/03/2000,37.39512024,-2.042837524,8.200437018,0,0.00076
13/03/2000,37.99743042,-2.084082031,7.912884449,0,0.00076
14/03/2000,37.98987732,4.176660156,12.43637573,0,0.00079
15/03/2000,37.23995361,10.08451233,19.42547897,0,0.000775
16/03/2000,37.41614685,10.47289429,19.74654818,4.199739456,0.000745
17/03/2000,38.02201233,11.10695801,19.93286153,0,0.000834
18/03/2000,36.40932617,15.17659912,28.38889335,0,0.000954
19/03/2000,30.72507629,21.48766479,57.93869531,8.399478912,0.027015805
20/03/2000,34.29754028,18.73275146,39.95960246,4.199739456,0.038653612
21/03/2000,36.39052734,10.39774475,20.77734554,1.56690228,0.000715
22/03/2000,37.19129333,10.70980225,20.30766701,0,0.000685
23/03/2000,37.03676758,12.05065308,22.38217905,0,0.000715
24/03/2000,37.02422485,14.35276184,26.03126142,0,0.000708
25/03/2000,37.63642273,13.58243713,23.95149662,3.13380456,0.000693
26/03/2000,31.54885254,18.28766785,45.34342549,5.603969574,0.00756979
27/03/2000,36.63309631,14.62116394,27.05790172,2.801984787,0.000805
28/03/2000,37.48635254,13.63843689,24.23545805,0,0.0007
29/03/2000,36.20488892,15.75553284,29.79452187,0,0.000685
30/03/2000,37.32909546,15.74434814,28.00187427,2.801984787,0.000656
31/03/2000,36.18033752,17.66356812,33.67864975,0,0.000671
01/04/2000,38.94669495,10.39449463,18.08514769,5.630163193,0.000656
02/04/2000,37.42417297,13.87853394,24.69999896,14.07540894,0.001072884
03/04/2000,36.1348053,17.02724609,32.43193869,2.815081596,0.000656
04/04/2000,36.07515869,17.56476746,33.66297229,2.815081596,0.000969
05/04/2000,37.25892029,14.42577515,25.82263788,5.630163193,0.000715
06/04/2000,37.50354919,13.58777771,24.13313645,0,0.000715
07/04/2000,37.03611145,14.74335632,26.67929971,4.386538506,0.000566
08/04/2000,34.7545105,17.28455505,35.56890059,4.386538506,0.001043081
09/04/2000,36.75124512,16.44010315,30.20913449,8.773077011,0.000671
10/04/2000,37.20733032,17.24280701,31.00756647,8.773077011,0.001713634
11/04/2000,36.43180237,18.78087769,35.63144593,2.66459465,0.00372529
12/04/2000,36.882547,17.26287231,31.60087141,0,0.00217557
13/04/2000,36.83864746,17.17066345,31.49235199,5.329189301,0.000596
14/04/2000,37.63727722,15.21860657,26.62433568,3.552793026,0.000581
15/04/2000,36.84972534,18.5798584,34.39231845,0,0.001579523
16/04/2000,36.68827209,18.30503235,34.10423859,5.271926403,0.003233552
17/04/2000,36.68650208,17.41930542,32.25801482,5.271926403,0.0007
18/04/2000,36.6566864,17.93865356,33.38582904,0,0.000954
19/04/2000,37.04372559,16.80825195,30.43524025,0,0.000939
20/04/2000,34.97127686,18.08287964,36.95863706,10.54385281,0.000581
21/04/2000,32.18624268,20.33796082,49.69046513,4.716318607,0.000969
22/04/2000,33.17485962,21.14229736,49.38931279,9.432637215,0.068858266
23/04/2000,33.15775452,21.54801331,50.68078065,4.716318607,0.001370907
24/04/2000,33.45449219,19.34423218,43.50992015,0,0.000566
25/04/2000,34.48751221,18.89537964,39.9441694,0,0.000656
26/04/2000,34.92763672,18.59835205,38.26505641,0,0.000551
27/04/2000,35.50196228,18.94927368,37.89333828,0,0.000656
28/04/2000,34.25382385,19.73140869,42.6270384,0,0.00073
29/04/2000,33.12259827,20.7860199,48.46161443,5.637406826,0.005811453
30/04/2000,34.26679382,20.12404785,43.6449305,5.637406826,0.00590086
01/05/2000,33.02167664,20.83136902,48.87272856,7.248575211,0.002548099
02/05/2000,34.51435242,19.48769531,41.38387687,0,0.000611
03/05/2000,34.39725647,20.35265503,43.94619833,0,0.006631017
04/05/2000,29.38039551,22.86135254,68.04027879,4.228335381,0.01321733
05/05/2000,35.34861145,19.49971924,39.54760854,4.228335381,0.0007
06/05/2000,36.151651,18.40693054,35.345227,6.760825634,0.000492
07/05/2000,35.56209717,18.83200989,37.49256388,0,0.00073
08/05/2000,35.20276794,20.14779053,41.50119925,0,0.001043081
09/05/2000,37.43465576,16.58922729,29.38346838,0,0.000715
10/05/2000,35.99584351,17.63500366,33.95985946,0,0.000536
11/05/2000,34.74581299,20.24227295,42.81220371,0,0.001072884
12/05/2000,34.19161377,19.41648254,41.94617776,0,0.001266599
13/05/2000,34.11321411,19.66088257,42.77402699,8.156650543,0.00073
14/05/2000,34.59920654,19.44289551,41.07506762,12.23497486,0.004798174
15/05/2000,35.31122742,19.00037537,38.41602377,0,0.003829598
16/05/2000,34.71338806,19.05576477,39.84390759,10.97338581,0.000954
17/05/2000,34.71573792,20.11312256,42.54256113,10.97338581,0.008404255
18/05/2000,33.49520264,20.13120422,45.58272603,5.486692905,0.000656
19/05/2000,34.2321106,18.67943726,39.97168025,0,0.000596
20/05/2000,33.25258789,21.26262817,49.53902402,10.97338581,0.02771616
21/05/2000,32.38620911,22.42952881,55.84789129,0,0.068292022
22/05/2000,27.38665161,22.88060913,76.47927749,13.83824158,0.050023198
23/05/2000,27.71412048,22.78595886,74.60113313,13.83824158,0.047370791
24/05/2000,32.4054657,20.04506836,48.19948106,0,0.001221895
25/05/2000,30.37210999,21.73574219,60.0221761,0,0.047191978
26/05/2000,26.82283936,23.47579346,81.94276464,12.06316757,0.056907535
27/05/2000,29.22010193,20.88605652,60.87519111,0,0.00079
28/05/2000,31.27695618,20.58118591,53.10660527,0,0.003561378
29/05/2000,30.19529114,21.88846741,61.20059345,4.021056175,0.00731647
30/05/2000,30.72991333,22.42736206,61.338306,8.04211235,0.012382865
31/05/2000,31.96941528,21.99311218,55.67862363,8.04211235,0.035375357
01/06/2000,23.63865051,22.5468689,93.61413885,22.58389473,2.076238394
02/06/2000,26.85544739,22.89013062,78.94346987,11.29194736,0.017315149
03/06/2000,28.60410461,22.55727539,69.86263125,16.93792152,0.015810132
04/06/2000,27.88111267,22.0770813,70.76423678,0,0.043198466
05/06/2000,24.60946045,22.84189758,89.91394124,5.645973682,0.228613615
06/06/2000,26.36290894,19.75446472,67.05946238,0,5.037546158
07/06/2000,30.11597595,20.23398743,55.54105821,7.08989048,0.000581
08/06/2000,30.79282532,21.5631958,57.9825526,14.17978096,0.014394522
09/06/2000,28.68486938,22.71062622,70.18625642,7.08989048,0.02899766
10/06/2000,25.24889526,22.996698,87.36659619,0,0.135570765
11/06/2000,30.28190002,21.94687805,61.11519554,17.89049721,0.010043383
12/06/2000,29.62767944,22.30036316,64.83352778,0,0.022485852
13/06/2000,29.6607605,22.09433899,63.90399938,0,0.013232231
14/06/2000,29.61261902,21.83234558,63.06571773,8.945248604,0.048130751
15/06/2000,26.42615662,21.92173157,76.33600053,8.945248604,0.019878149
16/06/2000,25.18082581,22.21520386,83.65903154,7.489245892,2.419963479
17/06/2000,24.95717773,21.80411682,82.68262622,0,0.035703182
18/06/2000,26.26996765,22.39649353,79.30135747,14.97849178,2.40662694
19/06/2000,27.63605652,22.03354797,71.59291023,0,0.025331974
20/06/2000,29.94710693,20.87290344,58.33413165,7.489245892,0.006392598
21/06/2000,28.37198792,22.70774231,71.4589473,0,0.200942159
22/06/2000,26.89510498,21.89626465,74.1439589,16.41666603,0.07006526
23/06/2000,24.73270569,21.50936279,82.30095235,16.41666603,1.951366663
24/06/2000,27.04134521,23.23098145,79.7126385,0,3.005921841
25/06/2000,26.89345703,21.99201355,74.58533569,8.208333015,0.021800399
26/06/2000,27.68731079,21.31498108,68.31271931,0,0.018239021
27/06/2000,29.87418518,20.71773682,58.02225527,5.411971092,0.001296401
28/06/2000,28.64251099,21.01874695,63.45779434,0,0.002041459
29/06/2000,29.08072815,21.01363525,61.84989785,10.82394218,0.010788441
30/06/2000,27.14371643,23.09673462,78.59569434,0,0.059098005
01/07/2000,28.5495697,21.39527283,65.29093833,0,0.016793609
02/07/2000,28.08052979,20.32715759,62.82917478,21.59378624,0.043183565
03/07/2000,27.7214447,22.84085999,74.81764433,5.39844656,0.053361058
04/07/2000,26.89483032,21.80758057,73.74499328,5.39844656,0.254571438
05/07/2000,28.04502258,20.68703613,64.37181931,0,0.016868114
06/07/2000,25.06240234,21.41480408,80.23351682,9.227959633,0.482678413
07/07/2000,29.44307861,20.11531982,57.30834943,0,0.000983
08/07/2000,28.72724304,20.98497925,63.016253,9.227959633,0.009298325
09/07/2000,28.41964111,21.04889832,64.40244248,4.613979816,0.005945563
10/07/2000,28.46291504,21.85109863,67.47410197,9.227959633,0.028863549
11/07/2000,27.42315063,21.8089386,71.50290846,0,0.008955598
12/07/2000,29.5019928,21.00193176,60.32219862,0,0.006258488
13/07/2000,26.0730072,22.0163208,78.39403697,0,0.026911497
14/07/2000,28.57010803,20.77990112,62.79585873,0,0.005036592
15/07/2000,28.86893616,20.09676514,59.17145211,0,0.005781651
16/07/2000,27.06009827,21.33278809,70.94323671,0,0.018239021
17/07/2000,25.29628906,21.83651123,81.19120668,6.258747101,0.021487474
18/07/2000,25.47374878,20.61847839,74.55832251,0,0.005185604
19/07/2000,28.18610535,20.72243652,63.98494816,6.258747101,0.006392598
20/07/2000,28.45574341,19.94565735,60.04087374,0,0.003606081
21/07/2000,27.83085022,20.55147705,64.63789856,0,0.004798174
22/07/2000,29.06864319,18.71340332,53.67050214,0,0.003799796
23/07/2000,28.88317261,17.07964478,48.94877243,0,0.00079
24/07/2000,29.49047241,19.24663696,54.15278324,0,0.008359551
25/07/2000,26.11959229,20.58182678,71.5993554,0,0.025972724
26/07/2000,24.44028625,22.85488281,90.89934934,0,0.104472041
27/07/2000,29.22309265,20.71286926,60.21964971,10.31897163,0.065878034
28/07/2000,26.725,22.84537659,79.33564437,0,0.469326973
29/07/2000,22.26014099,21.87745056,97.6956423,10.31897163,20.94702423
30/07/2000,25.44614563,20.64986572,74.82511069,0,0.052303076
31/07/2000,28.24308167,20.21930847,61.82478529,20.63794327,0.000894
01/08/2000,24.07206116,21.61361084,86.16721822,0,1.786053181
02/08/2000,27.90421448,20.42714844,63.87051537,0,0.013440847
03/08/2000,26.08736572,21.53458557,76.05723296,49.1699028,0.851780176
04/08/2000,23.45377502,21.77073059,90.29369264,9.83398056,8.563116193
05/08/2000,27.53701172,19.81728516,62.83845035,0,0.007718801
06/08/2000,27.8427063,20.59694824,64.77449936,0,0.011220574
07/08/2000,28.86211548,20.10453186,59.22324784,0,0.0064224
08/08/2000,26.37182007,22.43946228,79.03253553,0,2.572715282
09/08/2000,27.11777649,21.04873047,69.48258759,0,0.073119998
10/08/2000,26.96042786,20.6368042,68.37255303,0,0.057011843
11/08/2000,29.15433655,21.37838135,62.98085513,0,0.039502978
12/08/2000,28.19823608,21.72666321,68.00082001,0,0.981032848
13/08/2000,26.90732727,21.06380615,70.41083108,23.71110344,0.031024218
14/08/2000,26.62896118,21.57320557,73.84138565,0,0.020623207
15/08/2000,28.86383972,19.78330383,58.0509351,0,0.007137656
16/08/2000,25.52578125,21.3774353,77.87566099,0,0.191837549
17/08/2000,24.11168823,20.35846863,79.5835784,0,0.055491924
18/08/2000,24.80492554,20.56061707,77.309179,11.96796513,0.029549003
19/08/2000,28.0102478,19.45888672,59.78274407,0,0.006660819
20/08/2000,28.92705688,20.82746277,61.69162397,11.96796513,0.01065433
21/08/2000,28.31438599,20.74176941,63.58532313,0,0.015154481
22/08/2000,27.41045532,21.09327087,68.4890684,0,0.037565827
23/08/2000,26.47077332,21.72538147,75.22863939,0,0.072687864
24/08/2000,28.65697632,21.34249268,64.67631188,0,0.008657575
25/08/2000,24.6297699,23.58059082,93.90152791,13.51609039,0.445783138
26/08/2000,28.43181763,20.97612915,64.06995087,0,0.021800399
27/08/2000,28.23796997,21.68360291,67.66570321,14.37720108,0.033766031
28/08/2000,29.3091217,22.09339294,65.20730487,0,0.029861927
29/08/2000,29.52599487,21.8099762,63.29438407,0,0.007495284
30/08/2000,28.86348877,22.10743103,66.96450141,7.18860054,0.018209219
31/08/2000,26.79688416,22.45362244,77.14631013,7.18860054,0.203341246
01/09/2000,29.21782837,20.78901062,60.52087796,7.031853199,0.009551644
02/09/2000,29.06011353,23.12484131,70.42271917,7.031853199,0.011354685
03/09/2000,29.43580017,21.90441284,63.99164535,0,0.009179115
04/09/2000,29.67199097,22.08616028,63.83093985,0,0.011965632
05/09/2000,28.96164856,20.89252625,61.81518993,21.09556007,0.097081065
06/09/2000,24.50246582,22.94086609,91.03452535,20.2036438,0.685378909
07/09/2000,22.46503601,22.09404907,97.76890745,26.93818855,1.48665905
08/09/2000,28.42403564,20.89231262,63.76956989,0,0.049740076
09/09/2000,27.93772278,22.22492371,71.16890999,6.734547138,3.019779921
10/09/2000,25.90784607,22.0299469,79.22898872,13.46909428,0.920429826
11/09/2000,24.96419678,22.81673584,87.89691782,19.74199104,0.443071127
12/09/2000,23.44521484,21.01168213,86.23708075,7.520759106,4.78515029
13/09/2000,28.99082336,21.42324219,63.75336616,0,2.869039774
14/09/2000,28.12789307,23.91452942,77.95460986,6.580663681,2.511516213
15/09/2000,24.98774109,21.10939941,79.09632459,6.580663681,1.213133335
16/09/2000,28.59255371,20.74581299,62.58278394,0,0.037401915
17/09/2000,25.77524719,22.00130615,79.71395143,7.135829449,0.154927373
18/09/2000,26.38659058,22.20923767,77.86616042,0,0.084325671
19/09/2000,28.46935425,21.76928101,67.11288229,14.2716589,0.032544136
20/09/2000,29.89571533,22.26673279,63.71220429,21.40748596,0.065237284
21/09/2000,28.54525146,22.02630005,67.87391328,5.619373322,0.035375357
22/09/2000,28.06133423,21.80663452,68.88003424,5.619373322,0.007748604
23/09/2000,25.83487854,21.51320801,77.10037918,0,0.036090612
24/09/2000,24.83156738,21.70147095,82.7835337,11.23874664,0.13820827
25/09/2000,27.94817505,22.08524475,70.52334089,5.619373322,0.062972307
26/09/2000,29.42771301,21.70217285,63.23593925,0,0.013887882
27/09/2000,26.51622925,23.71042786,84.62089941,13.79559898,2.752929926
28/09/2000,25.81870422,21.31540833,76.24522009,6.897799492,0.267297029
29/09/2000,28.08394775,20.84542236,64.85519542,0,0.026240945
30/09/2000,26.54178772,22.76049194,79.78408097,13.79559898,0.097319484
01/10/2000,26.56038818,23.16326294,81.66270949,0,0.329896808
02/10/2000,26.68450317,21.75649414,74.4295504,0,0.012755394
03/10/2000,28.37986145,21.50509033,66.38174942,0,0.007346272
04/10/2000,29.29094849,20.6802002,59.86389194,0,0.005245209
05/10/2000,29.37667236,21.43030701,62.37641728,0,0.02284348
06/10/2000,28.28717957,21.9367157,68.52304365,14.2489996,0.05723536
07/10/2000,25.13330994,22.34520874,84.56184906,14.2489996,0.177800655
08/10/2000,25.66552124,21.31368408,76.93201081,7.124499798,0.08019805
09/10/2000,26.01525269,22.15856323,79.34654183,0,0.481724739
10/10/2000,26.73926697,21.32703552,72.26675631,7.124499798,0.023454428
11/10/2000,28.62687073,21.90531311,67.05707043,5.66600275,0.032216311
12/10/2000,29.78939209,22.12731323,63.56079457,0,0.037193298
13/10/2000,29.79361877,22.82451782,66.29366036,5.66600275,0.02220273
14/10/2000,29.70150146,21.86525879,62.87034379,0,0.006258488
15/10/2000,29.32270203,21.9205719,64.47357242,5.66600275,0.009030104
16/10/2000,30.12589417,21.99160156,61.83203909,0,0.00667572
17/10/2000,30.2993103,22.16697083,61.87852612,5.501283646,0.018045306
18/10/2000,29.77060852,21.59530029,61.59706456,11.00256729,0.031635165
19/10/2000,29.4269043,21.354776,61.90913614,0,0.006690621
20/10/2000,29.88683472,19.92121277,55.19737822,0,0.008702278
21/10/2000,30.31060181,20.89974365,57.22599735,6.666074753,0.013530254
22/10/2000,29.30611572,22.79897461,68.07456132,3.333037376,0.129789114
23/10/2000,30.7579895,21.54398499,58.02962977,0,0.007882714
24/10/2000,31.02494202,20.83280334,54.71419549,6.666074753,0.01001358
25/10/2000,30.64252625,21.00713501,56.52236413,6.666074753,0.006780028
26/10/2000,31.84269104,17.61165771,42.73854037,0,0.005319715
27/10/2000,32.47294006,19.21454773,45.60365128,7.398504257,0.005930662
28/10/2000,31.55132446,19.31240234,48.33495948,7.398504257,0.005766749
29/10/2000,27.74317322,21.48441467,68.80053899,11.09775639,0.007197261
30/10/2000,30.9230896,20.4782959,53.84390682,0,0.00679493
31/10/2000,31.40409241,19.31299744,48.74216328,0,0.006109476
01/11/2000,31.23883972,19.62334595,50.16015822,0,0.00590086
02/11/2000,31.41491089,19.74547729,50.03888386,2.668666363,0.008016825
03/11/2000,31.6381012,19.07563171,47.39361945,0,0.005483627
04/11/2000,33.24317322,16.70443115,37.29492908,0,0.005409122
05/11/2000,33.36159668,14.54473267,32.26135663,0,0.00551343
06/11/2000,31.94667969,16.92556152,40.68390475,0,0.005424023
07/11/2000,32.36634216,16.63926086,39.01596221,0,0.00539422
08/11/2000,33.09205017,14.95350037,33.62713273,0,0.005364418
09/11/2000,33.20691833,15.09859619,33.72490827,0,0.005334616
10/11/2000,34.3505188,8.109338379,19.92611294,0,0.005327165
11/11/2000,33.78312073,13.06072388,28.613263,0,0.00552088
12/11/2000,32.49031982,16.94028625,39.49189252,0,0.005245209
13/11/2000,33.90218506,8.561502075,21.06646211,0,0.005215406
14/11/2000,33.7627655,7.290795898,19.46965848,0,0.005379319
15/11/2000,33.36083374,12.00205383,27.32891722,0,0.005483627
16/11/2000,33.92493591,12.77216492,27.85680906,0,0.005230308
17/11/2000,33.78777466,11.26789246,25.42026258,0,0.005081296
18/11/2000,32.85410461,14.09632263,32.24259509,0,0.005215406
19/11/2000,32.84888611,14.03260193,32.11902288,0,0.005036592
20/11/2000,33.6282135,14.88640747,32.49274109,0,0.004976988
21/11/2000,34.52762756,12.6289917,26.68730988,0,0.004947186
22/11/2000,34.02950439,13.67327271,29.37354305,0,0.004962087
23/11/2000,34.11792908,11.89508972,26.01449552,0,0.005155802
24/11/2000,33.93311462,10.9710022,24.72290322,0,0.004887581
25/11/2000,33.71335754,12.29430542,27.31669695,0,0.004805624
26/11/2000,34.06224976,12.36997375,26.92438481,0,0.004760921
27/11/2000,34.55901489,10.11449585,22.55146148,0,0.004738569
28/11/2000,34.04210815,9.381387329,22.0936617,0,0.004738569
29/11/2000,33.67820129,11.91530762,26.69536754,0,0.004798174
30/11/2000,33.85860596,9.887155151,23.09240747,0,0.004798174
01/12/2000,33.28847656,13.17478333,29.63511949,0,0.004529953
02/12/2000,33.62348328,5.010049438,16.75876272,0,0.004529953
03/12/2000,33.58548889,6.845040894,19.0708363,0,0.004470348
04/12/2000,33.97002563,7.545449829,19.58438012,0,0.004440546
05/12/2000,33.68966064,8.193597412,20.79168442,0,0.004380941
06/12/2000,33.42551575,7.433984375,20.0352734,0,0.004336238
07/12/2000,33.22573242,7.400201416,20.21372368,0,0.004276633
08/12/2000,33.05085144,7.745462036,20.90018596,0,0.00423193
09/12/2000,32.89406738,8.081124878,21.57276116,0,0.004217029
10/12/2000,32.9895874,8.066369629,21.43589691,0,0.004157424
11/12/2000,31.28165588,7.981576538,23.46970177,0,0.004127622
12/12/2000,32.50284729,8.026483154,21.97059142,0,0.004082918
13/12/2000,32.38694153,7.213769531,20.92007128,0,0.004053116
14/12/2000,32.11307678,5.739328003,19.19165696,0,0.004038215
15/12/2000,32.25480042,6.337731934,19.84383682,0,0.00397861
16/12/2000,33.71911011,8.042108154,20.5446831,0,0.003933907
17/12/2000,33.67081604,7.880761719,20.37492205,0,0.003904104
18/12/2000,34.55314026,7.278497314,18.61669334,0,0.003874302
19/12/2000,35.20777283,10.15245972,21.81184193,0,0.003829598
20/12/2000,34.72365723,11.20726929,24.03506047,0,0.003799796
21/12/2000,33.94893799,13.20389709,28.61652351,0,0.003829598
22/12/2000,34.75263367,10.27262268,22.54810203,0,0.003755093
23/12/2000,34.32671509,11.8906189,25.70673196,0,0.003814697
24/12/2000,35.15755615,9.189111328,20.50149991,0,0.003710389
25/12/2000,34.93914185,8.351220703,19.60638993,2.101475954,0.00372529
26/12/2000,34.9157959,9.458779907,21.15817813,0,0.00372529
27/12/2000,34.51687012,10.34150085,22.95006678,0,0.003576279
28/12/2000,35.11712036,10.64466248,22.6539478,3.541855335,0.003576279
29/12/2000,34.96845398,8.409112549,19.65173353,0,0.003546476
30/12/2000,34.45437012,10.52880249,23.31962887,0,0.003606081
31/12/2000,33.9625946,12.32291565,26.99053296,0,0.003471971
01/01/2001,34.78185425,8.071755981,19.40550839,0,0.003457069
02/01/2001,34.26520691,6.372369385,17.77392723,0,0.003367662
03/01/2001,33.88617859,4.246560669,15.65529597,0,0.003397465
04/01/2001,33.7230011,2.334329224,13.79794624,0,0.003308058
05/01/2001,33.36255798,4.083016968,15.93550443,0,0.00333786
06/01/2001,33.96431885,5.3421875,16.82836942,6.065673828,0.003218651
07/01/2001,33.29966125,4.205606079,16.13009829,0,0.003173947
08/01/2001,33.94197998,3.784738159,15.10762362,0,0.003144145
09/01/2001,33.76119385,3.367562866,14.81752307,0,0.003129244
10/01/2001,34.05584106,2.655679321,13.85817445,0,0.003069639
11/01/2001,34.37406311,2.408349609,13.37735275,0,0.003069639
12/01/2001,34.49663696,3.787469482,14.65174194,0,0.003010035
13/01/2001,34.70760498,10.32589111,22.68503633,0,0.002980232
14/01/2001,34.72312317,10.90793762,23.56247346,0,0.003024936
15/01/2001,34.98713074,12.18917236,25.2755934,0,0.002980232
16/01/2001,35.36846313,12.2151123,24.79142741,0,0.002920628
17/01/2001,36.12246094,3.358682251,12.99565453,0,0.00295043
18/01/2001,35.58022461,1.787683105,11.971205,0,0.003010035
19/01/2001,35.04685364,3.272241211,13.70405241,0,0.002831221
20/01/2001,34.80472717,1.246774292,12.01839986,0,0.002771616
21/01/2001,34.76558838,1.589700317,12.34519533,0,0.002741814
22/01/2001,33.67008362,0.956323242,12.53545509,0,0.002712011
23/01/2001,33.4258667,0.113946533,11.95528993,0,0.002682209
24/01/2001,33.81299744,-0.20871582,11.42799928,0,0.002637506
25/01/2001,34.1836792,-0.147177124,11.24487359,0,0.002607703
26/01/2001,34.23336182,0.381036377,11.65289147,0,0.002607703
27/01/2001,34.50332031,0.604562378,11.66699951,0,0.002548099
28/01/2001,34.55425415,2.877862549,13.69438299,0,0.002533197
29/01/2001,35.31360779,7.118875122,17.65578706,0,0.002503395
30/01/2001,35.47927246,9.892663574,21.1170124,0,0.002488494
31/01/2001,35.52672729,8.950921631,19.76797051,0,0.002428889
01/02/2001,36.33887634,2.450418091,12.04017378,0,0.002488494
02/02/2001,36.28431091,8.625894165,18.55005281,0,0.002682209
03/02/2001,35.83303223,8.965951538,19.45751191,5.521404743,0.002399087
04/02/2001,35.61347351,0.092980957,10.57305935,0,0.002488494
05/02/2001,35.365625,-1.911886597,9.252769733,0,0.00230968
06/02/2001,35.36644897,-1.127340698,9.803240456,0,0.002294779
07/02/2001,34.71143494,-0.414404297,10.70948776,0,0.002235174
08/02/2001,35.29067383,-0.304769897,10.4553985,0,0.002250075
09/02/2001,35.42279968,-1.590002441,9.445584145,0,0.002205372
10/02/2001,34.84772644,-1.659597778,9.700384186,0,0.002160668
11/02/2001,34.23139343,-1.806021118,9.929722799,0,0.002160668
12/02/2001,34.04058228,-2.06897583,9.842331486,0,0.002115965
13/02/2001,32.85718689,-3.167166138,9.690392141,0,0.002101064
14/02/2001,31.87774048,-1.627111816,11.481223,0,0.002086163
15/02/2001,33.92478333,0.326455688,11.80785794,0,0.002041459
16/02/2001,35.8624054,1.911203003,11.89170471,0,0.002041459
17/02/2001,36.41745911,3.982888794,13.36334905,0,0.001996756
18/02/2001,36.86631165,9.566278076,19.14713104,0,0.001981854
19/02/2001,37.25214539,7.742929077,16.57045347,0,0.001937151
20/02/2001,37.34409485,5.106759644,13.74599263,0,0.001907349
21/02/2001,35.93804321,12.50124512,24.48304104,0,0.001937151
22/02/2001,36.89354858,6.12116394,15.11547519,0,0.001907349
23/02/2001,36.50762329,8.005960083,17.56910406,0,0.001981854
24/02/2001,36.15833435,14.40537415,27.38529289,0,0.001832843
25/02/2001,37.55582581,8.540475464,17.20818929,0,0.001832843
26/02/2001,37.88327942,10.29096375,19.02019909,0,0.001892447
27/02/2001,38.1078125,9.285516357,17.56430721,0,0.001937151
28/02/2001,37.06897888,12.68641052,23.29664088,0,0.001788139
01/03/2001,37.37378845,12.13773499,22.10212092,0,0.001750886
02/03/2001,38.85811768,6.969522095,14.40915148,0,0.001735985
03/03/2001,38.56885681,9.708001709,17.62690777,0,0.001698732
04/03/2001,37.8567749,14.04561768,24.39055721,0,0.001713634
05/03/2001,37.44553528,13.67043457,24.33984301,0,0.001773238
06/03/2001,38.33106384,4.776422119,12.73362255,0,0.001698732
07/03/2001,37.48572693,2.977258301,11.74258737,0,0.001639128
08/03/2001,36.81495056,7.537515259,16.73323732,0,0.001743436
09/03/2001,35.0173584,12.83170471,26.32091631,0,0.001594424
10/03/2001,34.71468506,13.79250488,28.49710752,0,0.001639128
11/03/2001,34.5417572,16.80469666,34.91310316,2.292816639,0.001892447
12/03/2001,34.93769226,16.42426453,33.33989349,0,0.003278255
13/03/2001,36.31569824,15.82984314,29.75539822,2.292816639,0.001996756
14/03/2001,36.59014282,16.00405273,29.64036352,0,0.003829598
15/03/2001,37.81179199,9.934701538,18.64391518,2.292816639,0.001460314
16/03/2001,36.27982483,10.31354675,20.78634605,4.152036667,0.001445413
17/03/2001,37.68009338,11.32756958,20.60465437,0,0.001519918
18/03/2001,34.03833923,17.21904907,36.85856594,1.384012341,0.001564622
19/03/2001,35.86535034,17.74227295,34.43604459,0,0.01232326
20/03/2001,35.47832642,18.52555237,36.95083007,0,0.004589558
21/03/2001,37.87934265,9.361688232,17.87415353,0,0.001400709
22/03/2001,36.05059204,14.69619141,28.07004405,1.586497664,0.002592802
23/03/2001,35.57439575,14.5715271,28.58313864,0,0.001385808
24/03/2001,37.07518921,14.9634491,27.00296217,0,0.001311302
25/03/2001,37.00968323,12.67214355,23.3501241,0,0.001341105
26/03/2001,37.88598022,12.42991028,21.9139948,0,0.001296401
27/03/2001,37.48148499,14.56661377,25.74563853,4.451929092,0.002115965
28/03/2001,36.15448914,15.02988586,28.51737492,4.451929092,0.00153482
29/03/2001,35.21160278,16.30129395,32.58303201,0,0.001266599
30/03/2001,36.06055603,16.16842041,30.83395186,0,0.001639128
31/03/2001,36.1639801,16.85094604,32.02019749,0,0.001221895
01/04/2001,34.89719543,19.61499939,40.83720648,7.111644268,0.024288893
02/04/2001,36.04567871,18.31069336,35.33731391,3.555822134,0.020891428
03/04/2001,30.5695282,21.57039795,58.7520118,14.22328854,0.00500679
04/04/2001,33.30300293,19.53913269,44.4151178,7.111644268,0.008389354
05/04/2001,33.15021667,19.74729309,45.37934796,3.555822134,0.012844801
06/04/2001,35.70185242,16.39443359,31.9035955,0,0.001236796
07/04/2001,37.26799927,13.70723877,24.63464533,0,0.001162291
08/04/2001,36.68970642,13.57976685,25.21303787,0,0.001132488
09/04/2001,37.40389404,13.32386169,23.85025507,0,0.001221895
10/04/2001,37.96134338,12.73679504,22.26886639,4.160979271,0.001341105
11/04/2001,36.93432007,16.33013306,29.70033714,0,0.001490116
12/04/2001,37.48053894,16.24933777,28.68295911,6.582785606,0.002726912
13/04/2001,36.18010864,17.56170044,33.4633923,3.291392803,0.006839633
14/04/2001,35.57955322,19.3911377,38.78500641,9.874177933,0.002756715
15/04/2001,35.95081482,19.58968506,38.47344121,6.582785606,0.001445413
16/04/2001,33.84362183,20.22428284,44.96281183,3.361665964,0.004395843
17/04/2001,31.79691467,21.00533447,52.92694279,0,0.018596649
18/04/2001,25.50284729,23.39121399,88.13379019,16.80832863,0.05209446
19/04/2001,34.52173767,17.3975769,36.28900132,0,0.00102818
20/04/2001,32.76827393,20.1831604,47.630633,0,0.001758337
21/04/2001,33.01612244,21.07805786,49.63464548,0,0.001817942
22/04/2001,30.6151062,22.35552368,61.47257483,0,0.017926097
23/04/2001,33.62877808,19.74552307,44.17598053,6.415942669,0.002577901
24/04/2001,34.04824219,21.06192932,46.80699955,6.415942669,0.033572316
25/04/2001,30.50150452,22.45955811,62.2651027,9.623912811,0.038981438
26/04/2001,30.56112061,21.91500244,60.03042703,7.65675211,0.001519918
27/04/2001,34.32348022,20.81266174,45.39537455,0,0.002220273
28/04/2001,33.80262146,20.8532196,46.84723889,2.552250624,0.011578202
29/04/2001,26.00107727,23.31089172,85.15754637,7.65675211,0.023141503
30/04/2001,33.23154602,21.30812988,49.73593133,0,0.004172325
01/05/2001,33.69559631,20.34354553,45.6707518,0,0.001296401
02/05/2001,35.1138092,21.09655151,44.21577411,10.07720375,0.006899238
03/05/2001,29.26712952,23.18625793,69.84493655,6.718135834,0.008717179
04/05/2001,32.82215271,20.82499084,49.40370078,0,0.001743436
05/05/2001,33.80935059,20.89905701,46.96182814,6.718135834,0.004544854
06/05/2001,33.6877533,20.64954529,46.56108616,12.33974743,0.003293157
07/05/2001,34.37975464,21.43972168,47.02899318,4.113249302,0.002563
08/05/2001,26.31911621,23.48243103,84.44236746,12.33974743,0.016003847
09/05/2001,32.87366638,21.73934326,52.1004642,8.226498604,0.005811453
10/05/2001,32.88718567,21.30175171,50.68571117,4.113249302,0.003129244
11/05/2001,34.1799408,20.93709717,46.11039033,0,0.00102818
12/05/2001,28.61293945,23.15447388,72.39809421,5.12250042,0.01861155
13/05/2001,33.22240601,20.27596436,46.69965581,15.36750126,0.002607703
14/05/2001,26.78582153,23.12424622,80.39740034,0,0.033512712
15/05/2001,30.37017212,21.5924469,59.50546696,15.36750126,0.004455447
16/05/2001,33.51664124,20.10691223,45.45980098,0,0.001862645
17/05/2001,34.91858826,20.99851379,44.42714339,4.23003006,0.002920628
18/05/2001,35.47788391,20.60442505,42.04493579,8.46006012,0.001594424
19/05/2001,33.59580383,20.02472839,45.02966479,0,0.005364418
20/05/2001,33.14263306,20.64905701,48.00081775,0,0.003650784
21/05/2001,32.86831055,20.19927368,47.41095467,0,0.003859401
22/05/2001,34.42173157,18.58400879,39.31743657,0,0.001430511
23/05/2001,33.40209351,19.04769287,42.83891432,0,0.001773238
24/05/2001,29.81081543,20.42859802,57.20530529,0,0.001549721
25/05/2001,32.97701416,20.18764648,47.08873429,0,0.001370907
26/05/2001,32.62362061,20.26477966,48.26235746,5.091081619,0.002652407
27/05/2001,33.34194336,18.50260315,41.54367791,5.091081619,0.001475215
28/05/2001,31.38955078,20.5828186,52.77342226,5.091081619,0.016152859
29/05/2001,30.46981201,21.12175903,57.48585953,25.45541,0.033557415
30/05/2001,27.45244751,22.83861694,75.9920993,0,0.048294663
31/05/2001,31.58254395,20.28037415,51.23385699,0,0.002741814
01/06/2001,30.63196716,21.39579163,57.92070895,15.97361946,0.01873076
02/06/2001,29.85193787,20.27149353,56.51952583,0,0.003427267
03/06/2001,31.3766571,20.15606079,51.43906075,0,0.002563
04/06/2001,32.46062622,19.7965332,47.31591377,10.64907932,0.000909
05/06/2001,25.5214325,22.96073303,85.77702069,15.97361946,0.041484833
06/06/2001,30.45865784,20.68436584,55.99653013,0,0.002294779
07/06/2001,27.61002502,22.37455139,73.20532085,6.417915821,0.026196241
08/06/2001,30.06612549,21.19394836,59.09084366,0,0.003516674
09/06/2001,27.7784668,21.25901184,67.71768602,0,0.005975366
10/06/2001,28.58721313,20.61063538,62.08322774,19.25374603,0.005662441
11/06/2001,28.78771362,20.52041016,61.0260672,10.62854481,0.002995133
12/06/2001,28.04400024,21.68782959,68.45110902,0,0.011086464
13/06/2001,30.66987,21.23615417,57.23295216,10.62854481,0.05248189
14/06/2001,31.5046936,19.16182861,48.01065475,0,0.001057982
15/06/2001,30.20726929,20.42492065,55.90655183,0,0.004276633
16/06/2001,30.10973511,21.30996094,59.3640251,17.89834785,0.01257658
17/06/2001,25.94570313,22.95112,83.59957557,0,0.114768744
18/06/2001,28.18288574,20.4235321,62.8288381,0,0.005543232
19/06/2001,29.90667114,21.3278595,60.12535811,0,0.004827976
20/06/2001,31.54125366,20.07427368,50.70379842,8.949173927,0.001907349
21/06/2001,30.74532471,20.84957275,55.65027639,6.833389759,0.005066395
22/06/2001,28.80904541,21.10360107,63.17703799,13.66677952,0.036768615
23/06/2001,29.65831909,20.25499878,57.0936612,6.833389759,0.011153519
24/06/2001,28.96160278,20.72261963,61.17262489,0,0.006839633
25/06/2001,30.02686462,20.96555481,58.3994705,0,0.016145408
26/06/2001,31.15929565,21.43627319,56.34586311,10.31749535,0.021785498
27/06/2001,30.37114868,21.34992371,58.62549532,0,0.007942319
28/06/2001,25.45520935,21.70522461,79.78628184,0,0.0410676
29/06/2001,29.88965759,21.63712463,61.33397704,0,0.05081296
30/06/2001,29.32221375,20.59197388,59.43220888,10.31749535,0.039637089
01/07/2001,29.30883179,21.37120972,62.39460947,2.969905853,0.013560057
02/07/2001,30.05640564,21.14595947,58.9499878,2.969905853,0.031486154
03/07/2001,27.32949219,21.16282043,69.10855802,0,0.009432435
04/07/2001,29.70209656,20.77463684,58.80429307,2.969905853,0.01463294
05/07/2001,29.22954712,21.27002869,62.29317417,0,0.011056662
06/07/2001,29.75512085,21.2975708,60.53848686,9.379595757,0.01116097
07/07/2001,29.02024231,21.20942078,62.81665216,0,0.002413988
08/07/2001,30.09703979,20.22580872,55.57327518,0,0.00411272
09/07/2001,26.66803894,21.04692993,71.3339169,0,0.021219254
10/07/2001,27.59633789,21.09311829,67.74840947,14.0693922,0.010192394
11/07/2001,28.02573547,20.87861023,65.20823761,3.970515013,0.008314848
12/07/2001,30.19611511,21.04230652,58.10904751,0,0.0320822
13/07/2001,31.53469238,20.72091064,52.78769807,0,0.005871058
14/07/2001,30.67064819,21.03884277,56.54170761,0,0.008881092
15/07/2001,26.22846375,21.0581604,73.25585299,3.970515013,0.035688281
16/07/2001,24.20040283,21.62546692,85.56867467,0,0.031396747
17/07/2001,25.39142761,19.15635071,68.43464426,0,0.019341707
18/07/2001,28.17388306,20.51044617,63.19962754,0,0.006631017
19/07/2001,27.67151794,20.99305115,67.03849044,0,0.008776784
20/07/2001,29.37568054,20.53984985,59.05930504,0,0.076293945
21/07/2001,24.01360474,21.38121948,85.24910687,15.15695572,0.824540854
22/07/2001,25.95816956,21.04711304,74.38442879,0,0.01424551
23/07/2001,28.72237549,18.9931427,55.72126775,0,0.007659197
24/07/2001,26.92061768,18.84401855,61.319871,0,0.001221895
25/07/2001,28.19111023,19.59673462,59.66578648,0,0.007629395
26/07/2001,29.08530579,16.28789673,46.0069269,0,0.001087785
27/07/2001,29.40239868,18.43277893,51.73033492,0,0.00333786
28/07/2001,24.76430664,20.79633484,78.62982653,8.710021973,0.036403537
29/07/2001,22.78110657,21.67389832,93.4850977,8.710021973,0.083833933
30/07/2001,26.67684326,20.52936707,69.06242744,4.355010986,0.024050474
31/07/2001,27.47980652,20.06089172,64.00731874,0,0.005170703
01/08/2001,26.4379364,21.70124207,75.26324022,11.8446207,0.069186091
02/08/2001,25.13785706,18.90265808,68.38334752,0,0.002637506
03/08/2001,27.22289429,19.21294556,61.64492533,0,0.005781651
04/08/2001,25.45472107,20.61429749,74.62335198,0,0.033870339
05/08/2001,26.82257996,20.11821899,66.75687869,0,0.018432736
06/08/2001,29.55742798,21.50652466,62.01912248,0,0.007733703
07/08/2001,28.66632996,20.48920593,61.33840265,21.21209335,0.008046627
08/08/2001,27.49208984,20.60822449,66.15979769,0,0.012233853
09/08/2001,27.84212646,20.55898438,64.6253178,0,0.038743019
10/08/2001,30.33297119,20.91326294,57.20031106,0,0.02630055
11/08/2001,27.3277832,20.8686615,67.87801731,0,0.007763505
12/08/2001,26.74552307,20.5831543,69.01252409,11.59179878,0.027954578
13/08/2001,27.39570007,19.87037048,63.56852544,0,0.005140901
14/08/2001,25.85411987,20.55797729,72.62512047,0,0.00590086
15/08/2001,21.23406372,20.99331055,98.53334915,0,0.166222453
16/08/2001,27.20545349,19.88263855,64.32925632,0,0.004023314
17/08/2001,28.14901123,20.19350586,62.06479297,0,0.003144145
18/08/2001,25.82444153,20.98113403,74.6720637,0,0.021100044
19/08/2001,28.20099792,21.52565918,67.15962679,0,0.006869435
20/08/2001,28.50765381,20.5418335,62.10640958,0,0.028789043
21/08/2001,23.10030518,22.10479126,94.13903919,0,0.094547868
22/08/2001,28.38262329,20.37276611,61.9096575,0,0.004887581
23/08/2001,28.4951416,20.81737671,63.21503355,0,0.006645918
24/08/2001,25.15834961,21.94402466,82.39854668,18.10611725,0.033661723
25/08/2001,29.00092468,21.14771423,62.64923115,0,0.004917383
26/08/2001,27.10518799,21.39560852,71.02871912,0,0.016778708
27/08/2001,23.97075806,22.15737305,89.6167044,25.87049675,0.079780817
28/08/2001,28.51177368,20.17235718,60.69139622,0,0.006690621
29/08/2001,29.14493713,20.55350647,59.90095167,0,0.018939376
30/08/2001,27.32789001,21.13390503,68.99253155,0,0.008717179
31/08/2001,28.81142578,20.02834473,59.11787421,0,0.003874302
01/09/2001,28.82969055,19.99422607,58.93083865,0,0.005930662
02/09/2001,26.85787354,22.02581177,74.89546792,0,0.073254108
03/09/2001,23.2680603,21.84848938,91.74525935,19.23235703,0.201493502
04/09/2001,27.39243469,21.2302948,69.14005637,9.616178513,0.221863389
05/09/2001,26.39977417,21.87935791,76.25741187,9.616178513,0.041484833
06/09/2001,28.04319153,21.45359192,67.48074334,23.89197159,0.084757805
07/09/2001,28.27388916,20.41515503,62.46507858,0,0.006973743
08/09/2001,31.23490295,21.57343445,56.57702362,23.89197159,0.067993999
09/09/2001,25.90360413,22.39933167,81.05034954,0,0.121057034
10/09/2001,28.6785675,20.6072937,61.74272097,0,0.007793307
11/09/2001,28.56078491,22.84237061,71.25933175,14.1930027,0.007510185
12/09/2001,29.80664978,21.96712646,62.88108472,14.1930027,0.093713403
13/09/2001,27.04137573,20.96495972,69.43634322,0,0.027135015
14/09/2001,29.63567505,20.84194336,59.27422269,14.1930027,0.08712709
15/09/2001,24.97249756,22.58809814,86.64415367,14.1930027,0.133872032
16/09/2001,28.69007263,21.72908936,66.09717394,0,0.019460917
17/09/2001,29.24190674,21.78426514,64.238136,14.86690617,0.009030104
18/09/2001,28.63811646,21.60668335,65.80238634,29.73381233,0.070005655
19/09/2001,23.52814636,21.74387512,89.74266429,0,2.223104239
20/09/2001,28.96444092,20.86116943,61.68617266,0,0.032946467
21/09/2001,29.37322388,22.27817688,65.70160182,0,0.34442544
22/09/2001,28.52556763,21.55170593,66.0108312,21.40341949,0.025615096
23/09/2001,28.54392395,20.34986267,61.24628672,0,0.003904104
24/09/2001,28.35982666,22.07166443,68.79805866,7.134472847,0.044509768
25/09/2001,29.04062805,21.73671875,64.80048561,14.26894569,0.013396144
26/09/2001,28.47879944,21.44443665,65.75712656,0,0.013500452
27/09/2001,28.05988464,21.40863953,67.22994099,27.80516243,0.016927719
28/09/2001,28.73407898,20.83075867,62.39699745,0,0.004455447
29/09/2001,29.50000916,21.26275024,61.30237629,0,0.011354685
30/09/2001,29.75292358,22.02330933,63.29185562,0,0.013321638
01/10/2001,28.42252502,22.03270874,68.38559138,7.351609707,0.005304813
02/10/2001,29.36867676,22.32967529,65.92494615,0,0.047668815
03/10/2001,29.32663879,21.83890686,64.13859097,3.675804853,0.00834465
04/10/2001,30.16118774,22.17756042,62.41006578,7.351609707,0.038921833
05/10/2001,28.78083191,22.08286438,67.18496202,3.675804853,0.008165836
06/10/2001,28.53502808,22.24131165,68.80912743,5.067214966,0.082999468
07/10/2001,28.64446411,20.56972656,61.7217889,0,0.001206994
08/10/2001,31.02126465,19.93047485,51.76120776,0,0.000834
09/10/2001,30.04290161,22.60015259,64.46913768,5.067214966,0.051274896
10/10/2001,29.00525818,22.79293213,69.24172198,2.533607483,0.058948994
11/10/2001,31.64588318,22.00196228,56.73800967,0,0.003114343
12/10/2001,29.50531921,21.96755371,63.98186421,8.34696579,0.003263354
13/10/2001,31.01156006,20.96834717,55.21402813,0,0.002339482
14/10/2001,30.49489746,20.25129089,54.40777886,8.34696579,0.00102818
15/10/2001,31.40690002,20.28193054,51.75181615,4.173482895,0.001505017
16/10/2001,28.66269836,21.15969238,63.93435682,5.732901096,0.008285046
17/10/2001,31.28632507,18.08202515,45.4336643,0,0.000626
18/10/2001,31.64081726,20.41149292,51.47997737,5.732901096,0.003710389
19/10/2001,32.94655762,19.49315796,45.18198112,0,0.001043081
20/10/2001,33.70766602,16.71140442,36.35521034,5.732901096,0.000641
21/10/2001,33.81542358,16.1849762,34.9465956,0,0.000671
22/10/2001,33.96766052,16.25141296,34.79849468,0,0.000909
23/10/2001,33.34452209,16.85282288,37.43496492,0,0.000656
24/10/2001,33.26560364,16.39881287,36.53115467,0,0.000596
25/10/2001,33.55526123,14.08979187,30.98785435,0,0.000581
26/10/2001,33.36863098,13.01639709,29.19864584,0,0.000656
27/10/2001,33.45061646,13.70282898,30.39599611,0,0.000581
28/10/2001,33.78360901,12.86945496,28.25662746,0,0.000551
29/10/2001,32.75963745,14.53977356,33.35806138,0,0.000581
30/10/2001,31.93695984,14.93007813,35.83228088,0,0.000641
31/10/2001,32.31446228,13.44443665,31.85741435,0,0.000626
01/11/2001,33.16591797,11.05231628,25.94538094,0,0.000581
02/11/2001,34.41787109,9.751824951,22.18274037,0,0.000536
03/11/2001,34.73577271,10.1032196,22.31479783,0,0.000581
04/11/2001,34.22471008,12.98172913,27.77447367,0,0.000551
05/11/2001,33.16535339,14.97826538,33.54273504,0,0.000596
06/11/2001,34.73264465,12.54596863,26.24241772,0,0.000536
07/11/2001,34.92055664,12.55120239,25.97985505,0,0.000522
08/11/2001,35.26908264,12.1592804,24.83619113,0,0.000536
09/11/2001,33.68572388,14.35933838,31.30480847,0,0.000596
10/11/2001,31.53734741,18.96198425,47.32835134,0,0.007495284
11/11/2001,31.75223694,18.56621704,45.61324061,0.778606832,0.004023314
12/11/2001,33.66021118,16.43007813,35.80535192,0.778606832,0.000596
13/11/2001,34.09411011,13.02253113,28.05170658,0,0.000566
14/11/2001,33.48246155,13.69066772,30.31794249,0,0.000566
15/11/2001,33.08123169,15.64312134,35.17139982,0,0.000492
16/11/2001,34.30214844,14.00097046,29.5541934,0,0.000507
17/11/2001,35.5251709,10.41448364,21.81233153,0,0.000522
18/11/2001,34.85779724,11.29763184,24.00068936,0,0.000536
19/11/2001,34.71631775,11.44469604,24.42631199,0,0.000507
20/11/2001,33.76108704,13.64890442,29.76893694,0,0.000536
21/11/2001,33.39150391,13.19051514,29.49507328,0,0.000715
22/11/2001,34.19222412,14.15978394,30.04314256,0,0.000566
23/11/2001,34.8593689,12.80071411,26.4980163,0,0.000462
24/11/2001,34.5861908,14.20952759,29.48804515,0,0.000477
25/11/2001,35.1227356,13.13642273,26.69504344,0,0.000477
26/11/2001,34.29721985,15.56002197,32.68930944,0,0.000611
27/11/2001,36.16813049,12.62609253,24.37496697,0,0.000462
28/11/2001,34.5473877,14.48865662,30.09021552,0,0.000522
29/11/2001,35.44214783,11.42617188,23.4375639,0,0.000507
30/11/2001,35.13260803,12.23290405,25.14554935,0,0.000507
01/12/2001,34.71482239,13.21477661,27.44421082,0,0.000462
02/12/2001,34.85436401,11.90476379,24.98898001,0,0.000656
03/12/2001,34.50989685,12.29412231,26.13229855,0,0.000432
04/12/2001,35.70482788,5.569512939,15.52664877,0,0.000447
05/12/2001,35.04944763,6.241921997,16.86548724,0,0.000447
06/12/2001,34.75740967,4.330407715,15.00378139,0,0.000432
07/12/2001,32.93126831,3.561654663,15.73622295,0,0.000402
08/12/2001,34.29055176,5.230661011,16.39788242,0,0.000417
09/12/2001,33.28193054,14.07273254,31.4303249,0,0.000432
10/12/2001,35.39519653,12.07854614,24.53326574,0,0.000402
11/12/2001,36.26625977,6.796533203,16.38837465,0,0.000417
12/12/2001,35.98323975,9.809762573,20.4260581,0,0.000402
13/12/2001,35.71590576,13.18074951,25.9115703,0,0.000402
14/12/2001,34.29561768,15.45845947,32.48000797,2.546706676,0.000536
15/12/2001,35.7736908,12.50423584,24.70990374,0,0.000447
16/12/2001,35.83709106,11.20400391,22.59848698,0,0.000387
17/12/2001,36.65363464,10.18787537,20.19534548,0,0.000402
18/12/2001,36.98586426,10.86596069,20.75066689,0,0.000387
19/12/2001,35.63208923,12.96080933,25.65966714,0,0.000373
20/12/2001,36.578302,9.252740479,19.04416853,0,0.00041
21/12/2001,36.43978271,10.00011597,20.17746713,0,0.000425
22/12/2001,36.50055847,12.48812256,23.71967202,0,0.000417
23/12/2001,36.14139709,9.220559692,19.46269923,0,0.000417
24/12/2001,36.36283264,8.044229126,17.75499285,0,0.000477
25/12/2001,36.4843689,3.56987915,12.93236931,0,0.000417
26/12/2001,35.97145996,8.644647217,18.89490671,0,0.000462
27/12/2001,36.10335693,8.822091675,18.98541318,0,0.000432
28/12/2001,36.31766663,8.731576538,18.64922575,0,0.000358
29/12/2001,36.04665527,8.793145752,19.00727461,4.31606245,0.000387
30/12/2001,35.89899597,7.117974854,17.09507848,0,0.000462
31/12/2001,35.52788696,10.58213196,22.05446271,0,0.000462
01/01/2002,35.64519653,4.405389404,14.36173664,0,0.000373
02/01/2002,34.98375854,3.265771484,13.74562187,0,0.000343
03/01/2002,35.23557434,4.652139282,14.94573523,0,0.000343
04/01/2002,35.54869995,4.143014526,14.17461166,0,0.000328
05/01/2002,35.64985046,8.855966187,19.50883386,0,0.000328
06/01/2002,34.69605408,12.6737915,26.51713747,5.968645096,0.000343
07/01/2002,33.27306519,16.92154846,37.74916267,0,0.002071261
08/01/2002,35.49053345,5.920205688,16.09776298,0,0.000328
09/01/2002,35.44489441,4.388040161,14.50331194,0,0.000328
10/01/2002,34.21273193,1.91098938,13.02642553,0,0.000328
11/01/2002,33.34916077,-1.313604736,10.81617742,0,0.000328
12/01/2002,32.7396637,-0.707388306,11.70149135,0,0.000328
13/01/2002,33.27095947,0.181130981,12.11838726,0,0.000313
14/01/2002,32.97812805,1.742654419,13.78888405,0,0.000313
15/01/2002,33.81643066,2.490640259,13.88011028,0,0.000313
16/01/2002,34.40371094,3.054376221,13.98337663,0,0.000313
17/01/2002,35.42667542,3.772286987,13.90252093,0,0.000298
18/01/2002,35.70015869,4.630929565,14.54651097,0,0.000298
19/01/2002,36.32520447,4.699594116,14.12387059,0,0.000298
20/01/2002,36.35079346,3.920495605,13.35338671,0,0.000298
21/01/2002,35.82962952,5.747735596,15.61250257,0,0.000298
22/01/2002,35.66907654,6.599282837,16.705995,0,0.000462
23/01/2002,35.25945435,-0.002249146,10.70686995,0,0.000328
24/01/2002,34.99109802,0.709100342,11.44233844,0,0.000328
25/01/2002,35.2471405,5.430047607,15.76939535,0,0.000298
26/01/2002,35.35856018,2.693582153,12.92825084,0,0.000298
27/01/2002,34.99450073,2.165170288,12.70289366,0,0.000283
28/01/2002,34.4493042,0.27376709,11.42467924,0,0.000283
29/01/2002,34.42778931,-1.342733765,10.16339554,0,0.000298
30/01/2002,34.98069153,-0.833532715,10.23248236,0,0.000283
31/01/2002,34.95258484,-0.274542236,10.67594887,0,0.000253
01/02/2002,34.99385986,0.604425049,11.35424575,0,0.000268
02/02/2002,35.52214966,2.006005859,12.1988168,0,0.000283
03/02/2002,36.49002991,2.364297485,11.86791198,0,0.000253
04/02/2002,36.68876038,1.589273071,11.10622082,0,0.000283
05/02/2002,37.05658875,2.17270813,11.35033846,0,0.000253
06/02/2002,36.51725159,8.199487305,17.79264615,0,0.000268
07/02/2002,36.11516724,11.43656311,22.60207906,0,0.000253
08/02/2002,36.87400208,11.75660095,22.14759138,0,0.000283
09/02/2002,36.77080688,3.204171753,12.40646909,0,0.000253
10/02/2002,35.93560181,7.972360229,18.08689376,0,0.000253
11/02/2002,35.29580078,7.865365601,18.59882717,0,0.000253
12/02/2002,35.73284302,2.270913696,12.28874341,0,0.000253
13/02/2002,36.49212036,2.295251465,11.80822434,0,0.000238
14/02/2002,36.34031067,8.876931763,18.81022098,0,0.000238
15/02/2002,36.6969696,8.25133667,17.6810451,0,0.000253
16/02/2002,36.66797791,9.541070557,19.32266473,0,0.000238
17/02/2002,35.84836731,12.36251221,24.3806163,0,0.000238
18/02/2002,37.2703186,9.443582153,18.57661663,0,0.000224
19/02/2002,37.68016968,8.896783447,17.50994119,0,0.000268
20/02/2002,37.28861389,9.777383423,18.97928125,0,0.000224
21/02/2002,37.13488159,12.09749756,22.33179471,0,0.000298
22/02/2002,37.79090271,13.7164093,23.95982753,0,0.000238
23/02/2002,38.5223175,9.960519409,17.97311716,0,0.000328
24/02/2002,39.18921814,11.42044983,19.11219134,0,0.000268
25/02/2002,37.80051575,13.60840759,23.77965681,0,0.000268
26/02/2002,36.95824585,14.16716919,25.81286835,0,0.00166893
27/02/2002,37.55011902,11.35822449,20.79259282,1.708646894,0.000238
28/02/2002,37.19320068,10.27893982,19.72994606,0,0.000298
01/03/2002,36.85856018,15.72823486,28.69869138,0,0.000954
02/03/2002,36.86547241,14.01133118,25.68285767,0,0.000358
03/03/2002,37.82012329,10.95035706,19.94314581,0,0.000238
04/03/2002,37.87554321,10.74306641,19.61097797,0,0.000238
05/03/2002,36.71514282,14.34514771,26.46058886,0,0.000358
06/03/2002,33.86916504,20.1475769,44.68646059,2.667260408,0.004589558
07/03/2002,36.13419495,17.23789368,32.86842289,5.334520817,0.000611
08/03/2002,36.14354858,18.39267883,35.32935269,5.334520817,0.02501905
09/03/2002,31.8008667,21.47416077,54.45817099,5.334520817,0.043034554
10/03/2002,32.59632263,20.92766724,50.35171569,2.667260408,0.036612153
11/03/2002,32.5197998,21.55617676,52.55565727,8.698236465,0.014305115
12/03/2002,35.82994995,17.54773865,34.08244952,0,0.000209
13/03/2002,36.52007446,15.05303345,27.99411116,0,0.000253
14/03/2002,37.27401123,13.18027649,23.79506784,0,0.000179
15/03/2002,37.69802246,12.37246094,22.05475442,0,0.000224
16/03/2002,37.40270386,13.0541626,23.43531694,3.57669282,0.000224
17/03/2002,34.85964355,17.23642883,35.25505923,0,0.000581
18/03/2002,36.07634888,16.89171753,32.25771034,0,0.000522
19/03/2002,35.98899231,18.04302368,34.85659733,6.131474018,0.009402633
20/03/2002,36.51923523,16.27974854,30.28346064,0,0.000268
21/03/2002,38.21662292,4.333154297,12.42071504,0,0.000194
22/03/2002,37.32441101,11.5863739,21.36938814,0,0.000209
23/03/2002,34.43538818,15.887323,33.12629172,2.447125912,0.000209
24/03/2002,36.98951111,13.18654785,24.17621098,0,0.000194
25/03/2002,33.3807312,19.7252594,44.73632394,1.223562956,0.012397766
26/03/2002,37.02018127,16.12554321,29.17863026,0,0.000253
27/03/2002,34.61167297,19.65807495,41.59904308,3.327424526,0.010967255
28/03/2002,33.2834259,21.62449036,50.56124874,6.654849052,0.002399087
29/03/2002,36.62462769,15.23842773,28.16848059,6.654849052,0.000224
30/03/2002,38.05507813,10.71154175,19.38072521,0,0.000194
31/03/2002,37.53797302,13.54691467,24.0240892,0,0.000194
01/04/2002,38.13065491,13.72435913,23.53571554,0,0.000216
02/04/2002,39.40206299,11.96074829,19.5825829,0,0.000179
03/04/2002,37.57177124,16.10500488,28.27977391,3.710878372,0.000224
04/04/2002,33.94451294,20.3857666,45.15885997,3.710878372,0.014349818
05/04/2002,36.08147583,19.43312988,37.82884549,3.710878372,0.0012815
06/04/2002,35.10440979,20.28505859,42.08264928,5.323211193,0.001758337
07/04/2002,31.32055054,21.49028931,56.01675596,5.323211193,0.004649162
08/04/2002,30.73381958,23.80452881,66.64665954,9.125505447,0.04273653
09/04/2002,35.30132446,20.49816284,42.17888788,2.661605597,0.000253
10/04/2002,35.08008728,20.46936951,42.62133393,0,0.000283
11/04/2002,32.33873901,21.38118896,52.52882863,2.955363512,0.002205372
12/04/2002,36.35004578,18.5453125,35.26766757,0,0.000432
13/04/2002,33.50925598,20.80832825,47.48941306,11.82145405,0.032752752
14/04/2002,34.2104126,20.41956482,44.58848398,5.910727024,0.000462
15/04/2002,31.64776001,22.04682312,56.88728418,5.910727024,0.034853816
16/04/2002,32.69564209,21.77596436,52.74198157,0,0.018909574
17/04/2002,32.12420044,20.93363342,51.72841689,0,0.058233738
18/04/2002,28.8122345,23.1017395,71.33959382,8.738957405,0.016093254
19/04/2002,32.31696472,19.4885498,46.79719763,13.10843754,0.001266599
20/04/2002,34.25647888,19.68114624,42.48804325,0,0.003963709
21/04/2002,33.16282043,20.35712585,47.0911966,3.255052328,0.004678965
22/04/2002,34.3421875,20.75370178,45.1840206,0,0.004440546
23/04/2002,36.60163269,18.98874817,35.76342304,0,0.004172325
24/04/2002,33.01851807,21.1696106,49.90758115,9.765156746,0.003531575
25/04/2002,29.49048767,25.16816101,77.64949432,0,0.037312508
26/04/2002,33.47869263,21.90180359,50.86611805,0,0.005364418
27/04/2002,35.74358521,20.41192017,40.94580814,0,0.000238
28/04/2002,34.55930481,19.87462769,42.2840535,0,0.000268
29/04/2002,34.07007751,19.47203979,42.37683423,2.961091995,0.000432
30/04/2002,33.83757935,19.66600952,43.44948939,5.92218399,0.000879
01/05/2002,32.39057312,21.29639587,52.10423478,9.886791229,0.005066395
02/05/2002,27.30127869,22.290979,74.16099207,0,0.017091632
03/05/2002,34.34281311,18.81200562,40.05715915,0,0.000775
04/05/2002,33.56328735,21.6196228,49.76137435,3.295597076,0.022754073
05/05/2002,33.63890991,21.39852295,48.88587571,6.591194153,0.012040138
06/05/2002,29.02404175,21.7927948,65.0850913,4.538050175,0.003218651
07/05/2002,31.87835083,21.44216309,54.11387636,0,0.001296401
08/05/2002,34.18920288,21.18589172,46.79601772,9.076100349,0.009253621
09/05/2002,32.80837402,22.16242371,53.65838458,0,0.039696693
10/05/2002,31.9115387,22.85154114,58.85171759,9.076100349,0.023558736
11/05/2002,27.2235199,22.76847229,76.69040465,0,0.009983778
12/05/2002,33.22765503,21.06740723,49.01766446,0,0.000685
13/05/2002,34.00653992,21.02033386,46.79610894,6.52205658,0.001803041
14/05/2002,30.3605896,21.76969299,60.18639798,6.52205658,0.006303191
15/05/2002,33.67460022,21.46233521,48.97955088,0,0.00102818
16/05/2002,34.71639404,21.59285889,46.5936822,0,0.000477
17/05/2002,33.31240234,21.63486633,50.51134334,8.704014778,0.001639128
18/05/2002,34.4926239,20.25786743,43.45908062,0,0.001430511
19/05/2002,32.93427429,21.93076477,52.53366229,8.704014778,0.001057982
20/05/2002,34.08448181,21.548349,48.1260485,4.352007389,0.013366342
21/05/2002,34.08725891,18.62935791,40.16894441,3.166635275,0.001162291
22/05/2002,34.02497253,20.27807007,44.65903047,6.33327055,0.03182888
23/05/2002,33.1891571,20.80288086,48.33134255,0,0.000894
24/05/2002,32.63645325,21.60572205,52.37024787,0,0.005915761
25/05/2002,35.59928284,19.00107727,37.81290807,3.166635275,0.000522
26/05/2002,34.70952759,19.4147583,40.75337876,0,0.000164
27/05/2002,34.5263916,20.3263031,43.56148874,3.110425949,0.000671
28/05/2002,30.49680481,21.77372131,59.73417765,9.331277847,0.005550683
29/05/2002,25.56392822,23.05529175,86.05178534,6.220851898,0.0365749
30/05/2002,31.94892273,20.13488159,49.73301186,0,0.000343
31/05/2002,33.82229004,19.76429138,43.75250543,0,0.000224
01/06/2002,31.51098022,21.5800415,55.71967052,0,0.016130507
02/06/2002,28.73580322,22.19043884,67.80298905,0,0.046163797
03/06/2002,30.66439209,21.21608887,57.18045314,0,0.019356608
04/06/2002,31.3853241,21.46366272,55.72023797,0,0.033736229
05/06/2002,28.00115356,24.45079956,81.0969862,10.53835106,5.531191826
06/06/2002,26.1738678,22.07174072,78.19205087,27.08118439,0.017762184
07/06/2002,31.14621887,19.61722717,50.40581764,0,0.000134
08/06/2002,30.7803894,21.47936401,57.72686507,0,0.006094575
09/06/2002,25.58536682,22.99790344,85.64471131,9.027061462,0.046998262
10/06/2002,25.43851624,21.49532471,78.84699982,0,0.03246218
11/06/2002,31.18033752,19.86899719,51.09992344,12.14002132,0.000291
12/06/2002,25.19663391,23.17785034,88.60339771,8.093347549,0.055804849
13/06/2002,27.53200684,22.12723694,72.44157848,8.093347549,0.28796494
14/06/2002,25.1345459,21.54036865,80.50599122,4.624769688,0.042587519
15/06/2002,28.99926147,20.35106812,59.65743404,8.093347549,0.000894
16/06/2002,30.017099,21.53418884,60.50508798,0,0.003412366
17/06/2002,29.98131714,21.66587219,61.11950025,0,0.003576279
18/06/2002,24.69403992,23.28966675,91.91561064,0,0.217720866
19/06/2002,28.90625916,22.03238831,66.49437318,0,0.086948276
20/06/2002,29.22693787,21.69388733,63.9397222,26.06249046,0.015646219
21/06/2002,29.49460754,20.50869141,58.5435453,0,0.000313
22/06/2002,29.63910828,20.99167786,59.81044716,6.634064198,0.003308058
23/06/2002,26.40374146,22.68360291,80.06146757,6.634064198,0.038951635
24/06/2002,26.31492004,22.67896423,80.4591573,6.634064198,0.055029988
25/06/2002,29.72535095,21.47994385,61.32322764,0,0.003710389
26/06/2002,30.10985718,22.75524292,64.82894467,16.80202293,0.017657876
27/06/2002,27.97490845,22.27507935,71.23194377,8.401011467,0.008791685
28/06/2002,29.65480957,21.40375671,61.28593674,0,0.006362796
29/06/2002,30.34311829,21.28669128,58.49250855,0,0.002533197
30/06/2002,30.01621399,21.23560486,59.41177209,8.401011467,0.046178699
01/07/2002,27.92455444,22.8099762,73.7987082,7.912603378,0.022575259
02/07/2002,30.55095825,21.7000824,59.28242187,0,0.014558434
03/07/2002,26.73807678,23.12276611,80.61611034,23.73781204,0.094607472
04/07/2002,29.69103394,19.9434906,55.89884368,0,0.001773238
05/07/2002,30.12653503,21.85672913,61.32327355,7.912603378,0.003069639
06/07/2002,29.43052063,22.02095947,64.46757552,12.41713715,0.024139881
07/07/2002,30.93241272,20.88291321,55.17297081,0,0.000566
08/07/2002,29.35064087,21.26105652,61.82570212,12.41713715,0.001996756
09/07/2002,31.00048218,20.38752136,53.30774419,0,0.000343
10/07/2002,31.04448853,20.29216919,52.86226207,0,0.002533197
11/07/2002,30.69066772,22.13936768,60.4084048,0,0.012502074
12/07/2002,30.35646973,20.79676208,56.7156928,9.565609932,0.004410744
13/07/2002,30.81347046,20.34871826,53.74983524,0,0.002220273
14/07/2002,31.71462402,20.39191589,51.20330601,0,0.000805
15/07/2002,27.19028625,20.72786865,67.83656548,9.565609932,0.00436604
16/07/2002,28.059198,20.99480591,65.54774448,23.05709457,0.032871962
17/07/2002,28.97463379,22.01227722,66.15090991,0,0.016674399
18/07/2002,26.77962646,22.01221619,75.17822839,15.37139702,0.018328428
19/07/2002,29.54281006,21.120401,60.61995079,0,0.010102987
20/07/2002,30.02715454,21.41367493,60.0258547,0,0.011190772
21/07/2002,25.48856506,22.55922852,83.8787127,0,0.098049641
22/07/2002,27.63129578,21.39492188,68.87289753,16.80984116,0.023514032
23/07/2002,26.74076233,21.73458252,74.08455777,0,0.046029687
24/07/2002,29.46898804,19.542276,55.22599809,5.603280067,0.003248453
25/07/2002,27.91938171,20.83872375,65.45264686,5.603280067,0.01001358
26/07/2002,25.7055603,21.66770325,78.43047711,0,0.082150102
27/07/2002,28.61361084,20.86325989,62.95969453,0,0.019297004
28/07/2002,26.91782532,20.92945251,69.78911058,6.891533852,0.024691224
29/07/2002,28.96975098,20.66640625,60.93256287,0,0.006243587
30/07/2002,26.2832428,23.06022034,82.49198205,6.891533852,0.080063939
31/07/2002,23.41980896,22.20884094,92.92760848,0,0.106796622
01/08/2002,25.56510315,22.28106079,82.09943563,0,1.355797052
02/08/2002,28.4868103,19.11547241,56.91984818,0,0.003069639
03/08/2002,27.71883545,22.5130249,73.35625952,0,0.040128827
04/08/2002,24.960672,22.89710388,88.34424846,27.8765564,0.064626336
05/08/2002,22.40632019,22.14344177,98.41382002,27.8765564,4.154831171
06/08/2002,24.91176758,20.47767029,76.42636669,0,0.332817435
07/08/2002,28.17859802,19.18395386,58.19575709,0,0.004544854
08/08/2002,29.86164246,19.26508484,53.07026518,0,0.000358
09/08/2002,26.53984985,22.14321289,76.85685571,17.67389488,0.039488077
10/08/2002,28.58234558,20.30318604,60.9341311,0,0.001192093
11/08/2002,27.69794617,21.82535706,70.43476301,17.85572624,0.036716461
12/08/2002,27.20928345,22.75560913,76.69457714,8.927863121,0.074967742
13/08/2002,28.68287048,22.1612793,67.89056052,8.927863121,0.035002828
14/08/2002,25.87302551,21.85933838,78.57071402,26.78358841,0.01822412
15/08/2002,27.91141663,21.56907043,68.48272283,0,0.011667609
16/08/2002,27.62964783,21.140802,67.81491182,7.773048401,0.030651689
17/08/2002,26.89510498,21.46598206,72.22003814,0,0.107496977
18/08/2002,28.70098267,20.27819214,60.42333143,0,0.011995435
19/08/2002,27.94457397,21.99601135,70.1556453,7.773048401,0.026151538
20/08/2002,27.36919556,22.67609558,75.61465173,0,0.049546361
21/08/2002,27.11644897,22.06873474,73.9609508,10.32524109,0.065743923
22/08/2002,25.69585571,22.32314453,81.67428751,0,0.179126859
23/08/2002,27.36579285,21.89736328,72.13135727,5.162620544,20.61901987
24/08/2002,27.95620117,21.59998474,68.43352956,5.162620544,0.016659498
25/08/2002,27.68139038,21.96894226,71.12307745,15.48786163,0.042453408
26/08/2002,22.15007935,21.75608215,97.6262804,0,3.887623549
27/08/2002,27.85735474,20.19460449,63.13203506,0,0.006347895
28/08/2002,29.50318298,21.36655579,61.68227268,11.58471107,0.046819448
29/08/2002,23.61582336,22.30498657,92.37539719,0,4.687845707
30/08/2002,28.03247986,21.57987366,68.04652317,0,0.860348344
31/08/2002,28.55655823,22.0903717,68.09471887,0,0.072464347
01/09/2002,29.56337891,21.92958984,63.62096081,13.31700325,0.027358532
02/09/2002,28.73626099,21.73421631,65.94124917,0,0.006079674
03/09/2002,29.29309998,21.65725098,63.55375908,0,0.023692846
04/09/2002,26.23035583,22.36925659,79.35545279,0,0.960022211
05/09/2002,27.75679932,20.67711792,65.42207949,26.6340065,0.005155802
06/09/2002,22.92496643,22.44934998,97.15752415,0,0.914081931
07/09/2002,27.74085388,21.31890259,68.11598692,0,0.047698617
08/09/2002,28.09668884,21.32088623,66.72648844,25.74367905,0.013381243
09/09/2002,22.22974548,21.73380432,97.02197566,0,42.96267033
10/09/2002,29.20426331,20.70417175,60.25283649,0,0.007942319
11/09/2002,28.78634033,20.96697388,62.73158453,9.160637856,0.005125999
12/09/2002,26.09542236,21.68947754,76.74432344,0,0.342383981
13/09/2002,26.47776184,23.30288086,82.75564157,0,0.065863132
14/09/2002,28.06278381,20.9445282,65.33194388,9.160637856,0.008672476
15/09/2002,29.50412903,22.81989441,67.38769559,18.32127571,0.246584415
16/09/2002,30.1199585,21.05133972,58.39551245,12.81376648,0.002354383
17/09/2002,29.76181946,22.01722107,63.23604379,0,0.092446804
18/09/2002,26.09845886,22.13482056,78.84333979,25.62753296,0.252589583
19/09/2002,26.00432739,21.678125,77.10504401,0,0.102430582
20/09/2002,30.09057007,22.53208313,64.02815754,0,0.021457672
21/09/2002,29.3905426,23.67388306,71.41869156,23.93314552,0.045537949
22/09/2002,28.61470947,21.89855347,67.07668574,0,0.040754676
23/09/2002,29.04918823,21.27871094,62.97866062,0,0.016584992
24/09/2002,29.34772644,22.77900085,67.82933525,13.67608166,0.074893236
25/09/2002,29.24700317,22.84914551,68.51489981,0,0.024437904
26/09/2002,29.43169556,22.69664917,67.16588156,0,0.009447336
27/09/2002,29.74735413,21.87340698,62.73605234,0,0.001773238
28/09/2002,29.61486206,22.00647888,63.73084039,0,0.04260242
29/09/2002,27.07769165,22.34885559,75.4036537,0,0.030010939
30/09/2002,28.43958435,22.06714783,68.46142074,0,0.020831823
01/10/2002,27.96633301,21.36957703,67.43560221,7.904551983,0.070378184
02/10/2002,24.01744995,23.14721069,94.89481421,7.904551983,0.159844756
03/10/2002,25.07019958,21.09569702,78.64270182,0,0.031813979
04/10/2002,25.51400146,21.56662903,78.83768527,3.952275991,0.078439713
05/10/2002,27.48398743,21.68825684,70.7258537,3.952275991,0.10073185
06/10/2002,28.03557739,22.47149048,71.8331584,9.633032799,0.041179359
07/10/2002,25.59064636,21.87030945,79.94948358,4.816516399,0.062644482
08/10/2002,30.02997742,21.12183533,58.95205678,0,0.014960766
09/10/2002,28.92595825,22.74801025,69.37077115,9.633032799,0.0885427
10/10/2002,28.97037659,21.96151123,65.96274657,9.633032799,0.046908855
11/10/2002,29.93181763,21.72565613,61.51761546,3.11651206,0.016048551
12/10/2002,28.62107239,23.29894409,72.99796653,3.11651206,0.03258884
13/10/2002,28.7736908,21.19275818,63.65369565,9.349536896,0.002324581
14/10/2002,27.17188416,22.75327454,76.85192232,3.11651206,0.047326088
15/10/2002,28.05451355,22.32511292,71.11863422,3.11651206,0.033408403
16/10/2002,27.92028198,22.69651184,73.31126734,14.60051632,0.272735953
17/10/2002,28.04155884,22.77147827,73.12683628,0,0.032112002
18/10/2002,28.10997925,23.00280151,73.86339659,0,0.824511051
19/10/2002,27.30993042,23.21552429,78.39487844,0,0.097334385
20/10/2002,31.00901184,21.02800903,55.42478432,0,0.004008412
21/10/2002,31.95154724,20.02875671,49.40024172,8.752017021,0.000864
22/10/2002,29.67051086,21.21462402,60.52508584,13.12802505,0.066280365
23/10/2002,30.05497131,21.23948059,59.29396774,8.752017021,0.004246831
24/10/2002,29.79866943,21.33928833,60.54176486,13.12802505,0.022679567
25/10/2002,30.00437317,21.1827179,59.25962434,0,0.004604459
26/10/2002,31.37349854,19.11251221,48.22098187,3.283827066,0.001132488
27/10/2002,32.20951233,18.03441772,42.99118075,5.746697903,0.00082
28/10/2002,31.61489258,18.66842041,46.26439808,8.620046616,0.000954
29/10/2002,31.52628479,18.65316162,46.45301606,2.873348951,0.00269711
30/10/2002,31.52536926,18.20144043,45.15881394,0,0.000894
31/10/2002,31.47788391,18.45401917,46.00358654,0,0.001192093
01/11/2002,31.90134583,17.64527283,42.68737419,0,0.000924
02/11/2002,32.26349792,17.10502014,40.4195963,0,0.000864
03/11/2002,30.67885742,18.85247192,49.35839601,0,0.001654029
04/11/2002,30.21865234,20.73514709,56.94849839,0,0.056609511
05/11/2002,26.35204468,22.24814758,78.20982852,5.750808716,0.019744039
06/11/2002,29.11766968,19.64727173,56.72481045,0,0.001847744
07/11/2002,32.70557556,17.31841431,39.96178955,0,0.001013279
08/11/2002,31.94411621,17.97286377,43.47184645,0,0.000998
09/11/2002,28.40464172,20.41312561,61.984769,0,0.001609325
10/11/2002,31.63434753,19.91028748,49.92751367,0,0.00269711
11/11/2002,31.89949951,16.02446899,38.51930193,0,0.000954
12/11/2002,32.78615723,14.00614319,32.17710056,0,0.001102686
13/11/2002,33.34003601,13.45209656,30.08929668,0,0.000879
14/11/2002,32.48841248,16.85285339,39.27772189,0,0.000924
15/11/2002,33.15274963,15.69346008,35.14382412,0,0.000954
16/11/2002,34.1813446,13.33152161,28.48509368,0,0.000849
17/11/2002,33.28875122,15.22054443,33.83501248,0,0.001013279
18/11/2002,33.47594604,14.3151947,31.58338193,0,0.000954
19/11/2002,33.57340393,13.76516113,30.31077099,0,0.000924
20/11/2002,33.40154419,13.88961182,30.85181443,0,0.000983
21/11/2002,33.56983337,12.40038452,27.72919687,0,0.000909
22/11/2002,33.4999939,11.71286926,26.60432909,0,0.000864
23/11/2002,34.03225098,12.50100098,27.20258085,0,0.000894
24/11/2002,34.70661316,10.26950989,22.60093791,0,0.000864
25/11/2002,33.78453979,13.43105469,29.31116175,0,0.000969
26/11/2002,33.27950439,13.61345825,30.51039761,0,0.001206994
27/11/2002,34.0831543,10.54779968,23.83585433,0,0.000894
28/11/2002,33.98417053,10.07627258,23.2239305,0,0.000805
29/11/2002,34.0618988,12.68229065,27.48277041,0,0.000849
30/11/2002,34.72721252,10.06740723,22.27190357,0,0.000805
01/12/2002,34.45777283,12.37200317,26.342554,0,0.001087785
02/12/2002,34.17949829,13.65285645,29.0907675,0,0.000887
03/12/2002,34.44449768,14.33110962,29.95563242,0,0.001013279
04/12/2002,33.94211731,16.85082397,36.20210265,0,0.00079
05/12/2002,32.32639465,18.72413025,44.59587886,0,0.002354383
06/12/2002,31.82013855,20.22785339,50.38531453,0,0.002011657
07/12/2002,34.33207092,16.12520752,33.82693446,0,0.000909
08/12/2002,35.95118103,12.57270203,24.58044357,0,0.000834
09/12/2002,34.70713196,14.22966919,29.32932414,0,0.00079
10/12/2002,34.8149353,15.556604,31.75724785,0,0.000805
11/12/2002,35.39847717,13.66604004,27.21586425,3.431331873,0.000775
12/12/2002,35.93062744,11.33550415,22.67966293,0,0.00079
13/12/2002,34.90517578,13.98201904,28.54748144,0,0.000775
14/12/2002,35.98638306,12.19654236,23.93380398,3.431331873,0.000849
15/12/2002,35.19373474,10.34702454,22.11462924,0,0.000894
16/12/2002,34.34412537,2.552529907,13.53802959,0,0.000715
17/12/2002,34.17131958,2.68366394,13.79688045,0,0.000745
18/12/2002,34.67633972,4.21567688,14.95036009,0,0.00073
19/12/2002,35.15995178,4.540582275,14.89143846,0,0.000715
20/12/2002,34.74382935,4.720452881,15.43114878,0,0.0007
21/12/2002,34.59189758,1.769372559,12.62630731,0,0.000715
22/12/2002,33.71836243,-1.265844727,10.63264799,0,0.000685
23/12/2002,33.0650116,-2.633901978,9.966706532,0,0.000685
24/12/2002,32.65957031,0.704248047,13.02611128,0,0.0007
25/12/2002,32.25948486,0.991769409,13.60263585,0,0.000685
26/12/2002,31.98371277,-1.542837524,11.48380115,0,0.000685
27/12/2002,32.3276001,0.117486572,12.71892788,0,0.000641
28/12/2002,33.4469696,2.396951294,14.07505303,0,0.000685
29/12/2002,33.65911255,0.897088623,12.48959576,0,0.000641
30/12/2002,34.34310303,2.03862915,13.05110113,0,0.000656
31/12/2002,34.66858826,2.434869385,13.18550904,0,0.000656
01/01/2003,34.23694763,2.296868896,13.3728392,0,0.000656
02/01/2003,34.122995,1.203973389,12.44332669,0,0.000641
03/01/2003,34.25975952,1.076837158,12.23641078,0,0.000656
04/01/2003,35.00727234,-0.083013916,10.79335083,0,0.000626
05/01/2003,35.17495117,0.589501953,11.22909631,0,0.000596
06/01/2003,35.92888794,4.772927856,14.50830129,0,0.000626
07/01/2003,35.92551575,5.635446167,15.40993742,0,0.000641
08/01/2003,35.51333008,10.17878113,21.48533803,0,0.000626
09/01/2003,34.96898804,12.78057251,26.30312058,0,0.000611
10/01/2003,35.7882019,13.19838867,25.83855661,0,0.000656
11/01/2003,33.81554565,17.74047241,38.56784779,1.351424932,0.007465482
12/01/2003,34.93175659,17.42460022,35.53485734,1.351424932,0.001192093
13/01/2003,36.50641785,13.05860291,24.6153286,0,0.000596
14/01/2003,35.97261963,12.20560608,23.96618352,0,0.000671
15/01/2003,35.69111023,10.30698547,21.45938773,0,0.000626
16/01/2003,35.01929626,13.60878906,27.68801181,0,0.000566
17/01/2003,36.28867493,10.53261719,21.08246494,0,0.000715
18/01/2003,35.64682922,10.91869507,22.40728635,1.270378113,0.000596
19/01/2003,35.62867126,12.69837341,25.22708287,0,0.000775
20/01/2003,35.80942688,11.00234375,22.33174509,0,0.000596
21/01/2003,35.50559387,9.505334473,20.54486571,0,0.000626
22/01/2003,33.7388855,15.80632935,34.25742516,5.70451498,0.000864
23/01/2003,32.73975525,16.88846741,38.8138889,0,0.000924
24/01/2003,36.32772217,7.971871948,17.70169799,0,0.000536
25/01/2003,35.2153717,11.74251709,24.23440388,0,0.000864
26/01/2003,35.61954651,10.90879211,22.42616622,0,0.000551
27/01/2003,35.99347839,4.413430786,14.09749474,0,0.000566
28/01/2003,35.92463074,1.234094238,11.288595,0,0.000536
29/01/2003,35.66735229,1.343240356,11.53963773,0,0.000536
30/01/2003,35.22225342,11.85498962,24.40582648,0,0.000611
31/01/2003,36.61629639,12.80388794,24.06345633,0,0.000536
01/02/2003,37.35088501,10.01323853,19.21674783,0,0.000507
02/02/2003,38.1978241,7.331887817,15.30657498,0,0.000507
03/02/2003,38.21972046,5.289804077,13.27763643,0,0.000507
04/02/2003,36.79015503,9.682504272,19.37760911,0,0.000566
05/02/2003,37.49416504,12.01824341,21.78590842,0,0.000499
06/02/2003,37.30695496,10.11594543,19.3956352,0,0.000499
07/02/2003,38.3492981,-1.476583862,8.120346624,0,0.000477
08/02/2003,38.16434631,7.885751343,15.92568538,0,0.000477
09/02/2003,37.00713501,10.65039978,20.43119992,0.827536941,0.000507
10/02/2003,36.77288208,12.45812378,23.32351171,0,0.000507
11/02/2003,35.827005,14.01635132,27.19364058,0,0.000551
12/02/2003,36.5569397,14.27152405,26.56329135,0,0.000477
13/02/2003,36.39499817,14.62047729,27.41113875,0,0.001117587
14/02/2003,36.74176941,13.09588013,24.36023394,0,0.000432
15/02/2003,36.04599915,16.31232605,31.14298789,2.529995918,0.000775
16/02/2003,34.6236969,18.52279053,38.73073783,1.240152359,0.002458692
17/02/2003,32.9193512,19.78457031,46.07705802,3.720457077,0.003650784
18/02/2003,37.52330933,5.089395142,13.59640751,0,0.000432
19/02/2003,38.50010071,1.430703735,9.953023657,0,0.000447
20/02/2003,37.74347839,12.20517883,21.75971445,0,0.000447
21/02/2003,36.69161377,14.88852844,27.4407881,1.986594915,0.000447
22/02/2003,36.80233154,17.49407349,32.20645933,1.986594915,0.003889203
23/02/2003,37.44143066,15.29393921,27.03929758,5.959784985,0.000626
24/02/2003,37.83294067,7.623803711,15.92638351,0,0.000462
25/02/2003,37.06095276,12.62700806,23.21618643,0,0.000685
26/02/2003,37.39397583,11.89812622,21.73186632,2.790055513,0.000417
27/02/2003,38.38108215,3.809518433,11.86577494,0,0.000402
28/02/2003,37.07018433,10.98616943,20.82141131,0,0.000432
01/03/2003,37.88970337,9.682443237,18.25378148,0,0.000417
02/03/2003,37.59008179,12.46724854,22.322814,0,0.000402
03/03/2003,38.08388672,-0.558111572,8.812072145,0,0.000522
04/03/2003,38.27298889,1.894235229,10.416481,0,0.000402
05/03/2003,38.88300476,-1.773641968,7.719305656,0,0.000432
06/03/2003,38.32872925,9.122155762,17.16589436,0,0.000387
07/03/2003,38.03788147,10.48311768,19.10548525,0,0.000373
08/03/2003,37.37653503,14.80307922,26.29097399,0,0.000626
09/03/2003,37.32874451,11.60733948,21.39400846,0,0.000417
10/03/2003,37.47849426,12.06452332,21.87106542,0,0.000551
11/03/2003,37.19606934,11.78803406,21.80779463,0,0.000373
12/03/2003,37.12587891,12.77732239,23.36342609,0,0.000343
13/03/2003,37.26722107,12.15049133,22.24916947,0,0.000432
14/03/2003,38.4739624,-1.850714111,7.846268515,0,0.000358
15/03/2003,38.22374878,-0.957281494,8.493757647,0,0.000343
16/03/2003,38.42302856,7.991265869,15.81826575,0,0.000373
17/03/2003,38.30413208,11.1344696,19.6673472,0,0.000328
18/03/2003,38.60556946,11.07340393,19.2720955,0,0.000358
19/03/2003,38.87111816,12.27718506,20.57260527,1.927380919,0.000358
20/03/2003,36.89823303,16.99305115,31.03910056,1.65204072,0.002160668
21/03/2003,36.89615784,16.60784302,30.29283016,2.036826849,0.000671
22/03/2003,36.71239624,15.89516602,29.23900248,0,0.000492
23/03/2003,35.8223053,18.25603638,35.65082095,4.073653698,0.00076
24/03/2003,39.19883118,13.00820313,21.20692967,0,0.000373
25/03/2003,39.35418091,6.888406372,13.9528133,0,0.000417
26/03/2003,38.68886719,11.31388245,19.49455714,0,0.000566
27/03/2003,37.77921448,11.08388672,20.16554599,2.665445566,0.000626
28/03/2003,38.00658569,13.66518555,23.60303074,0,0.000365
29/03/2003,38.01726685,14.82776794,25.43420601,0,0.00044
30/03/2003,37.17107544,16.57242737,29.77559207,0,0.005424023
31/03/2003,38.88361511,13.72008667,22.59381431,0,0.000313
01/04/2003,38.97091064,11.65050659,19.6340504,0,0.000462
02/04/2003,37.29387817,14.22553406,25.44172269,3.916980267,0.000581
03/04/2003,31.44169006,20.97411499,53.89970428,11.75094128,0.010922551
04/04/2003,33.16529236,19.58583984,44.8889701,0,0.000313
05/04/2003,36.31699524,17.68099365,33.4642668,3.916980267,0.001013279
06/04/2003,31.37056885,22.23319397,58.44816125,21.60632706,0.015631318
07/04/2003,30.02355347,22.09153137,62.57571999,0,0.0089854
08/04/2003,34.74825439,19.91906128,41.95899453,0,0.015795231
09/04/2003,36.29012451,19.12079773,36.67869901,0,0.001236796
10/04/2003,34.50328979,20.21975098,43.33120245,0,0.001445413
11/04/2003,34.75161133,19.79134521,41.62046724,15.37315273,0.002369285
12/04/2003,27.84928284,22.90041504,74.53016378,7.686576366,0.011652708
13/04/2003,37.62503967,17.83350525,31.4633799,0,0.000328
14/04/2003,33.26030884,20.36745605,46.86466659,4.392329216,0.002384186
15/04/2003,33.17780457,20.70987854,48.0860818,11.52986526,0.003397465
16/04/2003,36.23336182,16.72953186,31.65381481,0,0.000462
17/04/2003,29.98101196,22.31540833,63.58907353,3.728551388,0.058397651
18/04/2003,27.01688538,23.58970032,81.57243543,3.728551388,0.049054623
19/04/2003,26.91045532,21.62149963,72.84462949,7.457102776,0.025317073
20/04/2003,33.23757324,19.3237854,43.98518683,0,0.000596
21/04/2003,33.93638,20.47911987,45.44028208,3.132550478,0.018268824
22/04/2003,35.16985474,20.48233948,42.44452307,3.132550478,0.0007
23/04/2003,34.01926575,20.92316589,46.4846323,6.265100956,0.001609325
24/04/2003,34.54671631,20.09505615,42.89498204,3.132550478,0.000849
25/04/2003,35.28159485,20.53118286,42.31086153,6.265100956,0.009462237
26/04/2003,32.3665863,21.80516968,53.82382558,0,0.002592802
27/04/2003,31.93004761,21.10209045,52.84284913,10.31175137,0.000924
28/04/2003,34.14521179,18.98459778,40.93829355,0,0.000387
29/04/2003,35.87500916,16.93605957,32.70794146,3.437250137,0.000417
30/04/2003,36.54378662,14.99376831,27.85140422,0,0.000432
01/05/2003,36.88959656,13.50783691,24.82303755,0,0.000238
02/05/2003,36.62453613,12.85387573,24.13151518,0,0.000298
03/05/2003,37.00328979,11.36734924,21.432878,0,0.000238
04/05/2003,36.58498535,13.81868896,25.75482719,0,0.000238
05/05/2003,36.45076904,14.16616211,26.53616727,0,0.000268
06/05/2003,34.62124023,17.97438965,37.42560818,0,0.001788139
07/05/2003,32.19759521,20.84449158,51.23303677,13.10489845,0.005289912
08/05/2003,36.18302307,18.46433411,35.41166295,0,0.000536
09/05/2003,35.80285034,19.5984436,38.80843968,0,0.001400709
10/05/2003,36.86268005,18.06995544,33.28634935,0,0.000358
11/05/2003,36.05404053,19.66802368,38.44266799,14.0788908,0.001832843
12/05/2003,35.53739319,18.26461182,36.23332304,9.3859272,0.000566
13/05/2003,34.46534119,18.64074097,39.36188469,0,0.00102818
14/05/2003,34.66214905,18.31749878,38.15424535,0,0.00079
15/05/2003,35.59919128,18.79058228,37.31938021,0,0.000492
16/05/2003,30.32337341,21.80681763,60.45154111,0,0.002756715
17/05/2003,33.63172302,21.08338318,47.96965007,13.67524719,0.007599592
18/05/2003,30.6282135,22.80254517,63.11561647,0,0.01360476
19/05/2003,30.24289856,22.7829071,64.44470077,0,0.00436604
20/05/2003,31.17777405,21.25133667,55.65259487,0,0.002346933
21/05/2003,34.98650513,20.51105652,42.95258136,0,0.000544
22/05/2003,33.90340576,20.69060669,46.120999,5.512872219,0.00166893
23/05/2003,34.27802429,20.58330688,44.87202504,0,0.000447
24/05/2003,33.37140808,18.97051392,42.70639074,0,0.00082
25/05/2003,33.76424561,19.84789429,44.12245004,2.75643611,0.010371208
26/05/2003,32.23734436,20.02170715,48.58817714,4.64800787,0.003963709
27/05/2003,33.93358765,20.76110229,46.24374503,0,0.01488626
28/05/2003,33.19213257,20.47362671,47.35311344,18.59203148,0.019237399
29/05/2003,25.26729736,22.75257263,85.99069433,0,0.134021044
30/05/2003,27.99099121,22.62444458,72.69157646,0,0.041350722
31/05/2003,30.95386658,22.11956177,59.43707583,13.94402313,0.009045005
01/06/2003,27.55388794,22.06789551,72.08801063,0,0.021785498
02/06/2003,25.81177673,22.26696167,80.83881411,0,0.059008598
03/06/2003,30.90091858,21.95449219,59.01996853,6.849878788,0.051498413
04/06/2003,30.24936829,20.42325745,55.76622373,20.54963493,0.038444996
05/06/2003,30.01712952,22.24289856,63.17823977,13.69975758,0.031799078
06/06/2003,26.47980652,21.71204529,75.12739779,14.99135303,0.055193901
07/06/2003,30.74053345,21.9024292,59.37325439,4.997117519,0.004604459
08/06/2003,27.28322754,23.37380371,79.2710852,0,0.027120113
09/06/2003,31.10967407,22.51650391,60.35145506,0,5.651384592
10/06/2003,29.92403564,22.61855469,64.98274264,4.997117519,0.031381845
11/06/2003,27.61080322,23.24118958,77.14742236,0,1.998364925
12/06/2003,28.88527832,22.16776428,67.12628961,14.04271317,0.027000904
13/06/2003,28.17958984,21.56365356,67.39972683,14.04271317,0.001817942
14/06/2003,30.12090454,21.80135498,61.13609801,0,0.001192093
15/06/2003,30.12064514,22.18425903,62.58072213,0,0.004976988
16/06/2003,30.93088684,21.66573486,57.88988167,8.411280632,0.006049871
17/06/2003,29.61786804,22.10376892,64.09863994,8.411280632,0.005841255
18/06/2003,29.75657043,22.24639282,64.1439812,4.205640316,0.013694167
19/06/2003,31.2730957,21.33843384,55.64814579,8.411280632,0.02270937
20/06/2003,30.31202087,21.87523804,60.74392838,4.205640316,0.006049871
21/06/2003,27.18673096,21.68540344,71.95435087,9.641571045,0.017479062
22/06/2003,23.92893372,23.04595337,94.81836913,0,0.424191356
23/06/2003,29.36370239,20.76346741,59.9196867,9.641571045,0.006452203
24/06/2003,28.24802551,21.55440674,67.09416809,4.820785522,0.115126371
25/06/2003,24.30849609,21.64580688,85.12213796,9.641571045,0.202745199
26/06/2003,28.95519409,19.23973999,55.82722284,0,0.001490116
27/06/2003,29.22028503,20.33423767,58.83973555,0,0.002473593
28/06/2003,29.14364014,21.82335815,64.75778947,0,0.023186207
29/06/2003,25.54393921,21.58426819,78.78272174,24.75691986,0.015884638
30/06/2003,29.05361328,19.69939575,57.11952027,0,0.001549721
01/07/2003,29.98697815,20.96097717,58.51676208,5.723522186,0.003650784
02/07/2003,29.74202881,21.36811218,60.8464498,5.723522186,0.039070845
03/07/2003,29.29262695,21.19742737,61.79127757,5.723522186,0.027239323
04/07/2003,28.78251038,18.87349854,55.11446311,0,0.000685
05/07/2003,30.57990417,16.65502319,43.2207012,0,0.000224
06/07/2003,31.04213867,18.03913269,45.94488192,0,0.000238
07/07/2003,29.30890808,20.8638092,60.48140716,0,0.005021691
08/07/2003,29.42072449,20.15593872,57.52650243,0,0.004768372
09/07/2003,28.13540039,20.41021118,62.95082055,0,0.029176474
10/07/2003,28.36939392,20.85570679,63.82835277,3.389766693,0.037521124
11/07/2003,29.25339661,20.69706116,60.0559942,0,0.009462237
12/07/2003,29.6365448,21.13878784,60.36197598,7.808667183,0.014230609
13/07/2003,29.38930664,21.29664001,61.82277854,0,0.014960766
14/07/2003,29.57111511,20.36464844,57.77063958,7.808667183,0.010326505
15/07/2003,31.3268219,20.67620239,53.26726285,0,0.026896596
16/07/2003,29.57251892,22.62668762,66.34147901,13.53557491,0.032514334
17/07/2003,29.27845154,20.23679504,58.29076489,4.511857986,0.003427267
18/07/2003,29.60491333,20.67304382,58.76520306,0,0.017464161
19/07/2003,24.32854614,22.03545532,87.06592156,4.511857986,0.072970986
20/07/2003,23.4966217,21.99611816,91.30774313,4.511857986,0.066831708
21/07/2003,25.87809143,21.3545166,76.15997535,18.95282364,0.012099743
22/07/2003,27.86940918,20.44402466,64.06686422,0,0.004515052
23/07/2003,28.49990234,19.55175171,58.44183688,0,0.002577901
24/07/2003,28.07999573,20.75855408,64.52436877,0,0.002041459
25/07/2003,29.12076721,20.63135681,60.2730339,6.31760788,0.00500679
26/07/2003,31.13771973,21.3868042,56.2444212,15.13712025,0.015377998
27/07/2003,30.55939636,20.67936096,55.6579739,0,0.002488494
28/07/2003,28.9520813,19.82467041,57.90376921,0,0.001385808
29/07/2003,30.9710022,21.3512207,56.65696583,0,0.011622906
30/07/2003,30.25687561,20.63118896,56.46141879,0,0.002920628
31/07/2003,28.96723328,21.60270081,64.54514818,5.045706749,0.052541494
01/08/2003,26.23294983,21.80739746,76.67388461,4.301530838,0.054121017
02/08/2003,28.50734863,20.92414246,63.58633917,0,0.00244379
03/08/2003,29.51178894,20.89785156,59.90384291,0,0.009477139
04/08/2003,27.34249268,22.25318298,73.81244621,0,0.012129545
05/08/2003,28.30010376,21.35839233,66.09370056,0,0.037103891
06/08/2003,27.77570496,19.87947998,62.20824483,0,0.010550022
07/08/2003,29.79471741,18.83394775,51.86133398,0,0.000894
08/08/2003,30.44388733,18.87911377,50.1086002,0,0.000581
09/08/2003,30.19768677,20.58631287,56.49667946,17.63696671,0.025227666
10/08/2003,27.20887146,22.10460815,73.722411,0,0.102341175
11/08/2003,25.68543396,21.37735901,77.14160722,0,0.0423491
12/08/2003,29.60027466,20.64621887,58.68385773,19.00909615,0.032916665
13/08/2003,27.29595337,22.45519409,74.92820936,9.504548073,0.032439828
14/08/2003,29.41040955,21.72916565,63.40346309,0,0.01847744
15/08/2003,28.07093201,21.75220642,68.61318151,0,0.016033649
16/08/2003,25.7399231,21.37584839,76.88587436,0,0.038355589
17/08/2003,28.07064209,20.93203125,65.25194105,0,0.002920628
18/08/2003,28.28186951,22.08461914,69.1648525,6.818211555,0.07045269
19/08/2003,23.68299255,22.56118164,93.44580765,27.27284622,0.781446695
20/08/2003,25.90247498,22.26651917,80.40392328,0,3.064021468
21/08/2003,26.18273315,20.38575134,70.47554356,0,0.003695488
22/08/2003,23.86377869,23.06144104,95.27937609,12.92659473,2.155169845
23/08/2003,27.07285461,22.62651978,76.70753489,0,2.845555544
24/08/2003,28.28690491,20.24347839,61.75971465,0,0.002160668
25/08/2003,29.67495117,21.44622192,61.37435398,0,0.003576279
26/08/2003,28.59143982,22.98052368,71.73009293,0,0.094607472
27/08/2003,27.60866699,22.28965149,72.83421705,7.308673859,0.018447638
28/08/2003,25.48500977,21.80509338,80.13250122,0,0.072002411
29/08/2003,26.59743652,21.41602478,73.27037539,0,0.016480684
30/08/2003,28.88479004,22.11097107,66.89646247,0,0.020965934
31/08/2003,28.6415802,21.89957581,66.97649269,0,0.029578805
01/09/2003,29.45823059,20.20623169,57.58109697,0,0.003427267
02/09/2003,28.92806396,20.86702881,61.8383138,13.17558193,0.01013279
03/09/2003,25.00835571,22.22428284,84.56899107,13.17558193,0.261589885
04/09/2003,28.81557617,20.78203735,61.91746828,15.05780888,0.007331371
05/09/2003,25.84397278,21.34717712,76.27959544,0,0.050410628
06/09/2003,25.36734924,20.90427551,76.3621028,8.220468521,0.040382147
07/09/2003,28.26142273,21.30684814,66.03355227,8.220468521,0.022977591
08/09/2003,24.37076721,22.48516235,89.25465265,16.44093704,0.084131956
09/09/2003,29.30698547,21.06568298,61.24304063,8.220468521,0.004976988
10/09/2003,30.60775146,21.35332642,57.85018624,0,0.025704503
11/09/2003,30.54740295,20.39391479,54.72463509,8.347431183,0.0038445
12/09/2003,24.72091064,23.81572876,94.72239981,16.69486237,0.221997499
13/09/2003,27.67989502,20.90696106,66.65218959,8.347431183,0.010430813
14/09/2003,28.70795593,20.55477295,61.4385374,0,0.002563
15/09/2003,29.97736511,21.24100647,59.56403234,8.347431183,0.022128224
16/09/2003,30.35889587,21.77967224,60.22891644,0,0.004306436
17/09/2003,29.91517029,20.32042847,56.48518496,12.0225029,0.002980232
18/09/2003,29.38813171,22.05413208,64.75596659,12.0225029,0.02785027
19/09/2003,23.93396912,21.71161804,87.40630869,12.0225029,0.029474497
20/09/2003,26.75229797,21.79998169,74.33057668,0,0.013545156
21/09/2003,29.86667786,23.00783691,66.75261588,0,0.071749091
22/09/2003,27.03035889,23.1070343,79.16904662,13.21136379,0.127375126
23/09/2003,30.76923523,22.07914124,59.91809211,15.09870243,0.320136547
24/09/2003,27.0324646,23.9780365,83.42307595,0,0.096529722
25/09/2003,31.10863647,23.38744507,63.62088693,13.21136379,0.046551228
26/09/2003,30.53417358,22.75338135,63.26675876,17.12606049,0.071644783
27/09/2003,28.57280884,22.00177917,67.66435541,8.563030243,0.006884336
28/09/2003,28.78345642,22.13556824,67.39071207,0,0.01116097
29/09/2003,30.08251343,22.99781189,65.89120309,17.12606049,0.101357698
30/09/2003,24.48023376,22.21158752,87.20959617,8.563030243,2.100080252
01/10/2003,29.4409729,22.01287231,64.39702739,3.422482729,0.030770898
02/10/2003,24.63507996,22.64705811,88.72260357,3.422482729,1.47973001
03/10/2003,30.66199646,21.41019592,57.87253412,0,0.011488795
04/10/2003,30.18932495,22.16668091,62.26830546,0,0.003620982
05/10/2003,28.38364563,22.61417542,71.006554,10.26744843,0.07326901
06/10/2003,28.95914612,23.05750427,70.54708586,0,0.087887049
07/10/2003,31.11461792,21.8631073,57.98222218,0,0.027984381
08/10/2003,31.25986633,22.65326843,60.33695478,13.73884964,0.068351626
09/10/2003,30.8033844,22.51963196,61.42506579,13.73884964,0.00654161
10/10/2003,31.32930908,22.28959045,58.78658064,0,0.00269711
11/10/2003,30.65038452,22.20453796,60.78811074,10.33356667,0.005170703
12/10/2003,29.51305542,22.26882324,65.13750137,10.33356667,0.005230308
13/10/2003,28.83297119,22.42295227,68.38274343,5.166783333,0.086650252
14/10/2003,27.40831909,22.43860779,74.36224127,5.166783333,0.033646822
15/10/2003,24.86142883,23.22367249,90.64036444,15.50034904,0.397995114
16/10/2003,27.09763489,21.7476593,72.60662772,3.078958511,0.068634748
17/10/2003,30.15967712,20.70559082,57.03732118,3.078958511,0.000745
18/10/2003,31.55585632,20.78878174,52.9450742,9.236875534,0.001505017
19/10/2003,32.73856506,20.30301819,48.06484825,0,0.000715
20/10/2003,30.91607056,22.3217865,60.30264581,0,0.009343028
21/10/2003,30.87246094,22.82677612,62.33385763,0,0.011980534
22/10/2003,29.04448853,23.38884888,71.61863802,0,0.015720725
23/10/2003,30.17594299,22.83347473,64.89074229,0,0.01488626
24/10/2003,32.13334045,20.09411011,49.09362729,0,0.002130866
25/10/2003,29.59787903,22.13811646,64.30675161,0,0.003293157
26/10/2003,30.96056519,20.93560181,55.26326655,0,0.004723668
27/10/2003,27.49041138,21.92574463,71.73168293,0,0.002861023
28/10/2003,33.03215942,18.87407837,43.26436224,0,0.000402
29/10/2003,31.16877136,20.60674438,53.51837352,5.582527637,0.002503395
30/10/2003,31.86661682,20.48780212,51.06591042,11.16505527,0.005498528
31/10/2003,30.50795898,21.2855011,57.93958797,5.582527637,0.013872981
01/11/2003,31.9225708,21.04036865,52.66525807,0,0.065669417
02/11/2003,32.03278503,20.66752014,51.15186358,5.148635387,0.00526011
03/11/2003,31.91976318,20.27526245,50.24915105,3.432423353,0.001147389
04/11/2003,32.7418457,18.29976807,42.42262535,0,0.000462
05/11/2003,32.90305481,17.60033569,40.23077704,0,0.000238
06/11/2003,30.68442688,20.56627808,54.87845079,0.415344477,0.00333786
07/11/2003,31.591745,20.04657898,50.47230806,0.830688953,0.007346272
08/11/2003,31.67232666,21.29801331,54.26737992,1.24603343,0.062704086
09/11/2003,31.06331787,20.36712036,53.05058983,0,0.001743436
10/11/2003,31.82149658,18.54624329,45.3780097,0,0.000447
11/11/2003,32.73432312,16.53515015,37.96414531,0,0.000268
12/11/2003,32.70974121,18.04717407,41.83049491,0,0.000462
13/11/2003,32.71720276,18.37323914,42.67760547,0,0.000507
14/11/2003,33.15937195,17.08875427,38.39495533,0,0.001579523
15/11/2003,33.51357422,16.32645569,35.86234619,0,0.000387
16/11/2003,34.20293579,15.24752197,32.20859468,0,0.000298
17/11/2003,33.13335571,17.46714172,39.38207015,0,0.000656
18/11/2003,34.41980896,16.16867981,33.75603512,0,0.000298
19/11/2003,35.47791443,9.172128296,20.11945498,0,0.000268
20/11/2003,34.72728882,8.632821655,20.22018952,0,0.000745
21/11/2003,34.46494446,8.369119263,20.15268776,0,0.000596
22/11/2003,33.94683228,12.01168213,26.46621535,0,0.000313
23/11/2003,32.83692322,16.11768494,36.75527292,0,0.000283
24/11/2003,34.56775818,14.14217529,29.38964005,0,0.000253
25/11/2003,35.55069885,12.28978882,24.66471595,0,0.000253
26/11/2003,34.50107727,12.13482056,25.87235581,0,0.000268
27/11/2003,34.09476624,12.45163879,27.02034736,0,0.000253
28/11/2003,33.90207825,13.40250549,29.06559324,0,0.000283
29/11/2003,34.44648132,12.57415161,26.71142515,0,0.000253
30/11/2003,34.66686401,11.81699524,25.10388334,0,0.000253
01/12/2003,34.67044983,13.5178772,28.0610448,0,0.000238
02/12/2003,35.20671997,12.53421936,25.54387046,0,0.000224
03/12/2003,34.63942871,14.62409363,30.20018137,0,0.000283
04/12/2003,35.09975586,14.30509338,28.83978986,3.943117857,0.000343
05/12/2003,35.16629944,14.61521301,29.3159913,0,0.000387
06/12/2003,35.10291443,11.58085022,24.12605507,0,0.000566
07/12/2003,35.24907837,3.075448608,13.36420933,0,0.000224
08/12/2003,33.56772766,-0.329519653,11.48385655,0,0.000209
09/12/2003,33.75675354,0.314447021,11.90859418,0,0.000224
10/12/2003,34.74990234,7.453378296,18.63661379,0,0.000209
11/12/2003,34.60897217,12.00332031,25.49610862,0,0.000224
12/12/2003,35.20151672,10.71254883,22.65089049,0,0.000209
13/12/2003,34.91730652,11.70011292,24.56781237,2.824013472,0.000313
14/12/2003,35.45392761,10.98278198,22.74321093,0,0.000224
15/12/2003,35.19051514,8.793893433,19.92504883,0,0.000313
16/12/2003,35.23200378,6.292169189,16.75439912,0,0.000276
17/12/2003,34.73827515,12.2111145,25.66304646,0,0.000335
18/12/2003,35.71924744,7.473352051,17.69018776,0,0.000194
19/12/2003,35.67344055,6.27779541,16.33566025,0,0.000194
20/12/2003,34.913797,10.65212402,22.92133343,0,0.000253
21/12/2003,34.88007507,8.347009277,19.66492012,0,0.000209
22/12/2003,35.10138855,7.512139893,18.35146969,0,0.000224
23/12/2003,34.77700195,4.539575195,15.20898984,0,0.000209
24/12/2003,34.76757202,4.50133667,15.1762081,0,0.000209
25/12/2003,35.20874939,4.464318848,14.77220774,0,0.000209
26/12/2003,35.31134949,5.618600464,15.9209286,0,0.000209
27/12/2003,34.71244202,6.862207031,17.93333933,0,0.000224
28/12/2003,34.68901978,5.221109009,16.02869094,0,0.000179
29/12/2003,34.93096313,4.849771118,15.41091096,0,0.000194
30/12/2003,35.73235474,6.15015564,16.13982418,0,0.000179
31/12/2003,36.21004639,8.274072266,18.18625137,0,0.000194
01/01/2004,36.2260376,8.032189941,17.87380873,0,0.000179
02/01/2004,35.35791931,13.24767456,26.54305925,0,0.000194
03/01/2004,35.84407959,13.0236145,25.46679297,0,0.000179
04/01/2004,36.89660034,11.05318604,21.11305778,0,0.000179
05/01/2004,37.2355896,9.97449646,19.28740701,0,0.000194
06/01/2004,37.41063843,6.481973267,15.06694526,0,0.000179
07/01/2004,37.21357117,10.07677612,19.44329152,0,0.000238
08/01/2004,36.29241333,11.11036072,21.90458296,0,0.000283
09/01/2004,36.07328186,8.454598999,18.54909043,0,0.000194
10/01/2004,36.01462708,5.593896484,15.29057394,0,0.000179
11/01/2004,35.85598145,5.045175171,14.84618095,0,0.000194
12/01/2004,35.95804749,5.334100342,15.0635141,0,0.000194
13/01/2004,35.26621399,3.741265869,13.99539949,0,0.000164
14/01/2004,35.53530273,3.210534668,13.28162724,0,0.000194
15/01/2004,35.56963501,3.879556274,13.89818861,0,0.000179
16/01/2004,36.00144348,5.718911743,15.43502676,0,0.000164
17/01/2004,36.2030426,5.968713379,15.53200897,0,0.000194
18/01/2004,35.66739807,14.2934967,27.93050496,0,0.000343
19/01/2004,34.83019409,16.39676819,33.48008027,0,0.002115965
20/01/2004,32.5274292,18.56302795,43.65153535,6.017056465,0.007256866
21/01/2004,29.14432678,18.92333374,54.14192335,5.780367851,0.029668212
22/01/2004,34.92209778,12.97945557,26.71706311,0,0.000209
23/01/2004,35.09006653,4.056207275,14.44917429,0,0.000164
24/01/2004,35.17452393,13.42946777,27.13283294,0,0.000201
25/01/2004,34.08167419,16.43093262,34.976025,0,0.000827
26/01/2004,36.08017883,10.0002533,20.57894752,0,0.000179
27/01/2004,36.9417511,1.050393677,10.53730187,0,0.000164
28/01/2004,36.01903687,2.148294067,11.99160495,0,0.000149
29/01/2004,36.12450562,1.911950684,11.72253772,0,0.000194
30/01/2004,36.18377075,9.544839478,19.8462808,0,0.000164
31/01/2004,35.97467957,11.75361023,23.25968258,0,0.000149
01/02/2004,35.83506165,15.20585022,29.35193184,0,0.000224
02/02/2004,36.20949707,7.034707642,16.71066349,0,0.00082
03/02/2004,34.6337677,1.704370117,12.53844526,0,0.000179
04/02/2004,34.101297,0.789865112,12.09153494,0,0.000149
05/02/2004,34.20852051,-0.501226807,10.94293388,0,0.000134
06/02/2004,35.24614868,0.211724854,10.88274279,0,0.000194
07/02/2004,36.08480225,0.217553711,10.39655417,0,0.000149
08/02/2004,36.15180359,0.944207764,10.91815897,0,0.000149
09/02/2004,36.70220337,-0.183599854,9.762086637,0,0.000149
10/02/2004,37.45452271,-0.755575562,8.986832315,0,0.000149
11/02/2004,38.54885254,3.098641968,11.1825575,0,0.000134
12/02/2004,38.31304321,8.482705688,16.45291817,0,0.000149
13/02/2004,36.64167175,12.36374817,23.34589856,0,0.000164
14/02/2004,37.13970337,11.0841156,20.87823042,0,0.000194
15/02/2004,37.67843018,5.570809937,13.94201571,0,0.000224
16/02/2004,38.5997406,5.316629028,13.03269625,0,0.000134
17/02/2004,38.02454529,5.555062866,13.66827277,0,0.000164
18/02/2004,36.92562256,10.05042419,19.71565685,0,0.000209
19/02/2004,36.69408569,11.60074768,22.13677803,0,0.000194
20/02/2004,38.25756226,8.590936279,16.62380677,0,0.000164
21/02/2004,38.23256836,7.758798218,15.7303285,0,0.000283
22/02/2004,37.71767578,9.006524658,17.60446976,0,0.000313
23/02/2004,37.52662048,6.804986572,15.30917839,0,0.000328
24/02/2004,38.19072876,4.494577026,12.57972621,0,0.000209
25/02/2004,36.77198181,12.93349609,24.06317445,0,0.000447
26/02/2004,35.35323486,17.39554749,34.65381649,2.641743422,0.004321337
27/02/2004,36.75542603,14.52980957,26.71966714,5.283486843,0.000149
28/02/2004,37.82012329,14.12355957,24.56284168,0,0.000149
29/02/2004,35.71582947,16.36065063,31.81057519,2.641743422,0.001117587
01/03/2004,32.46386108,18.99035034,44.99373504,1.681803346,0.001847744
02/03/2004,36.68084106,17.23555908,31.89537911,5.045410156,0.02206862
03/03/2004,36.19831238,17.89522705,34.14002166,1.681803346,0.007152557
04/03/2004,37.02860413,3.933282471,12.879902,0,0.000149
05/03/2004,34.97242126,2.621865845,13.13955083,1.681803346,0.000119
06/03/2004,35.3375946,4.562677002,14.7690527,0,0.000119
07/03/2004,35.48233948,2.382211304,12.55866653,0,0.000119
08/03/2004,36.92614136,1.407800293,10.82129346,0,0.000119
09/03/2004,37.61205444,0.232720947,9.576361301,0,0.000119
10/03/2004,38.35485229,-1.541769409,8.07900193,0,0.000119
11/03/2004,38.37944946,8.154779053,16.03293053,0,0.000119
12/03/2004,38.35584412,3.573480225,11.68567002,0,0.000119
13/03/2004,38.1486145,3.724160767,11.94347055,0,0.000119
14/03/2004,38.19040833,8.799127197,16.92108463,0,0.000119
15/03/2004,36.74573669,12.28537903,23.09431021,1.647949219,0.000149
16/03/2004,37.41620789,10.84977112,20.24879962,1.995550156,0.000149
17/03/2004,39.72561035,-0.228430176,8.264779855,0,0.000134
18/03/2004,39.16451416,8.005258179,15.21458298,0,0.000149
19/03/2004,37.90380249,12.11478577,21.4436208,0,0.000149
20/03/2004,36.67763672,14.27652893,26.39730323,0,0.000373
21/03/2004,37.83544312,14.86753235,25.75155645,0,0.000581
22/03/2004,38.72994385,11.89534912,20.21427737,0,0.000253
23/03/2004,38.2763916,12.50530396,21.56302721,0,0.000238
24/03/2004,38.91637573,11.85732422,19.96255905,0,0.000134
25/03/2004,38.64443359,14.20263062,23.61451976,0,0.000164
26/03/2004,38.98908386,12.2971283,20.46951154,0,0.000209
27/03/2004,38.02172241,15.96071777,27.34591346,1.814509273,0.001609325
28/03/2004,37.03499756,18.41736755,33.70211482,0,0.000954
29/03/2004,38.54258118,16.55330811,27.61156181,1.814509273,0.000328
30/03/2004,38.10785828,16.5193573,28.20576495,0,0.000447
31/03/2004,37.38999329,18.69078979,33.6284418,0,0.001713634
01/04/2004,35.52715454,20.01371155,40.42896782,3.655914068,0.007227063
02/04/2004,36.09478149,18.2552887,35.12000037,10.96774197,0.002495944
03/04/2004,36.26615295,16.41680298,30.97492019,0,0.000499
04/04/2004,34.76296387,20.09365234,42.3803794,3.655914068,0.009268522
05/04/2004,35.31086121,18.94622192,38.28720194,7.311828136,0.001803041
06/04/2004,33.45124207,19.93918762,45.15508583,7.737944603,0.01001358
07/04/2004,35.56261597,18.69614563,37.1744722,7.737944603,0.00873208
08/04/2004,33.6599823,19.1463562,42.48660307,0,0.000864
09/04/2004,35.50440369,18.21308289,36.18199835,0,0.001966953
10/04/2004,36.12095032,17.89397583,34.28237181,0,0.000194
11/04/2004,34.99295959,19.54837952,40.45382105,0,0.000402
12/04/2004,35.51650391,18.94152222,37.84469466,4.8464818,0.000387
13/04/2004,35.85663757,19.88149414,39.37928916,9.6929636,0.005424023
14/04/2004,34.56305847,20.57543335,44.14625251,0,0.002399087
15/04/2004,33.96395264,21.28974304,47.68896332,9.6929636,0.003442168
16/04/2004,34.48771057,20.6002594,44.39899936,0,0.015795231
17/04/2004,36.28351746,19.98484192,38.71516031,0,0.001743436
18/04/2004,33.64524231,20.52062378,46.30238586,4.432878971,0.02206862
19/04/2004,33.35079346,20.72718201,47.67340385,4.432878971,0.001072884
20/04/2004,33.18407593,20.92798767,48.71843561,4.432878971,0.000954
21/04/2004,28.53083191,22.54190979,70.09465012,0,0.012278557
22/04/2004,33.02892456,21.28048096,50.21870682,7.100074291,0.008791685
23/04/2004,35.20946655,19.72583923,40.41576039,0,0.003173947
24/04/2004,29.7913147,21.24266968,60.2097654,0,0.002399087
25/04/2004,35.55779419,19.09964905,38.13303949,0,0.000179
26/04/2004,34.69169006,20.37500916,43.29416486,0,0.010222197
27/04/2004,33.98624573,20.91445313,46.5452397,16.19986534,0.001758337
28/04/2004,33.38561401,20.25652466,46.21950357,8.099932671,0.002250075
29/04/2004,33.39995728,20.37365112,46.51767721,24.29979897,0.01308322
30/04/2004,33.18062744,21.78818665,51.36422311,0,0.002160668
01/05/2004,33.32514343,21.93613586,51.4123403,0,0.000998
02/05/2004,34.01184998,20.34145508,44.86694663,2.728290081,0.000536
03/05/2004,34.71262512,19.44024048,40.81099972,5.456580162,0.000119
04/05/2004,33.57976685,20.9455658,47.70353004,2.728290081,0.001013279
05/05/2004,32.60485229,21.48978577,52.09270713,0,0.032514334
06/05/2004,26.85900269,23.22797546,80.55564808,23.68597031,0.027924776
07/05/2004,32.72652588,19.43139038,45.56845127,0,0.000507
08/05/2004,34.41822205,20.70400391,44.85624123,0,0.008136034
09/05/2004,33.0655304,20.38791809,47.43874229,0,0.000358
10/05/2004,33.09816895,20.92737732,48.95167739,5.921492577,0.009030104
11/05/2004,31.60642395,21.51412354,55.19598481,12.2405529,0.003561378
12/05/2004,30.88588867,21.03058777,55.8236434,6.120276451,0.018149614
13/05/2004,31.61309204,21.08738098,53.75092097,0,0.008970499
14/05/2004,29.61826477,22.51223145,65.70912086,6.120276451,0.035241246
15/05/2004,32.35291443,22.09719238,54.83302757,6.120276451,0.013753772
16/05/2004,32.33039246,19.86185608,47.85777224,0,0.000209
17/05/2004,32.02922974,21.71216736,54.54754506,0,0.008910894
18/05/2004,32.43059692,22.15609131,54.7896973,12.20189381,0.057339668
19/05/2004,32.52070007,20.67006836,49.77141548,0,0.000507
20/05/2004,26.38237915,22.57657776,79.64362239,6.100946903,0.032395124
21/05/2004,26.8852478,22.26891479,75.89012246,4.314745903,0.025853515
22/05/2004,28.33979187,23.21112976,73.80667952,4.314745903,0.054389238
23/05/2004,29.52962646,22.87461243,67.51218689,12.94423866,0.035002828
24/05/2004,31.14579163,22.41658936,59.863245,0,0.006243587
25/05/2004,30.64638672,22.53325806,62.02897112,8.629491806,0.35366416
26/05/2004,25.49472961,21.86535034,80.38134728,13.88346863,0.75186789
27/05/2004,28.80176697,21.32982788,64.08656294,0,0.001803041
28/05/2004,29.58599243,21.50596008,61.91512933,9.255644798,0.003874302
29/05/2004,30.70888672,21.81868896,59.17739632,0,0.015318394
30/05/2004,29.61416016,21.92980347,63.43617832,4.627822399,0.018313527
31/05/2004,28.84211121,21.9638916,66.46349571,13.88346863,0.004276633
01/06/2004,25.60492859,21.26645813,76.985688,12.97786427,0.016450882
02/06/2004,26.31458435,22.18129883,78.0645735,0,0.036403537
03/06/2004,26.31064758,23.20951233,83.10502785,12.97786427,0.085428357
04/06/2004,28.61898193,21.08744202,63.81296345,32.44466019,0.071555376
05/06/2004,30.21618042,20.23265991,55.21861576,0,0.001519918
06/06/2004,31.3127533,21.13424072,54.83213367,0,0.007405877
07/06/2004,28.87520752,21.7978302,65.66770152,15.03867149,0.013902783
08/06/2004,30.74471436,21.93625793,59.48169274,5.012890339,0.018149614
09/06/2004,30.10759888,21.92102966,61.63113637,15.03867149,0.206515193
10/06/2004,29.64597473,21.66066895,62.28834566,0,0.006407499
11/06/2004,30.1037384,21.66001282,60.6702416,0,0.00179559
12/06/2004,30.089151,21.52248535,60.21252653,0,0.002935529
13/06/2004,26.03078613,22.82866821,82.56581685,24.85170746,0.052586198
14/06/2004,30.71524963,20.63544617,55.01598745,8.283902168,0.002980232
15/06/2004,29.79927979,21.41921387,60.8367101,0,0.046178699
16/06/2004,24.87023315,22.46541748,86.52707027,4.440528393,0.042080879
17/06/2004,28.60604248,20.68543396,62.30186971,8.881056786,0.005826354
18/06/2004,27.7960144,21.27472839,67.71362473,4.440528393,0.011131167
19/06/2004,30.69750366,21.02544556,56.40869574,0,0.004261732
20/06/2004,29.58538208,20.59563599,58.55141989,4.440528393,0.000611
21/06/2004,28.71557007,20.98078308,63.04261227,0,0.006303191
22/06/2004,29.97182617,20.79429016,57.97049042,0,0.027731061
23/06/2004,27.84389648,21.34195862,67.80360659,4.619432926,0.014305115
24/06/2004,29.51851807,19.51792297,54.98547484,13.85829926,0.002771616
25/06/2004,28.83304749,20.29836426,60.03789336,0,0.004261732
26/06/2004,30.23267517,21.33303223,59.03080832,0,0.004678965
27/06/2004,28.64737854,20.8961731,62.96389534,0,0.020034611
28/06/2004,28.3572937,20.12780151,61.06948836,20.90023804,0.090621412
29/06/2004,30.23928223,18.00083313,47.98386797,0,0.000268
30/06/2004,30.14924011,20.49463806,56.33442982,10.45011902,0.010341406
01/07/2004,30.80223999,20.87809143,55.56730131,5.613098621,0.014275312
02/07/2004,26.46474609,21.91237793,76.11921295,11.22619724,0.029847026
03/07/2004,29.10337219,20.66570435,60.46137537,5.613098621,0.023007393
04/07/2004,28.91755066,21.11469421,62.82448192,0,0.009998679
05/07/2004,30.29599915,21.24001465,58.48285507,11.22619724,0.014141202
06/07/2004,25.57317505,22.08608398,81.09206204,12.63697338,0.042423606
07/07/2004,27.46804199,20.6965271,66.6141669,6.318486691,0.020593405
08/07/2004,27.26120911,22.86026917,76.94798785,18.95545959,0.042438507
09/07/2004,27.9993988,22.12072144,70.46535995,6.318486691,0.013381243
10/07/2004,23.86144409,22.18203125,90.34251757,12.63697338,0.036150217
11/07/2004,28.12548218,19.92627869,61.13062969,0,0.017255545
12/07/2004,29.27276001,21.28341064,62.18908712,0,0.058814883
13/07/2004,30.0834137,21.14832458,58.86732712,7.871555328,0.070855021
14/07/2004,27.34926758,22.00367126,72.67066914,0,0.030770898
15/07/2004,29.39624939,21.17910156,61.35430805,7.871555328,0.003829598
16/07/2004,28.26436768,21.40412292,66.41682982,8.507321358,0.005438924
17/07/2004,24.5655304,21.85292969,84.89029531,8.507321358,0.064313412
18/07/2004,23.89933167,21.49189148,86.41954649,8.507321358,0.079810619
19/07/2004,28.87793884,21.04960022,62.7174624,0,0.004947186
20/07/2004,27.73635254,20.39716492,64.37947417,8.507321358,0.009328127
21/07/2004,26.0105835,21.18024597,74.76264056,12.80446053,0.014647841
22/07/2004,29.43197021,20.44628296,58.52939395,0,0.018820167
23/07/2004,24.47770081,21.76769409,84.89435982,0,0.06005168
24/07/2004,26.35068665,21.48127136,74.64056654,12.80446053,0.03233552
25/07/2004,26.60656128,20.16063843,67.78771775,0,0.007942319
26/07/2004,27.02933655,20.55188904,67.74132071,0,0.003561378
27/07/2004,25.99801025,21.67629395,77.12521287,0,0.035494566
28/07/2004,27.46286926,21.62461243,70.5383249,0,0.020802021
29/07/2004,28.32969055,20.1620575,61.29716456,0,0.005692244
30/07/2004,26.90871582,21.67473755,73.08949813,22.00104713,0.020965934
31/07/2004,28.61142883,19.97477112,59.60859553,0,0.003278255
01/08/2004,29.71076355,20.06255493,56.24852157,8.718639374,0.001728535
02/08/2004,28.69701538,21.3795105,64.67294896,8.718639374,0.026836991
03/08/2004,27.9210144,20.82142029,65.3768065,8.718639374,0.040799379
04/08/2004,29.66445313,20.24437866,57.03609024,8.718639374,0.001907349
05/08/2004,28.40827332,21.84377441,67.65816474,0,0.048428774
06/08/2004,25.16465149,22.37516174,84.55811751,7.452706337,0.09816885
07/08/2004,29.32438049,20.84533081,60.3588557,0,0.003680587
08/08/2004,27.37618408,20.9000946,67.81698797,7.452706337,0.00603497
09/08/2004,26.00435791,21.89107666,78.11391672,0,0.13448298
10/08/2004,25.36557922,21.79685364,80.66214953,0,0.040918589
11/08/2004,27.16980896,20.05822144,65.16837487,0,0.009208918
12/08/2004,27.51784668,19.44954834,61.48898628,0,0.00230968
13/08/2004,28.27198181,22.1018158,69.27712403,16.34812164,0.033691525
14/08/2004,28.67350159,20.68816528,62.06924575,0,0.003099442
15/08/2004,25.39368591,20.70488892,75.31328599,0,0.006437302
16/08/2004,28.59772644,20.74266968,62.55191955,0,0.00333786
17/08/2004,27.96434937,19.61768494,60.53702873,0,0.001698732
18/08/2004,27.79068909,19.6581665,61.30669594,0,0.003114343
19/08/2004,27.97924194,20.46212158,63.72932738,0,0.00217557
20/08/2004,29.25962219,19.93816528,57.28599306,0,0.001400709
21/08/2004,23.68485413,23.00223694,95.96574911,0,0.165387988
22/08/2004,25.26108704,21.53312073,79.86695146,9.179368019,0.049039721
23/08/2004,27.6368042,21.33493958,68.59825733,0,0.010371208
24/08/2004,27.74901733,20.76662598,65.81340943,0,0.058054924
25/08/2004,25.60997925,23.41201172,87.68542564,0,0.18337369
26/08/2004,28.43343506,21.97557983,68.1047501,0,0.014141202
27/08/2004,27.27015076,22.94724426,77.31366288,9.791893959,0.017821789
28/08/2004,27.78405151,22.16349182,71.54125837,19.58378792,0.022515655
29/08/2004,28.60204468,21.03608093,63.67453402,0,0.031173229
30/08/2004,28.2047821,22.57157288,71.56303996,9.791893959,0.030010939
31/08/2004,29.33754883,20.89371643,60.49275703,9.791893959,0.003933907
01/09/2004,29.34699402,20.71405945,59.79530224,17.4395256,0.00539422
02/09/2004,26.5055481,21.52431641,74.15764462,0,0.017702579
03/09/2004,30.27710876,21.20276794,58.41255705,0,0.020727515
04/09/2004,27.58820496,20.94828186,67.18035821,0,0.020772219
05/09/2004,30.38147888,21.03751526,57.4789073,17.4395256,0.003963709
06/09/2004,26.26633606,22.18938599,78.32559435,13.59747219,0.028640032
07/09/2004,30.00852356,20.96167908,58.44701131,0,0.005587935
08/09/2004,30.40659485,20.90131531,56.91811775,6.798736095,0.011473894
09/09/2004,28.70934448,20.66140137,61.83851413,6.798736095,0.001519918
10/09/2004,30.8782135,21.20432434,56.44669895,13.59747219,0.037878752
11/09/2004,23.56066284,22.32406006,92.79026519,21.76358604,4.361957312
12/09/2004,29.86591492,20.61815796,57.69492073,0,0.011190772
13/09/2004,28.38016663,22.34046326,69.85014937,10.88179302,0.071793795
14/09/2004,29.4927002,21.41959534,61.92030415,16.32268715,0.038668513
15/09/2004,29.56388245,21.53063354,62.08759916,0,0.006273389
16/09/2004,30.00785217,22.19596252,63.03158955,13.07225704,0.020682812
17/09/2004,29.89992676,20.8787323,58.51326308,0,0.003054738
18/09/2004,27.03687439,21.7398468,72.83101683,26.14451408,0.010937452
19/09/2004,28.35132751,21.57886658,66.79256089,0,0.042438507
20/09/2004,30.15273438,22.19202576,62.49529663,0,0.050202012
21/09/2004,28.14069519,22.59560547,71.93505159,14.7413044,0.048488379
22/09/2004,28.2061554,21.88393555,68.62519695,11.05597878,0.014036894
23/09/2004,28.35309753,20.68099365,63.20559655,5.527989388,0.006347895
24/09/2004,27.4894043,21.94712219,71.82948395,11.05597878,0.015676022
25/09/2004,29.37459717,22.00382385,64.60811875,0,0.022441149
26/09/2004,29.98642883,21.8121582,61.64992907,11.27661228,0.012904406
27/09/2004,30.42791138,21.06574402,57.42593763,22.55322456,0.002712011
28/09/2004,30.88022766,22.15471802,59.81483448,0,0.006645918
29/09/2004,28.61220703,21.88704834,67.03934779,11.27661228,0.034183264
30/09/2004,29.81586609,21.56994019,61.34192838,11.27661228,0.011533499
01/10/2004,29.37154541,21.69721375,63.42169532,0,0.021904707
02/10/2004,29.95377502,21.59612427,60.9557221,0,0.003561378
03/10/2004,30.74216614,20.92499695,55.91899605,16.1582222,0.025123358
04/10/2004,25.5394989,22.72173462,84.4539217,32.3164444,0.043064356
05/10/2004,30.66825256,21.35468445,57.65552969,0,0.009715557
06/10/2004,32.42369995,21.29897461,52.015302,4.325545788,0.0038445
07/10/2004,32.41439209,20.04735718,48.18207188,4.325545788,0.001400709
08/10/2004,30.13997803,22.04247437,61.97400463,8.651091576,0.003233552
09/10/2004,30.37438354,21.53595886,59.28596887,4.325545788,0.003412366
10/10/2004,28.94962463,22.44786987,68.02582079,0,0.031352043
11/10/2004,29.92559204,22.90722046,66.12348528,0,0.24522841
12/10/2004,31.27662048,19.60184631,49.98582053,0,0.001311302
13/10/2004,31.85727844,19.4805542,48.00407957,5.806639671,0.002205372
14/10/2004,31.65036926,21.32657776,54.43011284,11.61327934,0.037640333
15/10/2004,29.90899048,21.9139801,62.31039555,11.61327934,0.003099442
16/10/2004,32.25643311,20.19887695,49.07066684,9.012453079,0.000253
17/10/2004,33.0818573,18.82312927,43.00689637,4.50622654,0.002786517
18/10/2004,33.97138367,16.51838074,35.38780286,0,0.000149
19/10/2004,33.31626282,17.97527466,40.24910148,0,0.000149
20/10/2004,32.6569458,18.78074036,43.92874629,4.50622654,0.001206994
21/10/2004,31.29271851,20.58423767,53.06905078,0,0.006988645
22/10/2004,31.03571472,19.8514801,51.46615238,6.123999596,0.000194
23/10/2004,32.92296753,17.35068665,39.55740405,0,0.000507
24/10/2004,31.15575562,20.03843079,51.71112358,12.24799919,0.000715
25/10/2004,30.34047852,20.70192871,56.43724794,0,0.002890825
26/10/2004,33.14808044,18.67131958,42.44289153,3.859523058,0.000164
27/10/2004,33.04354248,19.31395874,44.4388272,3.859523058,0.005096197
28/10/2004,34.22844849,18.70148621,40.03498347,0,0.000641
29/10/2004,30.61048279,20.73739014,55.69444471,3.859523058,0.022903085
30/10/2004,29.08350525,20.7060791,60.68145119,3.859523058,0.00244379
31/10/2004,31.81057129,20.09299622,49.99402464,3.859523058,0.000849
01/11/2004,32.47817383,20.28974304,48.73412049,0,0.002563
02/11/2004,31.73143921,20.89811096,52.77461804,0,0.001072884
03/11/2004,30.58304749,19.76629028,52.5334701,0,0.001549721
04/11/2004,31.95430908,20.15732727,49.7869212,0,0.000477
05/11/2004,32.95760498,18.4092041,42.20032689,0,0.001221895
06/11/2004,33.84964905,18.32692871,39.94016379,2.717451811,0.000119
07/11/2004,33.72246704,17.89701233,39.15260645,0,0.000417
08/11/2004,33.21264038,19.07221375,43.36178719,0,0.000775
09/11/2004,33.9624115,16.70450745,35.8268725,0,0.000209
10/11/2004,34.87433777,15.20372925,30.94415087,0,0.000149
11/11/2004,34.02530823,16.78809509,35.89161717,0,0.000179
12/11/2004,32.40503845,19.73088989,47.27146499,0,0.001236796
13/11/2004,33.20855103,19.84227905,45.49846876,0.694210172,0.004708767
14/11/2004,34.28664551,19.2426239,41.27622708,0,0.000201
15/11/2004,34.21448669,17.76331482,37.77501381,0.347105086,0.000417
16/11/2004,34.68023071,16.62456665,34.25203251,0,0.000179
17/11/2004,35.42672119,16.12330017,31.83542669,0,0.000164
18/11/2004,35.18564758,15.68712769,31.37443615,0,0.000209
19/11/2004,33.95374451,16.70072327,35.83555601,0,0.000864
20/11/2004,32.67516479,17.55863342,40.64209045,0,0.000641
21/11/2004,35.95154724,12.35019836,24.22326259,0,0.000104
22/11/2004,35.63271484,9.084802246,19.8315263,0,0.0000745
23/11/2004,34.57201538,13.63289795,28.4266609,0,0.000119
24/11/2004,33.32201538,15.95536194,35.4003935,0,0.000641
25/11/2004,31.9731842,18.06917725,43.66405713,0,0.000522
26/11/2004,34.94873962,14.14414368,28.77984373,0,0.000298
27/11/2004,35.37626038,7.651101685,18.24772894,0,0.0000596
28/11/2004,35.05899963,9.031396484,20.39512739,0,0.000119
29/11/2004,35.36080322,6.789910889,17.21643337,0,0.000104
30/11/2004,35.3121582,9.211251831,20.35773822,0,0.000134
01/12/2004,36.09917603,8.024362183,17.9889138,0,0.0000596
02/12/2004,36.06391296,4.348916626,13.97970893,0,0.0000596
03/12/2004,35.81968079,8.881234741,19.36059958,0,0.0000596
04/12/2004,35.57749329,9.339440918,20.23642501,0,0.0000745
05/12/2004,36.03980408,5.155450439,14.81061805,0,0.0000596
06/12/2004,35.89519653,8.942315674,19.36024472,0,0.000104
07/12/2004,35.51438293,9.763589478,20.89446179,0,0.0000671
08/12/2004,35.02150879,11.83506165,24.64543241,0,0.0000596
09/12/2004,35.08658752,10.30765686,22.18739383,0,0.0000745
10/12/2004,35.53305969,10.99024353,22.6555497,0,0.0000745
11/12/2004,35.58054504,10.85976563,22.4011583,0,0.0000894
12/12/2004,36.03458557,11.81000671,23.26988476,0,0.000104
13/12/2004,35.63599548,13.56443176,26.68516957,0,0.000149
14/12/2004,35.66588745,13.10170898,25.84909703,0,0.0000894
15/12/2004,35.16806946,12.0225769,24.75106302,0,0.000268
16/12/2004,35.83303223,11.60967407,23.21928925,0,0.000238
17/12/2004,36.45929871,11.10892639,21.70340727,0,0.000104
18/12/2004,35.8073822,8.785150146,19.24816837,0,0.0000745
19/12/2004,35.99698792,8.357476807,18.50447857,0,0.0000894
20/12/2004,35.91155396,7.805780029,17.90629118,0,0.0000745
21/12/2004,35.8401123,10.22051392,21.16165307,0,0.0000745
22/12/2004,35.59046326,11.64025269,23.57868027,0,0.0000894
23/12/2004,35.50969849,10.83800659,22.45615299,3.854897022,0.000209
24/12/2004,36.58381042,6.944192505,16.27049299,0,0.000134
25/12/2004,35.88619385,10.66950378,21.75054553,0,0.0000745
26/12/2004,34.98088989,13.13259277,26.89833995,3.524455786,0.000104
27/12/2004,36.08152161,11.23577271,22.34440135,0,0.0000745
28/12/2004,36.15354309,12.74506531,24.58553151,0,0.0000596
29/12/2004,36.47199402,9.021279907,18.85828442,0,0.0000745
30/12/2004,35.03629456,13.00988159,26.6018322,0,0.000387
31/12/2004,33.8124176,15.64443359,33.76548359,0,0.000328
01/01/2005,36.24555359,5.095376587,14.58331696,0,0.0000894
02/01/2005,35.81810913,0.58449707,10.83441141,0,0.0000596
03/01/2005,36.31922302,3.760110474,13.22613015,0,0.0000596
04/01/2005,35.59674988,11.87339172,23.9363943,0,0.0000596
05/01/2005,35.72786865,7.101617432,17.23721117,0,0.0000596
06/01/2005,34.35784302,1.754830933,12.7780156,0,0.0000596
07/01/2005,33.00835571,-0.879888916,11.38153583,0,0.0000596
08/01/2005,31.4735199,-0.967565918,12.33128137,0,0.0000596
09/01/2005,31.33266602,-1.577566528,11.88479686,0,0.0000596
10/01/2005,33.14029846,0.556573486,12.54447886,0,0.0000596
11/01/2005,33.51233826,1.305169678,12.96843665,0,0.0000596
12/01/2005,33.40441284,1.573983765,13.3015421,0,0.0000596
13/01/2005,34.60973511,1.400094604,12.2837117,0,0.0000596
14/01/2005,35.07709656,1.213327026,11.81026494,0,0.0000596
15/01/2005,35.54596863,1.170877075,11.47366933,0,0.0000596
16/01/2005,35.70939026,0.630273438,10.93553076,0,0.0000596
17/01/2005,35.96038208,0.42611084,10.62741457,0,0.0000596
18/01/2005,35.60778198,-0.462759399,10.15650159,0,0.0000596
19/01/2005,35.34589539,-0.039053345,10.62744246,0,0.0000596
20/01/2005,36.29113159,3.299172974,12.82200286,0,0.0000596
21/01/2005,36.08475647,0.010171509,10.24099447,0,0.0000596
22/01/2005,35.84752808,0.766549683,10.96036246,0,0.0000447
23/01/2005,33.73282776,14.10895691,30.72035137,0,0.0000745
24/01/2005,36.60312805,4.806680298,14.01543899,0,0.0000447
25/01/2005,36.94335327,8.313775635,17.5192171,0,0.0000894
26/01/2005,37.52446899,0.86385498,10.07209987,0,0.0000447
27/01/2005,36.23006592,14.71499023,27.82900967,0,0.0000745
28/01/2005,36.19269714,14.57937012,27.64293956,0,0.0000447
29/01/2005,37.18822632,13.15575562,23.86805882,0,0.000104
30/01/2005,36.21972046,13.35254822,25.48918803,0,0.000134
31/01/2005,37.91446838,5.062249756,13.28609024,4.29404974,0.000142
01/02/2005,38.32914124,-0.277502441,8.876212516,0,0.0000671
02/02/2005,36.3081604,13.56911621,25.72660774,0,0.000164
03/02/2005,37.45520935,12.01743469,21.83085942,0,0.0000447
04/02/2005,37.20162354,13.16195068,23.860328,0,0.0000447
05/02/2005,38.02955017,13.87017212,23.89001491,0,0.0000596
06/02/2005,37.21155701,16.16758118,28.95386263,4.518243313,0.003516674
07/02/2005,35.95118103,16.7897583,32.27053294,0,0.000283
08/02/2005,34.9457489,18.24776611,37.39604017,0,0.006198883
09/02/2005,34.58101807,18.75245056,39.38431737,1.129560828,0.014722347
10/02/2005,36.52616272,17.20861206,32.11122985,0,0.000209
11/02/2005,37.26415405,15.54648743,27.74699446,0,0.0000745
12/02/2005,38.55462036,10.74086914,18.90224885,0,0.0000745
13/02/2005,38.18622742,0.184152222,9.250701251,0,0.0000522
14/02/2005,36.99668274,8.355325317,17.51775917,0,0.0000671
15/02/2005,38.53914795,3.234567261,11.2967075,0,0.0000596
16/02/2005,39.3837677,7.25196228,14.28266839,0,0.0000447
17/02/2005,37.70639954,15.27115784,26.61449116,0,0.0000969
18/02/2005,37.00763855,17.1945282,31.25080714,0,0.000171
19/02/2005,37.61377869,18.18599854,32.1880991,1.804216504,0.000849
20/02/2005,36.88819275,19.50696716,36.36315281,0,0.009417534
21/02/2005,36.67569885,19.12645874,35.92625178,0,0.006705523
22/02/2005,38.31908569,13.82238159,23.44645512,0,0.000104
23/02/2005,40.00281677,11.53421936,18.437231,0,0.0000894
24/02/2005,38.33429871,16.55146179,27.92001383,0,0.0000671
25/02/2005,36.17946777,18.78533325,36.13713181,4.494916439,0.003360212
26/02/2005,36.81490479,17.37301025,31.93923896,4.866168022,0.000887
27/02/2005,37.49265442,15.46898804,27.2688896,0,0.000164
28/02/2005,36.87737427,16.47055969,30.06024289,0,0.0000745
01/03/2005,36.66698608,17.29999695,32.04985178,3.476783752,0.0000894
02/03/2005,37.53992615,17.44475708,30.84356815,0,0.00082
03/03/2005,37.01279602,17.89853821,32.66119773,0,0.000104
04/03/2005,38.22782288,14.41185913,24.48014484,3.476783752,0.0000447
05/03/2005,38.70101318,16.23482666,26.82748663,0,0.0000745
06/03/2005,37.74056396,18.16761169,31.93078423,0,0.000477
07/03/2005,37.59998474,18.63909302,33.1400319,12.48600292,0.000268
08/03/2005,39.3207489,17.39154968,27.92641396,0,0.002563
09/03/2005,37.22191772,18.90490112,34.39410918,6.243001461,0.004276633
10/03/2005,36.02318726,20.2321106,39.87671263,0,0.003561378
11/03/2005,35.95505676,19.65593872,38.62302812,0,0.008672476
12/03/2005,35.61486206,18.75625,37.20729369,7.334589958,0.033378601
13/03/2005,33.03469238,19.22854004,44.22508256,0,0.000253
14/03/2005,35.09433899,18.7058197,38.16988732,6.417766094,0.007197261
15/03/2005,38.11564026,13.16497192,22.71142941,6.417766094,0.000104
16/03/2005,37.73047791,15.59269104,27.13382324,0,0.000134
17/03/2005,36.84591064,18.50470886,34.23799922,3.791580915,0.001490116
18/03/2005,36.37282715,19.09902344,36.4635182,7.583161831,0.000894
19/03/2005,37.62429199,16.3868042,28.71050758,0,0.000834
20/03/2005,35.87484131,18.98087463,37.19751175,0,0.001147389
21/03/2005,28.56166992,21.89914856,67.28568105,2.713380337,0.007331371
22/03/2005,36.46636353,16.92446289,31.64174332,2.713380337,0.0000745
23/03/2005,31.9343811,19.70289001,48.45970535,0,0.001102686
24/03/2005,36.88857422,13.67460022,25.09541427,0,0.0000447
25/03/2005,37.78838501,10.8411499,19.83283405,0,0.0000596
26/03/2005,37.26598511,13.68526611,24.60215261,0,0.0000745
27/03/2005,37.43299255,13.37206421,23.88759206,0,0.000164
28/03/2005,38.0863739,11.54003296,20.44223795,0,0.0000745
29/03/2005,38.77933655,10.89528809,18.86801402,0,0.0000447
30/03/2005,37.81990967,13.54413757,23.65549623,0,0.0000745
31/03/2005,37.33843384,15.87252197,28.21809198,5.213565826,0.001728535
01/04/2005,37.84742126,16.02169189,27.71271687,3.792294741,0.000119
02/04/2005,37.73696289,14.96018372,26.04426189,0,0.000119
03/04/2005,38.47663269,15.11779175,25.27905746,0,0.0000894
04/04/2005,39.12749634,13.41443787,21.86050043,0,0.000149
05/04/2005,37.65888367,16.71558533,29.26221498,0,0.000298
06/04/2005,38.46203003,17.34986267,29.16802147,0,0.000358
07/04/2005,36.05475769,18.45458374,35.63975653,0,0.000551
08/04/2005,36.95105896,17.21006165,31.37810152,0,0.000462
09/04/2005,36.77303467,18.16326294,33.64613331,0,0.000417
10/04/2005,37.99251709,13.7651001,23.77499605,0,0.000149
11/04/2005,38.22390137,13.69895325,23.37883206,0,0.0000894
12/04/2005,38.36741028,13.4938446,22.89078748,6.49781847,0.0000894
13/04/2005,37.27131042,16.81131897,30.06657309,3.248909235,0.000149
14/04/2005,36.32753906,20.18474731,39.10255781,6.49781847,0.003993511
15/04/2005,34.85415039,21.08635864,44.82693418,9.746727943,0.002592802
16/04/2005,34.92130432,19.61345825,40.77888809,0,0.000566
17/04/2005,35.85331116,19.0984436,37.51559921,0,0.000402
18/04/2005,32.73812256,21.42765198,51.50754993,0,0.002831221
19/04/2005,35.13837585,20.81925354,43.40986041,3.916135788,0.009864569
20/04/2005,34.48853455,20.55028687,44.26045276,10.27985668,0.013947487
21/04/2005,29.4241272,22.56202087,66.64868057,12.29590893,0.007644296
22/04/2005,27.8862854,22.91968689,74.45640013,6.147954464,0.021904707
23/04/2005,33.04708252,21.37828979,50.46913397,0,0.001043081
24/04/2005,33.75187073,20.50075684,45.97134976,9.221930504,0.000894
25/04/2005,35.35878906,19.7783905,40.21512652,0,0.001043081
26/04/2005,35.63031921,19.76975403,39.59703932,6.183568478,0.001117587
27/04/2005,36.07772217,19.78179321,38.66469906,0,0.001192093
28/04/2005,31.4351593,23.21235046,61.79510044,0,0.004634261
29/04/2005,26.98037109,23.97857056,83.68109252,6.183568478,0.019535422
30/04/2005,30.96801147,20.91660461,55.17537963,0,0.001907349
01/05/2005,33.74555359,20.78330383,46.79490165,0,0.003471971
02/05/2005,33.54865417,21.01804504,47.99975576,0,0.002011657
03/05/2005,34.36171875,19.94350586,42.9330067,4.720522404,0.020727515
04/05/2005,28.70658264,22.0675293,67.41141561,14.16156864,0.437900424
05/05/2005,24.94481812,23.00010071,88.98055992,23.60261154,0.722408295
06/05/2005,28.9969574,22.01305542,66.06875018,0,0.284180045
07/05/2005,27.41100464,22.12319336,72.93785696,4.124996662,0.021219254
08/05/2005,27.91513977,22.15973816,70.98044623,8.249993324,0.010937452
09/05/2005,30.62282715,21.14502869,57.0669995,0,0.000954
10/05/2005,29.36676941,22.35546265,66.03563175,0,0.011786819
11/05/2005,32.41091309,21.02799377,51.19462162,0,0.001385808
12/05/2005,32.92427979,20.90569458,49.36560073,0,0.000149
13/05/2005,32.62827454,21.95565186,53.52578831,0,0.00166893
14/05/2005,32.90081177,21.17418823,50.25238614,4.275624752,0.000656
15/05/2005,33.58658752,21.19889221,48.43274832,12.82687378,0.000715
16/05/2005,32.99666748,21.19902954,50.05903206,3.483668089,0.000834
17/05/2005,34.13106689,19.64284668,42.68375675,0,0.000626
18/05/2005,34.68726501,19.34781799,40.63412185,6.967336178,0.000507
19/05/2005,34.12166748,19.4956604,42.31744762,0,0.000671
20/05/2005,34.84581909,19.56574402,40.82836654,0,0.001624227
21/05/2005,35.49222717,19.58735046,39.45007154,2.646315813,0.003129244
22/05/2005,31.05762634,21.59874878,57.23882261,2.646315813,0.004187226
23/05/2005,32.49425659,21.28522644,51.7653937,2.646315813,0.001341105
24/05/2005,34.24295959,20.80228577,45.56983027,2.646315813,0.005990267
25/05/2005,34.53447876,19.61373291,41.66262601,2.646315813,0.002577901
26/05/2005,27.07096252,22.14885864,74.52119039,6.330667496,0.024646521
27/05/2005,25.62101135,22.85547791,84.73041964,0,0.036180019
28/05/2005,33.17783508,19.33649597,44.16751278,3.165333748,0.000477
29/05/2005,30.99474487,21.02303467,55.45287706,0,0.002816319
30/05/2005,27.46863708,22.62955627,74.96431074,9.496001244,0.025391579
31/05/2005,25.52277527,21.99924622,80.90563647,0,0.017181039
01/06/2005,31.92870483,20.39721069,50.6033275,0,0.000566
02/06/2005,31.93364868,20.73790894,51.66266012,15.59717369,0.004783273
03/06/2005,27.76311646,22.15665588,71.59886488,7.798586845,0.057399273
04/06/2005,30.39936218,21.87793884,60.45114465,0,0.068992376
05/06/2005,30.29198608,22.15258179,61.85026758,7.798586845,0.05094707
06/06/2005,26.72194824,23.45169983,82.31045371,7.891844273,0.03990531
07/06/2005,31.47373352,22.22860107,58.09072162,0,0.057369471
08/06/2005,29.4109436,21.52402649,62.61144354,15.78368855,0.007033348
09/06/2005,28.03955994,22.93009338,73.84117345,0,0.017747283
10/06/2005,30.58394775,22.89922485,63.64686259,0,0.045493245
11/06/2005,25.95195923,22.64612732,82.03882954,20.14536095,0.532418489
12/06/2005,27.27698669,21.79818115,72.06970788,0,0.147029757
13/06/2005,27.71087036,22.72026978,74.31885223,0,0.022143126
14/06/2005,30.16045532,22.10485229,62.13700338,0,0.005826354
15/06/2005,29.86391602,22.66460571,65.3897714,13.43024158,0.061005354
16/06/2005,29.8620697,20.92995605,58.82550392,5.124890804,0.002965331
17/06/2005,30.15932617,20.80748901,57.39727182,5.124890804,0.021323562
18/06/2005,25.48386536,22.54876099,83.84882446,5.124890804,0.039607286
19/06/2005,28.86713562,20.99518738,62.54730346,0,0.006839633
20/06/2005,29.731073,21.06577454,59.76638277,0,0.011399388
21/06/2005,29.92769775,21.84906921,61.99753162,0,0.004291534
22/06/2005,26.44378052,22.94715271,81.15806382,8.507969856,0.066459179
23/06/2005,30.12508545,21.26879272,59.16236647,8.507969856,0.002324581
24/06/2005,29.05333862,21.84891663,65.19797444,8.507969856,0.013709068
25/06/2005,25.86954651,21.49427185,76.85326264,8.507969856,0.062853098
26/06/2005,24.46320496,22.37429199,88.16653991,8.535603523,0.081241131
27/06/2005,26.67810974,19.72867737,65.72116052,0,0.000626
28/06/2005,29.63436279,20.88837585,59.44818321,4.267801762,0.016316772
29/06/2005,28.81279907,22.19867859,67.53531604,0,0.025898218
30/06/2005,27.53759155,21.88642273,71.36281004,0,0.035107136
01/07/2005,29.51560364,20.27480469,57.63487279,11.43108368,0.002533197
02/07/2005,24.22576294,21.74706421,86.0758681,5.71554184,0.10921061
03/07/2005,27.10061035,21.14927063,69.98306851,0,0.04196167
04/07/2005,29.79464111,20.4639679,57.38354885,5.71554184,0.002965331
05/07/2005,24.99230347,22.05297241,83.77153988,11.43108368,0.052809715
06/07/2005,23.23964844,21.92524109,92.33406681,7.572535515,7.829740644
07/07/2005,26.71434937,20.0437561,66.87408422,0,0.00141561
08/07/2005,27.67952881,21.0029541,67.04792414,3.786267757,0.012457371
09/07/2005,24.12523804,21.22339783,83.86507644,7.572535515,0.144809484
10/07/2005,23.92385254,23.24205933,95.97776091,0,0.13551116
11/07/2005,29.56688843,20.53075562,58.37984516,2.894464254,0.011593103
12/07/2005,28.55768738,21.93082581,67.43137458,2.894464254,0.015899539
13/07/2005,23.46376953,22.02352295,91.64162207,5.788928509,0.079244375
14/07/2005,26.27066956,21.02849731,72.94067952,2.894464254,0.036939979
15/07/2005,29.66158447,21.27254639,60.77158629,2.894464254,0.017121434
16/07/2005,30.49179993,21.82431946,59.93611113,15.73300838,0.222787261
17/07/2005,28.05724487,22.16958008,70.43769119,0,0.173538923
18/07/2005,27.91315613,21.77396545,69.33851488,5.993527889,0.017479062
19/07/2005,27.95165405,21.65767822,68.69348436,10.48867226,0.01552701
20/07/2005,27.41965637,22.27778015,73.5900319,0,0.063642859
21/07/2005,29.3442627,22.22738037,65.60830924,6.253493309,0.020995736
22/07/2005,29.53566895,21.32801208,61.42183327,6.253493309,0.011235476
23/07/2005,28.91054688,22.12209473,66.84214991,6.253493309,0.019535422
24/07/2005,29.22406921,21.82315979,64.45713019,12.50698662,0.00603497
25/07/2005,28.72496948,21.14901123,63.66243594,6.253493309,0.003129244
26/07/2005,28.46408997,21.190271,64.79625397,22.0328598,0.009790063
27/07/2005,29.98316345,21.83007202,61.72893472,0,0.036269426
28/07/2005,29.26339111,21.53496704,63.1885268,0,0.006809831
29/07/2005,27.92341003,20.02637634,62.23852385,0,0.008434057
30/07/2005,28.2875,20.59060059,63.09459316,0,0.008538365
31/07/2005,29.40107117,18.57265625,52.18949907,0,0.001877546
01/08/2005,29.18140564,18.38526306,52.23795662,0,0.000238
02/08/2005,29.29119263,19.7008606,56.34677529,0,0.001490116
03/08/2005,28.85630188,20.17858276,59.51506092,0,0.005602837
04/08/2005,26.95412598,21.71282349,73.0647556,9.576820374,0.01321733
05/08/2005,29.54198608,19.82740173,55.97609339,0,0.001251698
06/08/2005,28.57015381,19.8935791,59.45167512,0,0.001206994
07/08/2005,26.2676178,20.7521759,71.72498967,0,0.021442771
08/08/2005,27.62542114,19.64467773,61.84899716,0,0.004529953
09/08/2005,27.51772461,19.6609436,62.30218712,0,0.002607703
10/08/2005,29.56722412,20.53005371,58.37619138,0,0.016406178
11/08/2005,28.25301514,20.88759766,64.38744753,0,0.006407499
12/08/2005,28.1415802,20.79132996,64.42339882,0,0.013396144
13/08/2005,28.83260498,20.34060059,60.19622186,0,0.005424023
14/08/2005,28.64283142,19.75644836,58.70066343,0,0.002071261
15/08/2005,27.46630249,19.90413818,63.43920467,0,0.010251999
16/08/2005,25.61461792,20.09832153,71.60148146,0,0.016406178
17/08/2005,28.91716919,20.58558044,60.8145211,0,0.003382564
18/08/2005,28.3180481,18.03994141,53.73796651,0,0.000909
19/08/2005,27.84316406,19.13295898,59.15518786,0,0.001013279
20/08/2005,27.06580505,21.04651794,69.68514968,0,0.02643466
21/08/2005,28.17795715,18.9999939,57.53429867,0,0.001579523
22/08/2005,29.39426575,19.5647522,55.54170565,5.221908569,0.002354383
23/08/2005,29.61872253,20.75673828,59.02185378,0,0.010594726
24/08/2005,26.32639465,20.83695374,71.85054868,0,0.016480684
25/08/2005,28.35737,20.23267517,61.46640895,10.44381714,0.004947186
26/08/2005,25.96978149,21.81607971,77.91636622,0,0.022262335
27/08/2005,29.58867798,19.822229,55.80799726,0,0.003382564
28/08/2005,30.54360352,20.82177124,56.19860095,21.71144676,0.048041344
29/08/2005,25.25940857,21.38843689,79.17071108,21.71144676,0.068306923
30/08/2005,30.14246521,21.36495361,59.45275333,0,0.005841255
31/08/2005,29.63491211,20.91011963,59.52581659,10.85572338,0.080108643
01/09/2005,24.85622559,22.86689148,88.73352672,14.49438858,0.193983316
02/09/2005,28.93493042,21.43424377,64.00277431,0,0.030040741
03/09/2005,27.55143127,20.89084778,67.08758466,0,0.007346272
04/09/2005,28.98342285,21.94516907,65.84737944,14.49438858,0.061109662
05/09/2005,27.86528931,21.59966431,68.7956346,7.24719429,0.027194619
06/09/2005,28.66481934,20.90711365,62.94261897,7.195086479,0.011831522
07/09/2005,27.51609192,21.68905029,70.59669222,7.195086479,0.017464161
08/09/2005,29.85112915,20.67138062,57.93352893,14.39017296,0.004500151
09/09/2005,30.09006653,22.49967346,63.90414502,7.195086479,0.074535608
10/09/2005,28.96587524,22.19155273,66.91100507,7.195086479,0.005707145
11/09/2005,30.50774536,21.30474243,58.00865826,0,0.005275011
12/09/2005,30.37767944,20.32157288,55.01190352,0,0.002667308
13/09/2005,29.61303101,21.78981934,62.90073184,14.99375153,0.00436604
14/09/2005,29.76845703,21.82457886,62.47359876,14.99375153,0.009149313
15/09/2005,30.7366272,21.53211365,58.05820532,7.496875763,0.001594424
16/09/2005,29.92081604,21.22153625,59.68632088,0,0.002503395
17/09/2005,31.46376953,20.14840088,51.16114272,0,0.000611
18/09/2005,31.71627197,20.73780212,52.30167641,10.58487988,0.001296401
19/09/2005,31.18216858,21.37302551,56.05511991,10.58487988,0.004202127
20/09/2005,26.10958252,23.1271759,83.67986179,21.16975975,0.115886331
21/09/2005,26.68831787,21.26598511,72.21287511,13.20870018,0.028148293
22/09/2005,30.29026184,21.11062012,58.03955634,6.60435009,0.003814697
23/09/2005,30.00278625,22.39560852,63.82006303,13.20870018,0.012367964
24/09/2005,24.17637024,22.23941956,88.9612271,13.20870018,0.129535794
25/09/2005,29.06182251,20.80848083,61.14158409,0,0.05556643
26/09/2005,24.51766357,22.78881226,90.1183471,7.036067486,3.127381206
27/09/2005,29.650354,20.76223145,58.9344931,14.07213497,0.011608005
28/09/2005,30.50907288,21.71019897,59.46118895,0,0.051170588
29/09/2005,29.33854065,22.3567749,66.1484359,7.036067486,0.010997057
30/09/2005,29.91533813,21.36956177,60.24917449,14.07213497,0.012949109
01/10/2005,29.39826355,21.751474,63.53435112,9.818016052,0.018671155
02/10/2005,29.1381012,21.29007874,62.69978787,0,0.006109476
03/10/2005,27.18988953,21.66936646,71.87057591,3.740196705,0.009864569
04/10/2005,24.46798096,22.2763916,87.61827888,0,0.06043911
05/10/2005,26.71198425,22.20513306,76.36973215,6.545344353,0.004932284
06/10/2005,26.23793945,23.33666382,84.1052384,7.856100559,0.487983227
07/10/2005,29.88816223,22.00522766,62.73297714,0,0.048056245
08/10/2005,29.23659668,21.61081848,63.58049942,0,0.005811453
09/10/2005,28.71820984,22.87238464,70.74069318,7.856100559,0.42681396
10/10/2005,28.32145081,21.18300781,65.3059431,15.71220112,0.006005168
11/10/2005,29.53281555,21.48069153,62.00893929,7.718421459,0.001117587
12/10/2005,31.40986023,20.95365295,53.92931118,0,0.002399087
13/10/2005,31.41097412,21.60553894,56.12414827,0,0.000596
14/10/2005,31.4430481,20.84436951,53.46743532,0,0.000671
15/10/2005,31.042276,20.75026855,54.38338859,7.718421459,0.000268
16/10/2005,31.36028442,20.81757507,53.63074665,6.727344036,0.001162291
17/10/2005,30.55948792,20.53899536,55.17842881,0,0.003814697
18/10/2005,31.58207092,20.54078064,52.06515819,3.363672018,0.006496906
19/10/2005,26.51473389,23.54979858,83.81405069,0,0.055074692
20/10/2005,29.23809204,22.18863831,65.85575919,6.727344036,0.057369471
21/10/2005,29.23401794,21.976297,65.02472564,4.155317307,0.047162175
22/10/2005,31.86843262,18.34966431,44.70365721,0,0.000805
23/10/2005,32.63645325,14.92041931,34.42500854,0,0.000104
24/10/2005,33.2028595,14.53731689,32.53369146,4.155317307,0.000224
25/10/2005,28.02959595,20.8278595,64.99044058,0,0.0000894
26/10/2005,31.56542358,18.38860474,45.58849924,0,0.000149
27/10/2005,32.63071594,16.24595032,37.48916671,0,0.0000745
28/10/2005,32.69550476,16.97553406,39.12595113,0,0.000104
29/10/2005,32.97219238,17.79099426,40.55946023,0,0.000119
30/10/2005,34.11371765,15.23572693,32.34427987,4.476115227,0.0000894
31/10/2005,32.72016296,17.04499207,39.24410266,4.476115227,0.000283
01/11/2005,29.50975952,21.39754639,61.77606084,1.741657495,0.024065375
02/11/2005,32.62075195,18.31296692,42.7478173,1.741657495,0.0012815
03/11/2005,32.90915833,18.59822998,42.81914375,0,0.003114343
04/11/2005,32.09023438,16.93982849,40.39177369,3.047900677,0.00079
05/11/2005,31.19928894,20.08062134,51.7181251,0,0.001475215
06/11/2005,33.56559143,13.96253357,30.71532446,0,0.0000447
07/11/2005,34.37404785,7.596902466,19.21674236,0,0.0000894
08/11/2005,34.85646973,9.885919189,21.84576351,0,0.0000745
09/11/2005,34.81818542,12.39299927,25.85728957,0,0.0000596
10/11/2005,34.71659241,10.56556091,23.03950482,0,0.0000596
11/11/2005,34.52279053,4.23923645,15.10313399,0,0.000194
12/11/2005,34.33490906,11.39269409,24.86273892,0,0.000298
13/11/2005,35.12636719,11.03809509,23.24311825,0,0.0000447
14/11/2005,35.72287903,9.45949707,20.23818337,0,0.0000596
15/11/2005,35.33709106,6.739007568,17.17868725,0,0.0000447
16/11/2005,34.70723877,11.1476532,23.96191879,0,0.000462
17/11/2005,35.32805786,7.722009277,18.38508326,0,0.000149
18/11/2005,35.10479126,12.9931427,26.47236228,0,0.0000894
19/11/2005,35.8059021,10.9972168,22.32845963,0,0.0000596
20/11/2005,35.94031677,11.58652649,23.04758134,0,0.000119
21/11/2005,36.07738647,9.991342163,20.5698117,0,0.000149
22/11/2005,35.84142456,10.91860352,22.16874083,0,0.000149
23/11/2005,36.1663147,9.83109436,20.25099041,0,0.000268
24/11/2005,36.57677612,10.11252747,20.17828984,0,0.0000745
25/11/2005,35.04848633,13.65316162,27.72333762,0,0.0000894
26/11/2005,35.39692078,13.54094849,26.99745064,0,0.000134
27/11/2005,35.84455261,12.22011719,24.15835758,0,0.000119
28/11/2005,36.77701721,10.70749817,20.76797718,0,0.0000894
29/11/2005,36.90892944,9.313287354,18.78013431,0,0.000119
30/11/2005,35.98882446,11.35704956,22.63964913,0,0.000313
01/12/2005,35.88625488,10.05135498,20.87043447,0,0.000119
02/12/2005,35.75989685,10.90654907,22.2504246,1.594605565,0.0000745
03/12/2005,35.64223633,12.0724884,24.19215948,0,0.0000894
04/12/2005,36.39110718,9.197915649,19.16907801,0,0.0000745
05/12/2005,36.00882874,8.930108643,19.22400579,0,0.0000596
06/12/2005,35.22519836,8.849465942,19.96185712,1.984565377,0.000134
07/12/2005,35.79500732,9.426263428,20.11306432,0,0.0000447
08/12/2005,36.22770081,8.707543945,18.71085255,0,0.0000447
09/12/2005,35.86843262,10.6045166,21.67764953,0,0.000104
10/12/2005,33.86878357,14.80011902,31.88178845,0,0.000313
11/12/2005,32.9318634,18.37642822,42.17459134,4.140226364,0.006362796
12/12/2005,35.02242432,12.50724182,25.75949992,0,0.0000745
13/12/2005,36.28893433,8.596643066,18.50863106,0,0.0000596
14/12/2005,36.10540161,8.046456909,18.00984814,0,0.0000596
15/12/2005,36.70855103,4.906793213,14.03282926,0,0.0000596
16/12/2005,36.77562866,7.088082886,16.26084383,0,0.0000596
17/12/2005,36.10961304,12.28582153,23.91267424,0,0.0000596
18/12/2005,37.14003906,7.033944702,15.88205266,0,0.0000447
19/12/2005,36.55237732,5.283898926,14.53023842,0,0.0000596
20/12/2005,36.15474854,5.195397949,14.75861051,0,0.000104
21/12/2005,36.31318054,6.677606201,16.21309738,0,0.0000745
22/12/2005,36.637323,6.997064209,16.28202271,0,0.000104
23/12/2005,36.05594788,4.045709229,13.6909848,0,0.0000596
24/12/2005,35.06575928,4.869622803,15.31775696,0,0.0000894
25/12/2005,35.53322754,4.200631714,14.24425701,0,0.0000447
26/12/2005,35.21981201,8.649118042,19.69881167,0,0.000224
27/12/2005,35.49758301,6.494973755,16.74360813,0,0.0000447
28/12/2005,35.85559998,5.216226196,15.02463017,0,0.0000298
29/12/2005,36.10460815,8.339761353,18.37345674,0,0.0000745
30/12/2005,37.03986511,6.503686523,15.39684304,0,0.0000447
31/12/2005,37.02880249,4.862176514,13.74701978,0,0.0000447
01/01/2006,35.78104553,11.8322998,23.63083653,0,0.0000596
02/01/2006,36.11087952,9.61473999,20.01959717,0,0.0000894
03/01/2006,37.03693542,1.328927612,10.69531522,0,0.0000894
04/01/2006,36.02204285,9.75788269,20.31175743,0,0.0000894
05/01/2006,35.98925171,10.31759033,21.1257734,0,0.0000745
06/01/2006,35.5287262,14.95038757,29.36397471,0,0.0000894
07/01/2006,35.92928467,13.15801392,25.57158377,2.872932911,0.0000447
08/01/2006,35.126474,13.46689758,27.27135917,2.872932911,0.0000447
09/01/2006,35.91362915,13.04821167,25.41055245,0,0.0000745
10/01/2006,35.99413452,12.41976318,24.2774824,0,0.000119
11/01/2006,35.73685608,14.10270081,27.48219005,0,0.000119
12/01/2006,35.05986938,15.44216309,31.10095019,0,0.000328
13/01/2006,36.29137573,13.51755676,25.66393212,0,0.000328
14/01/2006,36.70420227,6.073770142,15.22241359,3.469795704,0.000104
15/01/2006,36.2048584,9.912454224,20.31885771,0,0.000149
16/01/2006,36.66359863,5.102593994,14.26089019,0,0.0000447
17/01/2006,35.22998962,15.30492554,30.53997153,0,0.000164
18/01/2006,35.13773499,15.70836792,31.50034109,0,0.0000894
19/01/2006,36.4681488,10.70050964,21.11146629,0,0.0000447
20/01/2006,36.76786194,9.938088989,19.73685245,0,0.0000745
21/01/2006,36.95255432,11.46146545,21.62662547,0,0.0000447
22/01/2006,38.08831177,9.564660645,17.91638012,0,0.0000447
23/01/2006,37.5618988,10.65723572,19.83334663,0,0.0000447
24/01/2006,38.00698242,11.04319153,19.86473842,0,0.0000596
25/01/2006,38.44637451,8.067605591,15.88070727,0,0.0000447
26/01/2006,36.31463013,12.48439941,23.95629579,2.946705818,0.0000447
27/01/2006,36.57790527,17.12748108,31.85657009,2.946705818,0.025078654
28/01/2006,33.4274231,20.484552,46.7651719,1.473352909,0.002861023
29/01/2006,36.08368835,16.00536499,30.47601956,0,0.0000894
30/01/2006,35.99831543,15.49247131,29.63030226,0,0.000149
31/01/2006,35.75034485,15.50298462,30.0568223,0,0.000209
01/02/2006,37.02240906,12.82135925,23.56328452,0,0.0000894
02/02/2006,38.16668091,7.342156982,15.34312427,0,0.0000447
03/02/2006,38.14051208,6.039254761,14.04670584,0,0.000194
04/02/2006,37.33469543,11.72156677,21.54922729,0,0.0000596
05/02/2006,37.39380798,14.9056488,26.44054522,0,0.000149
06/02/2006,36.31353149,14.4248291,27.18768063,0,0.000164
07/02/2006,37.62700806,11.95388184,21.53786944,0,0.000134
08/02/2006,38.1093689,11.0995575,19.82922461,0,0.000119
09/02/2006,38.04256592,10.89063416,19.62646725,0,0.000104
10/02/2006,37.06920776,12.17658386,22.52881269,0,0.000164
11/02/2006,38.06627808,9.016213989,17.28679098,0,0.0000447
12/02/2006,37.31128845,12.04230652,22.03828905,0,0.000104
13/02/2006,37.1750885,13.41089783,24.28618865,0,0.0000596
14/02/2006,35.21027527,17.95472107,36.18127024,3.107616186,0.001549721
15/02/2006,34.47808228,18.58713684,39.2023509,0,0.002756715
16/02/2006,38.24892578,12.43361816,21.49355866,0,0.000134
17/02/2006,34.46587524,18.80626831,39.77017914,0,0.000924
18/02/2006,37.73677979,11.10874329,20.24534876,2.739057779,0.0000447
19/02/2006,38.24552307,7.990594482,15.9697216,0,0.0000745
20/02/2006,36.68747864,13.58112488,25.21833421,0,0.0000596
21/02/2006,35.08753357,15.5979248,31.3651378,2.820532084,0.000149
22/02/2006,35.30259094,18.42795715,37.08304079,2.820532084,0.00795722
23/02/2006,35.29482422,17.59961853,35.21635198,1.410266042,0.000253
24/02/2006,37.79041443,10.92594299,19.94284785,0,0.0000745
25/02/2006,37.78183899,11.82201538,21.1728479,0,0.0000596
26/02/2006,38.17054138,11.42531738,20.19551513,0,0.000209
27/02/2006,38.00846252,11.53029785,20.51528757,0,0.0000596
28/02/2006,37.66739807,14.43839417,25.2769712,0,0.0000447
01/03/2006,37.83059082,13.68670044,23.86223451,6.610336781,0.0000745
02/03/2006,38.99620972,14.89856873,24.23791744,3.30516839,0.0000596
03/03/2006,38.55539856,13.65531311,22.89955361,0,0.0000745
04/03/2006,38.40715942,12.46009216,21.34797687,3.30516839,0.0000447
05/03/2006,38.44056091,11.8227478,20.43354334,0,0.0000596
06/03/2006,37.18197021,15.03977356,26.97875404,1.84262979,0.0000596
07/03/2006,37.10875854,16.34111938,29.44012429,5.527889252,0.000104
08/03/2006,32.95546875,19.07245789,43.99209707,1.84262979,0.0012815
09/03/2006,32.76473389,20.23148499,47.78260343,3.685259581,0.011265278
10/03/2006,37.41446838,11.4044281,21.01047839,0,0.0000596
11/03/2006,37.04706726,11.56008301,21.65650132,0,0.0000447
12/03/2006,36.96502075,12.56781921,23.24732745,0,0.0000447
13/03/2006,35.28626404,17.35267029,34.68791907,0,0.001192093
14/03/2006,35.78952942,17.1004425,33.20596276,8.042959213,0.003144145
15/03/2006,36.70005188,16.15241394,29.74334873,0,0.000998
16/03/2006,36.5069519,15.91492615,29.60634196,6.336486816,0.000246
17/03/2006,36.41790161,13.27407227,25.08538786,0,0.00035
18/03/2006,36.84050903,12.27079163,22.95318514,0,0.0000447
19/03/2006,36.13262329,16.66494141,31.69869473,6.336486816,0.00076
20/03/2006,39.12264404,11.48694763,19.26519943,0,0.0000447
21/03/2006,38.33027039,13.68650208,23.22619923,0,0.0000447
22/03/2006,32.73934326,20.66533813,49.14877081,9.624110222,0.002086163
23/03/2006,38.26438293,12.56878052,21.66711878,0,0.0000596
24/03/2006,38.11809692,12.0148407,21.05743605,0,0.0000447
25/03/2006,37.47727356,13.0808197,23.38134116,0,0.0000298
26/03/2006,37.68226013,14.87856445,25.98458766,5.549976349,0.0000894
27/03/2006,38.31105957,12.73652039,21.85173189,0,0.0000447
28/03/2006,38.20830688,10.07241211,18.41763335,0,0.000358
29/03/2006,37.65072021,11.23848877,20.51592202,0,0.0000596
30/03/2006,38.48841248,12.09372864,20.74848867,0,0.0000149
31/03/2006,38.26952515,14.51603088,24.590169,5.549976349,0.0000596
01/04/2006,38.8308197,12.93181763,21.52217095,0,0.0000298
02/04/2006,37.92582092,14.09185181,24.37256921,2.11254406,0.000238
03/04/2006,37.0057312,16.21001587,29.35937743,4.22508812,0.0000894
04/04/2006,34.5332428,19.06264648,40.26098945,4.22508812,0.007167459
05/04/2006,30.012323,21.43166504,60.14313981,2.11254406,0.007346272
06/04/2006,38.13659058,14.42688904,24.62497392,0,0.0000745
07/04/2006,38.03583679,15.34568176,26.26958479,0,0.000119
08/04/2006,39.70224915,9.509729004,16.36778083,0,0.000104
09/04/2006,39.21103821,10.58878479,18.0631961,0,0.000149
10/04/2006,38.96099243,10.39434204,18.07108353,0,0.0000596
11/04/2006,38.85488281,10.53125916,18.34126896,0,0.0000596
12/04/2006,39.63065491,7.958520508,14.79248401,0,0.0000894
13/04/2006,38.88395081,10.89142761,18.7574035,0,0.000104
14/04/2006,38.43312988,14.53667603,24.40668025,0,0.000432
15/04/2006,37.45658264,15.91283569,28.10995582,0,0.000283
16/04/2006,36.80664978,17.17281494,31.55165286,8.008062363,0.00079
17/04/2006,38.87415466,12.257547,20.54268761,0,0.000149
18/04/2006,37.3151947,15.65778503,27.86815565,0,0.000879
19/04/2006,36.24631653,18.34879456,35.03446588,8.008062363,0.005826354
20/04/2006,36.96247253,16.01470337,29.06411535,4.004031181,0.000656
21/04/2006,35.24985657,18.22518311,36.72109305,5.163526535,0.000551
22/04/2006,35.37301025,18.5329071,37.18298932,0,0.000685
23/04/2006,36.46209106,19.38791809,36.94456626,2.581763268,0.013634562
24/04/2006,30.7252594,22.9269043,63.24142551,7.745290756,0.009074807
25/04/2006,29.23365173,22.11835632,65.59138104,10.32705307,0.019103289
26/04/2006,34.87938843,19.95006714,41.73563662,4.194450378,0.013887882
27/04/2006,30.00509033,22.33744202,63.58643213,8.388900757,0.006139278
28/04/2006,33.33950195,21.43462524,49.82080157,8.388900757,0.022947788
29/04/2006,32.89316711,21.37824402,50.90669317,12.58335114,0.002011657
30/04/2006,33.93627319,20.61593018,45.82537372,0,0.012263656
01/05/2006,32.71613464,22.18001709,53.99501026,3.526689768,0.004991889
02/05/2006,35.13262329,19.97159729,41.21048416,0,0.000849
03/05/2006,35.23105774,20.22611389,41.63755883,0,0.000462
04/05/2006,29.90186462,22.77527771,65.68664431,3.526689768,0.002905726
05/05/2006,33.71053467,21.26288757,48.28789518,0,0.007137656
06/05/2006,26.88961182,23.11512146,79.86469339,3.960567951,0.023216009
07/05/2006,31.6586853,21.85450134,56.18928539,11.88170433,0.04799664
08/05/2006,34.36367188,20.51841125,44.48077044,0,0.0000596
09/05/2006,31.76387939,21.48876343,54.62108742,0,0.048413873
10/05/2006,24.39185486,22.68125305,90.20906935,15.8422718,0.897541642
11/05/2006,32.23186646,20.2031189,49.15159709,0,0.000834
12/05/2006,33.10817871,21.62244568,51.05360365,0,0.032573938
13/05/2006,30.46811829,23.0906311,64.81552644,10.64779758,0.022515655
14/05/2006,32.25771484,21.02926025,51.64264974,10.64779758,0.000983
15/05/2006,26.73027954,21.97799072,75.23946711,5.323898792,0.021278858
16/05/2006,25.62433777,22.17215881,81.271272,10.18888187,0.010728836
17/05/2006,30.44269714,20.05349121,53.9070294,0,0.001966953
18/05/2006,31.52210388,20.55913696,52.30162382,0,0.002250075
19/05/2006,31.66468201,21.38088379,54.5672173,5.094440937,0.034168363
20/05/2006,23.50274048,22.62140808,94.81131781,25.47220421,3.634139895
21/05/2006,28.5704895,20.36420593,61.20619,0,0.044167042
22/05/2006,29.95803223,21.92095337,62.16171231,10.37643147,0.014394522
23/05/2006,30.47898254,21.0637146,57.25139842,0,0.001952052
24/05/2006,31.82044373,20.60297546,51.56426096,0,0.001326203
25/05/2006,28.12033997,22.06946716,69.75302442,10.37643147,0.010810792
26/05/2006,30.77131042,21.5984436,58.1789949,0,0.020898879
27/05/2006,27.50531921,22.31855164,73.40418133,4.296099186,0.029295683
28/05/2006,25.88727722,22.29798279,80.63039402,17.18439674,0.222101808
29/05/2006,31.02683411,21.53388367,57.11221266,4.296099186,0.006586313
30/05/2006,27.42566833,22.82106934,76.03034148,4.296099186,0.019669533
31/05/2006,32.4561554,21.00122986,50.98045493,0,0.001087785
01/06/2006,32.79430542,20.88720093,49.67069074,0,0.000253
02/06/2006,30.59333191,23.18613586,64.72593892,3.976266146,0.069603324
03/06/2006,30.1246582,22.71936951,64.63330347,3.976266146,0.003397465
04/06/2006,30.17531738,22.44538269,63.38341274,7.952532291,0.002861023
05/06/2006,32.22599182,20.44399414,49.90464967,0,0.000924
06/06/2006,33.6070343,19.79665527,44.3701155,0,0.000179
07/06/2006,33.07084045,21.07160339,49.46298538,9.873325348,0.014320016
08/06/2006,26.75864563,22.4782196,77.4354542,4.936662674,0.030770898
09/06/2006,32.13761292,20.68740234,50.91223486,19.7466507,0.005722046
10/06/2006,28.73438416,21.15889893,63.66634804,9.873325348,0.012516975
11/06/2006,27.83286438,22.22905884,71.62315509,8.361973763,0.07109344
12/06/2006,32.62693176,19.72687683,46.67304673,0,0.002279878
13/06/2006,31.40383301,21.59732971,56.11872758,0,0.004976988
14/06/2006,31.06569824,22.40305481,60.08718337,4.180986881,0.013977289
15/06/2006,27.74952087,22.29918823,72.27979371,12.54296017,0.156536698
16/06/2006,31.32686768,20.20449219,51.73936003,9.142836571,0.001966953
17/06/2006,29.86547241,21.55565796,61.11402771,13.71425629,0.020548701
18/06/2006,28.67928467,21.70328674,66.03432888,0,0.057280064
19/06/2006,29.75492249,19.82932434,55.30139444,4.571418285,0.00079
20/06/2006,28.18808899,21.77996216,68.26277346,4.571418285,0.015825033
21/06/2006,30.91719971,21.45021973,57.17640909,7.369915962,0.002190471
22/06/2006,29.4381958,22.17066345,65.02932029,0,0.062167645
23/06/2006,31.75934753,19.85166321,49.39554845,14.73983192,0.001609325
24/06/2006,32.40700684,22.21140442,55.04757078,7.369915962,0.032454729
25/06/2006,32.08254395,21.65319214,54.18790775,0,0.001728535
26/06/2006,30.39916382,22.2268158,61.75055004,0,0.008672476
27/06/2006,31.95470581,19.75179443,48.55112575,0,0.000685
28/06/2006,31.78725586,20.55103455,51.49609838,0,0.001087785
29/06/2006,29.79793701,22.0203949,63.1171697,0,0.042036176
30/06/2006,24.61972961,21.58606873,83.2476984,19.08939171,0.013008714
01/07/2006,30.05921326,20.88405762,58.00000747,4.681393147,0.000954
02/07/2006,29.60209045,22.61786804,66.19327851,4.681393147,0.008359551
03/07/2006,30.2678772,21.87629089,60.90150371,0,0.007033348
04/07/2006,30.99054871,21.46351013,56.98440268,4.681393147,0.009834766
05/07/2006,30.71602783,21.17569885,56.87116588,4.681393147,0.003039837
06/07/2006,30.11690674,20.62215576,56.88423121,0,0.023156404
07/07/2006,30.6080719,21.30899963,57.69223546,0,0.013828278
08/07/2006,28.66674194,20.5487915,61.56268534,0,0.001579523
09/07/2006,30.83841858,20.41872559,53.90585992,0,0.001221895
10/07/2006,29.44715271,21.0485321,60.68641823,6.832798004,0.009655952
11/07/2006,29.19687805,21.09987793,61.76274148,7.13007164,0.001743436
12/07/2006,31.85047302,21.03969727,52.87826467,0,0.020578504
13/07/2006,29.35801086,20.91469727,60.499429,7.13007164,0.00166893
14/07/2006,25.98987732,23.00338135,83.64553427,7.13007164,0.228509307
15/07/2006,29.6473938,21.55603943,61.88613016,0,0.042587519
16/07/2006,29.65661011,21.84391174,62.95077272,4.410128593,0.012040138
17/07/2006,30.1851593,21.50385437,59.8139777,8.820257187,0.015616417
18/07/2006,23.94355164,21.66010437,87.08150919,13.23038578,0.045210123
19/07/2006,27.21361694,21.36882935,70.46320707,0,0.009894371
20/07/2006,25.26862488,21.97063599,81.99288157,8.820257187,0.029966235
21/07/2006,27.90615234,21.06380615,66.41537052,0,0.026807189
22/07/2006,23.28721008,21.97986755,92.37653878,0,0.06942451
23/07/2006,26.16362915,20.56858215,71.35514561,0,0.042915344
24/07/2006,25.4314209,21.14672241,77.21323759,5.768642902,0.029623508
25/07/2006,26.17159424,21.29126892,74.56073515,0,0.042140484
26/07/2006,29.60396729,17.9575592,49.63048112,0,0.000551
27/07/2006,30.43082581,20.39359436,55.08934933,0,0.000432
28/07/2006,30.53191528,22.22519836,61.27773704,21.28370094,0.00423193
29/07/2006,30.48279724,21.81142578,59.91978082,0,0.014096498
30/07/2006,29.67595825,21.4755188,61.48094539,10.64185047,0.012084842
31/07/2006,27.8169342,22.40592346,72.46480681,10.64185047,0.033289194
01/08/2006,24.95035706,22.11635742,84.30602417,29.53248024,0.044986606
02/08/2006,28.51906738,21.29596863,65.00984578,19.68832207,0.02361834
03/08/2006,21.98763428,21.7056366,98.29386592,39.37664413,0.166982412
04/08/2006,26.43509827,21.12227783,72.65408115,0,0.109165907
05/08/2006,28.04355774,21.86409912,69.19357485,0,0.028669834
06/08/2006,26.19812927,22.595224,80.60503262,0,0.587493181
07/08/2006,26.22065125,20.5559021,71.05982108,0,0.006884336
08/08/2006,27.11101685,21.02172241,69.39493672,0,0.002503395
09/08/2006,26.95987854,20.54869995,68.00456593,0,0.004962087
10/08/2006,26.04494629,22.87009583,82.70396568,18.91633034,0.055298209
11/08/2006,25.10090027,20.75188599,76.85776061,10.90452385,0.052541494
12/08/2006,28.86583862,21.40090332,64.12798652,0,0.102221966
13/08/2006,28.60517273,19.33217773,57.29862419,0,0.001952052
14/08/2006,29.66552124,22.13593445,64.04854118,0,0.009149313
15/08/2006,28.15459595,21.73108826,68.19202683,0,0.048235059
16/08/2006,27.72930298,21.01877747,66.91846237,0,0.017762184
17/08/2006,29.20794067,21.26862488,62.36550891,0,0.005796552
18/08/2006,28.9009491,22.18453369,67.13396954,0,0.018447638
19/08/2006,28.79348145,19.8535553,58.54214492,0,0.006914139
20/08/2006,28.63871155,20.62137756,61.93918012,0,0.00834465
21/08/2006,29.04300842,21.3456665,63.26015939,0,0.003933907
22/08/2006,25.24549255,21.35863647,79.0917482,0,0.057801604
23/08/2006,24.70179138,21.03556213,80.0928357,6.419597149,0.020250678
24/08/2006,29.14023743,20.25937805,58.83951741,0,0.004887581
25/08/2006,30.01223145,20.94130859,58.36148559,0,0.005528331
26/08/2006,27.50312195,21.44896851,69.62050536,22.04917145,0.069081783
27/08/2006,24.42502747,22.02179871,86.49261151,0,0.619530678
28/08/2006,25.80887756,21.94306335,79.27340548,0,0.443443656
29/08/2006,28.00846252,21.36797485,67.26376694,0,0.031739473
30/08/2006,28.15465698,22.54424438,71.6529836,14.69944668,0.824257731
31/08/2006,26.1872345,22.75354919,81.43493423,29.39889336,1.953586936
01/09/2006,27.43331299,21.17208252,68.72914975,0,0.021159649
02/09/2006,30.46030579,21.76120911,59.8131995,0,0.062912703
03/09/2006,26.16771851,22.52811584,80.42166456,25.04476357,1.323491335
04/09/2006,28.55304871,21.98607788,67.6771194,12.52238178,0.029444695
05/09/2006,26.21326599,22.42617188,79.71072684,0,0.026658177
06/09/2006,29.28011475,22.39315186,66.51853591,7.764022827,0.040888786
07/09/2006,25.72747192,21.63749084,78.18423907,0,0.082463026
08/09/2006,25.76722107,21.43416748,77.03627942,7.764022827,0.112220645
09/09/2006,25.01636658,20.54309998,76.25857223,7.764022827,0.079080462
10/09/2006,27.4556366,21.29084167,69.14113174,15.52804565,0.099539757
11/09/2006,24.10721741,21.74178467,86.66178013,16.76920891,1.366481185
12/09/2006,25.95572815,22.11652527,79.4227146,16.76920891,0.154674053
13/09/2006,25.66459045,21.57001648,78.15300973,0,0.109508634
14/09/2006,29.23630676,21.70850525,63.96226881,16.76920891,0.086247921
15/09/2006,25.50739441,22.71260986,84.56814682,16.76920891,0.804424286
16/09/2006,26.66912231,22.36208496,77.29679626,11.26435089,1.561775804
17/09/2006,29.29424438,20.92925415,60.77658682,11.26435089,0.011980534
18/09/2006,29.37876282,22.08948669,64.93062796,11.26435089,0.008046627
19/09/2006,27.00597534,21.68111572,72.70183523,0,0.016525388
20/09/2006,29.50101624,20.71665344,59.27657601,0,0.00937283
21/09/2006,27.99042664,21.95745239,69.80426865,8.491752625,0.014215708
22/09/2006,25.99222717,22.3562561,80.4158872,8.491752625,0.038936734
23/09/2006,29.49453125,20.85030518,59.78835148,16.98350525,0.004678965
24/09/2006,29.87168274,22.10497437,63.17511506,0,0.096231699
25/09/2006,25.94011841,23.29396973,85.37780731,8.491752625,0.716581941
26/09/2006,30.31981812,22.55297241,63.27320138,5.037321568,0.010475516
27/09/2006,29.65241394,21.61194763,62.0801344,5.037321568,0.016033649
28/09/2006,30.02536926,21.51868591,60.41906995,0,0.004261732
29/09/2006,28.56621704,21.83352051,66.99912448,15.11196423,0.058248639
30/09/2006,27.76441345,21.79229126,70.02067666,10.07464314,0.083237886
01/10/2006,25.47539673,21.75197754,79.91863145,5.182451725,0.075593591
02/10/2006,28.86266479,21.08861694,62.9234402,10.36490345,0.014051795
03/10/2006,29.83899841,21.75245056,61.94757663,0,0.02259016
04/10/2006,30.09208069,22.45821533,63.73610169,0,0.056952238
05/10/2006,27.32377014,22.93415222,77.01034967,10.36490345,0.059023499
06/10/2006,28.22226868,22.2448822,70.08525517,0,0.012159348
07/10/2006,30.79735718,22.37363586,60.903675,3.439230204,0.022828579
08/10/2006,27.79842529,22.84346924,74.4942077,6.878460407,0.029817224
09/10/2006,30.87571106,22.83652649,62.35912666,10.31769085,0.019952655
10/10/2006,29.35784302,23.62761841,71.35444709,6.878460407,0.095754862
11/10/2006,30.01680908,22.62293396,64.65496709,0,0.017181039
12/10/2006,31.30349121,21.50213013,56.11169952,0,0.004604459
13/10/2006,27.70360718,22.79448853,74.68549751,8.54711628,0.055000186
14/10/2006,26.54822693,23.37714539,82.78302551,4.27355814,0.06172061
15/10/2006,29.72413025,22.40363464,64.88099451,4.27355814,0.033065677
16/10/2006,32.20823059,21.96579895,54.8413755,4.93260622,0.009208918
17/10/2006,32.18187866,21.8361145,54.49022818,4.93260622,0.000417
18/10/2006,30.53962097,23.41811523,65.84005045,14.79781818,0.045314431
19/10/2006,30.5239502,22.99689636,64.24391924,4.93260622,0.054702163
20/10/2006,31.44197998,22.41790161,58.86914015,0,0.003650784
21/10/2006,28.49987183,22.6947113,70.87454937,0,0.019580126
22/10/2006,29.45491943,22.01188049,64.34143146,7.145175457,0.002831221
23/10/2006,31.12380371,21.60872803,57.05852541,10.71776295,0.009655952
24/10/2006,31.22208557,20.67501221,53.58125085,3.572587729,0.000164
25/10/2006,30.86153564,21.24653015,56.64678135,0,0.000954
26/10/2006,30.68642578,19.87615356,52.5812354,3.424387455,0.000507
27/10/2006,31.00562439,21.07940063,55.61067021,10.27316284,0.01719594
28/10/2006,31.39824829,19.95203552,50.73153535,0,0.004038215
29/10/2006,30.64745483,21.16599426,57.06017185,10.27316284,0.005722046
30/10/2006,31.62462769,19.543573,48.83142516,0,0.000462
31/10/2006,30.72762451,20.12609253,53.27570959,0,0.031933188
01/11/2006,30.77678833,20.3440033,53.8466967,4.394627094,0.030010939
02/11/2006,32.41289673,18.03972778,42.51522512,6.59194088,0.000447
03/11/2006,32.77694092,17.39768372,40.00171817,0,0.000134
04/11/2006,33.1967865,16.36576233,36.59509549,0,0.000179
05/11/2006,33.44951782,16.11789856,35.51553636,0,0.000119
06/11/2006,33.43558655,15.34865723,33.83552704,0,0.000149
07/11/2006,33.11350403,15.41903076,34.60706255,0,0.000164
08/11/2006,31.85601196,17.44222412,42.2521195,0.783899963,0.000268
09/11/2006,33.15578613,10.08516846,24.33824905,0.783899963,0.0000745
10/11/2006,34.24086914,11.71184692,25.52646537,0,0.0000596
11/11/2006,33.93335876,11.12851868,24.98267688,0,0.0000596
12/11/2006,33.64347229,11.51694641,26.05216553,0,0.0000596
13/11/2006,34.27782593,12.48970947,26.81368845,0,0.0000894
14/11/2006,34.17771301,13.24428711,28.32910255,0,0.0000894
15/11/2006,33.97245178,11.19202576,25.03365767,0,0.0000596
16/11/2006,33.98853455,8.332681274,20.64234935,0,0.000127
17/11/2006,34.12796936,8.091348267,20.14943604,0,0.0000969
18/11/2006,34.234552,7.518777466,19.26309988,0,0.0000596
19/11/2006,33.81446228,5.850579834,17.57945368,0,0.0000596
20/11/2006,33.56601868,8.223519897,20.9783463,0,0.0000596
21/11/2006,33.89139709,8.025567627,20.32536107,0,0.0000596
22/11/2006,34.19593201,6.837579346,18.42357359,0,0.0000745
23/11/2006,33.81359253,9.893563843,23.16037954,0,0.0000745
24/11/2006,34.14914856,9.076593018,21.51569662,0,0.000134
25/11/2006,34.20417175,7.261560059,18.95891516,0,0.000164
26/11/2006,34.40644226,3.036431885,13.96346905,0,0.000104
27/11/2006,34.29552612,2.793954468,13.80986536,0,0.000119
28/11/2006,33.9813324,2.470239258,13.73317367,0,0.0000894
29/11/2006,34.26581726,6.339852905,17.73347513,0,0.0000596
30/11/2006,34.58275757,7.456399536,18.81389521,0,0.0000745
01/12/2006,34.8520752,11.70821533,24.66983199,0,0.0000596
02/12/2006,34.97651062,9.877175903,21.68849092,0,0.0000596
03/12/2006,34.55056152,6.726068115,17.9263035,0,0.0000596
04/12/2006,34.62238464,6.185205078,17.20125205,0,0.0000596
05/12/2006,34.54508362,4.007073975,14.8402335,0,0.0000596
06/12/2006,34.7051178,4.077462769,14.78221685,0,0.0000596
07/12/2006,35.1994873,4.196420288,14.50443404,0,0.0000596
08/12/2006,35.14646301,4.61574707,14.98120325,0,0.0000596
09/12/2006,35.15780029,6.393380737,16.94111707,0,0.0000596
10/12/2006,35.25412903,8.476846313,19.43325078,0,0.0000596
11/12/2006,35.68920288,5.218591309,15.16515849,0,0.0000596
12/12/2006,35.92307434,5.898034668,15.69529543,0,0.0000596
13/12/2006,35.7262207,9.678918457,20.53523589,0,0.0000894
14/12/2006,35.66207275,2.373651123,12.42745255,0,0.0000745
15/12/2006,35.25536499,3.733956909,13.99656015,0,0.0000596
16/12/2006,35.51334534,5.464181519,15.57664488,0,0.0000596
17/12/2006,35.58921204,3.638986206,13.64966377,0,0.0000596
18/12/2006,34.92081604,1.670770264,12.31105099,0,0.0000745
19/12/2006,35.04013977,7.549295044,18.46050197,0,0.0000894
20/12/2006,35.48175964,4.435678101,14.52233671,0,0.000104
21/12/2006,35.45868835,2.471017456,12.65492625,0,0.0000596
22/12/2006,35.18453369,4.084817505,14.40296085,0,0.0000596
23/12/2006,35.14425049,0.127069092,10.876995,0,0.0000894
24/12/2006,34.90238342,0.689599609,11.482392,3.611852169,0.0000596
25/12/2006,34.94567261,-0.080252075,10.83234608,3.611852169,0.0000894
26/12/2006,34.8399292,-2.250296021,9.289552847,0,0.0000596
27/12/2006,34.28029785,-3.168859863,8.948786943,0,0.0000596
28/12/2006,33.45046387,0.543756104,12.31714768,0,0.0000596
29/12/2006,33.24904785,0.671166992,12.57217808,0,0.0000596
30/12/2006,33.33104858,0.111810303,12.01699829,0,0.0000596
31/12/2006,33.1206604,0.522546387,12.52737106,0,0.0000596
01/01/2007,33.09822998,0.414590454,12.44535293,0,0.0000596
02/01/2007,32.98261414,0.410546875,12.5226271,0,0.0000596
03/01/2007,32.96975098,1.920404053,13.97222514,0,0.0000596
04/01/2007,33.87505493,3.208428955,14.55879665,0,0.0000596
05/01/2007,34.58123169,2.928643799,13.72332376,0,0.0000596
06/01/2007,34.72844849,1.150994873,11.98626445,0,0.0000596
07/01/2007,34.95716248,1.340966797,11.99856584,0,0.0000596
08/01/2007,34.74608765,0.742303467,11.62638473,0,0.0000596
09/01/2007,34.40322266,-0.866400146,10.53968282,0,0.0000596
10/01/2007,34.76723633,-0.687887573,10.46507858,0,0.0000596
11/01/2007,34.13991699,-0.766195679,10.77384817,0,0.0000596
12/01/2007,33.24802551,-0.599478149,11.46268473,0,0.0000596
13/01/2007,32.25098572,-1.49475708,11.3519741,0,0.0000596
14/01/2007,32.32865295,-0.341268921,12.30017507,0,0.0000596
15/01/2007,33.20057068,0.532342529,12.48026674,0,0.0000596
16/01/2007,34.18552551,1.394281006,12.57117406,0,0.0000596
17/01/2007,34.13865051,2.698236084,13.8363098,0,0.0000596
18/01/2007,34.84713135,1.864343262,12.53410742,0,0.0000596
19/01/2007,34.82769165,1.363397217,12.10432349,0,0.0000447
20/01/2007,34.91306458,1.86902771,12.49266605,0,0.0000745
21/01/2007,35.44846497,1.902902222,12.15834298,0,0.0000596
22/01/2007,36.18403015,2.066873169,11.81463664,0,0.0000596
23/01/2007,36.87998352,1.850427246,11.19880451,0,0.0000596
24/01/2007,37.31963501,3.226739502,12.06047153,0,0.0000596
25/01/2007,37.4143158,3.977349854,12.65175553,0,0.0000596
26/01/2007,37.11255798,9.688775635,19.04820338,0,0.0000596
27/01/2007,37.49855957,11.73746643,21.38078054,0,0.0000447
28/01/2007,36.98134766,12.8727356,23.69564016,0,0.0000745
29/01/2007,37.37937317,6.526177979,15.13861964,0,0.0000596
30/01/2007,37.05310974,8.860513306,18.07228431,0,0.000447
31/01/2007,37.23078308,10.4841095,19.96138968,0,0.0000745
01/02/2007,37.27887878,5.506280518,14.18392645,0,0.0000447
02/02/2007,37.57859192,0.51242981,9.790426932,0,0.0000596
03/02/2007,37.75139771,-2.185934448,7.95865836,0,0.0000745
04/02/2007,36.91047058,6.870126343,15.90189448,0,0.0000745
05/02/2007,36.7242218,10.14844666,20.06466211,0,0.0000596
06/02/2007,36.57273254,12.77308044,24.07214984,0,0.0000447
07/02/2007,36.89692078,12.62685547,23.42433692,0,0.0000745
08/02/2007,35.95023499,16.04325256,30.7743313,1.696600556,0.0000894
09/02/2007,35.92435608,17.17574463,33.11846725,1.696600556,0.0000596
10/02/2007,37.12563477,12.48887024,22.92575484,3.393201113,0.0000745
11/02/2007,37.23101196,10.29909668,19.71596755,0,0.0000596
12/02/2007,34.41202698,16.00672302,33.42331206,0,0.001758337
13/02/2007,35.80231628,-4.735922241,7.311702961,0,0.0000447
14/02/2007,35.85595093,-2.099829102,8.882040627,0,0.0000447
15/02/2007,36.87653503,-1.535665894,8.75722531,0,0.0000596
16/02/2007,37.25544128,1.653741455,10.81854358,0,0.0000596
17/02/2007,37.02503357,8.540490723,17.71189278,0,0.0000596
18/02/2007,37.58568726,9.240045166,18.01253193,0,0.0000447
19/02/2007,38.5541626,7.822167969,15.52690099,0,0.0000447
20/02/2007,37.68430481,10.66999207,19.71890765,0,0.0000596
21/02/2007,37.39096985,14.47966919,25.72751303,3.314617634,0.000104
22/02/2007,35.7933136,17.4193512,33.87543627,3.314617634,0.001937151
23/02/2007,35.9269043,4.750512695,14.48715105,0,0.0000447
24/02/2007,36.70110474,6.111108398,15.26436512,0,0.000209
25/02/2007,37.72358093,9.842858887,18.61816557,0,0.0000447
26/02/2007,37.65207825,11.88623962,21.41283336,0,0.0000596
27/02/2007,37.90833435,-1.321066284,8.411900051,0,0.0000447
28/02/2007,37.70110474,7.37482605,15.76971275,0,0.0000745
01/03/2007,37.46619568,8.343743896,17.06276259,0,0.0000745
02/03/2007,38.56070862,-2.439077759,7.476471136,0,0.0000596
03/03/2007,39.0458313,-1.887884521,7.587766599,0,0.0000596
04/03/2007,38.38942871,-4.214056396,6.606880343,0,0.0000447
05/03/2007,38.87212524,-9.173162842,4.392598476,0,0.0000447
06/03/2007,38.48626099,-7.970297241,4.927880837,0,0.0000596
07/03/2007,37.65253601,4.226083374,12.70967079,0,0.0000447
08/03/2007,38.79281006,-4.909231567,6.133695633,0,0.0000596
09/03/2007,37.83770142,8.916238403,17.38401282,0,0.0000596
10/03/2007,36.38869629,13.62038574,25.69910354,0,0.000194
11/03/2007,38.30509338,0.308175659,9.274704826,0,0.0000447
12/03/2007,38.99874268,3.764047241,11.44119305,0,0.0000447
13/03/2007,38.90453491,7.938607788,15.35846293,0,0.0000745
14/03/2007,37.41846619,13.76229248,24.52171148,0,0.000149
15/03/2007,38.58320007,12.89792786,21.76245403,0,0.000179
16/03/2007,39.01548157,12.92791138,21.3043104,0,0.000119
17/03/2007,38.22652588,14.34241638,24.37211041,0,0.0000596
18/03/2007,36.94509277,16.09525452,29.2416498,0,0.000238
19/03/2007,38.47367249,11.73578796,20.28028188,0,0.0000745
20/03/2007,38.08718262,12.54218445,21.83729687,0,0.0000894
21/03/2007,38.57834778,14.37163696,23.95942743,0,0.0000447
22/03/2007,38.65888367,14.86435852,24.62703073,4.577886105,0.0000745
23/03/2007,38.89476929,14.18358765,23.27004558,0,0.0000894
24/03/2007,39.18953857,13.09827576,21.34282501,4.577886105,0.0000596
25/03/2007,37.77028809,14.65198669,25.48575789,2.288943052,0.0000745
26/03/2007,37.66906128,14.96676025,26.15134309,7.558130741,0.0000745
27/03/2007,37.74839172,14.98626099,26.07188565,0,0.0000596
28/03/2007,38.70864258,13.81273804,22.94515101,0,0.0000596
29/03/2007,38.07674561,15.93071899,27.21248761,7.558130741,0.000373
30/03/2007,36.84205017,18.00937805,33.19716706,0,0.002339482
31/03/2007,39.31224976,15.7844635,25.22541728,3.779065371,0.0000894
01/04/2007,32.70174561,21.09047852,50.55712341,3.597296953,0.020459294
02/04/2007,36.2335907,18.74233398,35.93343876,1.199099064,0.000104
03/04/2007,38.50995789,17.99097595,30.29267111,0,0.0000596
04/04/2007,35.85390625,20.06351624,39.83158272,0,0.001206994
05/04/2007,35.1705719,20.00565491,41.21103381,2.398198128,0.001505017
06/04/2007,37.69790039,18.6063324,32.89708412,16.12371635,0.001817942
07/04/2007,32.80004272,20.08066711,47.24529951,0,0.003218651
08/04/2007,36.21349487,18.15369568,34.67042731,0,0.000283
09/04/2007,38.0138031,17.45514832,30.08176098,0,0.001311302
10/04/2007,36.71294556,19.76856384,37.31347205,0,0.000983
11/04/2007,35.92774353,20.36928711,40.42716494,0,0.003650784
12/04/2007,37.59658203,17.65065918,31.1510352,5.186028957,0.0000745
13/04/2007,38.03003845,13.46764526,23.27182946,0,0.0000745
14/04/2007,38.00539551,16.04903564,27.52489298,2.593014479,0.0000596
15/04/2007,38.78389893,12.77440796,21.35523883,2.593014479,0.0000894
16/04/2007,36.62111816,15.69194946,29.00551586,6.280849934,0.0000596
17/04/2007,35.92839966,18.45333252,35.88490326,12.56169987,0.010192394
18/04/2007,34.71833191,19.5172821,40.99393152,6.280849934,0.001132488
19/04/2007,36.43058167,18.38797913,34.76822648,6.280849934,0.000358
20/04/2007,36.53281555,20.18335876,38.66266964,6.280849934,0.002294779
21/04/2007,36.37052307,19.66918335,37.78463228,0,0.003427267
22/04/2007,31.45224915,20.7736908,53.20768678,2.652498007,0.006914139
23/04/2007,32.87824402,20.74537048,49.00766976,7.957493782,0.0192523
24/04/2007,36.67910156,18.26595459,34.03776827,5.304996014,0.000179
25/04/2007,30.0425354,22.21364746,62.97408353,5.304996014,0.00308454
26/04/2007,30.0981842,21.21506653,59.05879166,1.67075038,0.017091632
27/04/2007,27.93764648,23.12841187,75.17685626,5.012251377,0.019088387
28/04/2007,33.78904114,19.99399719,44.4620317,1.67075038,0.002831221
29/04/2007,33.14550171,20.74263916,48.27042744,3.341500759,0.027090311
30/04/2007,32.50435791,20.39148865,48.96897124,0,0.002741814
01/05/2007,29.07753906,23.36416016,71.37568659,13.33517265,1.135513186
02/05/2007,32.17435608,20.95649109,51.65467958,13.33517265,0.000551
03/05/2007,32.9604126,21.97712097,52.60514494,20.00275803,0.018075109
04/05/2007,31.56801758,22.32166443,58.10893228,0,0.002533197
05/05/2007,33.88546143,21.01600037,47.1002407,6.667586327,0.007361174
06/05/2007,32.50605164,22.07616577,54.29248753,0,0.0038445
07/05/2007,33.85631714,21.91037903,49.83127299,15.14178944,0.005811453
08/05/2007,30.53589783,23.61846313,66.65371495,0,0.010684133
09/05/2007,34.37087402,21.03521118,45.8995888,0,0.001370907
10/05/2007,35.14956055,21.29543457,44.67014049,15.14178944,0.001043081
11/05/2007,29.41373596,23.83655701,72.02445293,17.76514053,0.016540289
12/05/2007,33.67058716,20.91564331,47.37504745,0,0.003322959
13/05/2007,34.07290039,20.98352966,46.5182923,8.882570267,0.017225742
14/05/2007,29.9034668,20.97463379,58.84720221,8.882570267,0.010311604
15/05/2007,33.0375,19.8077179,45.83839814,4.441285133,0.001445413
16/05/2007,31.93900452,21.86278687,55.33288569,13.14240265,0.005021691
17/05/2007,33.3253418,20.61403809,47.40985741,0,0.001162291
18/05/2007,32.97861633,22.73969421,55.04464303,6.571201324,0.01847744
19/05/2007,34.87009583,20.20327148,42.41636153,6.571201324,0.000596
20/05/2007,35.10358582,21.14208374,44.3645363,0,0.001952052
21/05/2007,35.73340759,19.32032166,38.28909801,13.9077177,0.002026558
22/05/2007,35.01638184,20.62531433,43.18474067,0,0.043034554
23/05/2007,31.41082153,21.06029663,54.28075539,9.271812439,0.001147389
24/05/2007,30.2302948,20.95566711,57.68759787,0,0.0012815
25/05/2007,34.57396851,19.7171875,41.83927523,0,0.000268
26/05/2007,33.50005493,21.17756042,48.60381942,4.168365002,0.001996756
27/05/2007,32.19138489,21.91987,54.74000424,8.336730003,0.022321939
28/05/2007,33.18174133,20.156427,46.4616413,0,0.000492
29/05/2007,32.85154114,20.40174255,48.05273652,4.168365002,0.000522
30/05/2007,33.59227905,19.78228149,44.36713172,12.50509453,0.000715
31/05/2007,34.85390625,18.83536682,38.99505506,0,0.000209
01/06/2007,34.62920532,20.15142212,42.8483728,0,0.007748604
02/06/2007,28.30820618,21.78084717,67.79156325,24.43700981,0.005945563
03/06/2007,26.42171631,21.654245,75.11917599,0,0.021770597
04/06/2007,30.11010132,20.5908905,56.79690687,12.21850491,0.001549721
05/06/2007,29.18918762,21.56073914,63.55972289,12.21850491,0.003963709
06/06/2007,29.34452209,21.50351868,62.77274421,5.674161911,0.014200807
07/06/2007,30.34819946,21.98208008,61.01458315,17.02248573,0.035196543
08/06/2007,31.12082825,20.79030762,54.27442753,5.674161911,0.023335218
09/06/2007,32.20542297,19.7711731,47.92608138,0,0.000358
10/06/2007,30.34186707,21.41491089,58.95796548,0,0.047624111
11/06/2007,26.17926941,21.74630127,76.63080291,12.65336323,0.017940998
12/06/2007,30.23064575,20.27837524,55.32894121,0,0.00166893
13/06/2007,30.37935791,20.47109375,55.51653508,18.98004532,0.000954
14/06/2007,31.46824036,18.79519043,47.02190398,0,0.000119
15/06/2007,30.12270508,20.35601196,55.93964183,0,0.000864
16/06/2007,24.8416687,22.48670349,86.78669293,11.7688818,0.029340386
17/06/2007,26.03467712,21.69541321,77.04819801,0,0.023663044
18/06/2007,30.88184509,19.31356201,50.21330295,0,0.000492
19/06/2007,30.92458496,20.60785828,54.27103148,0,0.001147389
20/06/2007,30.6282135,20.02367554,53.24039773,0,0.005468726
21/06/2007,31.69794617,18.45675049,45.44109394,0,0.000134
22/06/2007,31.04487,19.26143799,49.58814118,0,0.000149
23/06/2007,30.91481934,21.62824402,57.81027442,0,0.037580729
24/06/2007,27.9180542,21.29277954,67.308076,18.45230865,0.007644296
25/06/2007,30.17426453,20.97301636,57.93473296,0,0.020429492
26/06/2007,30.67188416,20.76691589,55.60051621,0,0.002130866
27/06/2007,28.12352905,21.26278076,66.38555318,0,0.013619661
28/06/2007,27.9571167,21.27372131,67.07669291,0,0.009387732
29/06/2007,26.82915649,21.68929443,73.49712555,0,0.00795722
30/06/2007,27.79415283,21.61281738,69.13711696,26.3862896,0.016048551
01/07/2007,24.49701843,22.47234497,88.51414994,0,0.073641539
02/07/2007,28.42966614,21.68135986,66.90734611,0,0.017762184
03/07/2007,29.39307556,21.73023376,63.47095667,0,0.032827258
04/07/2007,29.81688843,21.60595093,61.47353646,0,0.029012561
05/07/2007,26.87095032,21.16536865,71.00255901,0,0.01463294
06/07/2007,29.17933044,19.32433472,55.40010347,0,0.001013279
07/07/2007,28.42218933,20.49820862,62.2475029,0,0.002712011
08/07/2007,28.71094666,20.15451965,59.92869313,6.288857937,0.008583069
09/07/2007,29.42575989,19.90447388,56.62173651,0,0.006005168
10/07/2007,29.95939026,20.08104858,55.51457734,0,0.001966953
11/07/2007,30.74736938,20.76055298,55.33989987,0,0.002145767
12/07/2007,29.20681152,20.41890869,59.19403915,8.640851021,0.003248453
13/07/2007,29.28920898,20.72258911,60.02634625,0,0.003218651
14/07/2007,29.29844055,21.30176697,62.16695756,4.32042551,0.019490719
15/07/2007,29.52376709,21.4993988,62.11230573,4.32042551,0.012457371
16/07/2007,29.6153656,20.86777649,59.43785209,10.31299686,0.04118681
17/07/2007,26.08521423,21.39904175,75.43848291,5.156498432,0.022664666
18/07/2007,29.36083374,20.20018921,57.88348484,0,0.004947186
19/07/2007,30.66799316,20.81531677,55.7787159,0,0.02014637
20/07/2007,27.85914001,21.88443909,70.02769305,5.156498432,0.013187528
21/07/2007,28.27996216,21.63019714,67.28083264,20.16371918,0.014483929
22/07/2007,28.04102478,20.8865448,65.18201689,10.08185959,0.011786819
23/07/2007,30.49291382,21.13419495,57.45383759,0,0.026449561
24/07/2007,29.49343262,21.47008667,62.10936103,20.16371918,0.018045306
25/07/2007,23.75687561,23.21174011,96.76839407,30.24557877,12.81026006
26/07/2007,25.39740906,20.61808167,74.89516727,0,0.038206577
27/07/2007,25.0034729,20.63234863,76.73802754,1.593497515,0.03272295
28/07/2007,26.34118042,20.521875,70.40855277,0,0.025033951
29/07/2007,26.51189575,21.26989136,72.98393815,0,0.010192394
30/07/2007,28.58687744,19.99974976,59.7858658,0,0.005602837
31/07/2007,23.82540283,22.40432129,91.77063925,0,0.110939145
01/08/2007,26.85204468,20.62558899,68.76147768,9.549541473,0.01861155
02/08/2007,28.9346405,21.55339966,64.47221609,0,1.923918724
03/08/2007,26.95852051,21.25939331,71.04695717,0,0.177070498
04/08/2007,27.22200928,20.95105896,68.64645978,0,0.008508563
05/08/2007,28.29360352,21.02932129,64.79758717,0,0.006899238
06/08/2007,27.27633057,19.3434845,61.95374906,0,0.001341105
07/08/2007,26.00245056,20.60614929,72.20478021,0,0.013142824
08/08/2007,24.8019043,21.53296814,82.08026671,8.816669464,0.071376562
09/08/2007,24.90168152,21.30046997,80.44007845,0,0.023543835
10/08/2007,25.98618469,20.08500061,69.98589356,0,0.022381544
11/08/2007,28.70083008,21.16156921,63.80063476,0,0.008285046
12/08/2007,28.86411438,20.76732788,61.68796616,0,0.013172626
13/08/2007,25.05751953,22.87622986,87.72519061,24.55405807,2.231478691
14/08/2007,24.95411072,21.09359131,79.1781055,16.36937332,0.24202466
15/08/2007,26.80959473,20.81801758,69.75454691,0,0.031977892
16/08/2007,28.65491638,22.30532227,68.59916411,4.59846735,1.04290247
17/08/2007,24.18732605,23.29914246,94.79858211,9.1969347,0.142276287
18/08/2007,29.40326843,20.30057678,58.10135901,0,0.003576279
19/08/2007,27.8020874,22.2771698,71.96210225,0,0.087365508
20/08/2007,24.19127808,22.22530518,88.80547717,27.59080505,0.388994813
21/08/2007,26.29781494,21.23955688,73.77324057,0,0.016286969
22/08/2007,28.75692139,20.36379395,60.54711711,0,0.006899238
23/08/2007,28.31517944,22.10575256,69.12005025,10.27634335,0.250503421
24/08/2007,24.08457336,21.61211548,86.09469798,0,0.49200654
25/08/2007,26.12230835,22.05071411,78.33005993,10.27634335,0.049054623
26/08/2007,25.19767151,22.11419067,83.0629136,9.793535233,0.828504562
27/08/2007,26.23734436,22.56118164,80.2527519,9.793535233,0.099137425
28/08/2007,28.81022034,21.05471191,62.98343572,0,0.017076731
29/08/2007,24.9653717,22.47446594,86.08509886,0,1.74471736
30/08/2007,27.5394989,24.11371765,81.64527133,9.793535233,0.100433826
31/08/2007,25.2305542,22.25541077,83.61627478,9.793535233,0.297769904
01/09/2007,21.62256775,21.06113586,96.61901864,0,19.68981326
02/09/2007,27.72409973,21.29854736,68.09760962,0,0.096961856
03/09/2007,27.89408264,21.22002563,67.10220951,17.29799271,0.018179417
04/09/2007,25.15891418,22.29012451,84.15080784,25.94698906,5.216538906
05/09/2007,23.50228271,21.12868652,86.5605449,8.648996353,2.887308598
06/09/2007,25.48525391,21.7295929,79.76277342,0,0.993534923
07/09/2007,28.3272644,21.0959259,64.93600083,0,0.01257658
08/09/2007,29.03469238,22.32845459,67.20275493,17.47142601,0.223323703
09/09/2007,25.26825867,22.88125,86.65856403,0,6.723791361
10/09/2007,27.43155823,21.24167786,69.0301966,17.47142601,0.011667609
11/09/2007,30.4591156,21.7628418,59.82323282,0,0.016853213
12/09/2007,30.73237,22.15841064,60.33475765,0,0.058025122
13/09/2007,29.65239868,21.52710876,61.75893381,20.09040833,0.073522329
14/09/2007,29.66387329,21.36817322,61.12066457,20.09040833,0.011712313
15/09/2007,29.95037231,22.84058533,65.76367957,0,0.113680959
16/09/2007,26.33480225,23.18653259,82.87165016,15.68459415,0.052005053
17/09/2007,30.49352417,21.0715271,57.23128259,7.842297077,0.161662698
18/09/2007,27.45719299,22.60326538,74.89493848,15.68459415,1.845449209
19/09/2007,30.35117493,20.66578064,56.27731969,0,0.00269711
20/09/2007,26.50939331,23.03711853,81.2861692,15.68459415,0.058546662
21/09/2007,29.03873596,21.00093994,61.95177757,0,0.033006072
22/09/2007,26.35488281,23.26094971,83.14635957,10.50816631,3.554463387
23/09/2007,29.60564575,22.47089539,65.5919958,10.50816631,0.95847249
24/09/2007,27.76140747,21.40958557,68.41331163,0,0.000387
25/09/2007,29.16652832,23.33132324,70.86938601,31.52449799,5.804046988
26/09/2007,29.1501709,20.51870117,59.75451039,7.589796543,0.042587519
27/09/2007,31.00571594,21.90789185,58.50227655,0,0.01335144
28/09/2007,27.38172302,22.59143982,75.17227125,22.76939011,0.09560585
29/09/2007,27.09383545,23.04766235,78.59233854,15.17959309,0.147476792
30/09/2007,29.99247131,20.98581848,58.58767338,0,0.003263354
01/10/2007,31.60039673,21.08274231,53.77429472,0,0.002086163
02/10/2007,30.56678162,21.94208679,60.11022488,3.578897476,0.0564605
03/10/2007,30.06255493,21.84415588,61.50136403,7.157794952,0.013902783
04/10/2007,30.4021698,21.61243591,59.46930357,3.578897476,0.008910894
05/10/2007,28.50182495,22.24576721,68.96045416,3.578897476,0.011920929
06/10/2007,26.60422668,21.27500305,72.6110962,18.66009521,0.003233552
07/10/2007,27.06586609,21.8964325,73.40552953,9.330047607,0.191986561
08/10/2007,29.99691162,21.10326538,58.99668468,0,0.077456236
09/10/2007,29.46218262,22.14864502,64.8525567,0,0.073835254
10/10/2007,31.09401855,21.71187744,57.51670641,0,0.00141561
11/10/2007,31.28873596,20.8885437,54.08463839,2.333184242,0.001773238
12/10/2007,32.37168274,18.81913147,44.74708447,0,0.000536
13/10/2007,31.68651733,20.43311462,51.41541748,4.666368484,0.001132488
14/10/2007,29.44638977,21.27636108,61.54327275,0,0.002756715
15/10/2007,31.32297668,20.45525513,52.55829861,0,0.000596
16/10/2007,31.68360291,19.642099,48.96722736,4.473136902,0.000536
17/10/2007,31.79024658,20.66413269,51.84740705,4.473136902,0.003710389
18/10/2007,30.86304626,20.37549744,53.6868368,4.473136902,0.001847744
19/10/2007,27.04441223,22.44896851,76.011949,0,0.00859797
20/10/2007,26.77935181,22.27524719,76.39308769,0,0.109612942
21/10/2007,30.01854858,20.39573059,56.41278629,4.212142944,0.036031008
22/10/2007,32.1813446,21.36567078,52.94685814,0,0.001743436
23/10/2007,30.01043091,21.02466736,58.66717586,4.212142944,0.00230968
24/10/2007,29.945047,21.27849731,59.811884,2.106071472,0.004291534
25/10/2007,30.45342407,21.48713074,58.84257686,4.212142944,0.034868717
26/10/2007,28.16156921,23.06714783,73.9291711,8.080159187,0.019952655
27/10/2007,24.91607056,22.15436707,84.67420261,16.16031837,0.09535253
28/10/2007,27.01172791,22.7539917,77.58028587,8.080159187,0.050351024
29/10/2007,29.29319153,22.72805176,67.83316821,0,0.015601516
30/10/2007,31.63268433,20.08313904,50.46937642,0,0.002086163
31/10/2007,31.92849121,18.87729797,46.04760886,0,0.000641
01/11/2007,32.77605591,18.32436523,42.40652805,0,0.000522
02/11/2007,31.41437683,20.06968079,51.05554909,0,0.000492
03/11/2007,31.42740784,18.82647095,47.22317681,0,0.000522
04/11/2007,31.82763062,16.46027527,39.76583206,0,0.000536
05/11/2007,30.81714783,18.31578979,47.35295446,0,0.00082
06/11/2007,31.91488037,16.34743652,39.28679589,0,0.000477
07/11/2007,31.92537842,16.52825317,39.71799806,0,0.000656
08/11/2007,31.91048584,16.38601074,39.39321988,0,0.000536
09/11/2007,30.70881042,18.39928589,47.8965344,3.059910297,0.002160668
10/11/2007,31.18825684,17.39989624,43.76565869,0,0.003710389
11/11/2007,32.64888916,15.61443481,35.96947277,0,0.000522
12/11/2007,33.55245361,14.0637146,30.94034345,0,0.000507
13/11/2007,33.53400574,14.5606781,31.98482626,0,0.000462
14/11/2007,32.70562134,15.75310669,36.17471459,0,0.000611
15/11/2007,30.91498718,18.29178772,47.01882134,0,0.001326203
16/11/2007,31.7967926,19.84052429,49.25695016,0,0.008136034
17/11/2007,33.58440552,17.44716797,38.35236979,0,0.000477
18/11/2007,33.04752502,17.67284546,40.08889721,0,0.000507
19/11/2007,33.38565979,16.67815552,36.93702503,0,0.00076
20/11/2007,34.42759094,14.54728088,30.40585017,0,0.000462
21/11/2007,32.19880066,17.82441101,42.45257574,0,0.000656
22/11/2007,33.33144531,14.65157471,32.53959201,0,0.000581
23/11/2007,32.72939453,15.14182434,34.73710787,0,0.000581
24/11/2007,33.19025574,15.8640686,35.4549966,0,0.000507
25/11/2007,33.0985199,14.8966156,33.49198527,0,0.000536
26/11/2007,33.83396301,10.61652527,24.28001501,0,0.000522
27/11/2007,33.17585144,15.07531128,33.73307276,0,0.000492
28/11/2007,33.79029236,14.20964966,30.8225399,0,0.000477
29/11/2007,34.75438843,13.16594849,27.29694968,0,0.000417
30/11/2007,34.58971558,14.81626282,30.6613492,0,0.000581
01/12/2007,34.50382385,13.50042114,28.28927048,0,0.000447
02/12/2007,33.67067871,14.9167572,32.47925694,0,0.000417
03/12/2007,32.69727478,16.58934937,38.17463219,0,0.000551
04/12/2007,32.46656189,18.50057373,43.63042592,4.708968639,0.002250075
05/12/2007,34.1181427,13.99587402,29.84819267,0,0.000417
06/12/2007,33.4314209,14.08120117,31.18569026,0,0.000387
07/12/2007,32.37604675,16.28516541,38.12571562,0,0.000522
08/12/2007,32.58068237,17.91056213,41.77477434,5.944325924,0.000797
09/12/2007,33.4863678,10.81185303,25.07997175,0,0.000522
10/12/2007,33.2733551,11.7199646,26.95635631,0,0.000551
11/12/2007,34.15969238,7.908670044,19.86521297,0,0.000402
12/12/2007,34.09333191,10.23040161,23.32259028,0,0.000417
13/12/2007,34.26781616,10.3755127,23.3225435,0,0.000387
14/12/2007,34.45932922,6.385232544,17.59897546,0,0.000402
15/12/2007,34.70140991,6.903436279,17.99522336,0,0.000387
16/12/2007,34.49776611,10.17371521,22.7180686,0,0.000432
17/12/2007,35.12714539,4.806481934,15.19868451,0,0.000417
18/12/2007,34.61876831,12.35215149,26.07434431,0,0.000387
19/12/2007,34.4795166,5.686975098,16.74991453,0,0.000417
20/12/2007,33.25924072,2.445626831,14.27311597,0,0.000373
21/12/2007,33.23409424,1.429421997,13.2901348,0,0.000373
22/12/2007,32.66568909,1.610925293,13.90096544,0,0.00038
23/12/2007,32.51789246,3.530252075,16.07042972,0,0.000373
24/12/2007,32.85596619,2.39258728,14.54439815,0,0.000373
25/12/2007,32.96322021,2.960183716,15.05300509,0,0.000358
26/12/2007,33.49997864,6.412988281,18.6003375,0,0.000373
27/12/2007,33.54219971,5.46541748,17.37765989,0,0.000343
28/12/2007,34.73206482,4.791223145,15.5178295,0,0.000373
29/12/2007,35.08989868,4.729211426,15.14789701,0,0.000343
30/12/2007,34.60942993,11.22464905,24.21556925,0,0.000343
31/12/2007,33.63665161,13.3660675,29.42906208,0,0.000656
01/01/2008,34.80718384,8.606118774,20.09455051,0,0.000358
02/01/2008,35.16115723,4.041696167,14.37787724,0,0.000358
03/01/2008,33.8653656,9.040841675,21.80563818,0,0.000387
04/01/2008,33.82099304,15.84073792,34.17605007,0,0.000432
05/01/2008,31.80256042,18.7925354,46.1318814,0,0.000492
06/01/2008,29.90072021,19.47161255,53.63602987,0,0.015765429
07/01/2008,32.31678162,5.969766235,19.27782767,0,0.000343
08/01/2008,31.40891418,2.833901978,16.28621911,0,0.000328
09/01/2008,32.69220886,4.266351318,16.76055484,0,0.00041
10/01/2008,34.39896545,7.46882019,19.02286682,0,0.000328
11/01/2008,34.83477173,8.189324951,19.50414233,0,0.000328
12/01/2008,35.23917542,7.903207397,18.70520542,0,0.000328
13/01/2008,35.01932678,8.635995483,19.90041255,0,0.000328
14/01/2008,34.81676636,11.53630981,24.4386342,0,0.000343
15/01/2008,34.8101593,12.11705933,25.40328762,0,0.000328
16/01/2008,35.0881134,8.06182251,19.0667417,0,0.000313
17/01/2008,35.07846985,5.50763855,16.00302486,0,0.000313
18/01/2008,34.87372742,4.993844604,15.61613943,0,0.000343
19/01/2008,34.35337219,4.11612854,15.1144735,0,0.000298
20/01/2008,33.34299622,0.501672363,12.35367398,0,0.000305
21/01/2008,31.15783081,0.23092041,13.70230133,0,0.000313
22/01/2008,30.42142639,0.77225647,14.8616611,0,0.000313
23/01/2008,31.73244629,1.102487183,14.12623893,0,0.000298
24/01/2008,32.68390808,2.244058228,14.53082164,0,0.000313
25/01/2008,32.82595215,1.798028564,13.96250123,0,0.000298
26/01/2008,31.77120361,-0.367346191,12.66952155,0,0.000298
27/01/2008,31.16732178,-0.264562988,13.20980211,0,0.000298
28/01/2008,31.31862793,-1.528234863,11.93762221,0,0.000298
29/01/2008,32.05355225,0.03901062,12.84363108,0,0.000313
30/01/2008,32.8742157,1.231973267,13.36968969,0,0.000283
31/01/2008,34.7178894,1.856896973,12.61737355,0,0.000283
01/02/2008,35.1065155,3.450646973,13.83248167,0,0.000298
02/02/2008,36.60891113,3.978036499,13.21971376,0,0.000268
03/02/2008,36.93270264,4.402383423,13.38137533,0,0.000283
04/02/2008,37.52442322,3.557138062,12.20915052,0,0.000283
05/02/2008,36.55663452,11.26732788,21.81639649,0,0.000283
06/02/2008,37.05544434,2.480828857,11.60342885,0,0.000283
07/02/2008,35.79815063,5.070214844,14.91946484,0,0.000283
08/02/2008,35.8512207,1.256173706,11.35222956,0,0.000283
09/02/2008,35.68857727,3.826699829,13.7562047,0,0.000343
10/02/2008,36.15439758,3.085015869,12.72384637,0,0.000373
11/02/2008,35.9028717,2.277062988,12.17983045,0,0.000253
12/02/2008,35.86780701,2.329797363,12.24933033,0,0.000268
13/02/2008,35.47123108,-0.273901367,10.37520474,0,0.000268
14/02/2008,36.28676758,0.110757446,10.20264163,0,0.000253
15/02/2008,36.26090393,0.560662842,10.55619902,0,0.000268
16/02/2008,35.99144897,-0.214453125,10.12649435,0,0.000268
17/02/2008,35.25866089,-3.975195312,7.979382679,0,0.000238
18/02/2008,35.30399475,-3.766394043,8.085438122,0,0.000268
19/02/2008,34.80207214,-2.409216309,9.199869637,0,0.000253
20/02/2008,35.52945862,-0.322180176,10.30562524,0,0.000253
21/02/2008,35.62552795,-1.468328857,9.424905569,0,0.000238
22/02/2008,36.0730072,-2.033346558,8.820184685,0,0.000238
23/02/2008,36.91210327,-2.239416504,8.297038649,0,0.000238
24/02/2008,37.13363037,-2.241751099,8.196124793,0,0.000238
25/02/2008,36.56965027,6.361535645,15.64269497,0,0.000253
26/02/2008,36.06450806,9.935632324,20.50762041,0,0.000238
27/02/2008,37.03318176,7.986505127,17.0498756,0,0.000224
28/02/2008,37.41156921,9.102532959,18.01564119,0,0.000313
29/02/2008,37.74801025,8.437265015,16.91102318,0,0.000224
01/03/2008,37.41401062,9.381433105,18.3551843,1.79908061,0.000238
02/03/2008,36.36582336,15.42893372,28.92148249,1.79908061,0.000641
03/03/2008,37.16208801,11.75032959,21.79379078,0,0.000238
04/03/2008,38.50867615,8.483041382,16.28067372,0,0.000224
05/03/2008,37.6644989,10.66329346,19.73127588,1.79908061,0.000238
06/03/2008,38.15484009,11.22828064,19.95032846,0,0.000238
07/03/2008,36.97536621,14.18485413,25.8183751,0,0.000536
08/03/2008,34.87731323,16.37397156,33.34446727,0,0.000432
09/03/2008,36.85463867,11.48406372,21.77491548,2.587769985,0.000343
10/03/2008,36.94494019,10.58272705,20.40824716,0,0.000253
11/03/2008,36.02814636,15.31820068,29.25285831,2.464376211,0.000879
12/03/2008,37.10294495,13.28737793,24.18604792,1.232188106,0.000283
13/03/2008,36.31051025,6.081262207,15.56162571,3.696564674,0.000224
14/03/2008,36.60622559,11.05283508,21.44975272,0,0.000224
15/03/2008,36.22548828,12.55123291,24.17940329,0,0.000253
16/03/2008,36.91552124,12.11464844,22.62571832,0,0.000238
17/03/2008,36.91788635,14.10172424,25.76018211,2.168661594,0.000224
18/03/2008,36.72684631,13.37435303,24.82740813,4.337323189,0.000373
19/03/2008,36.57589111,14.47187195,26.88202233,4.337323189,0.000417
20/03/2008,35.66723022,16.53551636,32.25268058,0,0.000283
21/03/2008,36.23937378,14.69158325,27.77284275,3.752463341,0.000194
22/03/2008,35.82618103,16.90604553,32.73342272,0,0.000343
23/03/2008,35.17232666,19.32155762,39.49407203,1.87623167,0.000477
24/03/2008,36.93016968,15.24276123,27.71054173,3.752463341,0.000492
25/03/2008,36.74506531,14.88141785,27.34831598,1.87623167,0.000492
26/03/2008,38.08165894,12.94538269,22.42881767,0,0.000179
27/03/2008,37.12061462,14.50884399,26.1577365,0,0.000313
28/03/2008,35.05137024,18.49788818,37.76595254,0,0.002935529
29/03/2008,36.39702759,16.96853027,31.85082597,0,0.000313
30/03/2008,36.26352844,18.50492249,35.34559403,0,0.0012815
31/03/2008,37.73511658,14.47850952,25.24979028,9.231676102,0.000507
01/04/2008,38.03688965,13.8532196,23.8542521,0,0.000209
02/04/2008,35.28043518,16.96616516,33.86053019,11.77985287,0.001311302
03/04/2008,32.94407043,18.21488342,41.72076734,0,0.000373
04/04/2008,28.19181213,21.34855042,66.47089952,7.853234768,0.025287271
05/04/2008,29.96737061,21.98516235,62.37212942,3.926617384,0.0230968
06/04/2008,30.58396301,20.45362244,54.81203284,4.816059113,0.004723668
07/04/2008,30.60682068,21.64197693,58.88414683,9.632118225,0.012993813
08/04/2008,34.79873047,15.85093079,32.39038423,0,0.000209
09/04/2008,36.12079773,11.04003296,22.00843334,0,0.000253
10/04/2008,36.19069824,12.16083679,23.61159547,0,0.000209
11/04/2008,37.44344482,11.22458801,20.7287968,0,0.000194
12/04/2008,37.11843262,11.12471924,20.95885459,0,0.000179
13/04/2008,37.42099915,11.55936584,21.21961018,0,0.000268
14/04/2008,36.57665405,14.81611023,27.48501774,0,0.000447
15/04/2008,36.09650574,15.16217957,28.85267414,0,0.000536
16/04/2008,37.54285583,14.43778381,25.44725735,0,0.000164
17/04/2008,37.36278687,15.46317444,27.4516189,5.487103462,0.000581
18/04/2008,29.02074585,19.49430237,56.50386454,5.487103462,0.004455447
19/04/2008,37.48128662,13.12297974,23.44075315,0,0.000179
20/04/2008,37.53690491,15.55645142,27.3564796,0,0.000253
21/04/2008,37.30863342,16.97609863,30.32087968,0,0.000164
22/04/2008,37.43001709,16.42180786,29.07948647,0,0.000313
23/04/2008,33.4453064,20.91539917,47.97427922,5.21182251,0.004574656
24/04/2008,34.10151062,20.11991272,44.0366264,10.42364502,0.00475347
25/04/2008,34.0990387,18.858255,40.72114502,5.21182251,0.000224
26/04/2008,34.64469299,19.52485046,41.18087322,0,0.017300248
27/04/2008,31.83391724,21.41289673,54.15295244,6.167426586,0.027626753
28/04/2008,26.77002869,23.43918762,82.0162776,0,0.036776066
29/04/2008,32.84838257,19.27791748,44.82748577,2.055808783,0.000283
30/04/2008,34.47260437,16.7414032,34.9067424,2.055808783,0.000179
01/05/2008,31.64385376,18.86225281,46.75150314,0,0.000164
02/05/2008,37.38308105,13.93482361,24.84584138,11.32468319,0.000209
03/05/2008,29.01184998,22.66132507,68.66542716,3.774894238,0.006407499
04/05/2008,33.98798523,18.87571106,41.01832837,0,0.001624227
05/05/2008,35.43866882,17.93818054,35.69132646,0,0.000253
06/05/2008,35.32860718,18.62418518,37.48768881,7.02826786,0.006899238
07/05/2008,35.69620667,15.66944275,30.46971228,7.02826786,0.001043081
08/05/2008,28.59537659,22.71454773,70.56794218,0,0.020742416
09/05/2008,34.57479248,19.61196289,41.56502612,0,0.001013279
10/05/2008,35.34230957,18.6038147,37.41165984,0,0.008672476
11/05/2008,33.27857361,19.05565796,43.15743188,4.459376812,0.000507
12/05/2008,33.62189636,21.03656921,47.85822428,2.229688406,0.001057982
13/05/2008,26.27750549,23.05683289,82.50300679,0,0.037834048
14/05/2008,30.52901611,22.84287415,63.62942398,8.918753624,0.015899539
15/05/2008,32.52495728,21.28330383,51.66991506,0,0.001519918
16/05/2008,31.8727356,22.13572083,56.47232396,16.80085182,0.024423003
17/05/2008,31.77198181,21.16750488,53.53192901,16.80085182,0.006407499
18/05/2008,32.80259094,21.0733429,50.21857656,12.60063839,0.053986907
19/05/2008,33.41648254,21.41933594,49.56032648,0,0.002264977
20/05/2008,30.2247406,22.11283264,61.93873394,0,0.011712313
21/05/2008,32.77504883,21.0949646,50.36313929,15.04355049,0.003948808
22/05/2008,32.99375305,19.95050964,46.35935968,4.298157215,0.000238
23/05/2008,32.90487061,21.00811157,49.73138527,0,0.006467104
24/05/2008,28.5176178,21.1158844,64.30123558,11.2826643,0.010102987
25/05/2008,30.73925171,21.25507507,57.07299912,7.521775246,0.013068318
26/05/2008,31.59803162,20.3746582,51.48777195,0,0.000447
27/05/2008,32.92211304,20.23012695,47.35819249,0,0.000373
28/05/2008,29.13715515,21.74039612,64.4547338,0,0.018566847
29/05/2008,32.08251343,19.14838562,46.42709171,20.07491493,0.000462
30/05/2008,32.79140625,20.09763489,47.31786692,10.03745747,0.000834
31/05/2008,28.10410461,22.2794281,70.7169685,10.03745747,0.058814883
01/06/2008,33.21528015,20.67580566,47.8846919,0,0.000671
02/06/2008,31.66132507,21.82898865,56.09348086,0,0.003814697
03/06/2008,24.85205994,21.82558594,83.31144023,33.65151978,0.032782555
04/06/2008,31.49099121,19.03989563,47.68415374,0,0.000253
05/06/2008,33.21904907,20.5453125,47.49123213,0,0.00073
06/06/2008,33.21732483,19.73264465,45.16802403,20.82154274,0.001117587
07/06/2008,26.28612671,21.72954712,76.07124077,0,0.030860305
08/06/2008,31.05831299,19.67182312,50.83048919,6.940514088,0.001266599
09/06/2008,30.02817688,20.07468567,55.27420627,6.940514088,0.025093555
10/06/2008,29.80715332,21.56844482,61.3670225,13.88102818,0.036582351
11/06/2008,31.01453552,21.16732178,55.88316459,0,0.001475215
12/06/2008,29.04393921,22.02831421,65.95094034,4.961624146,0.031575561
13/06/2008,29.3936554,21.53624878,62.72071671,4.961624146,0.002801418
14/06/2008,30.72487793,20.71457825,55.25436979,0,0.002011657
15/06/2008,31.32618103,20.31510315,52.09615417,4.961624146,0.000447
16/06/2008,30.42725525,21.86385498,60.30296514,0,0.01168251
17/06/2008,28.60236511,22.20678101,68.39716241,0,0.01911819
18/06/2008,29.29221497,20.2378479,58.24830836,13.51434994,0.006899238
19/06/2008,31.63419495,19.28017578,48.01205399,0,0.000641
20/06/2008,31.75002441,19.99331055,49.8571425,0,0.000298
21/06/2008,31.8755127,19.48278198,47.96123305,0,0.000805
22/06/2008,30.38703308,20.99976501,57.32758579,19.24604797,0.014811754
23/06/2008,26.30140076,21.6475769,75.62305121,0,0.069797039
24/06/2008,28.0883728,21.74802551,68.52608301,19.24604797,0.014051795
25/06/2008,26.74859009,21.16253052,71.5023769,9.623023987,0.017300248
26/06/2008,29.26642761,21.55628357,63.25988878,5.030986786,0.015303493
27/06/2008,27.44544373,22.66471252,75.22625563,10.06197357,0.021547079
28/06/2008,29.29688416,22.47573242,66.78845528,10.06197357,0.011339784
29/06/2008,30.10708008,20.72947083,57.29364332,10.06197357,0.017777085
30/06/2008,27.02802429,21.93512878,73.74245509,15.0929594,0.057712197
01/07/2008,28.10830078,20.6297699,63.90942096,12.88407516,0.001162291
02/07/2008,30.37095032,22.51082764,62.92718925,2.57681489,0.051915646
03/07/2008,25.79953918,21.20865784,75.83390445,0,0.030294061
04/07/2008,30.24674377,20.76423035,56.95883152,0,0.005364418
05/07/2008,29.10042725,21.05223999,61.92620867,2.57681489,0.012010336
06/07/2008,27.90189514,20.47486267,64.06744133,14.38131618,0.013053417
07/07/2008,24.89020691,21.56047974,81.78668304,7.190658092,0.070646405
08/07/2008,28.18172607,20.14072571,61.74502531,3.595329046,0.011727214
09/07/2008,27.44300232,20.42116699,65.58909576,0,0.00461936
10/07/2008,28.86199341,19.38213501,56.62855586,0,0.002726912
11/07/2008,30.14776001,20.98441467,58.06341315,0,0.00718236
12/07/2008,28.21091614,21.20624695,65.82050545,0,0.011324883
13/07/2008,29.75428162,20.30509338,56.95554469,12.7683754,0.011771917
14/07/2008,28.11168823,21.46297607,67.25092014,12.7683754,0.005066395
15/07/2008,23.06878052,21.87407837,93.00142989,0,0.066027045
16/07/2008,28.60062561,20.83130798,62.88341323,4.909996033,0.010550022
17/07/2008,28.52253113,20.24489746,60.926072,19.63998413,0.026836991
18/07/2008,22.17504272,21.90157471,98.34746751,14.72998905,4.021823406
19/07/2008,27.28447876,20.19013367,65.26241876,0,0.018388033
20/07/2008,28.38849792,21.77633057,67.45759559,0,0.016629696
21/07/2008,26.30539856,22.83226929,81.25571729,8.142348289,1.079410315
22/07/2008,26.54819641,21.01642761,71.70428486,4.071174145,0.042706728
23/07/2008,26.47431335,22.14670715,77.17045263,4.071174145,0.036224723
24/07/2008,29.20165405,19.43607483,55.71468256,0,0.002786517
25/07/2008,26.69996033,22.01386414,75.53870077,8.142348289,0.082522631
26/07/2008,23.56859741,22.46210632,93.52722589,36.39109802,1.200139523
27/07/2008,27.45842896,21.00699768,67.9363793,36.39109802,0.032901764
28/07/2008,28.84290466,20.85395203,62.09370218,12.13036728,0.00949204
29/07/2008,28.94407043,22.0777832,66.53291108,12.13036728,0.183135271
30/07/2008,26.59041748,21.84278259,75.23793248,12.13036728,0.409066677
31/07/2008,29.52201233,21.04410706,60.40898337,0,0.006169081
01/08/2008,27.17565308,21.75470886,72.306522,0,0.064015388
02/08/2008,27.17951355,20.88430176,68.53576644,6.856214523,0.04285574
03/08/2008,23.77907715,22.32662354,91.59298735,13.71242905,1.25297904
04/08/2008,26.33318481,21.75730286,75.98911759,0,0.021442771
05/08/2008,27.37586365,21.19596252,69.06155735,0,0.07557869
06/08/2008,27.45768127,22.12697754,72.7558141,25.69033241,0.023201108
07/08/2008,26.3247467,21.44135437,74.57240128,25.69033241,0.036984682
08/08/2008,24.81902466,21.15145264,80.1022509,0,0.058114529
09/08/2008,28.27863464,20.57428894,63.06367882,0,0.008329749
10/08/2008,28.22976074,21.04973755,65.1200192,0,0.0230968
11/08/2008,28.42603455,22.27889404,69.40409216,8.67798996,0.045612454
12/08/2008,26.68410645,21.04247437,71.24704681,8.67798996,0.050902367
13/08/2008,23.93030701,21.74875793,87.62407926,0,4.598528147
14/08/2008,29.19169006,21.66201172,63.94522411,0,0.458449125
15/08/2008,27.21056519,21.84777222,72.56989674,0,0.067353249
16/08/2008,25.56989441,22.31549988,82.24818121,0,1.153379679
17/08/2008,26.31591187,20.72391663,71.39667897,0,0.016778708
18/08/2008,27.63651428,20.29696045,64.35634612,0,0.005081296
19/08/2008,27.6773468,20.3305603,64.33647563,0,0.013068318
20/08/2008,27.79007874,20.8796936,66.11418032,7.98037529,0.023454428
21/08/2008,27.75301514,21.58887634,69.20183344,8.352104187,0.045791268
22/08/2008,25.6282135,21.13559875,76.26495979,2.784034967,0.029325485
23/08/2008,26.78313599,21.79108582,74.15570154,0,0.054955482
24/08/2008,26.19663391,23.28389893,84.04250699,11.13613987,1.141190529
25/08/2008,25.56186829,23.28913269,87.28655384,8.352104187,0.234007835
26/08/2008,28.87252197,21.58065186,64.81216962,8.236536026,0.068068504
27/08/2008,27.83703003,21.06154785,66.67422643,0,0.020951033
28/08/2008,25.60328064,20.66056213,74.17964962,8.236536026,0.032231212
29/08/2008,26.39554749,20.9585968,72.09533418,8.236536026,1.451641321
30/08/2008,27.84926758,20.85538635,65.78801321,16.47307205,0.081181526
31/08/2008,25.00016174,22.8771759,88.03039506,8.236536026,3.47225368
01/09/2008,28.49805603,22.21795044,68.85889339,20.49791718,0.062674284
02/09/2008,26.88314209,22.05977783,74.93934795,0,1.65143609
03/09/2008,29.52694092,21.14577637,60.76989493,0,0.402033329
04/09/2008,26.0969635,21.81470642,77.32643699,20.49791718,8.911266923
05/09/2008,24.51017151,22.84690247,90.47650112,10.24895859,0.703573227
06/09/2008,31.09530029,20.98929749,55.0223029,0,0.002563
07/09/2008,30.62001953,21.63733826,58.82310882,8.176139832,0.01090765
08/09/2008,28.48903809,22.55068359,70.30220443,0,0.077173114
09/09/2008,29.63744507,20.87394104,59.38491992,0,0.023812056
10/09/2008,27.88775024,21.85178528,69.77187605,24.52841949,0.026285648
11/09/2008,26.09028015,20.909021,73.18239211,0,0.015050173
12/09/2008,27.92336426,20.87412415,65.58006595,0,0.011846423
13/09/2008,29.2762085,21.60190735,63.40085016,0,0.013485551
14/09/2008,26.18370972,22.89483032,82.15184028,20.27893639,0.177949667
15/09/2008,25.49471436,21.33962402,77.83885227,20.27893639,0.579059124
16/09/2008,26.74315796,20.76040039,69.77961976,7.992316246,0.003963709
17/09/2008,30.70668945,22.30721436,60.97274669,7.992316246,0.045567751
18/09/2008,30.85523376,22.4921051,61.14151626,7.992316246,0.133305788
19/09/2008,28.78461609,21.31754456,64.10195006,15.98463249,0.037074089
20/09/2008,28.77958069,21.90358887,66.45959506,0,0.019699335
21/09/2008,29.93003235,22.82532654,65.77966709,4.934139252,0.080704689
22/09/2008,29.52204285,21.59610901,62.48700647,19.73655701,0.00308454
23/09/2008,28.06907043,21.42211304,67.24946453,4.934139252,0.009000301
24/09/2008,30.99645386,20.56055603,53.89204782,4.934139252,0.022009015
25/09/2008,30.91544495,22.4266449,60.69033732,4.934139252,0.007554889
26/09/2008,23.83898315,22.75788269,93.68425314,18.7624054,2.257525921
27/09/2008,28.61629639,22.31324158,68.78597273,0,0.266492367
28/09/2008,25.90747986,22.62156067,82.13246159,18.7624054,0.043854117
29/09/2008,28.69718323,22.81678162,70.58881089,12.50826931,0.108733773
30/09/2008,24.28826294,22.9195343,92.08996675,18.7624054,1.753643155
01/10/2008,30.32219849,20.64148865,56.28642118,0,0.001549721
02/10/2008,30.48861084,21.82717285,59.95747633,4.484816074,0.039994717
03/10/2008,28.59328613,22.16004333,68.23877048,4.484816074,0.019714236
04/10/2008,29.42073975,22.28727112,65.5582241,8.969632149,0.183552504
05/10/2008,30.10421143,22.12276611,62.40562583,8.969632149,0.137642026
06/10/2008,27.6607605,22.41762695,73.18008915,4.603599548,0.037781894
07/10/2008,28.95348511,22.12256775,66.67833136,4.603599548,0.01167506
08/10/2008,28.27121887,21.72451172,67.70407544,4.603599548,0.002488494
09/10/2008,28.81867371,23.13125,71.44030272,0,0.027194619
10/10/2008,29.2464386,20.71576843,60.14933636,13.81079769,0.037401915
11/10/2008,24.67499695,21.94602356,84.81726086,10.05595207,1.51489675
12/10/2008,29.0997406,22.43210754,67.3738101,10.05595207,0.024110079
13/10/2008,28.56463013,23.70037231,75.03018244,3.351984024,0.057592988
14/10/2008,31.05848083,21.89780579,58.29097086,0,0.004217029
15/10/2008,30.02123413,21.65453491,60.937491,10.05595207,0.073060393
16/10/2008,26.157724,23.05481873,83.07817296,7.528708935,0.530198216
17/10/2008,28.96338806,23.58355103,72.80426083,7.528708935,0.056102872
18/10/2008,28.95113525,22.62799988,68.7676767,3.764354467,0.007241964
19/10/2008,29.87011108,22.23731384,63.69183486,7.528708935,0.002726912
20/10/2008,30.35810242,21.5223938,59.29198505,0,0.004962087
21/10/2008,31.51511536,16.79081116,41.3354177,0,0.00079
22/10/2008,29.46499023,19.80439148,56.14462873,0,0.002026558
23/10/2008,31.79728088,18.85596619,46.32889018,0,0.000894
24/10/2008,31.94985352,18.08612976,43.76827803,0,0.00079
25/10/2008,32.0147644,18.21843872,43.9718647,0,0.000879
26/10/2008,32.31011353,16.46209106,38.70128949,0,0.00102818
27/10/2008,31.16985474,18.72615967,47.61967119,9.979613304,0.001206994
28/10/2008,30.47582397,21.46074829,58.67247688,9.979613304,0.020846725
29/10/2008,31.74660645,21.26566467,53.93254478,0,0.020176172
30/10/2008,31.9973999,21.27599487,53.20656173,0,0.004157424
31/10/2008,31.5594574,19.69814453,49.48475439,0,0.001624227
01/11/2008,32.8651825,16.96505127,38.72899331,0,0.001072884
02/11/2008,32.61852417,15.95205078,36.81775031,0,0.001057982
03/11/2008,32.1178833,15.754953,37.39697136,0,0.000879
04/11/2008,32.59890137,14.93656311,34.53369617,0,0.000909
05/11/2008,33.25792847,13.5223175,30.36651341,0,0.000864
06/11/2008,32.68665466,13.76307068,31.85067997,0,0.000939
07/11/2008,33.04238281,12.36234436,28.48859676,0,0.000879
08/11/2008,33.87151489,10.92728577,24.73589061,0,0.000909
09/11/2008,32.30231628,14.178125,33.43618373,0,0.000894
10/11/2008,32.12755737,16.87130127,40.13195218,1.080186129,0.001043081
11/11/2008,33.33933411,14.58509216,32.38589516,0,0.000894
12/11/2008,32.25568542,13.37246094,31.81353022,0,0.000864
13/11/2008,32.5307251,14.81794128,34.40244433,0,0.000864
14/11/2008,32.85682068,14.60354004,33.31340473,0,0.000864
15/11/2008,34.54146729,11.55225525,24.84042664,0,0.000834
16/11/2008,34.58399353,10.31250916,22.82053967,0,0.000894
17/11/2008,34.27672729,11.90271912,25.7988142,0,0.000849
18/11/2008,33.8996521,14.7366272,31.69692256,0,0.000834
19/11/2008,31.3456665,18.87375793,47.58314395,0,0.004217029
20/11/2008,31.61434326,20.08313904,50.52185846,0,0.017046928
21/11/2008,32.89675293,16.76880798,38.18209727,0,0.001311302
22/11/2008,34.70884094,12.6390625,26.43806783,0,0.000894
23/11/2008,34.92875061,13.12064514,26.95493924,0,0.000894
24/11/2008,35.1342865,12.09865723,24.92192236,0,0.000834
25/11/2008,34.46152649,13.52967224,28.40982059,0,0.001043081
26/11/2008,34.51259766,14.01641235,29.24022098,0,0.000834
27/11/2008,35.49199829,12.48624573,25.06618653,0,0.000834
28/11/2008,35.33356628,10.99360046,22.9110454,0,0.000864
29/11/2008,34.99225769,13.41762695,27.38623234,0,0.000954
30/11/2008,34.94165955,13.17966614,27.03977365,0,0.000969
01/12/2008,34.44048462,16.88582764,35.29101103,0,0.000805
02/12/2008,33.58963928,17.40841064,38.24742104,0,0.001147389
03/12/2008,33.29271851,16.95479736,37.78723268,5.419695854,0.000939
04/12/2008,32.47991333,19.34076843,45.94534781,0,0.018432736
05/12/2008,32.096521,17.1766449,40.98769081,5.419695854,0.025421381
06/12/2008,31.30272827,14.11342773,35.23408261,2.078688622,0.001847744
07/12/2008,33.50878296,11.06170044,25.46826441,0,0.001013279
08/12/2008,34.1403595,9.464624023,22.09668855,0,0.00076
09/12/2008,33.88355408,13.32236633,28.9439235,0,0.000775
10/12/2008,33.85544739,14.03353271,30.36212183,0,0.000775
11/12/2008,34.38561401,13.6383606,28.73239051,0,0.000775
12/12/2008,34.61080322,12.7953125,26.85578167,0,0.000834
13/12/2008,34.74755249,12.29752502,25.79613306,0,0.000864
14/12/2008,34.75713501,13.35793457,27.63699166,0,0.000849
15/12/2008,34.78269348,14.86318359,30.42719755,0,0.000745
16/12/2008,33.6821228,16.46862183,35.84942771,0,0.000894
17/12/2008,34.32058105,14.27987061,30.06255723,0,0.000954
18/12/2008,35.34949646,11.807901,24.15990946,0,0.00073
19/12/2008,35.24924622,12.26636658,25.03926931,0,0.0007
20/12/2008,35.25437317,13.95423279,27.95164394,0,0.00076
21/12/2008,35.43526611,2.238916016,12.46314093,0,0.000685
22/12/2008,34.39638672,2.132516479,13.100208,0,0.0007
23/12/2008,34.02550659,2.610177612,13.83670096,0,0.000685
24/12/2008,34.14806519,4.656060791,15.87815727,0,0.000671
25/12/2008,33.81908569,5.956170654,17.70397336,0,0.000671
26/12/2008,34.42756042,6.114877319,17.30378028,0,0.000671
27/12/2008,35.31580505,6.971795654,17.47631961,0,0.000656
28/12/2008,35.62767944,5.473565674,15.4890337,0,0.000656
29/12/2008,35.57569275,2.800393677,12.87196184,0,0.000656
30/12/2008,34.78640137,6.958047485,17.9780585,0,0.000641
31/12/2008,35.00692139,3.583856201,14.04035062,0,0.000656
01/01/2009,34.6043335,5.540689087,16.4662247,0,0.000626
02/01/2009,34.02095947,6.455636597,18.12084418,0,0.000656
03/01/2009,34.6123291,5.003610229,15.85463082,0,0.000626
04/01/2009,34.98220215,5.515634155,16.09732539,0,0.000626
05/01/2009,34.86385498,9.272821045,20.95493771,0,0.000656
06/01/2009,35.44059143,11.57337341,23.66911985,0,0.000596
07/01/2009,35.3747345,12.32973633,24.97047191,0,0.000626
08/01/2009,35.93132935,10.65738831,21.67919866,0,0.000611
09/01/2009,34.31508789,16.15488586,33.92303453,3.340805769,0.000715
10/01/2009,33.33234558,17.74169312,39.62596721,1.670402884,0.000864
11/01/2009,35.44559631,14.89751587,29.39841768,0,0.000626
12/01/2009,34.07570801,17.03850708,36.36397333,2.106430769,0.002488494
13/01/2009,34.89554749,12.06156311,25.19126383,0,0.000775
14/01/2009,36.59043274,4.65897522,13.88098304,0,0.000581
15/01/2009,36.71871338,4.683618164,13.80788585,0,0.000581
16/01/2009,35.43781433,13.76612244,27.33429045,0,0.000656
17/01/2009,35.63077698,16.25014648,31.7354786,0,0.0019297
18/01/2009,34.61197815,15.90194092,32.83408878,0,0.000611
19/01/2009,33.93297729,17.01836548,36.60735751,2.944562435,0.000671
20/01/2009,34.14811096,11.31998596,25.00143646,0,0.000566
21/01/2009,34.92754517,4.878579712,15.44488684,1.266156077,0.000715
22/01/2009,33.23426208,4.282357788,16.27677587,0,0.000834
23/01/2009,34.01389465,2.328088379,13.57000729,0,0.000551
24/01/2009,34.70368347,2.712670898,13.42287405,0,0.000536
25/01/2009,34.75023804,5.938592529,16.79085782,0,0.000522
26/01/2009,35.68190918,8.127954102,18.53608177,0,0.000536
27/01/2009,36.60541687,7.050439453,16.37029841,0,0.000536
28/01/2009,36.13942871,12.38434753,24.02881031,0,0.000522
29/01/2009,35.30635986,13.86480103,27.71020644,0,0.000507
30/01/2009,35.27849731,15.32329712,30.49431124,0,0.000522
31/01/2009,35.08826599,13.58683167,27.54330677,0,0.000536
01/02/2009,35.69648132,13.19591675,25.9649696,0,0.000507
02/02/2009,36.32018433,11.80336914,22.89851479,0,0.000507
03/02/2009,36.04630432,12.29979858,24.01790695,0,0.000507
04/02/2009,36.03913269,13.65744934,26.2592354,2.33652854,0.000522
05/02/2009,36.52849731,10.89301453,21.31336455,0,0.000492
06/02/2009,36.44315491,9.514077759,19.52602856,0,0.000566
07/02/2009,36.9032074,13.1978241,24.30806574,0,0.000492
08/02/2009,37.09752808,13.23215637,24.10612616,2.747605324,0.000536
09/02/2009,36.93477783,12.97016296,23.90781701,1.373802662,0.000477
10/02/2009,36.01964722,11.46637878,22.76569766,1.373802662,0.000477
11/02/2009,36.41030273,6.637612915,16.08280637,0,0.000462
12/02/2009,37.16123352,7.238168335,16.08752656,0,0.000492
13/02/2009,36.3926178,11.30437622,22.06707651,0,0.000447
14/02/2009,36.14968262,13.44715271,25.74552017,2.30134654,0.000492
15/02/2009,35.12522278,14.74515686,29.63002411,0,0.000611
16/02/2009,34.12555847,17.70874939,37.83199252,0,0.000566
17/02/2009,35.49576721,16.35889587,32.19451434,4.128464699,0.000522
18/02/2009,36.42821655,13.67138062,25.72884747,0,0.000432
19/02/2009,35.9343811,13.89199219,26.81639572,0,0.000447
20/02/2009,37.37458191,11.80529175,21.62184873,0,0.000447
21/02/2009,36.26075134,13.52051697,25.71196124,0,0.000432
22/02/2009,36.53441772,12.31452332,23.40720145,0,0.000432
23/02/2009,37.97538147,9.895761108,18.43140619,0,0.000417
24/02/2009,36.61420593,12.6683136,23.85327188,1.374479413,0.000477
25/02/2009,37.43328247,11.64525757,21.32628963,2.748958826,0.000432
26/02/2009,38.07932434,10.75365601,19.40972159,2.184752226,0.000402
27/02/2009,36.46650085,13.87812195,26.02244731,0,0.000611
28/02/2009,36.134729,15.29465637,29.03844914,0,0.000492
01/03/2009,37.10367737,13.79837952,25.00355605,0,0.000387
02/03/2009,37.80294189,8.706613159,17.17148068,0,0.000462
03/03/2009,37.4787384,11.9473053,21.70238949,0,0.000507
04/03/2009,37.71140442,11.6664978,21.03650757,0,0.000402
05/03/2009,37.91115723,10.87185059,19.74175757,0,0.000417
06/03/2009,37.34928284,14.02431641,25.03650327,0,0.000432
07/03/2009,37.07227478,15.45273743,27.87009009,2.913674593,0.000447
08/03/2009,35.75631104,18.90154419,37.25561253,0,0.002339482
09/03/2009,36.89849243,15.2047821,27.69075439,0,0.000566
10/03/2009,37.04897461,14.72857056,26.63520005,0,0.000522
11/03/2009,37.70194397,10.57010803,19.56930374,0,0.000522
12/03/2009,37.6909729,11.23928223,20.47228717,0,0.000387
13/03/2009,37.10689697,14.72440491,26.54421358,0,0.000745
14/03/2009,36.69906006,16.21585999,29.86556969,3.603693008,0.000462
15/03/2009,38.17675171,10.89714966,19.49313763,5.405539989,0.000417
16/03/2009,37.79502258,12.57354126,22.23088273,0,0.000373
17/03/2009,36.03998718,15.38445435,29.35847858,0,0.000462
18/03/2009,36.08022461,15.97240601,30.41770001,1.5606004,0.001683831
19/03/2009,36.77515564,14.95839844,27.4391917,3.1212008,0.000447
20/03/2009,37.03119812,11.4057251,21.45481665,0,0.000343
21/03/2009,37.87296448,13.91991577,24.17118824,0,0.000417
22/03/2009,37.06026611,15.46759949,27.91491659,0,0.000417
23/03/2009,38.00136719,15.26307068,26.17931671,1.202096224,0.000343
24/03/2009,37.69266663,16.41227112,28.65071283,1.202096224,0.000641
25/03/2009,38.98595581,14.02350769,22.91725371,0,0.000343
26/03/2009,39.06456909,10.0888916,17.60750045,0,0.000358
27/03/2009,37.83890686,13.69111023,23.85833738,0,0.000298
28/03/2009,37.35411987,16.97896729,30.25153219,3.579226255,0.000998
29/03/2009,38.1269165,12.8096405,22.17605719,3.579226255,0.000313
30/03/2009,37.60933838,15.7237793,27.54284518,0,0.000313
31/03/2009,37.27979431,16.74282227,29.92231319,3.579226255,0.000745
01/04/2009,33.95984802,18.94837341,41.26943842,0,0.000998
02/04/2009,34.13187561,20.23208008,44.26819435,2.120190859,0.00153482
03/04/2009,34.37996826,20.10454712,43.31914245,4.240381718,0.002622604
04/04/2009,36.28544006,18.34482727,34.95079186,8.480763435,0.016361475
05/04/2009,33.98552856,18.29633484,39.56295744,0,0.001013279
06/04/2009,34.4631134,18.64888916,39.38682318,3.577819347,0.002563
07/04/2009,35.66694031,18.63688049,36.82493369,3.577819347,0.029414892
08/04/2009,31.67048035,21.21425781,53.99510798,3.577819347,0.00102818
09/04/2009,37.27933655,13.98092041,25.06117657,0,0.000283
10/04/2009,36.07845459,15.81627808,30.11854201,0,0.000298
11/04/2009,35.73973999,17.00841675,33.1034202,0,0.000402
12/04/2009,32.49767456,19.99007568,47.78688934,3.787954092,0.001817942
13/04/2009,30.43091736,20.61551819,55.84808079,7.575908184,0.00667572
14/04/2009,33.81717834,20.01516113,44.4505236,1.893977046,0.008881092
15/04/2009,33.76386414,20.23813782,45.20189986,3.787954092,0.005915761
16/04/2009,33.07073364,19.86106262,45.90459354,7.362303257,0.000477
17/04/2009,32.79502258,19.3301178,45.10834999,0,0.000894
18/04/2009,31.92246399,19.86405334,48.97939486,11.04345512,0.003710389
19/04/2009,34.02153931,19.68834839,43.06615444,0,0.000313
20/04/2009,30.93503723,23.10038147,63.14875167,0,0.008180737
21/04/2009,33.72306213,21.7169281,49.61363305,13.65010643,0.020876527
22/04/2009,36.60201416,18.05101929,33.72309493,6.825053215,0.001162291
23/04/2009,33.34177551,21.87175903,51.16321545,0,0.001609325
24/04/2009,34.82502136,20.13359985,42.33952431,20.47515869,0.000313
25/04/2009,35.29656372,19.49225769,39.64288272,0,0.004664063
26/04/2009,33.69919739,20.67905579,46.61600242,4.861443043,0.00217557
27/04/2009,35.39203796,19.99663696,40.68796995,7.292164803,0.001773238
28/04/2009,35.25904236,19.78382263,40.45056552,2.430721521,0.000402
29/04/2009,35.74428711,19.91826782,39.71351383,0,0.001192093
30/04/2009,33.35492859,21.62783203,50.36963283,0,0.001221895
01/05/2009,36.45333252,19.65540466,37.58170816,0,0.000775
02/05/2009,33.76850281,21.94162903,50.17138056,5.101358414,0.021904707
03/05/2009,34.04898987,19.90075073,43.5704305,2.550679207,0.001206994
04/05/2009,28.34299622,23.63729248,75.71342172,2.550679207,0.088870525
05/05/2009,29.80619202,19.99863586,55.72007302,5.101358414,0.005200505
06/05/2009,32.27349243,20.72158203,50.62982565,3.617096663,0.005751848
07/05/2009,33.05414734,18.7855011,42.97260877,0,0.001594424
08/05/2009,32.10654602,20.55062256,50.57365406,1.808548331,0.005856156
09/05/2009,28.80079041,22.18743286,67.53602892,3.617096663,0.019446015
10/05/2009,29.24002991,20.78269348,60.41992385,1.808548331,0.010415912
11/05/2009,33.12864075,20.33484802,47.11662183,0,0.00308454
12/05/2009,33.58760986,20.14150391,45.37689998,0,0.002071261
13/05/2009,33.88523254,18.22164307,39.59858754,9.478347778,0.000402
14/05/2009,33.78193054,18.89550171,41.54334794,9.478347778,0.001132488
15/05/2009,33.75219116,20.03800354,44.67502509,4.739173889,0.001192093
16/05/2009,30.73952637,21.5831543,58.23009532,0,0.00795722
17/05/2009,34.59514771,21.2182251,45.8439713,2.968957901,0.000566
18/05/2009,35.1430603,19.35770569,39.64700793,0,0.000298
19/05/2009,34.0402771,20.62445984,45.58469851,0,0.009894371
20/05/2009,34.58979187,20.11455688,42.84430088,2.968957901,0.000417
21/05/2009,33.95806274,19.77164612,43.44254163,0,0.000358
22/05/2009,34.71473083,18.898172,39.45108923,0,0.000253
23/05/2009,34.70391235,18.86385498,39.39023575,0,0.000283
24/05/2009,34.12915955,20.71152649,45.60366615,1.585102081,0.011414289
25/05/2009,32.34308777,21.02088318,51.36822693,4.755305767,0.005185604
26/05/2009,35.0065094,18.39095459,37.60686706,0,0.000253
27/05/2009,34.26752625,20.32377014,44.18513068,0,0.002264977
28/05/2009,31.93500671,21.98513184,55.75989725,0,0.005528331
29/05/2009,33.15415344,21.77599487,51.40218366,6.191307068,0.027820468
30/05/2009,30.01323853,19.44971619,53.21839026,6.191307068,0.002384186
31/05/2009,33.8858429,19.70157776,43.42851678,0,0.000611
01/06/2009,34.68961487,19.61574707,41.31107241,0,0.000551
02/06/2009,33.30617676,20.2471405,46.39846962,0,0.001192093
03/06/2009,34.45617065,19.45820007,41.44163092,0,0.001788139
04/06/2009,32.12349854,20.89611206,51.61130093,9.626933098,0.002264977
05/06/2009,31.58219299,20.8494812,53.06383726,19.2538662,0.01193583
06/06/2009,32.92447815,20.55935059,48.32381874,0,0.024273992
07/06/2009,31.22435913,22.11281738,58.50535584,5.116231918,0.032916665
08/06/2009,33.58306274,20.12127075,45.3316701,5.116231918,0.000492
09/06/2009,28.80655823,22.17015991,67.44254453,5.116231918,0.011265278
10/06/2009,30.5651947,22.35764465,61.65598293,10.23246384,0.005558133
11/06/2009,27.5405365,21.79099426,70.93621101,8.48901844,0.021457672
12/06/2009,30.11661682,21.21607361,59.00007814,8.48901844,0.026017427
13/06/2009,31.56922302,21.46659241,55.15185208,8.48901844,0.010371208
14/06/2009,30.52645264,21.95292053,60.28867694,0,0.040054321
15/06/2009,27.27237854,22.83841858,76.79600391,8.48901844,0.084906816
16/06/2009,26.25345764,21.93976746,77.20213724,0,0.133171678
17/06/2009,30.48395691,20.18433533,54.21700694,0,0.000447
18/06/2009,31.58918152,20.20058594,50.96272319,4.71777153,0.000887
19/06/2009,27.79010925,21.99189148,70.77232183,0,0.052668154
20/06/2009,28.4009491,21.83457336,67.6489399,4.71777153,0.03939867
21/06/2009,27.9243103,20.61200867,64.5270348,17.33038521,0.028610229
22/06/2009,31.58200989,19.8010498,49.73797294,0,0.010162592
23/06/2009,31.60575256,21.63823853,55.61862122,8.665192604,0.031560659
24/06/2009,30.46352539,21.58190308,59.1505331,8.665192604,0.004842877
25/06/2009,30.21532593,20.76255188,57.05549615,0,0.000864
26/06/2009,24.53112183,22.80039368,90.10906893,22.74647522,0.062569976
27/06/2009,29.18227539,21.55449829,63.56081651,5.686618805,0.008642673
28/06/2009,29.33828125,21.20102844,61.64246351,11.37323761,0.003427267
29/06/2009,29.2890564,19.9139801,57.10322921,5.686618805,0.010550022
30/06/2009,29.20420227,20.91246948,61.03007389,5.686618805,0.009194016
01/07/2009,29.76720581,19.09613953,52.80024727,0,0.001132488
02/07/2009,30.1491333,20.16500244,55.19977278,0,0.003382564
03/07/2009,30.63268433,21.33057556,57.68743743,21.23898315,0.032395124
04/07/2009,30.38292847,21.87996826,60.51547835,0,0.034958124
05/07/2009,30.34081421,21.99976501,61.106205,0,0.008955598
06/07/2009,27.64190063,22.2897583,72.69348904,8.099362373,0.027343631
07/07/2009,30.20986328,19.76355896,53.65758139,8.099362373,0.000551
08/07/2009,26.40270386,22.53270874,79.3367605,8.099362373,0.033885241
09/07/2009,28.62459717,21.37314758,64.91956193,16.19872475,0.023573637
10/07/2009,24.78022156,21.52640686,82.1535334,4.049681187,0.010043383
11/07/2009,26.9453064,20.7125946,68.75339077,0,0.004887581
12/07/2009,29.30405579,19.90802917,57.03283514,0,0.00269711
13/07/2009,30.2076355,20.75075684,57.03921127,10.83959389,0.007599592
14/07/2009,29.04416809,20.78678284,61.12232465,10.83959389,0.026851892
15/07/2009,29.30826721,20.11371765,57.74957354,0,0.003263354
16/07/2009,29.1112915,21.92385254,65.27785689,5.204798698,0.007882714
17/07/2009,25.85895691,21.68100891,77.78454571,10.4095974,0.031217933
18/07/2009,29.55890808,21.6333252,62.49658931,0,0.00141561
19/07/2009,29.52326355,20.67192993,59.03791483,0,0.001460314
20/07/2009,29.72756348,21.62706909,61.86966556,5.204798698,0.012740493
21/07/2009,28.36904297,21.54642639,66.59163979,14.52842045,0.019490719
22/07/2009,29.69236145,20.97231445,59.5566916,7.264210224,0.020161271
23/07/2009,29.97036133,20.85022888,58.17518402,14.52842045,0.001087785
24/07/2009,30.44451294,21.34234009,58.35294939,14.52842045,0.025629997
25/07/2009,28.04195557,21.54519043,67.86489635,0,0.010833144
26/07/2009,28.03696594,21.92965088,69.49747143,5.087695122,0.034451485
27/07/2009,22.75104675,21.13918457,90.63877207,10.17539024,0.156924129
28/07/2009,25.48673401,20.82496033,75.45386728,0,0.045374036
29/07/2009,28.4392334,20.58547363,62.52137522,0,0.002875924
30/07/2009,26.83930359,21.97562561,74.74820273,0,0.020176172
31/07/2009,28.77770386,20.86498413,62.37073868,10.17539024,0.010237098
01/08/2009,27.46434937,20.39382324,65.39684842,0,0.005081296
02/08/2009,29.7028595,22.08509216,63.71361431,0,0.018492341
03/08/2009,27.06611023,21.95728455,73.6773978,14.62858105,0.04260242
04/08/2009,28.98537598,20.39428101,59.86478984,0,0.003814697
05/08/2009,29.61531982,21.34822998,61.21675027,29.25716209,0.018492341
06/08/2009,27.40784607,22.48870239,74.59089317,0,0.099331141
07/08/2009,29.18293152,21.59784851,63.72712183,0,0.00500679
08/08/2009,28.82270203,21.79708252,65.86447741,0,0.015735626
09/08/2009,30.43578491,21.67025146,59.56522522,12.66281509,0.03311038
10/08/2009,27.66799316,21.64214478,69.77285926,0,0.010222197
11/08/2009,28.07842407,21.84583435,68.97639252,0,0.017985702
12/08/2009,27.54699097,20.79354248,66.70461805,33.83586121,0.023156404
13/08/2009,27.44106445,21.39824829,69.65689183,22.55724144,0.029921532
14/08/2009,27.37851868,21.62391052,70.88410166,0,0.112354755
15/08/2009,27.25634155,23.22963867,78.70825361,0,0.01886487
16/08/2009,27.85869751,22.2335907,71.53510036,25.76196861,0.046849251
17/08/2009,23.50498352,22.34171448,93.20198441,51.52393723,0.256329775
18/08/2009,28.42286072,20.74447021,63.19659269,0,0.009045005
19/08/2009,29.14524231,20.67820129,60.3618281,12.88098431,0.006303191
20/08/2009,27.78295288,22.1247345,71.37721493,0,0.069066882
21/08/2009,29.19925842,21.32709656,62.62074905,25.51018333,0.009566545
22/08/2009,26.71209106,22.57241211,78.09292297,12.75509167,0.071957707
23/08/2009,28.13639221,20.82834778,64.58975536,0,0.004708767
24/08/2009,29.73677979,22.21239624,64.08427925,12.75509167,0.561743975
25/08/2009,28.75220642,21.12336121,63.46215271,25.51018333,0.014662743
26/08/2009,28.5198761,21.74535522,66.81878317,0,0.007137656
27/08/2009,29.81014404,21.920755,62.69094699,12.20905304,0.008091331
28/08/2009,24.94410095,23.69144592,92.77389525,24.41810608,0.069051981
29/08/2009,25.01236877,21.00509033,78.47618193,0,0.01052022
30/08/2009,28.68905029,22.07055054,67.49232666,0,0.029504299
31/08/2009,26.32146606,21.53490601,75.01504091,12.20905304,0.04349649
01/09/2009,28.7002655,21.25130615,64.15481081,0,0.004202127
02/09/2009,28.58893738,22.03403625,67.7341432,0,0.013127923
03/09/2009,25.56815491,22.72556458,84.33007018,20.69597244,0.077456236
04/09/2009,29.76273499,20.28327332,56.85121896,0,0.003665686
05/09/2009,26.33182678,23.43067322,84.1162835,41.39194489,0.120043755
06/09/2009,26.51249084,22.21283875,77.30769585,0,0.020906329
07/09/2009,29.08907471,22.51247559,67.74516355,0,0.076442957
08/09/2009,30.32740173,22.55045471,63.23608767,27.43364906,0.015556812
09/09/2009,27.94187317,22.44111023,72.09303443,13.71682453,0.039979815
10/09/2009,26.7574707,22.20415649,76.16127128,13.71682453,0.056609511
11/09/2009,28.76427612,22.28502808,68.08197978,12.51302433,0.024661422
12/09/2009,30.3938385,22.03185425,61.04040698,6.256512165,0.00756979
13/09/2009,28.51679382,22.45623169,69.78774783,6.256512165,0.061944127
14/09/2009,30.2492157,21.86504517,60.92478378,6.256512165,0.006109476
15/09/2009,25.09855042,21.90343628,82.48784007,18.76953506,0.028580427
16/09/2009,26.89197693,22.52800903,77.06392028,31.37457275,0.026315451
17/09/2009,29.61318359,21.35976563,61.26755162,0,0.001519918
18/09/2009,31.02736816,22.10265503,59.12795255,31.37457275,0.029698014
19/09/2009,27.22515259,23.03826294,77.94560144,15.68728638,0.024721026
20/09/2009,29.28896484,21.68651733,63.68270042,0,0.006571412
21/09/2009,25.38649902,22.54363403,84.30867328,14.42223358,0.040978193
22/09/2009,30.78400574,20.60946045,54.71299886,28.84446716,0.009790063
23/09/2009,30.69275818,22.63462219,62.24670714,0,0.674590468
24/09/2009,30.24772034,21.29781494,58.85284323,0,0.005289912
25/09/2009,30.99334106,21.05219421,55.55669936,14.42223358,0.001043081
26/09/2009,31.37146912,22.43120728,59.15301016,0,0.017911196
27/09/2009,29.76938782,22.66289673,65.73894913,0,0.007688999
28/09/2009,29.8530365,21.8888031,62.41494704,12.5344162,0.009357929
29/09/2009,30.13901672,21.87806091,61.35923953,0,0.00795722
30/09/2009,28.99315796,22.83919678,69.48459724,37.6032486,0.008314848
01/10/2009,29.9976593,21.57657776,60.72982761,0,0.001937151
02/10/2009,31.07338867,21.87256775,58.15194027,0,0.011876225
03/10/2009,30.84836731,22.18222961,60.02397553,0,0.014588237
04/10/2009,29.54546509,21.57923279,62.33846062,5.167574406,0.008404255
05/10/2009,28.33867798,22.14574585,69.19407848,5.167574406,0.063687563
06/10/2009,29.78013,22.03022156,63.2196173,1.895213962,0.020354986
07/10/2009,28.11255798,21.78998718,68.60528031,1.895213962,0.004172325
08/10/2009,28.71309814,21.49097595,65.05514071,5.685641766,0.008374453
09/10/2009,30.18639526,22.21227417,62.4518141,0,0.028416514
10/10/2009,31.21975098,19.95679626,51.26361223,0,0.00082
11/10/2009,30.99395142,19.83384094,51.53228318,0,0.0012815
12/10/2009,27.92243347,23.08181152,75.03190105,4.316784382,0.017523766
13/10/2009,29.13634644,21.99157104,65.453189,0,0.037819147
14/10/2009,23.44381104,22.42649231,94.02940946,4.316784382,0.540137291
15/10/2009,27.89627991,20.68370972,64.91856951,8.633568764,0.000492
16/10/2009,31.11368713,21.76070557,57.62397888,0,0.002875924
17/10/2009,30.65845642,20.57077942,54.97509829,3.639827728,0.001519918
18/10/2009,30.39206848,21.7625061,60.05177166,0,0.001937151
19/10/2009,30.82506714,21.43442688,57.42184883,0,0.002577901
20/10/2009,27.62992249,21.72145996,70.26782033,3.639827728,0.022485852
21/10/2009,27.70891724,21.30674133,68.19219733,6.845930099,0.01911819
22/10/2009,29.84394226,21.86585388,62.36017707,0,0.065922737
23/10/2009,30.01056824,22.39847717,63.80270505,20.53778839,0.047057867
24/10/2009,27.53034363,21.88483582,71.38612754,13.6918602,0.008776784
25/10/2009,28.52347717,21.9236084,67.53554639,6.845930099,0.00846386
26/10/2009,29.25847778,22.20064697,65.82645758,0,0.020936131
27/10/2009,30.30802307,21.18248901,58.23682102,5.306458473,0.000961
28/10/2009,25.86112366,22.91794739,83.85041973,5.306458473,0.036001205
29/10/2009,24.30750427,22.43657837,89.32935122,10.61291695,0.151783228
30/10/2009,30.0243927,20.59320984,57.08482756,5.306458473,0.018388033
31/10/2009,31.8197876,21.83298645,55.60603606,0,0.001594424
01/11/2009,30.25435791,21.31066284,58.87681989,0,0.004321337
02/11/2009,30.96857605,20.51978455,53.84216751,4.335665226,0.000805
03/11/2009,33.46558533,16.86095581,37.20156435,0,0.000164
04/11/2009,32.20450745,19.79351196,47.99499291,0,0.000373
05/11/2009,31.7521759,21.26679382,53.91927382,2.167832613,0.001773238
06/11/2009,31.41619263,19.90714417,50.539176,1.507227302,0.000313
07/11/2009,31.83852539,19.89786682,49.31568975,0,0.000373
08/11/2009,31.64579163,20.73845825,52.51301436,0,0.000998
09/11/2009,30.32323608,21.66513977,59.93117526,2.260841131,0.003442168
10/11/2009,30.76992188,20.52526245,54.47355088,0,0.001475215
11/11/2009,31.40708313,20.68409119,53.05084675,0,0.000179
12/11/2009,32.20098267,19.9838501,48.57399211,0,0.001803041
13/11/2009,31.53231201,20.8578125,53.24138488,0,0.001236796
14/11/2009,32.56755981,17.93718872,41.87572272,0,0.000253
15/11/2009,33.13668213,16.89789734,37.98159783,0,0.000194
16/11/2009,33.75986633,12.09728394,26.89478546,0,0.000268
17/11/2009,33.13942871,6.933892822,19.6724703,0,0.000164
18/11/2009,32.63227234,8.867959595,23.09288325,0,0.000149
19/11/2009,32.89359436,8.840112305,22.71345067,0,0.000164
20/11/2009,33.45261536,8.555718994,21.5932639,0,0.000149
21/11/2009,33.37729797,8.866983032,22.14629353,0,0.000164
22/11/2009,33.05967102,10.73684082,25.55825045,0,0.000149
23/11/2009,33.7728363,11.50518188,25.84465295,0,0.000164
24/11/2009,33.6566864,10.7786499,24.78765389,0,0.000179
25/11/2009,34.87911377,9.318307495,21.00153753,0,0.000149
26/11/2009,34.48858032,11.75623474,25.25170457,0,0.000149
27/11/2009,34.87670288,8.345147705,19.66610241,0,0.000149
28/11/2009,34.28835449,10.27098999,23.13376842,0,0.000238
29/11/2009,34.65183411,9.723855591,21.85567733,0,0.000149
30/11/2009,34.71167908,9.410791016,21.32954345,0,0.000149
01/12/2009,35.07857666,7.857858276,18.81352973,0,0.000134
02/12/2009,34.88482056,7.618737793,18.70827689,0,0.000164
03/12/2009,34.77472839,10.7461792,23.24361493,0,0.000149
04/12/2009,35.06427917,9.276589966,20.72929354,0,0.000164
05/12/2009,34.95165405,11.85195313,24.76838645,0,0.000179
06/12/2009,35.29229126,7.889337158,18.63285379,0,0.000224
07/12/2009,35.24016724,2.946603394,13.24908322,0,0.000134
08/12/2009,35.46247253,2.271737671,12.47367831,0,0.000164
09/12/2009,35.27359924,4.523843384,14.78099288,0,0.000134
10/12/2009,35.31876526,10.48798523,22.1703503,0,0.000149
11/12/2009,34.34449158,13.7068573,28.92670489,0,0.000238
12/12/2009,34.36638794,14.12799988,29.69257117,0,0.000149
13/12/2009,34.47983704,14.8276001,30.87132247,0,0.000149
14/12/2009,34.84510193,16.27433167,33.19256618,0,0.000194
15/12/2009,35.90155945,12.13907776,23.95467933,0,0.000149
16/12/2009,36.22651062,10.78916321,21.51920342,0,0.000149
17/12/2009,36.52205811,10.49035034,20.75638456,0,0.000149
18/12/2009,35.66948853,13.12496338,25.88328481,0,0.000149
19/12/2009,35.85061035,11.00875244,22.29077165,2.632370949,0.000194
20/12/2009,36.1295105,9.503289795,19.84982722,0,0.000179
21/12/2009,36.01081238,10.71447144,21.66710751,0,0.000373
22/12/2009,36.06847534,11.01474915,22.03460582,2.509312391,0.000417
23/12/2009,36.22831116,3.131417847,12.71418632,0,0.000149
24/12/2009,35.12130127,8.007501221,18.96156426,0,0.000209
25/12/2009,34.99086914,-0.269720459,10.65712545,0,0.000179
26/12/2009,34.33361206,-1.371099854,10.19536675,0,0.000179
27/12/2009,34.51546631,0.996743774,11.99441066,0,0.000268
28/12/2009,34.89924011,3.8890625,14.43156415,0,0.000164
29/12/2009,34.97062073,4.706658936,15.2240267,0,0.000238
30/12/2009,35.07709656,2.940698242,13.36329277,0,0.000149
31/12/2009,35.06691895,3.587716675,13.997697,0,0.000119
01/01/2010,35.38898621,6.489007568,16.8371528,0,0.000119
02/01/2010,35.09223328,3.404962158,13.79874419,0,0.000119
03/01/2010,34.65499268,0.710610962,11.65844259,0,0.000119
04/01/2010,34.31357727,8.944436646,21.13046826,0,0.000179
05/01/2010,34.17032776,11.27559814,24.89717287,0,0.000119
06/01/2010,34.35090027,13.95855103,29.39323375,0,0.000119
07/01/2010,34.85874329,14.84024963,30.25464598,0,0.000119
08/01/2010,35.73542175,13.0516449,25.66631146,0,0.000119
09/01/2010,36.03182373,7.590692139,17.52917611,0,0.000119
10/01/2010,35.15966187,12.55588684,25.64676228,0,0.000298
11/01/2010,36.13059387,10.54923401,21.2894241,0,0.000119
12/01/2010,36.77457581,3.25196228,12.44598073,0,0.000104
13/01/2010,36.16538391,8.351724243,18.32723558,0,0.000164
14/01/2010,35.44938049,11.68615112,23.8347759,0,0.000164
15/01/2010,35.76983032,11.67615662,23.40272612,0,0.000164
16/01/2010,35.7139679,7.382836914,17.58606433,0,0.000119
17/01/2010,35.96573792,5.746148682,15.49455231,0,0.000104
18/01/2010,34.22893677,7.584039307,19.35526707,0,0.000104
19/01/2010,34.58390198,1.508187866,12.39728335,0,0.000104
20/01/2010,35.01558838,1.315988159,11.93839742,0,0.000104
21/01/2010,35.50242004,3.200234985,13.2959899,0,0.000119
22/01/2010,35.71090088,5.916955566,15.900155,0,0.000119
23/01/2010,36.70241699,4.610040283,13.7491678,0,0.000119
24/01/2010,36.16338501,10.7778717,21.57752831,0,0.000104
25/01/2010,36.41970215,12.85250244,24.40101017,0,0.000104
26/01/2010,36.32105408,15.21967468,28.60544763,0,0.000268
27/01/2010,36.2268158,16.20438538,30.62441783,0,0.000253
28/01/2010,35.97884521,15.93905029,30.5222085,0,0.000298
29/01/2010,37.63106689,11.17176208,20.44705041,0,0.000119
30/01/2010,38.63007507,0.789102173,9.436799389,0,0.000134
31/01/2010,38.34549866,-2.789358521,7.369104203,0,0.000112
01/02/2010,37.47159729,9.770120239,18.78241793,0,0.000112
02/02/2010,38.0412384,2.779763794,11.23576362,0,0.000112
03/02/2010,36.88997803,11.854776,22.27225076,0,0.000194
04/02/2010,36.80730591,13.78873596,25.394665,0,0.000104
05/02/2010,36.98291931,-1.283056641,8.870100632,0,0.000224
06/02/2010,35.92341003,-2.165258789,8.80639825,0,0.0000894
07/02/2010,35.67391357,2.091439819,12.17152541,0,0.0000894
08/02/2010,35.87745056,0.945779419,11.08499226,0,0.0000894
09/02/2010,35.27434692,10.89399109,22.83422997,0,0.000104
10/02/2010,35.77523193,13.82148132,26.92819387,0,0.000104
11/02/2010,36.95850525,12.7567688,23.54558816,0,0.000119
12/02/2010,35.05085144,16.26664124,32.80101668,2.509845018,0.000179
13/02/2010,36.45250854,15.07436523,28.13630718,5.019690037,0.000268
14/02/2010,38.59186707,7.939736938,15.62010483,2.509845018,0.000104
15/02/2010,36.76638184,13.76159058,25.40654675,0,0.000104
16/02/2010,37.36124573,15.81008301,28.07082547,0,0.000387
17/02/2010,38.6322876,12.60727844,21.2954513,0,0.000104
18/02/2010,37.64171753,14.75316772,25.83205842,0,0.000104
19/02/2010,37.60964355,15.67144165,27.45024994,0,0.000104
20/02/2010,38.23075256,14.55826721,24.70902765,0,0.0000894
21/02/2010,38.31435547,13.84662781,23.48941782,1.994329691,0.000104
22/02/2010,38.82442627,13.23876343,21.96591706,0,0.000104
23/02/2010,38.7618042,11.32917175,19.4379198,0,0.0000894
24/02/2010,38.79668579,10.79929504,18.73037733,0,0.0000894
25/02/2010,38.71134338,12.02971802,20.41464563,0,0.000224
26/02/2010,38.77599487,11.42699585,19.54941774,0,0.000104
27/02/2010,38.51593933,9.711557007,17.68144057,0,0.0000894
28/02/2010,38.14620361,13.57570801,23.28957089,0,0.0000894
01/03/2010,37.05883179,16.65628967,30.11815667,0,0.000268
02/03/2010,38.27591858,12.96639404,22.22529477,0,0.0000894
03/03/2010,39.13918457,6.7615448,13.99189735,0,0.000134
04/03/2010,38.54477844,9.028024292,16.85966231,0,0.0000894
05/03/2010,37.61603699,12.68338928,22.60991077,0,0.000104
06/03/2010,37.39458618,13.44448242,24.05075752,0,0.000209
07/03/2010,37.07201538,14.60598145,26.39213369,0,0.000119
08/03/2010,37.12726746,17.56078491,31.77481988,2.077335119,0.000164
09/03/2010,36.52340088,19.02182922,35.9908281,4.154670238,0.000715
10/03/2010,37.26964722,18.40265808,33.24392499,2.077335119,0.00461936
11/03/2010,36.52514038,17.74004517,33.20878379,0,0.000149
12/03/2010,36.34526978,16.97501526,31.95429078,2.796793222,0.000119
13/03/2010,38.25792847,16.00400696,27.07398182,2.796793222,0.000134
14/03/2010,36.50155029,19.29897461,36.66149883,0,0.001594424
15/03/2010,35.69777832,20.185495,40.47902727,5.593586445,0.044032931
16/03/2010,35.71244202,17.88710938,35.0447725,2.337226152,0.004559755
17/03/2010,34.24982605,19.10065613,40.99653984,0,0.00795722
18/03/2010,35.37334595,18.39473877,36.86183796,2.337226152,0.001773238
19/03/2010,37.63315735,15.73005066,27.51834108,0,0.000164
20/03/2010,37.18566284,4.118112183,12.93745386,0,0.000119
21/03/2010,37.14008484,1.411187744,10.69856107,0,0.000149
22/03/2010,37.89974365,1.642327881,10.43844985,0,0.0000745
23/03/2010,38.61617432,1.566918945,9.988302406,0,0.0000745
24/03/2010,38.07329712,4.530130005,12.69136725,0,0.000119
25/03/2010,37.03630981,11.45206604,21.51478913,0,0.0000894
26/03/2010,37.88192139,9.451654053,17.98024842,0,0.0000894
27/03/2010,38.19552002,7.773568726,15.77771803,0,0.000104
28/03/2010,38.71174011,9.826791382,17.63192982,0,0.000224
29/03/2010,38.47104797,9.949655151,18.00971206,0,0.0000894
30/03/2010,38.043573,12.18776855,21.38467636,0,0.000119
31/03/2010,37.03336487,14.47715149,26.22848432,0,0.000104
01/04/2010,38.51746521,12.28458557,20.9779966,0,0.0000894
02/04/2010,39.28087769,10.45508728,17.83588842,7.479207993,0.000119
03/04/2010,38.24216614,12.20266113,21.17725564,0,0.000149
04/04/2010,38.2567688,14.64125977,24.80696597,7.479207993,0.0000894
05/04/2010,38.51500854,16.27153931,27.16096269,0,0.000864
06/04/2010,36.82839355,18.44072876,34.13363884,0,0.010222197
07/04/2010,36.49768982,16.31131897,30.38020567,0,0.0000745
08/04/2010,38.94703064,14.62914429,23.88332615,0,0.00082
09/04/2010,38.35361633,16.47054443,27.74773321,0,0.006407499
10/04/2010,35.05909119,17.65731201,35.80762556,5.392362118,0.000119
11/04/2010,37.5931488,16.74535522,29.42226824,0,0.000149
12/04/2010,37.75693665,16.99952087,29.63622947,0,0.0000894
13/04/2010,36.47483215,19.34226379,36.81413137,1.994070292,0.000551
14/04/2010,36.3301178,20.65801392,40.25553775,0,0.001087785
15/04/2010,37.63141785,19.49741516,34.90245533,1.994070292,0.013798475
16/04/2010,35.08516846,21.23449097,44.66210816,11.33447266,0.02540648
17/04/2010,35.85604248,20.2933136,40.39670422,8.500854492,0.0000745
18/04/2010,37.93889771,18.42792664,32.10986241,0,0.000402
19/04/2010,37.45218811,19.49198303,35.23159833,0,0.000298
20/04/2010,35.84182129,20.87877808,41.91344933,0,0.001341105
21/04/2010,35.05558167,21.44742737,45.32256029,7.820213318,0.00166893
22/04/2010,32.65032349,22.48439941,55.20739478,7.820213318,0.003695488
23/04/2010,35.22815857,21.33321533,44.57985872,7.820213318,0.006839633
24/04/2010,33.41388855,21.89283142,51.02280734,7.820213318,0.000447
25/04/2010,35.30822144,20.81508789,42.99390126,0,0.002324581
26/04/2010,33.11670837,22.47684631,53.75600442,5.387845993,0.026032329
27/04/2010,31.45087585,22.66974792,59.74577625,0,0.025913119
28/04/2010,29.61831055,23.07683716,67.99531688,2.693922997,0.018045306
29/04/2010,34.75925598,21.12253723,45.16317104,2.693922997,0.004887581
30/04/2010,33.90117798,21.81092224,49.40611257,2.693922997,0.008076429
01/05/2010,34.16062317,21.02570496,46.41190571,0,0.016674399
02/05/2010,32.52379761,22.53991089,55.78951063,6.796973228,0.019669533
03/05/2010,34.02481995,21.8021637,49.04083818,6.796973228,0.026285648
04/05/2010,32.90126953,23.01307068,56.20668238,3.398486614,0.022873282
05/05/2010,31.09472046,22.93692932,61.96181526,6.796973228,0.012129545
06/05/2010,33.08396301,21.75176392,51.52848055,10.82927132,0.006020069
07/05/2010,31.4653717,22.12339172,57.74728629,10.82927132,0.019595027
08/05/2010,31.63553772,23.00597534,60.33966963,10.82927132,0.028640032
09/05/2010,32.17151794,22.73923645,57.60048796,0,0.010401011
10/05/2010,32.66880188,20.62700806,49.2276978,0,0.000179
11/05/2010,33.98041687,21.62687073,48.63861181,0,0.000805
12/05/2010,35.82953796,20.31977234,40.52171789,2.265832901,0.001132488
13/05/2010,31.26355896,22.98186646,61.53695107,0,0.011816621
14/05/2010,33.36272583,21.06182251,48.63181986,0,0.000849
15/05/2010,34.8334137,20.52010498,43.34198094,0,0.000894
16/05/2010,33.38106689,22.25916443,52.27006627,5.50415659,0.003606081
17/05/2010,32.79000244,22.29416809,54.14608511,11.00831318,0.00073
18/05/2010,34.13889465,19.98789368,43.58761795,0,0.000238
19/05/2010,33.5934082,20.70195923,46.95828725,0,0.001072884
20/05/2010,33.07453308,21.76696167,51.60359571,0,0.019714236
21/05/2010,30.89415894,24.0190979,66.89682893,0,0.015422702
22/05/2010,33.62963257,21.57007751,49.42738898,0,0.004827976
23/05/2010,32.87893066,22.34858093,54.05487714,6.291530132,0.006109476
24/05/2010,30.40422974,22.16674194,61.50737823,6.291530132,0.001594424
25/05/2010,32.3099762,22.58803711,56.63074455,0,0.02592802
26/05/2010,31.55498657,23.23650513,61.46609734,7.848423004,0.051110983
27/05/2010,31.47142944,22.33773193,58.4852077,0,0.029966235
28/05/2010,31.81232605,21.97243652,56.10472674,0,0.006198883
29/05/2010,33.44671021,20.91843567,47.97946804,3.139369249,0.000179
30/05/2010,28.27022705,23.06939087,73.47363822,0,0.011876225
31/05/2010,30.8197113,22.52640686,61.39316169,1.569684625,0.003904104
01/06/2010,31.6801239,21.44712219,54.74106727,5.591274738,0.000939
02/06/2010,28.80832825,22.80535278,70.08749827,11.18254948,0.051990151
03/06/2010,30.51026306,21.61655579,59.11787053,5.591274738,0.018715858
04/06/2010,27.06827698,21.95868835,73.67434317,0,0.016674399
05/06/2010,31.44962463,20.82706604,53.39063775,0,0.000581
06/06/2010,31.08612976,22.7592865,61.32882305,7.95412302,0.008538365
07/06/2010,32.03540955,20.50681458,50.64030361,0,0.001043081
08/06/2010,31.88694153,20.44104919,50.86036113,0,0.001117587
09/06/2010,28.24537048,22.77146301,72.26502151,15.90824604,0.014930964
10/06/2010,31.51381836,21.174646,54.34451337,15.90824604,0.003397465
11/06/2010,31.81936035,22.14200745,56.66479268,9.53028965,0.027790666
12/06/2010,31.20325623,22.98357544,61.75459181,0,0.038802624
13/06/2010,29.17789612,22.5594574,67.59115263,9.53028965,0.008970499
14/06/2010,30.64219055,21.90186462,59.70531747,9.53028965,0.003665686
15/06/2010,30.57770691,21.59124146,58.79947067,0,0.017493963
16/06/2010,31.10422668,21.84873352,57.9656429,0,0.024288893
17/06/2010,30.23923645,20.26546631,55.25765205,0,0.013977289
18/06/2010,31.531427,21.1163269,54.09635937,4.088191986,0.002682209
19/06/2010,32.52280579,20.67145691,49.7697719,8.176383972,0.001549721
20/06/2010,28.5798584,22.67102966,70.44534467,4.088191986,0.033602118
21/06/2010,31.58815918,21.43642578,54.99104764,10.87532806,0.003010035
22/06/2010,32.13268433,21.62629089,53.94593935,0,0.013366342
23/06/2010,28.03922424,23.04667053,74.36517277,10.87532806,0.086262822
24/06/2010,29.51967773,21.55960999,62.35618399,0,0.024408102
25/06/2010,29.48870239,22.32987366,65.47150767,5.437664032,0.010177493
26/06/2010,24.29673157,21.49091492,84.37905597,0,0.09778142
27/06/2010,26.81234131,21.20626221,71.42634124,5.055962086,0.027239323
28/06/2010,29.12607727,22.92513428,69.31281374,0,0.013396144
29/06/2010,31.29429016,20.97625122,54.3597986,0,0.001356006
30/06/2010,30.92336426,21.3719574,56.88309899,10.11192417,0.001221895
01/07/2010,28.74044189,21.86690674,66.46146081,13.20139027,0.006139278
02/07/2010,29.277948,20.71827087,60.04937441,0,0.005483627
03/07/2010,29.48233948,19.74201355,55.87202381,0,0.000268
04/07/2010,30.8191925,20.39232788,53.87713596,3.300347567,0.000238
05/07/2010,31.28281555,21.45896301,56.02943504,0,0.007256866
06/07/2010,29.82998047,21.20372925,59.9329155,4.600384235,0.005185604
07/07/2010,29.83564148,20.59375916,57.70848587,9.200768471,0.006303191
08/07/2010,30.81841431,21.13948975,56.41459817,4.600384235,0.001937151
09/07/2010,29.89475403,20.9250885,58.69766456,13.80115318,0.041052699
10/07/2010,22.74031982,22.34880981,97.65168684,4.600384235,11.86642051
11/07/2010,26.01525269,22.97901306,83.39714211,0,0.303864479
12/07/2010,31.11837158,21.29569397,55.99294374,6.260327339,0.005438924
13/07/2010,25.31972656,23.29526672,88.58313652,6.260327339,0.071391463
14/07/2010,28.08397827,22.64559326,72.39198204,6.260327339,2.404242754
15/07/2010,28.89846191,22.12906799,66.9172895,0,0.035732985
16/07/2010,26.12893066,22.15534363,78.79996959,4.113667011,0.01244247
17/07/2010,26.73673401,21.96143494,75.13504948,0,0.019580126
18/07/2010,27.80465088,23.14827881,75.85283534,4.113667011,0.010713935
19/07/2010,28.55411682,22.10674438,68.17230537,8.227334023,0.032827258
20/07/2010,23.05552063,21.01645813,88.31576723,8.227334023,0.110358
21/07/2010,24.66576538,19.29413757,72.07268701,0,0.000745
22/07/2010,27.20975647,19.88622437,64.32733444,0,0.013887882
23/07/2010,24.20948181,21.21534119,83.40141047,18.34575462,0.109434128
24/07/2010,26.67157898,20.23441467,67.83756718,0,0.003188848
25/07/2010,25.98856506,20.09134827,70.00352821,0,0.005602837
26/07/2010,26.9122406,22.33703003,76.08444004,0,0.031113625
27/07/2010,23.27268372,22.0385376,92.78876301,9.075126648,0.048100948
28/07/2010,28.69750366,21.68453369,65.88914296,0,0.013828278
29/07/2010,29.10782776,20.64542542,60.37037513,0,0.008106232
30/07/2010,25.37957153,22.37655029,83.49178175,0,0.623077154
31/07/2010,28.00667725,20.81076965,65.00884024,0,0.006765127
01/08/2010,28.12133179,19.25664673,58.65485483,0,0.001132488
02/08/2010,28.35753784,21.14902649,65.03350581,0,0.007718801
03/08/2010,27.72646484,21.24547729,67.86708571,0,0.008523464
04/08/2010,28.23014221,21.59465942,67.32947187,0,0.0038445
05/08/2010,28.36809692,22.22385559,69.40514736,0,0.009447336
06/08/2010,29.24743042,21.62482605,63.59521159,13.95239449,0.005483627
07/08/2010,27.70211182,22.21369324,72.10403403,6.976197243,0.037699938
08/08/2010,25.5624939,22.09299622,81.17761882,0,0.099778175
09/08/2010,24.41355286,22.37838135,88.45078582,20.92859077,0.046104193
10/08/2010,28.27597961,21.91985474,68.49717923,0,0.05954504
11/08/2010,28.48284302,22.05524597,68.24029695,16.73608208,0.008627772
12/08/2010,25.76203308,21.23642883,76.1320388,50.20824432,0.038146973
13/08/2010,22.72516785,22.43343506,98.245337,0,2.009928226
14/08/2010,27.71204529,21.78313599,70.19568495,0,0.341027975
15/08/2010,29.7184082,21.38204346,60.98111824,0,0.005498528
16/08/2010,27.93876038,23.87046204,78.60923433,25.38131523,0.02849102
17/08/2010,29.47461853,20.69150696,59.27490314,0,0.003039837
18/08/2010,28.47921143,21.62056885,66.46785894,0,0.018805265
19/08/2010,27.91965637,22.37833557,71.91159693,8.460438728,0.077545643
20/08/2010,28.84882507,22.41015015,68.26692671,16.92087746,0.088840723
21/08/2010,28.36416016,21.82386169,67.74927995,9.933860779,0.016406178
22/08/2010,29.44211731,20.89064941,60.11803032,0,0.012174249
23/08/2010,28.79430542,22.41130981,68.48746634,22.70596886,0.018417835
24/08/2010,26.32492981,24.17081604,87.97913755,0,1.94068253
25/08/2010,27.2355896,23.2463623,78.8835638,0,0.078588724
26/08/2010,29.17276917,21.9671875,65.2187079,0,0.005483627
27/08/2010,28.57224426,21.87229309,67.13436421,7.467716694,0.011891127
28/08/2010,27.57792053,21.77277527,70.70276795,14.93543339,0.009536743
29/08/2010,28.76838074,21.74151001,65.84806268,0,0.014394522
30/08/2010,28.73540649,21.69912109,65.80329208,14.93543339,0.043869019
31/08/2010,25.06440125,21.49544678,80.6209353,0,1.326948404
01/09/2010,29.00917969,21.98699341,65.91730796,0,0.008642673
02/09/2010,29.58843384,20.9561554,59.85428045,4.649777412,0.018402934
03/09/2010,26.1617981,23.76427612,86.68820022,9.299554825,0.094100833
04/09/2010,27.96131287,23.16767273,75.25157727,13.94933128,1.071423292
05/09/2010,26.48195801,22.19448242,77.36036191,18.59910965,0.02604723
06/09/2010,26.60021362,22.11533508,76.45438161,0,0.013768673
07/09/2010,25.90024719,22.71262512,82.6226012,7.216444492,0.116705894
08/09/2010,26.10152588,21.53237305,75.98335623,7.216444492,0.068098307
09/09/2010,28.70792542,21.51593933,65.17410388,7.216444492,0.063300133
10/09/2010,28.8048645,22.32966003,68.10680537,0,0.050246716
11/09/2010,28.11651001,22.87328491,73.25892074,19.23784828,0.119686127
12/09/2010,29.32392273,22.24518738,65.75648074,0,0.036522746
13/09/2010,29.49599609,21.39319763,61.80856854,0,0.043481588
14/09/2010,28.24189148,22.15592346,69.62739312,0,0.655651093
15/09/2010,28.21404419,22.01773987,69.1556558,0,2.256110311
16/09/2010,29.31452332,20.64804993,59.66432543,0,0.00141561
17/09/2010,25.99306641,21.8872467,78.14781363,12.91902924,0.031888485
18/09/2010,26.28836975,22.32862244,78.88920708,6.459514618,0.060856342
19/09/2010,28.29641113,22.42984924,70.57306895,6.459514618,0.017404556
20/09/2010,25.81569824,23.05747375,84.78876052,12.91902924,0.174924731
21/09/2010,27.58641968,23.26288757,77.35862467,17.92302895,0.252723694
22/09/2010,26.71474609,22.11565552,75.94254005,8.961514473,0.057324767
23/09/2010,28.25074158,22.94387207,73.00058807,26.88454437,0.240206718
24/09/2010,26.86541138,22.18865356,75.60844292,17.92302895,1.868978143
25/09/2010,28.93268738,20.70081482,61.19277374,0,12.34273612
26/09/2010,29.55149231,21.31791077,61.32795306,11.7312088,0.023543835
27/09/2010,27.04711304,22.53331909,76.39017122,17.5968132,0.041902065
28/09/2010,25.91315613,21.83817444,78.28322617,17.5968132,0.04132092
29/09/2010,31.17232666,21.42310486,56.2587564,5.865604401,0.003263354
30/09/2010,30.04534302,23.30773315,67.27974929,17.5968132,0.066399574
01/10/2010,31.13883362,22.84765015,61.47340501,12.9539175,0.009477139
02/10/2010,29.66121826,22.67218933,66.18624604,4.317972183,0.030219555
03/10/2010,30.08094177,22.15101013,62.59647093,4.317972183,0.003874302
04/10/2010,26.68309937,22.27382813,76.81994249,4.317972183,0.069871545
05/10/2010,28.83731995,22.70409546,69.54199189,4.317972183,0.074326992
06/10/2010,26.03112183,23.18831787,84.37976474,0,0.051304698
07/10/2010,26.48444519,22.70726929,79.79611626,0,0.965535641
08/10/2010,29.39528809,21.54470215,62.74725345,9.146075249,0.002130866
09/10/2010,30.41256104,22.67699585,63.41374243,4.573037624,0.008821487
10/10/2010,28.41530762,22.67041931,71.11835148,0,0.092163682
11/10/2010,28.30756531,22.7499176,71.91039652,7.902198792,0.09739399
12/10/2010,27.0178009,22.53460083,76.52757108,0,0.06082654
13/10/2010,27.46473083,23.52649841,79.15903728,7.902198792,0.014901161
14/10/2010,29.20794067,23.09432373,69.69561531,0,0.062614679
15/10/2010,30.82181702,23.02851257,63.28193405,0,0.007092953
16/10/2010,31.35845337,21.89248047,57.28685138,0,0.006407499
17/10/2010,30.47458801,22.5256134,62.61158279,0,0.021472573
18/10/2010,29.84009705,22.63453064,65.35994367,3.694047451,0.009253621
19/10/2010,28.30248413,22.70333252,71.72880712,11.08214283,0.113770366
20/10/2010,26.4639679,23.71651611,84.91284703,7.388094902,0.173896551
21/10/2010,28.27591858,22.8875061,72.64561228,33.62085342,0.218659639
22/10/2010,27.97968445,22.14942322,70.66969324,0,0.007227063
23/10/2010,29.84551392,21.60541687,61.37055503,13.44834137,0.003278255
24/10/2010,27.9112793,22.29166565,71.56861006,13.44834137,0.063583255
25/10/2010,28.2305542,21.75505981,67.9909995,0,1.234322786
26/10/2010,29.28688965,22.96167908,68.82467216,0,0.021308661
27/10/2010,28.31626282,23.40659485,74.78448112,0,0.513643026
28/10/2010,28.96387634,22.47857056,68.0966537,3.80819869,0.005930662
29/10/2010,27.4432312,23.0188385,76.86685512,3.80819869,0.04118681
30/10/2010,30.72956238,20.75263367,55.36914878,3.80819869,0.003650784
31/10/2010,27.72573242,23.39272461,77.33547264,7.616397381,0.068292022
01/11/2010,29.95969543,22.80626831,65.59203792,4.836221695,0.04838407
02/11/2010,31.34951172,20.95830688,54.1298666,4.836221695,0.000447
03/11/2010,32.72306213,18.01279602,41.70895233,0,0.000268
04/11/2010,30.49038086,20.78608093,56.24612954,0,0.000283
05/11/2010,31.36234436,20.63791809,53.03472799,0,0.009059906
06/11/2010,29.96457825,21.56777344,60.81243444,0.886905193,0.000402
07/11/2010,29.00000916,21.37383423,63.52703815,0.886905193,0.002756715
08/11/2010,31.10099182,21.0723053,55.28559113,0,0.001996756
09/11/2010,33.12726746,18.57975159,42.24966074,0,0.000373
10/11/2010,31.37104187,21.44832764,55.71311637,0,0.001773238
11/11/2010,32.66794739,19.67310486,46.41040969,0,0.000462
12/11/2010,34.47161255,15.36751709,31.97701629,0,0.000298
13/11/2010,31.95054016,18.25913391,44.24461618,0,0.000477
14/11/2010,30.5691925,21.70935974,59.25428435,0,0.008404255
15/11/2010,33.01995239,16.00686035,36.12317388,0,0.000298
16/11/2010,34.38967285,14.83603821,31.04307771,0,0.000298
17/11/2010,33.37449036,16.62677917,36.83964044,0,0.000656
18/11/2010,32.55030212,16.48638306,38.24027143,0,0.000328
19/11/2010,32.03695068,17.58193359,42.19256035,0,0.000402
20/11/2010,32.27735291,17.13579712,40.46680128,0,0.001654029
21/11/2010,33.35541687,15.33339844,33.95429454,0,0.000343
22/11/2010,32.95900879,14.92878113,33.82506772,0,0.000343
23/11/2010,33.20665894,14.44764099,32.33876692,0,0.000298
24/11/2010,33.83893738,13.42695007,29.21457728,0,0.000298
25/11/2010,34.17450867,13.89359436,29.55783977,0,0.000283
26/11/2010,34.3472229,12.62838135,26.95477714,0,0.000387
27/11/2010,34.76741943,13.60428772,28.06824377,0,0.000283
28/11/2010,33.2940155,16.38962708,36.4517756,0,0.000358
29/11/2010,34.75133667,12.93441162,26.89134099,0,0.000268
30/11/2010,34.61690674,12.73842773,26.74680012,0,0.000358
01/12/2010,33.87891541,12.75643311,27.8995521,0,0.000462
02/12/2010,33.87287292,13.13614807,28.61115282,0,0.000402
03/12/2010,33.63846741,13.86283264,30.39316099,0,0.000343
04/12/2010,34.529245,12.06537781,25.71404404,0,0.000283
05/12/2010,34.24372253,10.95766602,24.27775012,0,0.000283
06/12/2010,33.63039551,10.30768738,24.05618638,0,0.000745
07/12/2010,33.17487488,11.86298523,27.36268968,0,0.000387
08/12/2010,33.09467468,4.684564209,16.87368619,0,0.000432
09/12/2010,33.1431366,7.0243927,19.79100999,0,0.000253
10/12/2010,33.38477478,5.420327759,17.47636667,0,0.000268
11/12/2010,33.55462036,4.706430054,16.47012774,0,0.000283
12/12/2010,32.95350037,5.000161743,17.38715101,0,0.000253
13/12/2010,34.10779724,7.059503174,18.79851485,0,0.000253
14/12/2010,34.3230072,9.695687866,22.21598029,0,0.000283
15/12/2010,34.99523315,7.177514648,18.04127393,0,0.000268
16/12/2010,34.72278748,8.6128479,20.197875,0,0.000387
17/12/2010,35.30643616,6.95925293,17.47029376,0,0.000298
18/12/2010,35.6063324,7.74743042,18.13687177,0,0.000268
19/12/2010,35.41443787,7.716607666,18.29100886,0,0.000328
20/12/2010,35.04503784,4.386956787,14.82569272,0,0.000291
21/12/2010,34.65828857,5.843911743,16.76623326,0,0.000261
22/12/2010,34.40387878,7.150369263,18.60736552,0,0.000402
23/12/2010,34.09378967,9.640466309,22.4175579,0,0.000305
24/12/2010,34.41257629,3.899545288,14.83697836,0,0.000238
25/12/2010,34.1867157,11.04487,24.49639296,0,0.000268
26/12/2010,33.98331604,13.96096191,30.00495407,0,0.000268
27/12/2010,34.99546204,11.51996765,24.17212519,0,0.000238
28/12/2010,35.07206116,10.20090637,22.04725264,0,0.000283
29/12/2010,33.50106201,13.57488403,30.05907073,0,0.000402
30/12/2010,32.8922821,5.154412842,17.63574537,3.10742712,0.000253
31/12/2010,32.84047852,3.577523804,15.83437219,0,0.000253
01/01/2011,33.5236908,4.610513306,16.38820644,0,0.000224
02/01/2011,34.59925232,6.876870728,18.06436847,0,0.000238
03/01/2011,34.91329346,8.80791626,20.25178471,0,0.000253
04/01/2011,35.42963562,9.950524902,21.25714524,0,0.000224
05/01/2011,34.9056488,10.44877014,22.62266697,0,0.000238
06/01/2011,34.54268799,7.238717651,18.57678256,0,0.000283
07/01/2011,33.93364868,5.773400879,17.36986791,0,0.000268
08/01/2011,33.03325806,4.132958984,16.28925266,0,0.000224
09/01/2011,33.35930786,4.28170166,16.16251354,0,0.000224
10/01/2011,33.76265869,4.408120728,15.94325914,0,0.000224
11/01/2011,33.38240967,4.34786377,16.21678727,0,0.000209
12/01/2011,33.81572876,2.299447632,13.69263737,0,0.000224
13/01/2011,34.32956848,2.506997681,13.50509565,0,0.000224
14/01/2011,34.45404968,3.212503052,14.10155796,0,0.000224
15/01/2011,33.07581482,2.285165405,14.25638878,0,0.000224
16/01/2011,32.26255188,2.775491333,15.45403084,0,0.000238
17/01/2011,32.52799377,1.929025269,14.33227249,0,0.000238
18/01/2011,33.09511719,2.942193604,14.92299969,0,0.000224
19/01/2011,33.98847351,4.976831055,16.38311115,0,0.000209
20/01/2011,33.95653687,5.436959839,16.94705119,0,0.000194
21/01/2011,34.33318481,6.81824646,18.25929799,0,0.000209
22/01/2011,34.77443848,7.757669067,19.00231737,0,0.000224
23/01/2011,35.64560852,9.463754272,20.33019093,0,0.000194
24/01/2011,35.19938049,10.48894653,22.31827673,0,0.000194
25/01/2011,35.54924927,10.41860352,21.78943089,0,0.000238
26/01/2011,35.32294617,12.50861511,25.33798542,0,0.000224
27/01/2011,35.37481079,12.05079041,24.51595884,0,0.000283
28/01/2011,36.17324219,4.201333618,13.75289964,0,0.000238
29/01/2011,35.57923279,12.15134583,24.40261807,0,0.000268
30/01/2011,36.43433533,12.18192444,23.3311509,0,0.000238
31/01/2011,36.28882751,10.49378357,21.02772506,0,0.000194
01/02/2011,35.76622925,12.74472961,25.11318722,1.755304933,0.000268
02/02/2011,35.14051208,14.2370697,28.64848499,0,0.000238
03/02/2011,34.99125061,16.18016968,32.72828478,1.755304933,0.000268
04/02/2011,34.23156128,15.67324219,33.04765041,1.755304933,0.000417
05/02/2011,33.9968811,7.400628662,19.36235907,0,0.000224
06/02/2011,35.91393433,4.489923096,14.23532679,0,0.000179
07/02/2011,35.98560486,12.8281189,24.9484028,0,0.000209
08/02/2011,35.77533875,11.7658783,23.53477811,0,0.000179
09/02/2011,36.27208862,12.39742432,23.87532314,0,0.000343
10/02/2011,35.88312683,14.65941772,28.26205017,4.15820837,0.00102818
11/02/2011,35.43062744,15.14638672,29.89780983,3.420926332,0.000298
12/02/2011,35.88431702,13.47574768,26.17179371,6.841852665,0.000194
13/02/2011,34.70665894,17.17963562,35.42737666,3.420926332,0.006139278
14/02/2011,34.08243713,18.19640503,39.10411577,6.841852665,0.000358
15/02/2011,36.15163574,11.23749695,22.26122815,0,0.000179
16/02/2011,36.24082336,13.94771729,26.4651622,0,0.000209
17/02/2011,34.94100342,17.4115387,35.4874025,0,0.00205636
18/02/2011,36.19675598,14.53884277,27.56452569,5.069977283,0.000685
19/02/2011,37.20797119,11.12323914,20.85495913,5.069977283,0.000194
20/02/2011,37.68398438,13.75197754,24.15482214,0,0.000179
21/02/2011,37.17902527,15.51189575,27.81398869,1.743031621,0.000328
22/02/2011,36.80303345,14.02080688,25.78630682,0,0.000402
23/02/2011,30.77495728,18.1579071,46.9989894,1.743031621,0.002920628
24/02/2011,35.23198853,17.08384094,34.20523031,0,0.006690621
25/02/2011,34.57694397,18.31643066,38.33228797,3.486063242,0.002533197
26/02/2011,32.31859741,18.9636322,45.2879504,4.719612598,0.003859401
27/02/2011,32.61998901,18.75782166,43.9571387,7.079419613,0.003069639
28/02/2011,36.78637085,6.30954895,15.40331561,0,0.000179
01/03/2011,36.42774353,4.726495361,14.07131123,0,0.000164
02/03/2011,36.11876831,13.41011963,25.72699819,1.748360753,0.000998
03/03/2011,35.83179626,16.88973389,32.68949095,3.496721506,0.00295043
04/03/2011,36.59801636,14.85341797,27.51906482,1.748360753,0.000194
05/03/2011,37.53107605,14.907724,26.24776433,0,0.000224
06/03/2011,36.09673462,16.65000305,31.73098747,0,0.000238
07/03/2011,37.67723999,16.1665741,28.2291943,0,0.000179
08/03/2011,38.13475952,13.48972473,23.17382075,3.751883507,0.000194
09/03/2011,36.05631409,15.63330994,29.80401013,0,0.000343
10/03/2011,38.42246399,11.72463379,20.32134824,0,0.000209
11/03/2011,37.93587646,12.9102417,22.55437254,0,0.000194
12/03/2011,37.99645386,13.38527832,23.18927337,0,0.000179
13/03/2011,38.31246338,11.99871216,20.81547731,0,0.000164
14/03/2011,37.84047852,13.15010986,23.02955606,0,0.000216
15/03/2011,37.41825256,12.50245056,22.58410244,0,0.000246
16/03/2011,37.39682922,12.39187012,22.44671135,0,0.000164
17/03/2011,37.30088196,11.13242493,20.76254164,0,0.000238
18/03/2011,36.77749023,11.8071228,22.3388972,1.118520498,0.000164
19/03/2011,37.71898804,12.27086792,21.88300684,0,0.000149
20/03/2011,34.21236572,17.36081848,36.83215173,0,0.001296401
21/03/2011,37.57488403,14.57947693,25.63679168,0,0.000164
22/03/2011,38.45128784,11.83002625,20.43155008,6.657551289,0.000149
23/03/2011,37.97112427,12.75127563,22.27822485,3.328775644,0.000149
24/03/2011,34.56766663,18.42998657,38.62601909,0,0.00076
25/03/2011,37.60559998,14.66195068,25.7307909,0,0.000209
26/03/2011,36.54406128,15.7774292,29.28768895,4.596837044,0.000164
27/03/2011,38.95780334,9.942346191,17.53566986,0,0.000134
28/03/2011,38.68126831,11.41617737,19.63520103,0,0.000164
29/03/2011,38.50693665,8.548394775,16.3545289,0,0.000149
30/03/2011,37.42171631,12.85524902,23.10838,0,0.000328
31/03/2011,38.24463806,12.02321777,20.92558643,0,0.000149
01/04/2011,37.95682678,11.93334351,21.12794742,0,0.000149
02/04/2011,35.78762207,16.32952271,31.62252684,2.557577133,0.002682209
03/04/2011,35.90281067,16.98755798,32.76483442,5.115154266,0.009968877
04/04/2011,33.68401489,16.26195679,35.37691921,0,0.000745
05/04/2011,36.57816467,10.8099762,21.13845554,0,0.000134
06/04/2011,39.01798401,5.22071228,12.65810181,0,0.000119
07/04/2011,38.43399963,7.112481689,14.88721315,0,0.000149
08/04/2011,37.18677673,13.54612122,24.48556502,0,0.000343
09/04/2011,33.65859375,19.04433594,42.22051855,3.030811548,0.00564754
10/04/2011,35.87938843,15.06508789,29.01668749,3.030811548,0.000238
11/04/2011,38.44564209,11.47211609,19.95975393,0,0.000119
12/04/2011,36.60541687,15.03887329,27.8384904,0,0.000209
13/04/2011,35.61533508,17.99683533,35.47647751,5.719556808,0.007271767
14/04/2011,38.89981995,8.300576782,15.74540756,2.859778404,0.000119
15/04/2011,37.18287048,16.48285828,29.58744342,0,0.000268
16/04/2011,36.17156372,19.18372498,37.06271371,0,0.01527369
17/04/2011,28.99007568,23.67870483,73.10958235,1.775371909,0.011399388
18/04/2011,30.94786987,21.7816864,58.24497556,0,0.00166893
19/04/2011,37.50338135,16.97420654,29.99829413,0,0.000134
20/04/2011,35.96694336,18.82972107,36.66228688,0,0.000536
21/04/2011,34.79096375,19.06203613,39.68864412,2.47030735,0.000238
22/04/2011,36.08809814,18.40091858,35.45521811,4.9406147,0.000283
23/04/2011,31.75861511,20.0664917,50.05910941,0,0.00141561
24/04/2011,30.4636322,21.08146057,57.36411062,4.9406147,0.007688999
25/04/2011,32.03998718,21.29361877,53.13605265,7.41092205,0.001713634
26/04/2011,34.82003174,20.27216492,42.71547342,3.776914597,0.001877546
27/04/2011,34.28936157,20.4505249,44.47814599,0,0.002712011
28/04/2011,32.88219604,20.38094482,47.90856871,7.553829193,0.006496906
29/04/2011,31.83440552,20.512323,51.23646257,0,0.000894
30/04/2011,34.25605164,17.89580688,38.00354204,7.553829193,0.000179
01/05/2011,32.6622406,21.12479553,50.77637182,0,0.016033649
02/05/2011,32.33464966,22.36361084,55.786506,3.963132858,0.016123056
03/05/2011,28.05796204,23.19353638,74.94630836,3.963132858,0.01630187
04/05/2011,34.75649414,20.28048096,42.88800341,7.926265717,0.000283
05/05/2011,34.49277649,21.19367371,46.03560761,0,0.01335144
06/05/2011,35.39455566,20.52224121,42.02499775,0,0.001192093
07/05/2011,33.42044983,21.71177063,50.44345691,0,0.006109476
08/05/2011,32.92374573,21.89161072,52.43933029,10.18337536,0.011771917
09/05/2011,32.44216309,19.38814697,46.17903693,10.18337536,0.002563
10/05/2011,31.69727478,22.3960968,57.94645948,0,0.040203333
11/05/2011,35.31446228,19.9828125,40.82739026,0,0.028252602
12/05/2011,31.83750305,21.747995,55.26283684,4.927386761,0.006869435
13/05/2011,28.26914368,23.00838623,73.20772277,9.854773521,0.011444092
14/05/2011,30.70432434,18.61220703,48.55193085,9.854773521,0.001758337
15/05/2011,32.99057922,22.29526672,53.54340688,0,0.002682209
16/05/2011,33.90487061,21.24517212,47.71563506,0,0.000805
17/05/2011,32.56620178,21.86864624,53.42875034,7.552119255,0.000998
18/05/2011,34.24085388,20.72008667,45.34520927,0,0.001773238
19/05/2011,32.77840576,22.04009399,53.34983634,0,0.003010035
20/05/2011,31.89879761,20.30240784,50.39317775,3.776059628,0.000507
21/05/2011,33.21326599,21.19715271,49.44930042,0,0.001356006
22/05/2011,28.66958008,21.44480286,65.03528959,5.787974834,0.004038215
23/05/2011,33.27803955,18.76680908,42.38742223,5.787974834,0.000387
24/05/2011,31.82605896,21.66033325,55.00328008,0,0.001519918
25/05/2011,27.1872345,22.25124512,74.4777052,5.787974834,0.013053417
26/05/2011,30.67173157,21.8651825,59.47149571,0,0.056624413
27/05/2011,26.58822021,22.68255005,79.19131137,0,0.04260242
28/05/2011,31.36225281,21.3938385,55.55527814,5.740468502,0.003248453
29/05/2011,31.8256012,20.16987,50.18955135,11.480937,0.001206994
30/05/2011,30.24666748,21.76223145,60.55247002,11.480937,0.004976988
31/05/2011,32.17647705,21.28746948,52.7082548,5.740468502,0.004440546
01/06/2011,31.11513672,22.89283142,61.72493195,0,0.027567148
02/06/2011,31.85123596,20.70710144,51.80567262,0,0.001072884
03/06/2011,28.14237366,23.4243103,75.62491881,5.753012657,0.02771616
04/06/2011,30.2852417,22.37116394,62.70232301,17.25903702,0.023156404
05/06/2011,32.02433167,19.94446716,48.94140036,0,0.001356006
06/06/2011,33.27173767,21.36815796,49.80697177,0,0.002756715
07/06/2011,32.73626099,21.46431885,51.62868889,21.08932686,0.01013279
08/06/2011,32.28199158,21.52999268,53.17931605,21.08932686,0.024139881
09/06/2011,30.4240509,20.41039429,55.16785655,10.54466343,0.008299947
10/06/2011,31.16723022,20.62593994,53.58639659,5.272331715,0.006571412
11/06/2011,24.85204468,22.5029541,86.81863286,4.329487324,0.085383654
12/06/2011,29.70903931,21.41044006,61.12015726,0,0.003889203
13/06/2011,31.08757935,20.2721344,52.6675866,0,0.001013279
14/06/2011,29.4374939,23.62233887,71.00516449,4.329487324,0.006183982
15/06/2011,30.70920715,22.04689941,60.00562894,8.658974648,0.016689301
16/06/2011,31.16039429,21.98581848,58.26588892,5.363452911,0.034153461
17/06/2011,30.44455872,21.46401367,58.78917525,5.363452911,0.013619661
18/06/2011,28.3127533,22.23578796,69.67915585,5.363452911,0.041007996
19/06/2011,30.1859375,22.32628784,62.88806554,0,0.033631921
20/06/2011,31.26252136,20.85816345,54.06416799,5.363452911,0.002041459
21/06/2011,27.86853943,21.52784119,68.48113873,19.13068199,0.013798475
22/06/2011,30.58912048,21.35544739,57.91928817,0,0.005275011
23/06/2011,30.41507874,20.56340942,55.71947963,0,0.004217029
24/06/2011,30.69184265,19.92029724,52.70893536,9.565340996,0.006258488
25/06/2011,30.68285522,19.67058716,51.92578451,0,0.001817942
26/06/2011,28.78681335,21.26421509,63.88465775,8.544730186,0.012278557
27/06/2011,30.79773865,20.50757751,54.32794423,0,0.00244379
28/06/2011,28.30921326,21.20798645,65.45257758,0,0.00654161
29/06/2011,30.1625,20.57929382,56.58618341,17.08946037,0.028222799
30/06/2011,30.41243896,19.58318481,52.44874529,0,0.004813075
01/07/2011,31.27121887,20.54042969,52.99064104,0,0.001490116
02/07/2011,30.41459045,20.76734314,56.42525075,12.72151947,0.029742718
03/07/2011,29.53913269,22.24559937,64.94798128,6.360759735,0.028967857
04/07/2011,31.39290771,19.28830872,48.69822862,0,0.000834
05/07/2011,30.20754395,21.62476501,60.1807089,6.360759735,0.024884939
06/07/2011,29.50942383,21.3882843,61.7422251,0,0.007033348
07/07/2011,25.77124939,21.69954834,78.27807024,0,0.029340386
08/07/2011,29.9197937,20.43383179,56.86684552,0,0.002652407
09/07/2011,28.92046509,21.52030334,64.39458257,12.02625751,0.007584691
10/07/2011,25.76738892,23.0460144,84.97273419,24.05251503,0.074952841
11/07/2011,25.04921875,21.31647644,79.81437579,0,0.019311905
12/07/2011,28.65735779,19.64779053,58.25719011,0,0.003308058
13/07/2011,28.44814453,21.55135498,66.3065639,0,0.005289912
14/07/2011,28.46175537,20.45253906,61.93005821,0,0.007107854
15/07/2011,27.17904053,20.92128906,68.69367279,14.09055328,0.002831221
16/07/2011,29.76540527,20.40860901,57.28403953,4.383527279,0.004738569
17/07/2011,28.53873596,21.12445984,64.25633756,8.767054558,0.072777271
18/07/2011,29.27521667,20.02991638,57.56053142,0,0.003635883
19/07/2011,31.22532043,19.71248779,50.47720213,4.383527279,0.000119
20/07/2011,27.60964355,22.91738281,75.65720093,13.15058136,0.036031008
21/07/2011,25.66271362,21.78016052,79.17183162,9.108567238,0.018149614
22/07/2011,29.44812927,20.53362427,58.79074756,0,0.007450581
23/07/2011,29.83733521,20.37427673,56.92709143,0,0.006526709
24/07/2011,28.58103333,21.01311646,63.66228765,0,0.002771616
25/07/2011,29.44263611,20.37070618,58.22129237,0,0.004559755
26/07/2011,27.88269958,20.50606689,64.26268723,0,0.004544854
27/07/2011,28.91669617,19.44016418,56.65375004,0,0.002786517
28/07/2011,28.89885864,20.73201904,61.43048447,0,0.002771616
29/07/2011,28.97480164,21.28049622,63.25686989,0,0.002801418
30/07/2011,29.28287659,19.97571716,57.34240302,0,0.00590086
31/07/2011,26.61283264,21.21019897,72.28656403,0,0.011622906
01/08/2011,28.90484009,21.2605072,63.43548149,19.1526413,0.012263656
02/08/2011,30.17789612,21.39829407,59.45347135,19.1526413,0.018432736
03/08/2011,25.50383911,22.66652832,84.34999714,19.1526413,0.055074692
04/08/2011,28.36713562,20.923349,64.10273697,0,0.006482005
05/08/2011,28.09526978,21.71671448,68.367717,0,0.006526709
06/08/2011,26.19541321,22.23052368,78.85123288,25.54022789,0.06839633
07/08/2011,24.04927979,22.00039063,88.34649683,0,0.30811131
08/08/2011,27.16611633,20.26821289,66.03423078,0,0.004976988
09/08/2011,27.50660095,20.95726929,67.53870757,0,0.006780028
10/08/2011,26.97989807,21.87459717,73.67841114,6.385056973,0.045970082
11/08/2011,26.84435425,21.57210693,72.90742096,7.484879017,0.024914742
12/08/2011,29.50237427,21.91463623,63.7865495,6.549268723,0.007152557
13/08/2011,23.16674194,21.60061035,90.92117979,0,0.05479157
14/08/2011,24.39393005,21.84308777,85.71443904,0,0.049993396
15/08/2011,26.91394958,21.24039612,71.15015516,0,0.009685755
16/08/2011,29.78074036,19.43004761,53.8674834,0,0.005185604
17/08/2011,28.51125488,19.12235413,56.86358023,0,0.012934208
18/08/2011,25.96624146,21.82520447,77.97609285,0,0.041663647
19/08/2011,28.71700439,19.77347717,58.51074184,0,0.0012815
20/08/2011,30.02088318,19.14867554,52.20761628,0,0.002384186
21/08/2011,25.76543579,22.72490845,83.34654474,3.168342829,0.026598573
22/08/2011,26.82924805,21.57872925,73.00170016,6.336685658,0.014662743
23/08/2011,28.7474762,20.9336792,62.74438156,0,0.003606081
24/08/2011,29.44367371,21.71573792,63.23020554,0,0.010952353
25/08/2011,28.33005676,21.4218689,66.23577994,0,0.020854175
26/08/2011,28.64182434,21.37522278,64.86302891,24.98038292,0.033922493
27/08/2011,26.37514648,22.36329041,78.65215844,6.24509573,2.472534776
28/08/2011,28.75377808,21.36875305,64.41825786,0,0.01129508
29/08/2011,30.05443726,20.91495667,58.12619357,6.24509573,0.005453825
30/08/2011,26.66912231,22.65822754,78.69912674,12.49019146,0.081732869
31/08/2011,25.07288513,21.84263,82.30803884,6.24509573,0.04735589
01/09/2011,27.85486755,22.23278198,71.54755136,6.523615837,0.020429492
02/09/2011,31.0029541,21.68859253,57.73337496,0,0.004261732
03/09/2011,29.97875366,21.20015869,59.41029205,0,0.007539988
04/09/2011,28.30222473,20.8928772,64.2244505,13.04723167,0.012472272
05/09/2011,29.07850037,22.60550842,68.17036231,6.523615837,0.059396029
06/09/2011,30.1703125,21.80854187,60.99002713,0,0.015497208
07/09/2011,29.51421509,20.79407654,59.51444513,10.41736126,0.006735325
08/09/2011,25.69962463,22.86635742,84.39214151,11.90555573,0.93343854
09/09/2011,21.78864441,21.51871643,98.36387433,5.20868063,13.2894665
10/09/2011,28.58353577,21.24179993,64.55258699,0,0.010982156
11/09/2011,30.49550781,21.12088928,57.39843725,4.309832573,0.004440546
12/09/2011,29.37072144,21.99233398,64.57730896,4.309832573,0.003963709
13/09/2011,29.44216309,21.21657715,61.33304675,8.619665146,0.005096197
14/09/2011,26.65360413,20.5828186,69.38510527,12.92949867,0.109791756
15/09/2011,29.13144836,21.92337952,65.20005037,4.309832573,0.072777271
16/09/2011,27.93885193,21.28310547,67.18672674,0,0.025063753
17/09/2011,26.57776794,21.62005005,74.27659584,26.64322472,0.029012561
18/09/2011,24.95243225,21.81110535,82.74129863,26.64322472,0.849545002
19/09/2011,27.13208923,22.65760193,76.58587513,0,1.868128777
20/09/2011,26.49794922,21.188974,72.68239415,26.64322472,1.300930977
21/09/2011,25.87688599,23.36106262,86.04535738,11.49290276,0.49200654
22/09/2011,28.92751465,21.18750916,63.06942343,0,0.005409122
23/09/2011,29.29093323,22.24189148,65.86846287,11.49290276,0.009447336
24/09/2011,29.72477112,22.78798828,66.40933223,11.49290276,0.367552042
25/09/2011,29.93221436,21.40535889,60.32294665,0,0.007092953
26/09/2011,29.03115234,21.80918274,65.12347512,23.6331234,0.008523464
27/09/2011,28.69194946,23.08634338,71.77132988,7.877707481,0.086337328
28/09/2011,29.08980713,21.21366272,62.5810107,7.877707481,0.004723668
29/09/2011,29.60119019,21.56989441,62.10341779,0,0.052899122
30/09/2011,29.83260498,20.84502563,58.61825176,7.877707481,0.001356006
01/10/2011,30.92133484,21.13625488,56.0735608,4.258419514,0.018000603
02/10/2011,30.14968262,20.23540649,55.43874959,0,0.019341707
03/10/2011,30.04232178,22.2865387,63.25472303,4.258419514,0.02554059
04/10/2011,30.17287598,21.95148621,61.51519815,4.258419514,0.010073185
05/10/2011,29.46343384,22.69820557,67.04954177,4.258419514,0.010281801
06/10/2011,25.74372253,23.39019165,86.87883819,12.66016006,0.050574541
07/10/2011,28.18685303,22.01116333,69.23730986,12.66016006,0.020608306
08/10/2011,28.5236145,22.40059814,69.52477052,4.220053196,0.03169477
09/10/2011,28.55716858,21.90218506,67.31571155,4.220053196,0.026166439
10/10/2011,30.45441589,22.49955139,62.584713,8.440106392,0.056862831
11/10/2011,29.24093018,22.29210815,66.2607781,5.720242977,0.05543232
12/10/2011,26.14240417,22.79181824,81.84030437,8.580364227,2.830177546
13/10/2011,28.43700562,22.26915894,69.3188577,5.720242977,1.008287072
14/10/2011,30.09409485,21.50666199,60.13722045,2.860121489,0.020965934
15/10/2011,28.65050659,23.14426575,72.19611649,5.720242977,0.062182546
16/10/2011,31.15809021,20.95887146,54.72376167,7.790514469,0.000238
17/10/2011,31.55690918,20.95443115,53.48388512,0,0.000492
18/10/2011,30.67646179,22.33661804,61.18729699,0,0.040248036
19/10/2011,30.59932861,22.41256104,61.74161948,0,0.036358833
20/10/2011,27.77747498,23.9359375,79.66442254,3.895257235,0.013306737
21/10/2011,30.51537476,22.57564697,62.6557971,8.146121025,0.045344234
22/10/2011,24.75046692,22.48716125,87.26260498,16.29224205,0.497527421
23/10/2011,30.4644104,20.74704895,56.1945442,4.073060513,0.000402
24/10/2011,30.93601379,19.8492981,51.7521407,8.146121025,0.002831221
25/10/2011,27.40874634,20.15749512,64.65900014,4.073060513,0.004768372
26/10/2011,31.63504944,19.10666809,47.49362119,0,0.000298
27/10/2011,31.94895325,17.5127655,42.21823783,0,0.000194
28/10/2011,31.19648132,17.58846436,44.26903875,0,0.000268
29/10/2011,31.86130676,19.36856995,47.66011433,0,0.002726912
30/10/2011,32.12371216,18.80582581,45.3396443,6.571898937,0.000119
31/10/2011,31.71871338,18.53299866,45.60495876,6.571898937,0.000224
01/11/2011,30.94020996,18.5460144,47.70536218,0,0.000551
02/11/2011,31.7517334,17.74160156,43.31244139,0,0.000328
03/11/2011,32.43598328,16.68808899,38.98393887,0,0.000194
04/11/2011,32.4372345,15.37398682,35.84353279,0,0.000492
05/11/2011,31.81473694,15.63598022,37.75458804,0,0.000209
06/11/2011,32.24794922,15.95835266,37.60948735,0,0.000358
07/11/2011,32.84485779,14.67017517,33.47952343,0,0.000224
08/11/2011,32.87241516,15.83187256,36.01837832,0,0.000238
09/11/2011,32.0128418,17.16292725,41.14614939,0,0.000298
10/11/2011,32.92606506,15.65145264,35.49778122,0,0.000164
11/11/2011,33.60138855,13.90026245,30.53028636,0,0.000179
12/11/2011,33.67321167,14.74463806,32.1163173,0,0.000194
13/11/2011,33.28328857,15.16263733,33.71960626,0,0.000462
14/11/2011,33.92173157,13.49656067,29.21232117,0,0.000149
15/11/2011,33.29035339,13.55843506,30.38283462,0,0.000209
16/11/2011,33.431604,14.90189514,32.88444306,0,0.000194
17/11/2011,34.05166016,13.20392761,28.45337681,0,0.000119
18/11/2011,33.98327026,13.24787292,28.64399064,0,0.000179
19/11/2011,34.21108398,14.13063965,29.95501599,0,0.000164
20/11/2011,34.23537598,14.09751282,29.85041303,0,0.000224
21/11/2011,34.45969543,11.42922363,24.75092235,0,0.000387
22/11/2011,33.75458679,9.870828247,23.20130847,0,0.0007
23/11/2011,32.52207336,14.03223572,32.71386216,0,0.000164
24/11/2011,32.59575806,15.67983398,36.22857175,0,0.000298
25/11/2011,33.38819275,12.89284668,28.93185775,0,0.000298
26/11/2011,33.18462524,11.81760559,27.26593336,0,0.000238
27/11/2011,33.67679749,12.30384216,27.38966284,0,0.000149
28/11/2011,34.09908447,6.551187134,18.16147784,0,0.000149
29/11/2011,33.64800415,5.074075317,16.81077486,0,0.000313
30/11/2011,33.59732971,3.915628052,15.54355222,0,0.000104
01/12/2011,33.12589417,3.759606934,15.78440887,0,0.000149
02/12/2011,33.93631897,3.774072266,15.10102688,0,0.000104
03/12/2011,33.30558167,2.649850464,14.44477235,0,0.000134
04/12/2011,33.86315308,4.512078857,15.97016294,0,0.000104
05/12/2011,34.01264343,8.277993774,20.53820962,0,0.000119
06/12/2011,34.23404846,5.448266602,16.70051479,0,0.000119
07/12/2011,34.84308777,5.094934082,15.75336681,0,0.000104
08/12/2011,34.03132019,4.724069214,16.05788175,0,0.000104
09/12/2011,33.29406128,3.454507446,15.30317357,0,0.000119
10/12/2011,32.98720703,2.43770752,14.48419439,0,0.000104
11/12/2011,33.22277222,3.291329956,15.18800939,0,0.000104
12/12/2011,33.20655212,4.864404297,16.98047278,0,0.000104
13/12/2011,32.92940674,4.251687622,16.52170314,0,0.000104
14/12/2011,33.06780396,2.285714722,14.26335219,0,0.000104
15/12/2011,33.92514954,3.227746582,14.53809777,0,0.000104
16/12/2011,33.91057739,2.101281738,13.42896198,0,0.000104
17/12/2011,34.34647522,3.642175293,14.62370015,0,0.000104
18/12/2011,34.29400024,3.710992432,14.73779121,0,0.000104
19/12/2011,34.36159668,8.074716187,19.86699136,0,0.000104
20/12/2011,35.01110229,4.662515259,15.14314305,2.145660162,0.000104
21/12/2011,34.72661743,7.345697021,18.52363786,0,0.000194
22/12/2011,34.77376709,10.74512634,23.24322191,0,0.000134
23/12/2011,34.96585999,6.430993652,17.16620622,0,0.000104
24/12/2011,34.20638428,9.042825317,21.39848241,0,0.000104
25/12/2011,34.16665039,10.65477905,23.89526282,0,0.000164
26/12/2011,35.10791931,6.218164063,16.7835251,0,0.000104
27/12/2011,35.58747253,6.222161865,16.35013801,0,0.000104
28/12/2011,35.61751709,7.496606445,17.81776149,0,0.000119
29/12/2011,35.15250549,12.52909241,25.61180235,3.413697243,0.000119
30/12/2011,34.37145386,11.76247559,25.42687845,0,0.000119
31/12/2011,35.60299072,7.827020264,18.23897781,0,0.000119
01/01/2012,35.01828918,10.24135742,22.17276697,0,0.0000894
02/01/2012,34.44510803,4.403848267,15.34465828,0,0.000104
03/01/2012,34.38793335,3.639474487,14.58729207,0,0.000119
04/01/2012,34.33921204,2.979608154,13.95928697,0,0.000104
05/01/2012,33.99833069,4.249398804,15.56090141,0,0.000119
06/01/2012,33.65206299,5.216607666,16.97481775,0,0.0000894
07/01/2012,34.0927063,4.648370361,15.91855842,0,0.0000894
08/01/2012,34.84095154,5.014123535,15.66664479,0,0.000104
09/01/2012,34.09211121,4.736108398,16.01713091,0,0.000104
10/01/2012,34.48522339,2.863595581,13.73299024,0,0.0000894
11/01/2012,34.16790161,1.533502197,12.71007102,0,0.0000894
12/01/2012,33.339151,2.934716797,14.71263174,0,0.0000894
13/01/2012,33.17301331,2.722650146,14.62797226,0,0.0000969
14/01/2012,32.50609741,1.935067749,14.35615967,0,0.0000745
15/01/2012,33.45728455,2.415490723,14.08555189,0,0.000104
16/01/2012,33.94417725,3.748712158,15.06744606,0,0.0000894
17/01/2012,34.81235657,3.787713623,14.39789531,0,0.0000894
18/01/2012,34.77962646,9.780755615,21.78460044,0,0.0000894
19/01/2012,34.67479858,12.21882019,25.76650203,0,0.0000894
20/01/2012,33.63694153,15.56438599,33.92324054,1.411522746,0.000596
21/01/2012,34.4457489,14.9203125,31.11512589,0,0.000104
22/01/2012,35.49871216,10.16825256,21.48749557,0,0.0000894
23/01/2012,34.87911377,12.30042419,25.61386611,0,0.000119
24/01/2012,35.98923645,8.967858887,19.29384383,0,0.0000894
25/01/2012,36.3931366,6.855935669,16.34157367,0,0.0000894
26/01/2012,35.28484497,12.77906189,25.8457771,0,0.000209
27/01/2012,35.34526978,15.44281921,30.61621075,3.795900822,0.000328
28/01/2012,35.56818542,13.63512573,26.90848382,0,0.000119
29/01/2012,35.51210938,13.43110046,26.63535192,0,0.000119
30/01/2012,35.91338501,11.65343628,23.18405519,0,0.000268
31/01/2012,36.11654053,9.254327393,19.53365931,0,0.000179
01/02/2012,35.53141174,11.67119751,23.70389712,0,0.000119
02/02/2012,34.78531799,16.51435242,33.81545809,0,0.000209
03/02/2012,35.11036072,13.25226746,26.91617386,0.693392634,0.000119
04/02/2012,36.80944214,11.03569946,21.18899933,0,0.000149
05/02/2012,36.63515625,11.95578918,22.73512225,0,0.000119
06/02/2012,36.37700806,10.75155029,21.28923961,0,0.000373
07/02/2012,35.27041016,-0.928839111,9.999959966,0,0.0000894
08/02/2012,35.80040894,11.0979248,22.48516088,0,0.0000894
09/02/2012,35.97545776,11.51583252,22.89580729,0,0.0000745
10/02/2012,35.88172302,13.3195282,25.91023864,0,0.0000894
11/02/2012,34.46053467,16.51847229,34.43870023,0,0.000656
12/02/2012,35.74537048,15.71953735,30.48508672,0,0.000224
13/02/2012,36.03862915,14.60508118,27.92373643,0,0.000313
14/02/2012,35.14556274,16.55770264,33.24017532,0,0.000119
15/02/2012,34.5168396,16.90775452,35.19072548,0,0.001013279
16/02/2012,36.70421753,13.6528717,25.31324291,0,0.000119
17/02/2012,34.61544189,16.08725891,33.21868993,0,0.000283
18/02/2012,34.19829712,18.17475281,38.80014566,2.958389759,0.002533197
19/02/2012,33.67226563,18.93920288,41.91248986,0,0.000551
20/02/2012,33.68766174,19.01757202,42.08177006,5.916779518,0.014439225
21/02/2012,27.77179871,21.9611908,70.71546604,6.797789097,0.027149916
22/02/2012,34.2157074,15.42424927,32.55304494,0,0.000179
23/02/2012,34.32140503,16.76950989,35.26385974,0,0.000313
24/02/2012,36.05362854,15.18668518,28.96619435,0,0.000119
25/02/2012,35.71239624,14.51581726,28.26504479,0,0.000149
26/02/2012,35.0982605,15.94512329,32.05077411,0,0.000224
27/02/2012,35.91686401,13.62816772,26.38568755,0,0.000119
28/02/2012,36.31156311,15.00719604,28.23181359,1.775318623,0.000134
29/02/2012,37.02251587,13.79981384,25.11662372,1.775318623,0.000104
01/03/2012,36.02472839,15.47132263,29.54729222,4.146131039,0.000373
02/03/2012,35.78476868,15.07671509,29.18973552,4.146131039,0.000373
03/03/2012,36.28966675,12.19533691,23.53736197,4.146131039,0.0000596
04/03/2012,35.18650208,17.78405151,35.8416828,2.073065519,0.000581
05/03/2012,35.51918945,16.10254822,31.63178042,2.073065519,0.00082
06/03/2012,35.32257996,15.58103333,30.9274136,0,0.000238
07/03/2012,36.58873901,12.03067932,22.90567863,0,0.000238
08/03/2012,36.95922241,12.91295776,23.78677551,0,0.0000745
09/03/2012,36.13240967,13.96300659,26.64927608,4.254570484,0.000104
10/03/2012,34.49660645,18.3301178,38.53652328,2.127285242,0.002503395
11/03/2012,36.43590698,-3.572317505,7.70964524,0,0.0000745
12/03/2012,37.12825928,-4.884222412,6.724303493,0,0.0000894
13/03/2012,38.48911438,1.201638794,9.796067598,0,0.0000596
14/03/2012,38.65081177,11.88121948,20.28160099,0,0.0000894
15/03/2012,38.8923584,10.65082703,18.45091889,0,0.0000745
16/03/2012,38.96152649,10.84597168,18.622994,0,0.0000745
17/03/2012,38.67754517,4.992288208,12.68806815,0,0.000104
18/03/2012,38.69745789,3.329400635,11.27631008,0,0.0000894
19/03/2012,37.98235474,9.468835449,17.90351108,0,0.000402
20/03/2012,38.85907898,4.175393677,11.86604717,0,0.000119
21/03/2012,38.75933228,5.225198364,12.83924085,0,0.000134
22/03/2012,38.84841309,6.98458252,14.43158743,0,0.000298
23/03/2012,39.04581604,6.465844727,13.77862215,0,0.0000745
24/03/2012,37.01845703,13.88004456,25.2534835,0,0.001177192
25/03/2012,38.04261169,11.32184753,20.1966255,3.428662062,0.000104
26/03/2012,38.27875671,12.37574158,21.3775082,0,0.000119
27/03/2012,38.25385437,13.27446899,22.70430962,0,0.0000894
28/03/2012,38.93166504,10.34688721,18.04227426,0,0.0000596
29/03/2012,37.67243347,14.35561523,25.13511545,0,0.000209
30/03/2012,37.22269592,13.21271667,23.91215716,0,0.0000745
31/03/2012,37.40407715,16.33652649,28.96275396,0,0.000715
01/04/2012,32.95839844,19.24776611,44.46795845,0,0.002563
02/04/2012,37.55602417,18.07581482,32.0663855,2.269471884,0.007510185
03/04/2012,29.04509888,22.94843445,69.73598366,2.269471884,0.024944544
04/04/2012,35.17992554,19.31594238,39.46371674,4.538943768,0.003248453
05/04/2012,34.89295349,20.48896179,43.11656554,6.808415413,0.005438924
06/04/2012,35.57291565,20.24060974,40.89710438,6.121674061,0.001773238
07/04/2012,31.07129822,22.26360474,59.56094181,0,0.002428889
08/04/2012,34.92449341,19.45542297,40.37334563,6.121674061,0.000834
09/04/2012,36.12864075,18.9453064,36.60179253,6.121674061,0.003322959
10/04/2012,34.46991882,20.39681396,43.88878765,0,0.001296401
11/04/2012,34.06990967,20.90801392,46.310633,18.16681671,0.003606081
12/04/2012,31.72149048,21.14052734,53.59639247,0,0.006221235
13/04/2012,27.58469543,21.37441406,68.97390073,12.11120987,0.006139278
14/04/2012,28.60563049,23.31896362,73.15164055,0,0.021338463
15/04/2012,29.49212036,21.82947693,63.49346479,12.11120987,0.021144748
16/04/2012,27.10390625,22.39486084,75.49866068,10.82161427,0.024601817
17/04/2012,30.04511414,19.10686646,51.99945109,5.410807133,0.012859702
18/04/2012,34.13858948,19.36989746,41.94833152,5.410807133,0.002086163
19/04/2012,30.77456055,21.95440063,59.44625644,16.23241997,0.059351325
20/04/2012,33.40509949,19.63283691,44.41989181,0,0.000983
21/04/2012,35.25133667,19.30721436,39.28716187,0,0.000268
22/04/2012,34.04554138,20.28473816,44.62630381,0,0.001221895
23/04/2012,34.72065125,19.88144836,41.92537672,0,0.000551
24/04/2012,33.47789917,21.36542664,49.22766416,3.346101761,0.010222197
25/04/2012,29.062677,22.3122345,67.02806544,6.692203522,0.014588237
26/04/2012,34.69886169,19.73047791,41.58496057,0,0.001266599
27/04/2012,35.8167511,19.64573059,38.8928256,0,0.000104
28/04/2012,35.31536255,19.40908203,39.39755946,0,0.000983
29/04/2012,36.0445343,18.07363281,34.81746387,0,0.0000745
30/04/2012,35.5573822,19.92081604,40.13025448,3.955691814,0.002801418
01/05/2012,35.20855103,20.10071716,41.36735362,0,0.001177192
02/05/2012,33.3089386,19.51242981,44.32676274,7.635737419,0.000745
03/05/2012,33.75536499,21.37757263,48.50694196,0,0.023499131
04/05/2012,33.48975525,20.34467468,46.20200953,5.090491295,0.000507
05/05/2012,34.88161621,20.40754089,42.92746128,7.635737419,0.008285046
06/05/2012,35.02063904,20.53855286,42.94436205,0,0.000417
07/05/2012,35.13338623,19.64653931,40.38662449,0,0.001400709
08/05/2012,32.37355957,20.70968018,50.30814722,0,0.009477139
09/05/2012,32.99936829,20.3035675,47.36776605,0,0.008434057
10/05/2012,33.05991516,21.2696167,50.09814338,0,0.027731061
11/05/2012,34.01700745,20.77686462,46.07408165,6.397620201,0.030338764
12/05/2012,26.51145325,22.31585083,77.79837746,6.397620201,0.032067299
13/05/2012,29.37140808,21.67804871,63.34797591,6.397620201,0.044092536
14/05/2012,28.93226013,21.16930542,62.98175521,19.19286156,0.028148293
15/05/2012,32.85982666,20.39141235,47.99977571,6.397620201,0.029921532
16/05/2012,31.75124512,22.05407104,56.57982828,12.90076828,0.02323091
17/05/2012,32.57988892,21.24225769,51.38098435,0,0.001400709
18/05/2012,32.5418335,21.09472046,51.02721461,0,0.000224
19/05/2012,31.24421082,22.31516418,59.16340121,4.300256252,0.076323748
20/05/2012,28.93477783,22.97754822,70.30576035,0,0.012144446
21/05/2012,30.29117737,20.02791748,54.29028638,4.458054066,0.000983
22/05/2012,31.97556458,21.24160156,53.16006104,4.458054066,0.014543533
23/05/2012,31.29969177,22.12262878,58.29028163,8.916108131,0.002682209
24/05/2012,31.04668579,21.43351135,56.69839032,0,0.017508864
25/05/2012,30.00762329,22.52901611,64.32141765,4.458054066,0.061124563
26/05/2012,27.87107239,22.15836487,71.15700406,0,0.036209822
27/05/2012,28.56380615,21.11754761,64.13578592,0,0.001519918
28/05/2012,30.73179016,21.34565125,57.41510613,10.64197159,0.007435679
29/05/2012,29.83944092,21.4367157,60.76161206,7.094647884,0.038251281
30/05/2012,29.57828674,21.66347656,62.5420818,7.094647884,0.008776784
31/05/2012,30.17044983,21.57875977,60.13931301,0,0.00654161
01/06/2012,30.76694641,22.12030945,60.07635685,0,0.016838312
02/06/2012,31.41407166,21.87314758,57.03895098,4.389656544,0.049754977
03/06/2012,28.59691772,21.4795929,65.44892522,0,0.002086163
04/06/2012,32.87389526,21.45566711,51.20395051,4.389656544,0.033676624
05/06/2012,28.62114868,21.7300354,66.36548831,13.16897011,0.002771616
06/06/2012,25.92818604,22.33419189,80.61279138,0,0.05069375
07/06/2012,31.02636108,20.86594543,54.82139451,0,0.002130866
08/06/2012,31.58352051,22.02745972,57.02743339,0,0.002026558
09/06/2012,32.13834534,20.37482605,49.93849707,23.00757027,0.000179
10/06/2012,31.53499756,21.96959839,56.98320861,0,0.001206994
11/06/2012,31.54841003,21.19535217,54.3069461,5.847243309,0.00539422
12/06/2012,24.69840393,22.23273621,86.19093801,17.54173088,0.033766031
13/06/2012,29.95040283,21.7927948,61.70450283,0,0.006988645
14/06/2012,26.77669678,23.96216736,84.60456992,5.847243309,0.088825822
15/06/2012,30.62542114,21.5302063,58.42100627,5.847243309,0.007331371
16/06/2012,28.09934387,21.67305908,68.16945271,8.429497719,0.003501773
17/06/2012,29.52900085,22.42649231,65.7044742,0,0.048711896
18/06/2012,30.8782135,19.85537109,51.94238235,4.214748859,0.000745
19/06/2012,27.02384338,21.71793518,72.78922181,4.214748859,0.006914139
20/06/2012,24.3421875,22.04978333,87.07082718,8.429497719,0.049382448
21/06/2012,29.24179993,20.3197876,58.71434021,0,0.007271767
22/06/2012,29.50640259,20.00356445,56.70628838,0,0.005915761
23/06/2012,30.11281738,19.3980957,52.74585965,0,0.000462
24/06/2012,27.43595276,22.41253052,74.12464229,14.3765974,0.037699938
25/06/2012,30.00505981,19.6813446,54.01490905,0,0.002384186
26/06/2012,28.91695557,20.65926514,61.09195878,20.58282661,0.007808208
27/06/2012,25.75023804,22.1002594,80.31486068,20.58282661,0.136911869
28/06/2012,23.85094604,22.2071167,90.53764332,0,0.073373318
29/06/2012,28.21425781,21.53287659,67.13751163,0,0.036135316
30/06/2012,29.05851135,21.1177002,62.32624176,0,0.014960766
01/07/2012,25.23949585,21.82471619,81.40714852,15.08309746,0.42873621
02/07/2012,25.1484314,20.77166138,76.73399782,22.62464523,0.021457672
03/07/2012,27.95432434,21.95249329,69.93004018,0,0.065997243
04/07/2012,23.49208984,21.79699097,90.22998957,0,0.835224986
05/07/2012,25.46857605,21.85349426,80.44798763,0,0.025480986
06/07/2012,27.32235107,21.20249329,69.30589248,0,0.024080276
07/07/2012,23.74633179,22.44216309,92.42016755,6.738645554,2.730935812
08/07/2012,27.60306702,21.65888367,70.10954186,0,0.101998448
09/07/2012,25.05620728,21.15955505,79.01727174,0,0.038027763
10/07/2012,27.96169434,21.37853394,67.49083751,6.738645554,0.033468008
11/07/2012,25.78884277,22.23647461,80.79865838,7.004386902,0.903010368
12/07/2012,26.48858032,22.84581909,80.44918717,0,0.114485621
13/07/2012,29.01818237,22.00142822,65.94101993,7.004386902,0.053405762
14/07/2012,28.75840149,22.69690857,69.82992565,14.0087738,0.074639916
15/07/2012,21.85839233,21.41433105,97.32227073,0,0.448077917
16/07/2012,27.60642395,20.43297729,65.0130868,0,0.007748604
17/07/2012,29.42417297,20.48067627,58.68003999,0,0.006705523
18/07/2012,25.11728821,21.61419067,80.95333332,20.84691429,0.066459179
19/07/2012,24.82561646,21.31755981,80.89041371,0,0.054568052
20/07/2012,28.84763489,20.81321106,61.92135895,0,0.002339482
21/07/2012,26.61361084,24.03580627,85.79821438,2.513969421,1.176461577
22/07/2012,26.66022644,22.09542236,76.09258773,5.027938843,0.080376863
23/07/2012,27.06961975,22.37487183,75.55873781,0,0.078871846
24/07/2012,25.61585388,22.31209717,82.00736987,0,0.037610531
25/07/2012,27.82766113,21.7293335,69.49520778,0,0.016376376
26/07/2012,27.01183472,21.76526794,73.0513836,0,0.070884824
27/07/2012,24.98835144,20.94469604,78.29747487,0,0.022426248
28/07/2012,27.58272705,21.43914185,69.2557746,0,0.063195825
29/07/2012,28.40015564,21.52462158,66.38286124,0,0.017613173
30/07/2012,28.51957092,21.96236572,67.71068426,0,0.009119511
31/07/2012,28.61585388,21.67643127,66.16881505,36.33927155,0.021412969
01/08/2012,27.65926514,21.82502136,70.59251695,0,0.011309981
02/08/2012,29.20786438,20.86487732,60.83891354,8.761796951,0.007450581
03/08/2012,28.99070129,21.78133545,65.16499985,8.761796951,0.013068318
04/08/2012,26.9747406,21.52282104,72.13369094,0,0.154271722
05/08/2012,28.3571106,20.612146,62.92347369,0,0.011265278
06/08/2012,26.97136841,21.00063477,69.87507184,0,0.01001358
07/08/2012,27.37685547,21.23725281,69.23262457,0,0.029802322
08/08/2012,28.39627991,20.98009644,64.21789868,0,0.018507242
09/08/2012,27.11664734,22.45836792,75.73392475,0,0.065252185
10/08/2012,24.98999939,21.90859375,83.0488649,10.84738827,0.067219138
11/08/2012,22.01085815,20.87204895,93.26618524,0,1.627296209
12/08/2012,27.71701965,18.69683228,57.99139799,0,0.004142523
13/08/2012,27.02604065,20.06131897,65.732548,0,0.006899238
14/08/2012,21.70191345,21.42250977,98.30574122,5.897247791,0.135272741
15/08/2012,27.35740051,18.8587738,59.82523841,0,0.003382564
16/08/2012,27.77835999,19.04815063,59.06601789,0,0.002607703
17/08/2012,26.53937683,21.98832092,76.13715596,0,0.070229173
18/08/2012,25.34276733,20.97580872,76.81060665,30.97244835,0.020638108
19/08/2012,27.81937561,20.08449707,62.84263954,0,0.009521842
20/08/2012,28.92215881,20.08985291,58.96437835,0,0.025525689
21/08/2012,25.75771484,24.05600891,90.35392275,0,1.766711473
22/08/2012,23.91436157,23.10817871,95.25902441,0,18.7420994
23/08/2012,27.14067993,21.64373169,71.96527434,0,0.015988946
24/08/2012,24.77736816,21.28988037,80.98608892,25.30038452,0.071763992
25/08/2012,27.01142273,20.65326843,68.23744879,0,0.007361174
26/08/2012,29.27941284,20.56881104,59.49407783,23.76350975,0.012695789
27/08/2012,29.70150146,21.33013306,60.84662328,0,0.027194619
28/08/2012,28.3951355,21.97715149,68.26286058,0,0.047206879
29/08/2012,27.46711121,21.42263184,69.65481212,0,0.030949712
30/08/2012,28.60942993,20.2656189,60.69753787,0,0.014841557
31/08/2012,26.23244629,23.04325256,82.65473613,0,1.096084714
01/09/2012,28.64676819,22.43512878,69.17515976,0,0.987753272
02/09/2012,24.78998718,22.40549622,86.62628842,21.29986954,3.43491137
03/09/2012,27.94062195,21.88240967,69.68736582,0,0.079959631
04/09/2012,27.60567627,22.58452759,74.16358385,0,1.290351152
05/09/2012,25.84519348,22.2421051,80.55717501,0,3.40500474
06/09/2012,28.90879211,21.3973938,63.9551217,0,0.026315451
07/09/2012,28.8943573,22.24533997,67.40852539,0,0.064507127
08/09/2012,29.16217957,22.07024536,65.66973664,0,0.298753381
09/09/2012,25.870401,21.35968933,76.21878592,20.95689774,0.330731273
10/09/2012,28.7058197,21.55341492,65.33164858,0,0.015348196
11/09/2012,25.06696472,22.23540649,84.33141102,34.93009567,1.889467239
12/09/2012,27.74793396,21.33872375,68.17059501,0,0.018194318
13/09/2012,28.44915161,21.55497131,66.31735569,17.46504784,0.469848514
14/09/2012,29.17012939,21.76456604,64.42719489,0,0.016286969
15/09/2012,28.74413452,21.79441223,66.15391035,0,0.021770597
16/09/2012,25.19341431,22.70281372,86.1092036,34.2807312,0.667214394
17/09/2012,24.69616089,21.86083374,84.27110821,17.1403656,2.825289965
18/09/2012,27.14856873,22.52550659,75.90116784,34.2807312,0.038146973
19/09/2012,23.96541748,22.53496704,91.72692946,17.1403656,1.89588964
20/09/2012,27.81525574,22.11600647,71.2050323,17.1403656,0.018805265
21/09/2012,27.8618103,22.57729492,73.03149423,0,0.021144748
22/09/2012,28.72052917,23.31426392,72.64570243,7.852638721,0.771984458
23/09/2012,29.86210022,21.151651,59.63167781,15.70527744,0.039502978
24/09/2012,28.95812378,21.89888916,65.75787515,0,0.004827976
25/09/2012,30.40726624,21.8532959,60.33304321,7.852638721,0.060066581
26/09/2012,26.32264099,23.41575012,84.08617324,24.32025909,0.061556697
27/09/2012,29.10364685,22.18372498,66.34891291,8.106752396,0.021725893
28/09/2012,30.76934204,21.26946411,57.02541052,0,0.000924
29/09/2012,27.86191711,23.03241882,75.0724528,32.42700958,0.095948577
30/09/2012,26.65690002,21.78141174,74.66399395,8.106752396,0.011995435
01/10/2012,27.53222046,21.68084106,70.49482001,3.025468588,0.021576881
02/10/2012,30.05185852,21.68247375,60.93451814,6.050937176,0.009283423
03/10/2012,29.60228882,22.96816406,67.61221236,0,0.01385808
04/10/2012,28.59209595,23.20800171,72.72034508,0,0.029042363
05/10/2012,29.17687378,22.2516571,66.34269936,0,0.009983778
06/10/2012,29.78841553,22.39367065,64.60264069,0,0.040575862
07/10/2012,28.15899048,22.42409668,71.11418673,4.466777802,0.047504902
08/10/2012,27.05397949,23.44848022,80.70561584,8.933555603,0.083565712
09/10/2012,30.21625671,22.1819397,62.23010898,0,0.004187226
10/10/2012,29.47768555,22.98685608,68.17589229,8.933555603,0.076681376
11/10/2012,28.30889282,23.92862854,77.20405409,9.971347809,0.039309263
12/10/2012,29.50567017,21.82509766,63.42699731,9.971347809,0.007241964
13/10/2012,30.54146729,21.43311462,58.35402582,0,0.004664063
14/10/2012,30.73354492,22.32999573,60.9637875,4.985673904,0.003695488
15/10/2012,29.53161011,22.28637085,65.1374492,4.985673904,0.038430095
16/10/2012,27.47185669,23.61350403,79.54173664,8.365117073,0.084131956
17/10/2012,28.35062561,22.85570679,72.19191908,8.365117073,0.084668398
18/10/2012,30.05150757,22.34694824,63.45406033,5.576745033,0.016212463
19/10/2012,29.94161377,20.84514771,58.25301403,8.365117073,0.002965331
20/10/2012,31.52160034,21.23040161,54.50659597,2.788372517,0.023394823
21/10/2012,31.20185242,22.02961121,58.28407121,10.96819305,0.044792891
22/10/2012,30.33152161,22.18836365,61.84505431,16.45228958,0.04568696
23/10/2012,28.35970459,23.36383972,74.40394915,16.45228958,0.507846475
24/10/2012,27.39307556,22.51235352,74.76264589,5.484096527,0.008687377
25/10/2012,28.87323914,23.03585205,70.80565417,0,0.093355775
26/10/2012,29.28209839,22.02515564,65.03804637,10.52135468,0.040709972
27/10/2012,28.72606812,23.76743469,74.63201768,0,0.032842159
28/10/2012,29.10486755,23.68177185,72.63977243,15.78203201,0.099748373
29/10/2012,29.97304688,23.84853516,69.79559702,0,0.005438924
30/10/2012,30.24567566,21.01307068,57.84042786,0,0.002011657
31/10/2012,30.97515259,20.28673706,53.05352278,0,0.001698732
01/11/2012,33.23139343,17.7973877,39.9905682,0,0.00102818
02/11/2012,31.42157898,19.89681396,50.49140616,1.579485416,0.001385808
03/11/2012,30.190271,21.59568176,60.13326026,0,0.003427267
04/11/2012,30.48322449,20.9421936,56.81187916,0.789742708,0.0012815
05/11/2012,31.52834473,20.2484375,51.29024355,1.579485416,0.001832843
06/11/2012,31.12467346,19.54657898,50.24667578,0,0.001356006
07/11/2012,31.92318115,19.57140503,48.09621911,0.463409156,0.00217557
08/11/2012,31.43674622,19.96378479,50.65765464,0,0.003814697
09/11/2012,28.77576599,21.02051697,62.97678496,0.231704578,0.008568168
10/11/2012,32.60801086,16.78936157,38.85735067,0,0.000909
11/11/2012,32.53292236,17.55295715,40.95394435,0.0453633,0.001117587
12/11/2012,32.58999023,18.48616943,43.28927973,0.0453633,0.000969
13/11/2012,31.4225708,20.77126465,53.28941446,0,0.001132488
14/11/2012,32.67289124,19.33641968,45.43685491,0,0.002279878
15/11/2012,33.17302856,16.17981873,36.2121148,0,0.001087785
16/11/2012,34.32053528,10.95493469,24.16996416,0,0.000894
17/11/2012,33.59501038,14.70238647,32.16902391,0,0.001221895
18/11/2012,33.39544067,17.60254822,39.14151164,0,0.00102818
19/11/2012,33.48270569,18.59212646,41.44961751,0,0.001370907
20/11/2012,33.30863342,17.70469055,39.58617339,0,0.001162291
21/11/2012,33.65979919,16.58986816,36.17201402,0,0.001043081
22/11/2012,34.22261963,16.81992493,35.57161362,0,0.001087785
23/11/2012,33.76838074,16.96935425,36.8301869,0,0.001311302
24/11/2012,34.22786865,15.62851868,32.95988428,0,0.000909
25/11/2012,33.8719574,14.26960144,30.80190874,0,0.000939
26/11/2012,31.6664978,17.09136353,41.77067834,0,0.001147389
27/11/2012,33.08001099,17.3191925,39.13250921,0,0.001072884
28/11/2012,33.02878723,17.11269531,38.73570104,0,0.001132488
29/11/2012,34.15619812,14.21820984,30.2175701,0,0.000954
30/11/2012,34.58968506,11.417276,24.55367441,0,0.000894
01/12/2012,33.78692017,14.89521179,32.22454218,0,0.000939
02/12/2012,34.99358521,15.12072144,30.57714015,1.740120053,0.000864
03/12/2012,35.27964172,12.07962952,24.69182872,1.740120053,0.000834
04/12/2012,34.31435547,14.47628174,30.45755065,0,0.000849
05/12/2012,32.68570862,16.91251526,38.99140802,0,0.001400709
06/12/2012,33.30870972,14.65026245,32.57825713,0,0.001072884
07/12/2012,34.78357849,14.78399048,30.27075991,0,0.000983
08/12/2012,33.91755066,15.03896484,32.28828231,0,0.000834
09/12/2012,34.87389526,13.21933899,27.21172129,0,0.000834
10/12/2012,35.26629028,14.21610413,28.41169901,0,0.000849
11/12/2012,33.56447754,16.14521179,35.34966327,3.775171518,0.000916
12/12/2012,34.20105896,13.58985291,28.93700305,0,0.001050532
13/12/2012,34.74868164,9.120324707,20.87314761,0,0.000842
14/12/2012,35.2946106,9.160333252,20.30757879,0,0.00079
15/12/2012,35.06429443,6.886331177,17.61686441,0,0.000834
16/12/2012,35.23340759,6.630471802,17.14859348,0,0.00076
17/12/2012,35.02446899,6.146859741,16.77817172,0,0.000745
18/12/2012,34.55736694,2.925057983,13.73799577,0,0.00076
19/12/2012,34.4993988,3.92649231,14.79371821,0,0.000745
20/12/2012,35.00710449,5.941186523,16.55692412,0,0.000745
21/12/2012,34.6696106,7.238748169,18.44658405,0,0.00073
22/12/2012,34.54287109,8.235818481,19.88485598,0,0.00073
23/12/2012,34.76101074,4.499673462,15.17995246,0,0.00073
24/12/2012,34.92200623,5.380014038,15.99937053,0,0.00073
25/12/2012,34.71691284,5.009317017,15.76930425,0,0.000715
26/12/2012,34.55768738,4.058023071,14.88312616,0,0.000715
27/12/2012,34.50710449,3.624093628,14.4754105,0,0.000715
28/12/2012,34.28013,3.878457642,14.9243285,0,0.000715
29/12/2012,34.31185303,3.933679199,14.95611082,0,0.000685
30/12/2012,34.58789978,4.492349243,15.31837554,0,0.000656
31/12/2012,33.61625061,2.649987793,14.1962195,0,0.000685
01/01/2013,33.26921997,2.70194397,14.5279585,0,0.000685
02/01/2013,34.10494385,5.537805176,16.92587991,0,0.000685
03/01/2013,35.13892517,5.425271606,15.85859318,0,0.000656
04/01/2013,35.42469177,5.333291626,15.51099415,0,0.000641
05/01/2013,35.11506042,5.482110596,15.94239798,0,0.000671
06/01/2013,34.97297058,6.512368774,17.25602865,0,0.000641
07/01/2013,34.56290588,12.0841156,25.69780153,0,0.000656
08/01/2013,34.2776123,12.01455078,25.98854655,0,0.000656
09/01/2013,34.93204651,6.245874023,16.97992388,0,0.000626
10/01/2013,34.54612122,3.62281189,14.44281252,0,0.000641
11/01/2013,34.93869934,5.417947388,16.02685073,0,0.000626
12/01/2013,35.05013428,6.195840454,16.81122543,0,0.000626
13/01/2013,35.63929138,5.885507202,15.92815366,0,0.000626
14/01/2013,35.75844727,7.446221924,17.61937766,0,0.000581
15/01/2013,36.27214966,10.80785522,21.49221369,0,0.000611
16/01/2013,37.03504333,6.117105103,14.9951895,0,0.000611
17/01/2013,36.71753845,9.667047119,19.43434909,0,0.000596
18/01/2013,37.17919312,11.79888306,21.84346896,0,0.000581
19/01/2013,35.05545959,18.75992737,38.38156538,2.081584215,0.004187226
20/01/2013,34.80002747,19.41410217,40.54801948,2.081584215,0.006556511
21/01/2013,35.59005127,18.03826294,35.61851636,0,0.000983
22/01/2013,36.07612,16.13659058,30.74515016,0,0.000656
23/01/2013,36.44959412,16.5209137,30.86937681,0,0.000656
24/01/2013,36.83635864,14.21187744,26.06032264,0,0.000611
25/01/2013,35.9334198,17.13939819,33.02592958,0,0.000745
26/01/2013,33.30840454,19.86219177,45.30070038,0,0.00217557
27/01/2013,33.82792053,19.28972778,42.46795599,0,0.002458692
28/01/2013,35.90635071,9.384515381,19.93431791,0,0.000566
29/01/2013,35.74523315,6.99151001,17.09110463,0,0.000551
30/01/2013,36.56723938,4.03711853,13.30505395,0,0.000551
31/01/2013,34.00226746,5.491189575,16.96781395,0,0.000536
01/02/2013,33.14095459,3.3993927,15.37490642,0,0.000536
02/02/2013,34.45952759,3.246011353,14.13077299,0,0.000551
03/02/2013,35.5967041,6.283685303,16.4114433,0,0.000507
04/02/2013,37.45791016,7.546914673,16.16832119,0,0.000522
05/02/2013,37.97405396,7.553445435,15.72942737,0,0.000507
06/02/2013,35.83298645,15.51624451,29.94608792,0,0.000522
07/02/2013,37.04995117,7.341668701,16.30042183,0,0.000522
08/02/2013,37.7368866,4.006936646,12.4582418,0,0.000477
09/02/2013,38.14620361,8.472558594,16.59034464,0,0.000507
10/02/2013,36.8512207,7.435113525,16.58361925,1.571024537,0.000507
11/02/2013,37.83013306,4.424066162,12.76413607,0,0.000477
12/02/2013,36.83387146,10.3754364,20.25003792,0,0.000581
13/02/2013,37.44024048,11.33550415,20.88547695,0,0.000492
14/02/2013,37.06073914,11.11513672,21.01140183,0,0.000507
15/02/2013,36.96424255,13.36856995,24.49884689,0,0.000492
16/02/2013,37.48031006,13.49344788,24.01559029,2.239068508,0.000477
17/02/2013,36.70569763,13.07091675,24.36844106,1.119534254,0.000492
18/02/2013,36.19788513,14.68070374,27.81649542,2.239068508,0.000507
19/02/2013,34.7971283,18.45562134,38.19941593,2.239068508,0.001162291
20/02/2013,35.69095764,17.28518066,33.77894174,2.239068508,0.001341105
21/02/2013,36.5571228,16.1567627,29.9847554,6.157909393,0.000462
22/02/2013,37.19585571,14.69963989,26.3738692,0,0.000477
23/02/2013,37.32377014,14.24949036,25.43987068,0,0.000447
24/02/2013,38.60424194,11.25063477,19.50157363,0,0.000447
25/02/2013,37.22783813,15.67247925,28.02717057,0,0.000715
26/02/2013,38.11490784,14.64284668,25.00028962,0,0.000477
27/02/2013,38.12429199,14.31008301,24.45580657,1.996059418,0.000447
28/02/2013,37.97109375,14.06592712,24.27211222,0,0.000447
01/03/2013,37.31624756,15.81469116,28.14783588,0,0.000447
02/03/2013,38.03809509,14.71343384,25.2189233,4.474570751,0.000417
03/03/2013,38.7723175,13.8677002,22.9485158,0,0.000432
04/03/2013,38.05375061,14.94036255,25.56893865,6.711855888,0.002995133
05/03/2013,37.6871582,14.39824829,25.18443593,2.237285376,0.000432
06/03/2013,37.97419128,14.66312561,25.22417942,0,0.000402
07/03/2013,38.87217102,14.34604797,23.54472042,0,0.000387
08/03/2013,38.66864929,14.33722839,23.79021707,5.386397839,0.000462
09/03/2013,39.0485321,12.75534973,21.02754881,2.693198919,0.000402
10/03/2013,36.57927856,15.61322937,28.92567585,0,0.000462
11/03/2013,37.68406067,13.67737732,24.03780442,1.63040936,0.000402
12/03/2013,36.41713867,16.96090088,31.80042126,1.63040936,0.000864
13/03/2013,36.74772034,16.56006775,30.44643948,0,0.001341105
14/03/2013,38.26989136,14.98198853,25.34003199,0,0.000373
15/03/2013,37.82375488,15.10686646,26.16801666,0,0.000387
16/03/2013,35.97770081,18.72376404,36.39882229,4.247228622,0.001579523
17/03/2013,35.97684631,17.45586548,33.61316622,6.370842457,0.000596
18/03/2013,36.71732483,17.75275574,32.88834692,0,0.000387
19/03/2013,38.05121765,14.66719971,25.12595538,0,0.000387
20/03/2013,38.60434875,14.20038757,23.6620887,0,0.000373
21/03/2013,37.95243225,14.98095093,25.77669097,3.956220865,0.000358
22/03/2013,37.31826172,15.70699463,27.95144991,0,0.000566
23/03/2013,36.74428711,16.91437683,31.14507612,5.934331417,0.000462
24/03/2013,34.92995605,19.44933472,40.34587787,3.956220865,0.001698732
25/03/2013,36.60953674,18.62326965,34.94090839,3.956220865,0.002041459
26/03/2013,36.93970642,17.64417419,32.27029844,2.25287962,0.000671
27/03/2013,36.04042969,18.94877014,36.78721168,2.25287962,0.013202429
28/03/2013,32.25344238,20.02063904,48.54086872,0,0.001743436
29/03/2013,31.3539978,21.43908081,55.73549992,0,0.009700656
30/03/2013,32.90627441,20.96372375,49.59205486,0,0.009045005
31/03/2013,33.18126831,20.6572052,47.92107434,0,0.000745
01/04/2013,36.0026947,18.28701172,35.36815723,4.909605026,0.027239323
02/04/2013,33.0438324,19.44744263,44.80860823,7.364408493,0.004678965
03/04/2013,34.97026978,18.47886047,37.89041812,0,0.000879
04/04/2013,32.8046051,20.08796082,47.25450942,0,0.000924
05/04/2013,36.47826538,19.17783508,36.43233337,0,0.003397465
06/04/2013,34.32741699,21.12438354,46.26304888,0,0.001654029
07/04/2013,33.88070068,21.09272156,47.33518969,5.88330698,0.014290214
08/04/2013,31.88321838,22.07659302,56.23598098,1.961102366,0.030934811
09/04/2013,28.57926331,22.31656799,68.94773096,0,0.011280179
10/04/2013,34.52930603,19.61837158,41.68658439,0,0.001206994
11/04/2013,35.7693573,19.56258545,38.7934456,0,0.000328
12/04/2013,35.75942383,19.80977783,39.41461044,2.693512678,0.000536
13/04/2013,34.93644104,20.38567505,42.73978068,0,0.000879
14/04/2013,35.9692627,18.49979553,35.90887111,5.387025356,0.007078052
15/04/2013,34.06748352,19.99892578,43.79103607,5.387025356,0.001147389
16/04/2013,34.915979,19.18894348,39.7280538,0,0.00079
17/04/2013,33.29563293,20.79828796,48.03048951,1.249221563,0.003248453
18/04/2013,34.4835907,18.85256348,39.84617783,1.249221563,0.000343
19/04/2013,31.45499573,19.41480408,48.91035377,1.249221563,0.002086163
20/04/2013,35.11771545,20.19010315,41.80573538,2.498443127,0.019982457
21/04/2013,26.91558228,23.70212708,82.61592965,2.145826101,0.081881881
22/04/2013,29.59206543,21.35021362,61.30614904,2.145826101,0.016242266
23/04/2013,31.8558136,20.90921936,52.44023497,1.072913051,0.001430511
24/04/2013,34.88947449,19.66799316,40.98926861,0,0.028163195
25/04/2013,31.14891968,22.16248474,58.93477179,2.145826101,0.01642108
26/04/2013,32.00969849,22.16448364,56.13495915,2.24849844,0.005081296
27/04/2013,34.54837952,20.66552124,44.42808918,2.24849844,0.020310283
28/04/2013,31.5992981,20.44432983,51.7058918,4.49699688,0.01566112
29/04/2013,34.51227722,19.71961365,41.98897996,0,0.000849
30/04/2013,27.69326172,24.65673218,83.58817088,0,0.056281686
01/05/2013,29.68990479,21.09920654,60.03105509,5.104705811,0.006780028
02/05/2013,33.9460083,21.32416687,47.83745425,0,0.000805
03/05/2013,34.18149719,21.59356079,47.99956921,1.701568604,0.016182661
04/05/2013,33.87043152,21.22051392,47.73507022,1.701568604,0.001549721
05/05/2013,32.89418945,21.99039612,52.84376514,0,0.003948808
06/05/2013,28.55498657,22.52628479,69.93018097,7.332334518,0.01271069
07/05/2013,34.47763977,20.60802612,44.44507715,0,0.000551
08/05/2013,32.47268066,21.52332458,52.58947976,3.666167259,0.002011657
09/05/2013,35.13445435,19.74903259,40.64188687,0,0.00076
10/05/2013,29.05080566,21.81102905,65.05690725,0,0.006049871
11/05/2013,31.73697815,21.90702209,56.12021374,7.688220024,0.002086163
12/05/2013,31.05875549,20.8086792,54.52803023,3.844110012,0.003755093
13/05/2013,31.53910217,19.5005127,48.93762755,11.53232956,0.000298
14/05/2013,26.63491211,23.18026123,81.38889035,7.688220024,0.021338463
15/05/2013,32.68850098,19.41826782,45.62871135,3.844110012,0.000447
16/05/2013,34.18642578,19.64017639,42.5454947,0,0.000477
17/05/2013,28.01662598,23.0453125,74.45695248,0,0.012874603
18/05/2013,30.94945679,21.64219055,57.74553532,0,0.046491623
19/05/2013,32.69236145,21.59494934,52.17149202,0,0.000879
20/05/2013,33.77028809,20.75657043,46.65357667,7.404499531,0.000596
21/05/2013,31.60558472,21.42182312,54.8876715,2.835386753,0.013753772
22/05/2013,33.36177979,20.97806702,48.38486841,2.835386753,0.019282103
23/05/2013,31.94669495,21.33150635,53.54108834,0,0.000879
24/05/2013,34.24505005,20.47757874,44.66226737,0,0.000805
25/05/2013,33.33794556,20.87966309,48.15730486,2.835386753,0.00073
26/05/2013,27.03664551,23.22246704,79.69363304,4.617221832,0.02425909
27/05/2013,27.60770569,21.87470398,71.02033852,2.609578133,0.011786819
28/05/2013,30.63244019,19.83475647,52.60836337,0.989658237,0.001236796
29/05/2013,32.80202637,21.36441956,51.12459485,2.308610916,0.010788441
30/05/2013,29.29796753,20.5737854,59.44867871,2.308610916,0.001385808
31/05/2013,34.6483551,18.51009521,38.64711006,0,0.00102818
01/06/2013,28.81789551,21.8845459,66.23539468,0,0.005498528
02/06/2013,33.82027588,18.50016174,40.44232858,0,0.001758337
03/06/2013,25.32782898,22.52073059,84.4854778,8.740363121,0.021219254
04/06/2013,30.62973938,20.41033325,54.52314286,4.370181561,0.018283725
05/06/2013,30.50185547,20.58739624,55.52579868,8.740363121,0.061139464
06/06/2013,30.26627502,19.90010986,53.93916428,0,0.001251698
07/06/2013,32.22564087,20.67264709,50.61393921,0,0.000924
08/06/2013,31.7557312,21.69642029,55.34454934,8.165043831,0.022605062
09/06/2013,30.02739868,22.38652954,63.69489012,0,0.016361475
10/06/2013,32.88268433,20.53881226,48.37603592,2.721681356,0.002473593
11/06/2013,29.51822815,21.43821106,61.89987464,6.537409782,0.004917383
12/06/2013,28.72446594,22.27906189,68.21433495,0,0.002890825
13/06/2013,31.88244019,20.45606384,50.92045258,0,0.001460314
14/06/2013,30.75776062,20.8437439,55.59088687,3.268704891,0.001609325
15/06/2013,30.74396667,21.58609924,58.22583287,9.806114197,0.028297305
16/06/2013,32.45061646,20.34807739,48.98594495,0,0.002995133
17/06/2013,31.460672,21.50370178,55.61858876,1.887456536,0.021517277
18/06/2013,25.36385498,22.32612,83.31396852,1.887456536,0.044852495
19/06/2013,31.41242371,19.12471924,48.15117385,1.887456536,0.000641
20/06/2013,30.57799683,19.56781921,51.90531285,0,0.000745
21/06/2013,27.78188477,20.95897827,66.46890096,6.605891228,0.021860003
22/06/2013,31.49268494,20.53914795,52.32445434,0,0.001490116
23/06/2013,30.68526611,21.46975098,58.00682159,6.605891228,0.004246831
24/06/2013,30.57528076,20.26427612,54.20196431,6.605891228,0.016108155
25/06/2013,31.32323608,17.81087646,44.57176906,0,0.002667308
26/06/2013,31.63326416,19.90213928,49.90538187,6.131729603,0.001385808
27/06/2013,27.17273865,22.0329834,73.55697421,3.065864801,0.048458576
28/06/2013,27.23713074,20.5797821,67.03648341,9.197593689,0.016987324
29/06/2013,24.49633179,22.06557617,86.35456045,0,0.044167042
30/06/2013,29.14937744,21.44037781,63.23848821,0,0.007137656
01/07/2013,29.64223633,20.41196594,57.7030229,0,0.00076
02/07/2013,30.94158325,20.25106201,53.03803081,7.087425709,0.035881996
03/07/2013,29.04692993,20.8191925,61.23454029,0,0.005468726
04/07/2013,29.54030762,19.78742371,55.84292498,10.6311388,0.001937151
05/07/2013,30.12436829,18.83028564,50.87801823,0,0.001966953
06/07/2013,29.65102539,20.3552948,57.47249234,0,0.010550022
07/07/2013,28.48238525,19.84424744,59.57268104,5.283311844,0.008031726
08/07/2013,24.05817566,21.01059875,83.11061585,3.522207499,0.024795532
09/07/2013,28.73406372,20.10456238,59.66390993,0,0.001713634
10/07/2013,30.81258545,20.59822998,54.58613177,0,0.003755093
11/07/2013,29.18346558,20.55646667,59.7787986,4.037004471,0.005915761
12/07/2013,30.05626831,20.37056885,56.2035528,0,0.021234155
13/07/2013,30.86849365,20.42539368,53.83568502,0,0.013291836
14/07/2013,29.3510376,20.77831421,60.01824605,16.14801788,0.008553267
15/07/2013,29.92585144,19.96856079,55.23562955,0,0.007167459
16/07/2013,30.80075989,20.14527283,53.11692219,0,0.003680587
17/07/2013,29.38038025,20.77987061,59.92257646,1.667170882,0.013783574
18/07/2013,29.18909607,20.65691528,60.13036561,3.334341764,0.007092953
19/07/2013,28.91204224,19.64684448,57.40129815,1.667170882,0.002294779
20/07/2013,28.83738098,20.86179504,62.14351367,3.334341764,0.014811754
21/07/2013,24.72063599,21.24334106,81.02926503,0,0.033646822
22/07/2013,29.71192322,19.51247559,54.3587329,0,0.00217557
23/07/2013,30.02684937,21.45452271,60.17719872,0,0.076577067
24/07/2013,27.06282959,20.76461182,68.49995648,16.99274254,0.024780631
25/07/2013,28.43769226,20.54805908,62.38295264,0,0.003963709
26/07/2013,27.85218201,20.86077271,65.79862774,1.872166991,0.007167459
27/07/2013,28.81447754,20.28658447,60.05873131,0,0.005617738
28/07/2013,26.51282654,21.19550476,72.64783931,0,0.011771917
29/07/2013,27.10578308,20.41706238,66.87992966,0,0.00539422
30/07/2013,24.86280212,19.43903503,71.87520558,0,0.003471971
31/07/2013,27.72799072,20.76767883,65.89846213,0,0.005662441
01/08/2013,25.69518433,20.72739563,74.0808845,0,0.013202429
02/08/2013,28.9384552,19.15534363,55.5882705,0,0.00205636
03/08/2013,27.37856445,20.18978271,64.90266805,0,0.00359118
04/08/2013,27.74839172,20.20908508,63.59133456,0,0.002592802
05/08/2013,28.14769897,20.7383667,64.19092529,0,0.014021993
06/08/2013,28.71964417,19.8507019,58.7825419,3.194245815,0.003948808
07/08/2013,28.19584045,20.73478088,63.99735105,0,0.005930662
08/08/2013,28.55724487,19.1710907,56.88462305,0,0.006124377
09/08/2013,30.27370605,15.58117065,41.07088649,0,0.000238
10/08/2013,30.22904358,17.6229187,46.88295125,0,0.000224
11/08/2013,29.6496521,18.4709259,51.12134427,0,0.000715
12/08/2013,26.56134949,19.4301239,64.95851455,2.244252682,0.026792288
13/08/2013,27.67763672,18.98739014,59.18939429,0,0.005319715
14/08/2013,28.62690125,18.82703552,55.45226868,0,0.001847744
15/08/2013,23.97287903,20.90136108,82.97831972,0,0.031977892
16/08/2013,27.86803589,19.85740051,61.78966353,0,0.005096197
17/08/2013,27.81157837,19.36077271,60.11089038,0,0.001460314
18/08/2013,30.11473999,19.69466553,53.72070621,0,0.001654029
19/08/2013,30.06188354,20.77993164,57.62092816,0,0.008061528
20/08/2013,28.87613831,20.7305542,61.50571765,1.645022273,0.00795722
21/08/2013,24.44892273,20.46637878,78.5133108,0.658272862,0.044539571
22/08/2013,29.81499634,19.89412842,55.33262745,0,0.003635883
23/08/2013,29.96836243,19.78630981,54.48232294,0,0.009834766
24/08/2013,29.22332153,21.14872131,61.85369532,0,0.006020069
25/08/2013,23.07912598,22.70227966,97.74458329,0,0.113502145
26/08/2013,29.87775574,19.59049377,54.10492991,0,0.002160668
27/08/2013,30.26053772,20.61853943,56.40561186,0,0.003874302
28/08/2013,27.1655365,21.7192627,72.19293508,13.95469379,0.015452504
29/08/2013,24.97167358,21.31922302,80.19735737,0,0.05787611
30/08/2013,25.40102539,22.39608154,83.48450242,6.977346897,0.058919191
31/08/2013,25.87294922,22.31359253,80.77541322,0,0.052556396
01/09/2013,24.66587219,21.50632629,82.61464769,22.74404335,0.160306692
02/09/2013,26.83802185,20.50498352,68.3084989,11.37202168,0.005111098
03/09/2013,29.36208496,21.0712677,61.06976499,0,0.022560358
04/09/2013,27.15551147,21.82676086,72.71104415,11.37202168,0.047147274
05/09/2013,24.27111206,23.01772461,92.73385552,34.11606598,5.958005786
06/09/2013,27.40239868,20.80542908,67.32003524,0,0.039249659
07/09/2013,29.32651672,19.6983429,56.22335082,8.763549805,0.005230308
08/09/2013,27.17954407,24.02880249,82.95930047,8.763549805,1.758694649
09/09/2013,23.65050659,21.87406311,89.79467722,0,3.172308207
10/09/2013,26.36591492,21.48998413,74.6133587,0,0.022083521
11/09/2013,27.36077271,21.42164001,70.0850957,0,0.013619661
12/09/2013,28.06646118,20.9941803,65.51752515,13.88780594,0.009998679
13/09/2013,29.83887634,21.23973999,60.03472404,13.88780594,0.08289516
14/09/2013,25.79755554,23.29929504,86.12876034,13.88780594,0.828102231
15/09/2013,29.40462646,21.59688721,62.91396036,0,0.027537346
16/09/2013,30.85068665,21.69909058,58.27366542,0,0.00615418
17/09/2013,28.84085999,22.4710022,68.55132297,21.11602211,0.03528595
18/09/2013,30.47670898,22.62487183,62.9822079,0,0.006228685
19/09/2013,31.89046631,21.80697021,55.29627469,0,0.004738569
20/09/2013,30.69991455,21.88166199,59.43565609,0,0.006213784
21/09/2013,30.15957031,21.16771851,58.68075496,6.198811054,0.003516674
22/09/2013,30.15209351,21.83500061,61.1523948,12.39762211,0.007033348
23/09/2013,24.24936829,23.56089172,95.94894962,30.99405289,3.802657127
24/09/2013,24.06592712,22.36638794,90.24646136,6.198811054,0.118941069
25/09/2013,28.74555359,20.55942688,61.32250606,0,0.006407499
26/09/2013,29.51090393,22.64742432,66.66094985,0,0.034302473
27/09/2013,28.94539795,22.49526367,68.2385704,0,0.050723553
28/09/2013,29.58316956,20.3086792,57.53143343,0,0.001579523
29/09/2013,30.44484863,20.09024963,54.02311815,0,0.000477
30/09/2013,30.57296143,22.00110779,60.30561497,0,0.002324581
01/10/2013,29.46784363,22.16140137,64.88178483,16.89990425,0.011652708
02/10/2013,29.28222046,21.78086243,64.0756348,4.224976063,0.003099442
03/10/2013,29.10668335,22.28832397,66.76078937,4.224976063,0.041767955
04/10/2013,28.65226135,22.08420715,67.69261469,0,0.012472272
05/10/2013,29.58196411,21.00895081,60.07108191,0,0.002220273
06/10/2013,25.67368469,23.0682312,85.56057368,5.450984955,0.107780099
07/10/2013,29.7477356,20.7730957,58.64468127,5.450984955,0.065565109
08/10/2013,23.90348206,21.82354126,88.16699114,16.35295677,0.12409687
09/10/2013,27.65688477,21.95240173,71.153094,5.450984955,0.060796738
10/10/2013,28.692453,21.81946716,66.45376127,0,0.0153929
11/10/2013,28.89803467,21.88263855,65.92135819,13.56189537,0.019863248
12/10/2013,32.16051636,19.47974548,47.18618689,0,0.000179
13/10/2013,31.2849823,20.19892273,51.84475279,0,0.001132488
14/10/2013,26.9576355,22.69976196,77.57151095,9.041262627,6.835997105
15/10/2013,26.32270203,23.25551758,83.27696302,4.520631313,0.051051378
16/10/2013,30.02089844,22.37784729,63.68502656,0,0.15693903
17/10/2013,30.41874084,22.89153442,64.22065972,0,0.02039969
18/10/2013,31.79003296,20.75921021,52.1523978,0,0.000462
19/10/2013,30.97805176,21.09261475,55.74323485,0,0.005424023
20/10/2013,31.69068298,20.1594635,50.54182943,0,0.001296401
21/10/2013,31.41352234,20.36947021,52.01275215,0,0.015288591
22/10/2013,31.20287476,20.3855835,52.69119334,0,0.002995133
23/10/2013,31.16817627,19.92899475,51.3256891,0,0.000596
24/10/2013,32.30675659,19.63979492,47.26609062,6.276190758,0.003278255
25/10/2013,31.09583435,20.28318176,52.67879256,6.276190758,0.001326203
26/10/2013,32.02118835,19.43757019,47.43438468,0,0.000313
27/10/2013,32.62351379,18.26889954,42.62318217,0,0.000328
28/10/2013,31.70116577,19.01130066,47.03552117,0,0.001892447
29/10/2013,28.38013611,23.22135315,73.6794442,9.564674377,0.030905008
30/10/2013,30.21074829,21.58815918,60.03515889,9.564674377,0.002220273
31/10/2013,30.82003174,21.72594604,58.47142424,9.564674377,0.006243587
01/11/2013,28.98682556,21.70821533,64.88918272,0,0.0038445
02/11/2013,31.13852844,17.88108215,45.24163599,0,0.000685
03/11/2013,33.33124695,15.42069397,34.19129297,0,0.000253
04/11/2013,32.90873108,13.12639771,30.17711544,0,0.000313
05/11/2013,33.01944885,12.18427429,28.19300383,0,0.000313
06/11/2013,33.15075073,16.14330444,36.17298294,0,0.000238
07/11/2013,34.0839325,15.27979431,32.48978336,0,0.000238
08/11/2013,34.97437439,14.82926331,30.04050374,0,0.000253
09/11/2013,34.15029297,16.10733948,34.13148735,1.228627205,0.000268
10/11/2013,34.35894165,14.41295776,30.2580639,0,0.000328
11/11/2013,33.90688477,14.24762878,30.69830349,0,0.000358
12/11/2013,33.58919678,15.21331177,33.25594059,0,0.000417
13/11/2013,32.73882446,16.60886536,38.13286212,0,0.000373
14/11/2013,33.55852661,16.35166321,35.82988056,0,0.000447
15/11/2013,33.42955933,16.4009491,36.20251287,0,0.000328
16/11/2013,34.26915894,15.37441406,32.35284006,0,0.000298
17/11/2013,34.2913147,16.00361023,33.64143663,0,0.000238
18/11/2013,35.04259644,13.57489929,27.59144063,0,0.000268
19/11/2013,34.69384155,12.7375885,26.63155547,0,0.000253
20/11/2013,33.78232727,15.87325439,34.32110291,0,0.000313
21/11/2013,34.23223267,15.54929504,32.78502571,0,0.000328
22/11/2013,34.10610352,15.57077942,33.06128356,0,0.000298
23/11/2013,33.02477417,16.87560425,38.16661228,0,0.000283
24/11/2013,33.86040649,14.81224976,31.92163618,0,0.000313
25/11/2013,33.53789673,15.15485535,33.22627501,0,0.000492
26/11/2013,33.65317688,17.2978302,37.84656624,0,0.000536
27/11/2013,32.57711182,18.72495422,43.97285937,0,0.001892447
28/11/2013,35.58925781,12.99151001,25.77192581,0,0.000194
29/11/2013,36.63153992,10.25437317,20.30986702,0,0.000209
30/11/2013,35.91439209,11.16178284,22.43978389,0,0.000238
01/12/2013,34.76696167,14.36634216,29.49211338,0,0.000253
02/12/2013,35.14246521,16.35743103,32.8248003,0,0.000522
03/12/2013,35.59023438,12.37146912,24.74366233,0,0.000238
04/12/2013,36.32654724,9.690377808,19.88529124,0,0.000238
05/12/2013,35.45664368,12.9682251,25.92127235,0,0.000209
06/12/2013,33.81940613,13.88857422,30.13824965,0,0.000268
07/12/2013,31.77280579,18.17540894,44.45743537,0,0.001624227
08/12/2013,31.75092468,17.93201599,43.83679905,8.851433754,0.002205372
09/12/2013,35.56476746,11.41945801,23.26948826,0,0.000179
10/12/2013,33.65363464,15.36170349,33.45386676,0,0.000224
11/12/2013,33.85794983,13.67295227,29.65496174,0,0.000209
12/12/2013,34.41445313,11.94150696,25.66784028,0,0.000179
13/12/2013,33.38965759,13.64573059,30.3866874,0,0.000373
14/12/2013,33.58150635,8.314447021,21.09012635,0,0.000179
15/12/2013,32.71524963,6.588006592,19.67263638,0,0.000194
16/12/2013,32.97213135,5.292062378,17.72609028,0,0.000164
17/12/2013,32.72026978,4.65368042,17.19483461,0,0.000164
18/12/2013,33.05225525,4.450952148,16.63930975,0,0.000179
19/12/2013,33.94597778,5.538796997,17.07750543,0,0.000179
20/12/2013,34.86507568,6.281304932,17.08470504,0,0.000179
21/12/2013,35.02810059,6.791818237,17.53779074,0,0.000179
22/12/2013,35.58345947,8.249887085,18.79192314,0,0.000179
23/12/2013,36.06595764,8.447640991,18.54778274,0,0.000164
24/12/2013,36.30033264,8.376016235,18.22230115,0,0.000164
25/12/2013,36.78852234,4.306573486,13.39660405,0,0.000164
26/12/2013,36.39447937,2.498452759,12.0447673,0,0.000149
27/12/2013,35.39444885,11.37360535,23.41754075,0,0.000194
28/12/2013,35.92550049,11.39730225,22.77915336,0,0.000179
29/12/2013,35.93834839,7.416604614,17.41080809,0,0.000209
30/12/2013,35.526651,7.698449707,18.15578523,0,0.000179
31/12/2013,35.45290527,5.74465332,15.93602535,0,0.000253
01/01/2014,34.05172119,12.43839417,27.06158947,0,0.000224
02/01/2014,33.74784241,8.348245239,20.94324895,0,0.000149
03/01/2014,35.14270935,0.702584839,11.3415555,0,0.000149
04/01/2014,35.14600525,4.602288818,14.96746862,0,0.000149
05/01/2014,33.88274536,12.65670166,27.71179345,0,0.000283
06/01/2014,34.92141113,7.381356812,18.36981227,0,0.000149
07/01/2014,35.31350098,5.517236328,15.80732196,0,0.000186
08/01/2014,35.52900085,7.10718689,17.43349916,0,0.000194
09/01/2014,35.02472839,8.342767334,19.50265018,0,0.000149
10/01/2014,35.33175049,5.493218994,15.76508088,0,0.000149
11/01/2014,35.50498352,5.472650146,15.59299817,0,0.000134
12/01/2014,35.6843811,5.460244751,15.42650434,0,0.000149
13/01/2014,35.22779236,4.213372803,14.49905648,0,0.000149
14/01/2014,35.04709778,10.10778198,21.94050828,0,0.000149
15/01/2014,35.38361511,10.2448822,21.7353182,0,0.000194
16/01/2014,35.42833862,12.95343933,25.93661901,0,0.000209
17/01/2014,34.94358215,16.42632446,33.33340797,0.849048138,0.000253
18/01/2014,36.16459045,12.73665771,24.55711375,0,0.000134
19/01/2014,37.08904419,4.958581543,13.79459332,0,0.000164
20/01/2014,37.30944214,5.75977478,14.41185562,0,0.000149
21/01/2014,36.97518311,9.419671631,18.84702231,0,0.000209
22/01/2014,36.11908875,12.12572632,23.64968894,0,0.000149
23/01/2014,34.92202148,16.75306091,34.07368294,1.155477524,0.003159046
24/01/2014,34.62201843,17.55533752,36.44903172,2.310955048,0.00102818
25/01/2014,36.86005554,12.30254517,22.97668262,0,0.000164
26/01/2014,36.12626038,13.34787903,25.61226074,0,0.000209
27/01/2014,36.39418945,9.03371582,18.95461881,0,0.000149
28/01/2014,36.41703186,10.95015869,21.52531866,0,0.000149
29/01/2014,35.52417908,16.15700684,31.73316953,0,0.000253
30/01/2014,30.50518188,21.13492737,57.4161541,4.73866415,0.03272295
31/01/2014,29.73555908,18.86486206,52.13849668,4.73866415,0.01488626
01/02/2014,34.38813171,12.6849762,26.99363771,0,0.000149
02/02/2014,34.56427917,6.408883667,17.52539999,0.856622875,0.000119
03/02/2014,35.54638062,8.023660278,18.542724,0,0.000119
04/02/2014,36.59209595,10.2149292,20.30004689,0,0.000134
05/02/2014,36.25289307,6.299508667,15.84808627,0,0.000119
06/02/2014,36.94046936,3.483743286,12.53784991,0,0.000134
07/02/2014,37.13753662,7.207208252,16.07413553,0,0.000149
08/02/2014,36.01055298,10.85042725,21.86446306,0,0.000119
09/02/2014,37.33483276,6.348931885,14.99087557,0,0.000313
10/02/2014,36.59937439,10.5697876,20.77872248,0,0.000283
11/02/2014,36.10830078,12.27376709,23.89543606,0,0.000164
12/02/2014,37.34908447,9.160913086,18.14824753,0,0.000268
13/02/2014,36.95220337,6.675332642,15.65457734,0,0.000224
14/02/2014,36.60642395,-1.558874512,8.872067827,0,0.000119
15/02/2014,35.74840698,1.598474121,11.70104494,0,0.000104
16/02/2014,36.17989502,11.24480591,22.23756092,0,0.000149
17/02/2014,38.08794556,6.065560913,14.1123232,0,0.000119
18/02/2014,37.56585083,8.819833374,17.52735638,0,0.000119
19/02/2014,37.47400818,11.17818604,20.6308041,0,0.000119
20/02/2014,35.31652222,15.70003662,31.17447817,0,0.000283
21/02/2014,37.68699036,12.33738098,22.01710138,0,0.000238
22/02/2014,38.80922852,8.493630981,16.03097782,0,0.000104
23/02/2014,38.6355072,9.964974976,17.86924363,0,0.000104
24/02/2014,37.75467834,12.7083374,22.47740066,2.093667507,0.000127
25/02/2014,37.21462402,12.80793152,23.29758361,0,0.000164
26/02/2014,37.22538147,13.38294373,24.17574076,0,0.000149
27/02/2014,37.58301697,14.16724548,24.95103466,2.775174379,0.000283
28/02/2014,35.20261536,15.3784729,30.73091622,2.775174379,0.001907349
01/03/2014,35.11731873,9.524865723,21.01709686,4.495774269,0.000238
02/03/2014,37.23670349,0.865213013,10.23177255,0,0.000134
03/03/2014,34.3272644,12.0414978,25.96303971,0,0.000119
04/03/2014,37.10224304,13.78188477,24.97871146,0,0.000119
05/03/2014,36.5524231,16.20726929,30.08923023,1.798309684,0.000626
06/03/2014,36.73825989,16.42801819,30.20730159,4.728251457,0.006809831
07/03/2014,34.54580078,19.21647034,40.62049306,2.364125729,0.003784895
08/03/2014,38.72605286,10.70427856,18.68304415,0,0.000149
09/03/2014,38.48526917,5.488259888,13.27082014,0,0.000224
10/03/2014,37.39537964,11.73011169,21.49043825,0,0.000134
11/03/2014,33.03383789,19.26659546,44.33212579,3.584090471,0.003755093
12/03/2014,35.984552,16.93418274,32.50797798,0,0.003561378
13/03/2014,38.28209839,12.66723022,21.78669542,3.584090471,0.000224
14/03/2014,38.13001404,14.09858093,24.11551988,1.792045236,0.000179
15/03/2014,38.62529907,14.65371094,24.33862603,0,0.000119
16/03/2014,38.35132751,16.3457428,27.53152537,5.860842228,0.00859797
17/03/2014,35.30721436,19.84295044,40.49138142,0,0.007137656
18/03/2014,36.48879395,18.75101624,35.4543426,8.79126358,0.005766749
19/03/2014,37.23130188,17.35709534,31.19173917,5.860842228,0.000194
20/03/2014,36.89803467,16.22123108,29.55329274,0,0.000358
21/03/2014,37.56868896,16.07190857,28.2248145,0,0.000224
22/03/2014,36.64574585,17.61043701,32.722252,0,0.000194
23/03/2014,27.78058777,22.46657715,72.88661877,5.805128574,0.025987625
24/03/2014,35.29525146,19.08843384,38.66162406,2.902564287,0.008702278
25/03/2014,35.24555359,19.75563965,40.40999053,0,0.011667609
26/03/2014,36.82509766,15.61168823,28.5373168,0,0.000119
27/03/2014,36.79308472,16.4112793,30.08500117,5.832215309,0.000179
28/03/2014,36.61824951,15.37046204,28.41826265,11.66443062,0.000373
29/03/2014,36.12635193,17.72962341,33.91936256,5.832215309,0.017702579
30/03/2014,35.5954071,18.07930908,35.69999466,2.916107655,0.00205636
31/03/2014,34.83443604,20.82024536,44.14802814,11.66443062,0.00073
01/04/2014,36.88837585,15.13840637,27.58804501,0,0.0000894
02/04/2014,37.8355957,15.55175171,26.90909369,0,0.000104
03/04/2014,35.94413147,18.34205017,35.60470628,7.360673904,0.003442168
04/04/2014,38.9130188,13.29380188,21.94028189,0,0.000149
05/04/2014,36.57361755,16.64852295,30.91058241,3.680336952,0.000149
06/04/2014,36.1942688,17.45095215,33.2045109,0,0.000432
07/04/2014,37.48699341,16.85515747,29.799168,4.849865913,0.000671
08/04/2014,34.51436768,19.56604919,41.58579844,4.849865913,0.00359118
09/04/2014,30.73264465,21.87468872,59.29954194,0,0.050365925
10/04/2014,32.9026123,21.37166748,50.85922006,12.12466526,0.035479665
11/04/2014,34.1088501,19.32354126,41.8967726,8.653692245,0.000983
12/04/2014,35.49949036,19.60761414,39.48394724,0,0.002890825
13/04/2014,31.62667236,21.40259705,54.75761928,4.326846123,0.002890825
14/04/2014,35.03078613,18.92418823,38.83030193,4.326846123,0.006899238
15/04/2014,35.5356842,19.09046326,38.15762392,0,0.000119
16/04/2014,36.33782349,19.27720032,36.94119821,4.062411785,0.000551
17/04/2014,32.09760437,21.73954163,54.42822089,0,0.005543232
18/04/2014,35.37372742,18.39849243,36.86973679,12.18723583,0.002637506
19/04/2014,36.93517456,17.60917053,32.2070975,0,0.000373
20/04/2014,35.83200989,19.64736328,38.86417472,4.062411785,0.008836389
21/04/2014,32.56939087,20.86771545,50.24256569,6.796374798,0.001192093
22/04/2014,28.97901306,22.85640869,69.6139433,3.398187399,0.018835068
23/04/2014,36.43544922,19.28562317,36.76368108,0,0.004798174
24/04/2014,33.63109741,19.91869507,44.64693074,10.19456196,0.000462
25/04/2014,35.00950012,20.01978455,41.61569053,6.796374798,0.001311302
26/04/2014,36.46390686,19.68796692,37.63596304,2.908100605,0.007122755
27/04/2014,36.83384094,18.22426758,33.66340554,2.908100605,0.00244379
28/04/2014,31.86393127,22.41591797,57.471598,0,0.012546778
29/04/2014,32.66884766,18.47205505,43.05961227,0,0.000119
30/04/2014,28.47791443,24.25339661,77.95403593,2.908100605,0.099077821
01/05/2014,31.98864136,16.05910645,38.41053373,8.976309776,0.002428889
02/05/2014,33.3562561,20.66941223,47.48962574,0,0.001654029
03/05/2014,28.39437256,24.01139221,77.20442704,0,0.04632771
04/05/2014,33.83851013,19.21657715,42.25002047,8.976309776,0.000313
05/05/2014,32.35395203,22.09960327,54.83787262,8.976309776,1.498550177
06/05/2014,25.66761169,22.43825684,82.3854306,18.54279137,0.078827143
07/05/2014,27.09311829,21.55349121,71.76911119,9.271395683,0.015720725
08/05/2014,28.08434448,22.74710999,72.83734062,13.907094,0.048071146
09/05/2014,32.63088379,20.61754761,49.30404029,0,0.001937151
10/05/2014,33.37027893,20.55013428,47.10494845,9.271395683,0.011473894
11/05/2014,33.14397583,20.17983398,46.62747215,10.48236179,0.006228685
12/05/2014,33.47864685,21.54033813,49.75546079,0,0.006988645
13/05/2014,32.31968079,22.31180725,55.65803955,0,0.034987926
14/05/2014,27.79061279,23.07413635,75.57557111,0,0.075787306
15/05/2014,30.54508362,22.28254089,61.44562326,5.241180897,0.042021275
16/05/2014,31.31685791,20.64008484,53.17899319,9.261761665,0.002354383
17/05/2014,30.6958252,22.76746521,62.73904734,4.630880833,0.011190772
18/05/2014,33.23822937,22.13160095,52.28209867,0,0.028565526
19/05/2014,26.82795105,24.2481781,85.80952335,13.89264393,0.061541796
20/05/2014,30.34546814,23.34423218,66.2789278,4.630880833,0.006765127
21/05/2014,33.07251892,21.84961853,51.87047758,0,0.001177192
22/05/2014,33.10544739,22.4704834,53.76916073,0,0.003531575
23/05/2014,29.18911133,22.64034424,67.87972012,6.440758228,0.004589558
24/05/2014,31.85247192,20.76943359,52.00117023,6.440758228,0.002115965
25/05/2014,33.99054871,20.15177307,44.39682733,0,0.000179
26/05/2014,34.09032593,21.77034912,48.76755724,0,0.064492226
27/05/2014,29.50283203,23.02875671,68.24999271,12.39972401,0.022649765
28/05/2014,32.26986084,21.42345581,52.86987668,6.199862003,0.03939867
29/05/2014,27.54078064,22.3308197,73.30688803,12.39972401,0.044703484
30/05/2014,29.65323792,21.77799377,62.71014817,12.39972401,0.002741814
31/05/2014,32.9205719,21.33167419,50.68365605,0,0.001102686
01/06/2014,29.32624207,22.79297791,67.97092148,9.102654457,0.025480986
02/06/2014,30.2257019,22.07103882,61.77786286,0,0.013813376
03/06/2014,31.71824036,21.84876404,55.98046521,9.102654457,0.001356006
04/06/2014,28.54941711,25.07926331,81.55606328,0,1.163184643
05/06/2014,29.02697144,21.38741455,63.48091752,9.102654457,0.003159046
06/06/2014,31.49958191,20.74541626,52.97275485,0,0.002563
07/06/2014,27.84345398,22.55904541,73.02875722,0,0.787958503
08/06/2014,28.15136108,23.10187683,74.12852089,6.196146488,0.026360154
09/06/2014,32.0538269,20.96148071,52.02334643,0,0.000164
10/06/2014,28.15781555,22.11701355,69.80299833,6.196146488,0.008270144
11/06/2014,31.60917053,22.51235352,58.64910237,6.992109776,0.021189451
12/06/2014,32.21296082,21.59163818,53.58844007,6.992109776,0.004276633
13/06/2014,31.75585327,21.47820435,54.61061174,6.992109776,0.002205372
14/06/2014,31.4795929,21.54491577,55.69917613,0,0.00295043
15/06/2014,31.80179749,22.12215576,56.65261656,0,0.003620982
16/06/2014,32.01888428,22.05222473,55.72356387,12.61398315,0.018417835
17/06/2014,27.89135132,22.57148132,72.8801522,0,0.041648746
18/06/2014,29.18927917,22.57799683,67.62280309,12.61398315,0.055059791
19/06/2014,30.54023132,20.2625824,54.30490266,0,0.000745
20/06/2014,30.79317627,21.75403748,58.6615761,0,0.019609928
21/06/2014,29.21483765,22.40958557,66.83617867,9.663519859,0.001996756
22/06/2014,29.18155823,21.73575745,64.27153953,0,0.018253922
23/06/2014,30.43248901,21.42977295,58.70657965,9.663519859,0.024154782
24/06/2014,28.45488892,22.42885742,69.92246153,0,0.008419156
25/06/2014,29.43222961,21.08623657,60.87936261,0,0.004932284
26/06/2014,31.75991211,19.61724243,48.6809136,0,0.000939
27/06/2014,30.59617004,21.73026428,59.23865964,0,0.02720952
28/06/2014,29.76963196,21.59580383,61.60241742,26.30182457,0.035226345
29/06/2014,25.78516541,22.60343323,82.6382415,10.52072906,0.050634146
30/06/2014,31.34588013,20.12502441,51.43023005,10.52072906,0.001072884
01/07/2014,29.34014282,21.62038574,63.23897208,23.41491508,0.029981136
02/07/2014,26.24825439,22.27352295,78.81161249,0,0.047296286
03/07/2014,30.56774292,21.35242615,57.97931257,11.70745754,0.03066659
04/07/2014,28.97205505,22.17157898,66.80584084,5.853728771,0.038161874
05/07/2014,29.59165344,21.67125854,62.52372672,0,0.008612871
06/07/2014,30.18145142,21.28443298,59.02818001,0,0.004187226
07/07/2014,28.0289856,21.25921021,66.73718475,0,0.011384487
08/07/2014,29.80999146,19.68709717,54.64258415,3.917036772,0.0012815
09/07/2014,26.89788208,21.1802002,70.95489015,3.917036772,0.034168363
10/07/2014,29.14548645,22.23800049,66.40780263,0,0.053316355
11/07/2014,29.79570923,20.25553284,56.64646479,0,0.003755093
12/07/2014,29.64679871,21.27947388,60.84911257,8.24438858,0.00603497
13/07/2014,29.86200867,20.52736816,57.38587629,0,0.001981854
14/07/2014,30.09542236,20.7656189,57.4596267,0,0.007539988
15/07/2014,31.64588318,21.26123962,54.22637817,16.48877716,0.013485551
16/07/2014,29.18950806,22.14914856,65.88206086,7.539662361,0.031888485
17/07/2014,24.70137939,21.82459412,84.05875161,7.539662361,0.034153461
18/07/2014,27.55443726,20.08802185,63.83582767,0,0.094681978
19/07/2014,30.16181335,18.97368774,51.2255663,3.769831181,0.000119
20/07/2014,28.52852783,21.90480957,67.43839938,3.769831181,0.025093555
21/07/2014,28.99259338,21.35686646,63.48825216,0,0.018760562
22/07/2014,28.9449707,20.69179688,61.11538946,0,0.008374453
23/07/2014,28.43084106,20.64164124,62.76866376,0,0.004887581
24/07/2014,26.70418701,21.5541626,73.42983256,0,0.011309981
25/07/2014,28.09057007,21.30549011,66.6873055,0,0.008359551
26/07/2014,25.0347229,22.45586548,85.633429,0,0.23072958
27/07/2014,29.56377563,21.13915405,60.61656656,0,0.003710389
28/07/2014,26.84713135,20.91803894,70.03027258,5.572548389,0.009521842
29/07/2014,29.44178162,20.86791382,60.03521517,5.572548389,0.006914139
30/07/2014,29.3771759,21.73432312,63.54500361,0,0.029861927
31/07/2014,28.59772644,21.72359619,66.42951054,11.14509678,0.036895275
01/08/2014,25.69516907,22.11799011,80.66434647,0,0.06224215
02/08/2014,24.0030304,22.14893494,89.39732663,0,0.076308846
03/08/2014,27.23290405,21.67670593,71.7218839,12.90713406,0.025093555
04/08/2014,28.55515442,21.23513184,64.63246393,0,0.324517488
05/08/2014,28.88277588,22.45122681,68.30321461,38.72140503,0.071257353
06/08/2014,28.46845398,21.56264648,66.27422305,0,0.038728118
07/08/2014,24.84432373,22.23729858,85.46745777,0,0.081419945
08/08/2014,25.36315308,21.85814819,80.97613878,0,0.02977252
09/08/2014,27.93540344,21.20652161,66.88544489,0,0.003889203
10/08/2014,30.0287262,19.75478516,54.18797283,0,0.002264977
11/08/2014,28.73796997,20.72145996,61.96480642,0,0.035583973
12/08/2014,25.77266846,20.76323853,73.90451047,0,0.010371208
13/08/2014,26.00782166,20.29602966,70.81413336,0,0.006824732
14/08/2014,28.20145569,20.14936218,61.70718132,0,0.008910894
15/08/2014,25.42217407,20.74398193,75.36713602,0,0.028595328
16/08/2014,26.51322327,20.69605408,70.45039834,0,0.020831823
17/08/2014,27.79018555,19.90076599,62.23775501,0,0.003740191
18/08/2014,25.16385803,22.33501587,84.35600649,7.332525253,0.10445714
19/08/2014,27.51329956,22.3651825,73.57823485,14.66505051,0.063061714
20/08/2014,28.95348511,20.72817383,61.22226549,0,0.006124377
21/08/2014,28.59884033,21.20835266,64.36320553,7.750782013,0.025272369
22/08/2014,25.6349884,21.51885376,78.04563225,15.50156403,0.056281686
23/08/2014,24.34807739,22.7415863,90.77713818,0,0.140041113
24/08/2014,29.92545471,20.31391296,56.42914678,0,0.003188848
25/08/2014,29.30904541,21.39722595,62.49333168,7.750782013,0.074952841
26/08/2014,22.41201172,22.12282715,98.25638356,17.49683952,4.252180457
27/08/2014,28.74646912,20.61828003,61.54203708,0,0.010743737
28/08/2014,30.6753479,21.53183899,58.26057352,0,0.030905008
29/08/2014,27.02578125,22.36290894,75.69818677,8.748419762,0.030517578
30/08/2014,28.95316467,20.92218933,61.95838236,8.748419762,0.006511807
31/08/2014,26.1864563,23.23720703,83.85633134,0,0.12229383
01/09/2014,25.3953186,21.43174133,78.74246498,0,0.129848719
02/09/2014,27.9979187,21.58303223,68.19674929,0,0.049754977
03/09/2014,28.59620056,20.8350769,62.9141265,0,0.009164214
04/09/2014,27.53652344,23.56455383,79.00847521,24.71558952,0.118285418
05/09/2014,24.61489258,22.14820251,86.17736637,12.35779476,2.204716206
06/09/2014,27.74163208,21.91466675,70.6393203,0,0.017911196
07/09/2014,28.57984314,21.2870575,64.74577829,0,0.012636185
08/09/2014,29.0432373,22.40175781,67.46952228,34.16219711,0.09547174
09/09/2014,25.07735596,22.50420532,85.66744459,0,0.955983996
10/09/2014,27.50913391,21.20575867,68.56666915,0,0.036984682
11/09/2014,28.24701843,21.89417419,68.50516482,16.83117867,0.014811754
12/09/2014,28.56598816,22.72965393,70.75302585,16.83117867,0.069931149
13/09/2014,29.96270142,21.24880371,59.64266701,0,0.004291534
14/09/2014,27.39273987,22.34255371,73.99684657,0,0.020042062
15/09/2014,27.20072327,24.50872192,85.27284252,25.24676895,0.133350492
16/09/2014,26.81774292,22.82798157,78.82133213,18.48962402,0.377506018
17/09/2014,23.65714417,22.16752014,91.3784845,0,2.865538001
18/09/2014,28.08110962,21.59612427,67.92166091,9.244812012,0.009834766
19/09/2014,29.07242737,21.96857605,65.60319277,9.244812012,0.013962388
20/09/2014,25.53988037,23.13103638,86.57003615,18.48962402,0.143185258
21/09/2014,28.5520874,22.52930603,69.95476619,0,0.053957105
22/09/2014,29.46601257,21.88649902,63.81062545,28.76165199,0.017777085
23/09/2014,28.71512756,21.99187622,67.06815734,0,0.444114208
24/09/2014,28.24718628,22.00715027,68.97803216,0,0.006213784
25/09/2014,29.2257782,21.93843994,64.90565369,0,0.004723668
26/09/2014,29.55227051,21.77733765,63.0729342,0,0.156730413
27/09/2014,28.47834167,22.74466858,71.17833922,7.372468472,0.170379877
28/09/2014,28.26493225,21.56246338,67.06131568,14.74493694,0.018179417
29/09/2014,28.26864014,20.68728027,63.5410431,0,0.00372529
30/09/2014,26.6884552,22.23375854,76.60878699,22.11740685,0.075757504
01/10/2014,22.8361908,22.28869019,96.73191747,18.01333809,2.347439528
02/10/2014,25.0077301,22.67437134,86.91613834,6.004445553,0.353053212
03/10/2014,25.26999817,23.0229126,87.39551325,6.004445553,1.645803452
04/10/2014,26.76140747,22.66111145,78.28696752,6.004445553,1.328617334
05/10/2014,29.73735962,21.52240906,61.4403522,6.004445553,0.034317374
06/10/2014,30.39820251,22.16976318,61.53989858,14.40071583,0.074028969
07/10/2014,27.95220337,23.20275269,75.45120912,19.20095444,0.067144632
08/10/2014,31.47936401,21.12189636,54.27488175,0,0.000551
09/10/2014,31.38652954,21.1091095,54.51876507,0,0.000387
10/10/2014,30.45049438,21.87734375,60.27248395,4.800238609,0.98028779
11/10/2014,26.98737488,21.11295471,70.29255679,10.27318573,0.143140554
12/10/2014,27.8754364,23.21579895,75.8491698,5.136592865,0.040248036
13/10/2014,30.00377808,21.96282349,62.15729527,10.27318573,0.044971704
14/10/2014,29.68666992,22.53429565,65.53886925,0,0.008821487
15/10/2014,30.90220032,22.12580261,59.63491493,0,0.002980232
16/10/2014,31.95678101,21.70122681,54.7347378,0,0.000954
17/10/2014,31.52321777,21.5932251,55.72591766,10.59484863,0.006139278
18/10/2014,25.81220398,23.3263031,86.19445274,0,0.05620718
19/10/2014,28.47672424,20.15909729,60.76508576,0,0.000328
20/10/2014,31.88330994,17.55913696,42.49941687,0,0.000238
21/10/2014,32.176828,17.65706787,42.05945249,0,0.000507
22/10/2014,30.57262573,19.21209106,50.78507552,0,0.001147389
23/10/2014,30.62445984,21.14634094,57.06627486,8.083421707,0.018447638
24/10/2014,30.5161377,21.25895081,57.81834748,0,0.024497509
25/10/2014,25.78148804,23.2544342,85.9776271,0,0.080183148
26/10/2014,29.57441101,22.74942932,66.8297413,8.98865509,0.035688281
27/10/2014,30.33989868,22.10675964,61.50906792,0,0.003248453
28/10/2014,31.52274475,21.48198853,55.34951407,8.98865509,0.001117587
29/10/2014,29.37926636,22.98528442,68.55698301,8.98865509,0.079765916
30/10/2014,31.28302917,21.51043091,56.20549894,0,0.012934208
31/10/2014,30.85416565,19.48874817,50.84351268,0,0.001147389
01/11/2014,30.38663635,20.04718933,54.05902479,0,0.000551
02/11/2014,31.69474182,18.52878723,45.65487155,1.916169763,0.000626
03/11/2014,28.95438538,22.49291382,68.19339396,0.958084881,0.071540475
04/11/2014,27.46489868,23.07441101,77.02792429,0.958084881,0.0077039
05/11/2014,28.573526,21.71862183,66.50255945,2.874254704,0.001251698
06/11/2014,31.36304626,20.32355652,52.01435445,0,0.001505017
07/11/2014,32.61722717,20.70227966,49.60008463,0.391033232,0.000507
08/11/2014,32.34229431,21.28572998,52.21205104,0,0.000969
09/11/2014,32.72101746,19.92054138,46.98749476,0.782066464,0.000551
10/11/2014,29.54889832,21.24859009,61.07706147,0,0.005528331
11/11/2014,30.93648682,21.82747803,58.44589442,0,0.004813075
12/11/2014,31.41562805,20.40976868,52.13604032,0,0.001832843
13/11/2014,32.7519928,18.4565979,42.81734881,0,0.000641
14/11/2014,31.46174011,20.10621033,51.03370618,0,0.001609325
15/11/2014,32.71816406,17.6145874,40.68732144,0,0.000387
16/11/2014,33.2778717,15.77845154,35.0887931,0,0.000387
17/11/2014,33.83583984,14.76818237,31.87466821,0,0.000432
18/11/2014,31.93013916,18.10762939,43.87631445,0,0.004678965
19/11/2014,32.49970398,16.18526611,37.62071624,0,0.000343
20/11/2014,33.48294983,12.96598206,28.91707045,0,0.000373
21/11/2014,31.82140503,16.46463928,39.790892,0,0.000462
22/11/2014,32.10053406,17.06200562,40.68205485,0,0.000969
23/11/2014,34.00762329,10.60262451,24.02396338,0,0.000417
24/11/2014,34.2111145,9.519906616,22.09194497,0,0.000373
25/11/2014,33.42771301,15.5937439,34.38676171,0,0.000417
26/11/2014,33.37432251,14.79165039,32.75635151,0,0.000343
27/11/2014,33.0037323,16.35076294,36.95790517,0,0.00079
28/11/2014,33.3610321,16.22524414,35.93694753,0,0.000581
29/11/2014,33.94761047,15.05809937,32.27397825,0,0.000313
30/11/2014,33.34559021,14.86089478,32.9558368,0,0.000313
01/12/2014,34.95502625,10.08468018,22.01835848,0,0.000358
02/12/2014,34.61956177,11.80167542,25.14432218,0,0.000477
03/12/2014,34.30301819,11.08562622,24.40455201,0,0.000328
04/12/2014,33.49909363,12.90583191,28.77748143,0,0.000536
05/12/2014,32.72490845,16.05689392,36.84407184,0,0.00076
06/12/2014,35.30361328,11.72458801,24.08816441,0,0.000298
07/12/2014,35.20423279,9.822732544,21.33931268,0,0.000358
08/12/2014,35.03554688,10.73641357,22.89581879,0,0.000343
09/12/2014,34.38166199,13.32808838,28.1634938,0,0.000387
10/12/2014,34.36184082,13.66233215,28.81525837,0,0.000328
11/12/2014,34.69577942,13.10019836,27.26828997,0,0.000328
12/12/2014,34.20945129,10.56864319,23.7019395,0,0.000313
13/12/2014,34.2007843,12.20601807,26.43106915,0,0.000283
14/12/2014,34.99942932,5.26242981,15.80115015,0,0.000283
15/12/2014,35.57879028,7.753823853,18.17230943,0,0.000268
16/12/2014,34.65812073,13.35630188,27.78601994,0,0.000268
17/12/2014,35.5102478,10.19072876,21.50617044,0,0.000283
18/12/2014,35.56232605,8.435968018,19.05307424,0,0.000268
19/12/2014,35.44303284,8.646569824,19.45449371,0,0.000283
20/12/2014,34.82489929,9.971063232,22.00924976,0,0.000283
21/12/2014,34.98116455,6.077035522,16.73734654,3.936983347,0.000283
22/12/2014,34.44597778,5.584939575,16.66263706,0,0.000283
23/12/2014,33.9416748,4.669396973,16.07661476,0,0.000238
24/12/2014,34.03287659,4.081582642,15.34888392,0,0.000283
25/12/2014,33.30187378,4.558053589,16.53189589,0,0.000268
26/12/2014,33.01070557,3.843087769,15.98044754,0,0.000253
27/12/2014,33.12015686,5.508950806,17.84685465,0,0.000253
28/12/2014,33.45595703,7.403710938,19.95981078,0,0.000268
29/12/2014,34.35497437,8.042489624,19.83074591,3.688601494,0.000253
30/12/2014,34.3996521,7.032250977,18.46149963,0,0.000268
31/12/2014,33.88598022,4.299752808,15.71405824,0,0.000253
01/01/2015,34.66228638,6.387200928,17.40439354,0,0.000253
02/01/2015,34.00350342,7.489404297,19.47313735,0,0.000253
03/01/2015,33.92995605,3.919946289,15.26247905,0,0.000253
04/01/2015,32.24060974,0.572732544,13.21076452,0,0.000238
05/01/2015,31.55729065,-0.304907227,12.88255999,0,0.000253
06/01/2015,32.69831238,1.608544922,13.87312032,0,0.000238
07/01/2015,32.7374054,3.197824097,15.50422496,0,0.000253
08/01/2015,33.28585205,3.129953003,14.96241791,0,0.000238
09/01/2015,32.67279968,2.584146118,14.89687125,0,0.000224
10/01/2015,31.51131592,-0.98140564,12.29238307,0,0.000238
11/01/2015,31.45926819,-1.924642944,11.50104006,0,0.000238
12/01/2015,31.1973053,-2.931723022,10.83193689,0,0.000238
13/01/2015,31.28406677,-1.102575684,12.34168679,0,0.000238
14/01/2015,33.25309143,0.121347046,12.07791834,0,0.000238
15/01/2015,33.75571594,1.280130005,12.77037711,0,0.000224
16/01/2015,34.71425781,3.237542725,13.92426703,0,0.000209
17/01/2015,34.99065552,2.379495239,12.90152875,0,0.000209
18/01/2015,35.77221069,4.556222534,14.41339278,0,0.000253
19/01/2015,34.684198,11.58313904,24.6950957,0,0.000224
20/01/2015,34.63561401,12.09925232,25.61997539,0,0.000253
21/01/2015,35.60027466,12.10193787,24.29517618,0,0.000224
22/01/2015,36.8951355,7.834680176,17.00174463,0,0.000224
23/01/2015,37.37708435,1.153527832,10.36748068,0,0.000209
24/01/2015,36.11976013,9.665368652,20.07805349,0,0.000238
25/01/2015,35.81392822,12.94230042,25.37366885,0,0.000283
26/01/2015,35.45818481,13.9838501,27.69254068,0,0.000246
27/01/2015,37.43110046,9.754632568,18.80419361,0,0.000283
28/01/2015,36.78008423,9.681466675,19.38690647,0,0.000224
29/01/2015,35.50730286,13.88041077,27.43286294,3.099718332,0.000373
30/01/2015,35.38118896,16.06850586,31.80398562,4.498100758,0.000626
31/01/2015,35.50299988,17.74718628,35.14001387,0,0.001132488
01/02/2015,37.05054626,12.7741333,23.4545236,0,0.000298
02/02/2015,36.94638977,12.86501465,23.72881332,0,0.000224
03/02/2015,37.64959106,10.74347839,19.85301506,0,0.000343
04/02/2015,37.1892334,12.01911316,22.15112546,0,0.000328
05/02/2015,38.1448761,9.835183716,18.18926007,0,0.000253
06/02/2015,37.14348755,12.09024963,22.31068249,1.116790533,0.000253
07/02/2015,37.70238647,11.2333313,20.45155227,0,0.000238
08/02/2015,38.13337097,10.08399353,18.50666771,0,0.000253
09/02/2015,38.02785645,11.9835144,21.11671817,2.233581066,0.000238
10/02/2015,37.74532471,12.09951172,21.6066503,0,0.000209
11/02/2015,37.29400024,12.89693604,23.33287242,0,0.000209
12/02/2015,37.76708374,9.260461426,17.86087342,0,0.000194
13/02/2015,36.8832489,12.65154419,23.47979909,0,0.000343
14/02/2015,34.88921509,14.7799469,30.08647753,0,0.000268
15/02/2015,37.00660095,13.43886719,24.55467454,0,0.000194
16/02/2015,36.45498047,14.64840088,27.37065846,2.38401556,0.000194
17/02/2015,34.97380981,19.09468994,39.36929759,0,0.00141561
18/02/2015,31.01894531,20.14327393,52.45428867,2.38401556,0.003099442
19/02/2015,33.32445679,19.85640869,45.24380797,0,0.026375055
20/02/2015,32.01329956,19.54680786,47.7787989,0,0.009909272
21/02/2015,34.20319519,18.17496643,38.7901015,0,0.001162291
22/02/2015,34.86373291,15.45565186,31.46725071,0,0.009059906
23/02/2015,36.2913147,8.866433716,18.84735352,2.935614586,0.000209
24/02/2015,36.39612732,7.904702759,17.55502575,0,0.000194
25/02/2015,36.86992798,11.2762085,21.45914193,0,0.000164
26/02/2015,36.28363953,12.9301239,24.70863094,0,0.000224
27/02/2015,36.53170166,10.61208496,20.91461185,0,0.000224
28/02/2015,35.23829041,17.78270874,35.73637407,0,0.002041459
01/03/2015,37.57839355,5.982263184,14.42364617,0,0.000209
02/03/2015,37.72532043,1.469949341,10.40782782,0,0.000179
03/03/2015,36.60378418,10.72478638,20.989472,0,0.000179
04/03/2015,37.12537537,10.49665222,20.09298847,0,0.000596
05/03/2015,37.55077515,12.02070007,21.72260924,0,0.000194
06/03/2015,38.22953186,9.725671387,17.97367996,0,0.000194
07/03/2015,37.94156799,10.85941467,19.69300041,0,0.000179
08/03/2015,37.70014343,11.3915802,20.66978523,0,0.000179
09/03/2015,38.5510498,11.27118835,19.58419247,0,0.000238
10/03/2015,38.90143738,9.503762817,17.07830389,0,0.000283
11/03/2015,36.26607666,16.70464478,31.54724695,0,0.000328
12/03/2015,38.62287292,14.67743835,24.37911632,0,0.000298
13/03/2015,38.10999451,13.19091187,22.75688514,0,0.001013279
14/03/2015,38.21004639,12.39885864,21.48957028,0,0.000328
15/03/2015,38.96543274,11.85611877,19.90845052,10.76461029,0.000164
16/03/2015,37.33144531,15.40506897,27.39607899,8.841794968,0.000209
17/03/2015,38.19492493,13.8375946,23.62744764,4.420897484,0.000179
18/03/2015,37.87676392,14.52208862,25.12754342,4.420897484,0.000194
19/03/2015,37.95922241,16.34278259,28.11551153,0,0.001043081
20/03/2015,37.05327759,18.15267334,33.11410371,8.841794968,0.000983
21/03/2015,26.71695862,23.27391968,81.45644785,7.330392838,0.029549003
22/03/2015,36.20290527,18.24530945,34.89063942,2.443464279,0.000373
23/03/2015,36.78148804,16.14905701,29.60512064,0,0.000164
24/03/2015,36.04865417,19.20095215,37.3533583,2.443464279,0.001877546
25/03/2015,27.01844177,23.48825989,81.06812867,12.2173214,0.028938055
26/03/2015,30.67232666,18.54981384,48.45107825,5.264594555,0.004947186
27/03/2015,35.423349,17.08905945,33.8574083,0,0.000969
28/03/2015,36.71152649,13.25765381,24.65968864,0,0.000298
29/03/2015,36.35740051,14.43825684,27.14604292,0,0.000268
30/03/2015,33.33231506,19.97402344,45.55459936,15.79378319,0.069111586
31/03/2015,28.3620697,22.50298462,70.61741486,0,0.044688582
01/04/2015,29.86428223,17.86004028,48.594401,0,0.000358
02/04/2015,35.62059937,5.127603149,15.12625335,0,0.000134
03/04/2015,36.50257263,8.997918701,18.79709739,0,0.000164
04/04/2015,35.19812927,16.00672302,32.00022244,0,0.000164
05/04/2015,35.32653198,18.22530518,36.56640959,1.915404081,0.003650784
06/04/2015,35.3275238,18.91826782,38.1853525,7.272087097,0.000387
07/04/2015,36.41832886,18.10604248,34.18138451,0,0.000179
08/04/2015,34.25649414,19.82032166,42.85635417,0,0.00076
09/04/2015,33.74212036,21.44786987,48.75218116,14.54417419,0.001087785
10/04/2015,34.49221191,20.09508667,43.02493768,0,0.001385808
11/04/2015,35.3151947,20.43422852,41.9807639,0,0.00153482
12/04/2015,36.0868927,17.22561035,32.92817374,0,0.00079
13/04/2015,38.03183899,7.324472046,15.43661675,0,0.000343
14/04/2015,38.09069214,-1.256216431,8.369197765,0,0.000224
15/04/2015,37.01763306,9.839028931,19.34102422,0,0.000656
16/04/2015,36.53286133,12.33332214,23.43815292,0,0.000238
17/04/2015,36.30046997,14.30123291,26.99040555,0,0.000268
18/04/2015,37.86623535,10.65096436,19.50081261,0,0.000447
19/04/2015,38.0611969,11.90374146,20.96805872,0,0.000194
20/04/2015,38.56864319,12.24334106,20.86355324,0,0.000224
21/04/2015,38.33509216,13.64203796,23.15307586,0,0.000164
22/04/2015,37.57367859,16.46167908,28.92697337,0,0.00153482
23/04/2015,38.61306152,14.46128235,24.05375531,4.3716259,0.000179
24/04/2015,38.50312195,14.92377625,24.92970912,4.3716259,0.000134
25/04/2015,37.12301025,16.65635071,30.01324389,4.3716259,0.000313
26/04/2015,37.77320251,14.1411377,24.65340929,0,0.000164
27/04/2015,37.77301941,11.64611206,20.93816375,0,0.000119
28/04/2015,38.53309021,11.58210144,20.01108012,0,0.000119
29/04/2015,37.53495178,12.80075989,22.88495877,0,0.000298
30/04/2015,38.11133728,15.65293274,26.68320765,0,0.000998
01/05/2015,36.10505066,19.03833923,36.86250166,0,0.001937151
02/05/2015,37.82932434,17.01827393,29.55538122,3.699572563,0.000134
03/05/2015,37.36856995,17.65674744,31.55105485,7.399145126,0.003665686
04/05/2015,33.42806396,19.65891418,44.43475524,11.09871769,0.000238
05/05/2015,32.73122559,21.16997681,50.72023879,11.09871769,0.039249659
06/05/2015,36.05681763,16.2312561,30.96410541,0,0.000179
07/05/2015,36.46984253,18.0302063,33.92316713,0,0.000626
08/05/2015,35.45131836,20.13355408,40.90029997,0,0.000581
09/05/2015,35.60814819,18.65845642,36.99412961,7.127677441,0.001043081
10/05/2015,34.53019104,20.984552,45.35423147,0,0.048488379
11/05/2015,32.47306213,19.94274292,47.71311683,10.9654398,0.000134
12/05/2015,34.67731628,20.31343994,43.16426814,0,0.000536
13/05/2015,34.78623352,21.39077148,45.84342782,10.9654398,0.004455447
14/05/2015,27.84707031,22.77596436,73.98010724,21.93087959,0.032141805
15/05/2015,34.52131042,19.84862671,42.30502385,16.44815826,0.000805
16/05/2015,36.8946167,17.4405304,31.9366491,0,0.000373
17/05/2015,29.7073761,22.82937012,66.64260475,12.75902271,0.027149916
18/05/2015,34.62781677,21.52868042,46.63948168,0,0.001713634
19/05/2015,33.56711731,21.78641663,50.26026537,4.253007412,0.002413988
20/05/2015,35.57613525,20.66788635,41.98189977,4.253007412,0.00706315
21/05/2015,34.21451721,21.50162659,47.64287344,3.810807228,0.012725592
22/05/2015,34.10709534,20.26664124,44.42401825,7.621614456,0.002622604
23/05/2015,29.59604797,22.62017212,66.22554859,11.43242168,0.0128299
24/05/2015,34.82309875,19.59531555,40.95487864,0,0.001385808
25/05/2015,35.20772705,20.20136414,41.62747917,0,0.001356006
26/05/2015,32.94519958,22.02279053,52.79683159,0,0.002413988
27/05/2015,33.6610199,21.33849487,48.64638887,0,0.020608306
28/05/2015,32.64949951,21.63443909,52.42378539,2.69486928,0.009804964
29/05/2015,29.36031494,22.19062195,65.40117842,5.38973856,0.012814999
30/05/2015,32.39353333,21.00872192,51.18415802,2.69486928,0.001490116
31/05/2015,31.46375427,22.26531372,58.25357947,0,0.001654029
01/06/2015,34.39806519,20.29776917,43.79554964,0,0.002682209
02/06/2015,31.47989807,21.58405457,55.83169111,7.443085194,0.035569072
03/06/2015,27.32691345,22.58352051,75.37750117,3.721542597,0.041112304
04/06/2015,28.95682678,22.07750854,66.48275179,3.721542597,0.025525689
05/06/2015,29.74195251,21.36805115,60.84648912,11.16462898,0.019729137
06/06/2015,30.9473053,20.19625244,52.84147243,18.92176247,0.002831221
07/06/2015,29.88562927,21.48282776,60.77196454,0,0.052332878
08/06/2015,30.58687744,21.63831482,58.93804906,9.460881233,0.022858381
09/06/2015,30.32486877,22.60975037,63.4732225,0,0.136986375
10/06/2015,30.40027771,20.90532837,56.95273052,0,0.008180737
11/06/2015,29.8718811,21.1969696,59.7641085,0,0.002101064
12/06/2015,32.59389648,20.6940094,49.63994429,0,0.000969
13/06/2015,30.93580017,22.09830627,59.42129698,0,0.003784895
14/06/2015,30.10279236,22.20658264,62.72995147,0,0.036180019
15/06/2015,29.91399536,20.86506042,58.41690524,0,0.002488494
16/06/2015,29.5283905,21.39666138,61.70649809,0,0.003024936
17/06/2015,31.74503479,21.13053284,53.49217564,6.557504654,0.00205636
18/06/2015,31.44855652,20.82395325,53.38365181,0,0.000596
19/06/2015,31.14994202,20.95704041,54.74296456,0,0.004351139
20/06/2015,29.35566101,21.81893311,63.95337485,19.67251587,0.004902482
21/06/2015,30.33171997,21.47739563,59.21827286,0,0.031277537
22/06/2015,30.69382629,21.33950195,57.51792738,0,0.045955181
23/06/2015,29.5967804,20.82113037,59.33098918,0,0.001788139
24/06/2015,31.00855408,21.48182068,56.98984741,17.07258224,0.009432435
25/06/2015,30.79795227,21.90757141,59.19771702,0,0.006735325
26/06/2015,30.06130371,21.26477966,59.36444478,0,0.005066395
27/06/2015,26.72553406,22.22316895,76.3927136,0,0.026255846
28/06/2015,28.39019165,21.44321594,66.09120836,0,0.006899238
29/06/2015,30.16925964,20.67383728,56.89467303,0,0.000909
30/06/2015,30.34780273,20.00184021,54.02738777,0,0.001788139
01/07/2015,31.07174072,20.25815735,52.66957403,0,0.000283
02/07/2015,29.91520081,22.25426636,63.59274401,7.318444729,0.024244189
03/07/2015,25.67427979,22.54158936,82.87123307,0,1.064375043
04/07/2015,29.42710266,22.53209839,66.51634431,0,0.043809414
05/07/2015,30.31208191,21.67817078,60.01721041,7.318444729,0.005558133
06/07/2015,30.82029114,20.75548706,55.09308474,7.215044498,0.002607703
07/07/2015,28.3980957,22.11199341,68.81419241,7.215044498,0.017136335
08/07/2015,28.54828796,23.39299927,73.72372472,7.215044498,0.064313412
09/07/2015,31.0982605,22.02521667,58.61273754,0,0.030696392
10/07/2015,29.19762573,23.6443573,72.08938072,14.430089,0.035896897
11/07/2015,30.50455627,21.96825562,60.42061685,4.731399536,0.0115484
12/07/2015,28.66401062,21.33152161,64.60651965,0,0.036299229
13/07/2015,30.03717957,20.83539734,57.89982181,0,0.006496906
14/07/2015,29.72947083,21.23070679,60.3798041,4.731399536,0.002667308
15/07/2015,28.31456909,21.63807068,67.17802225,4.731399536,0.058308244
16/07/2015,27.17736206,21.36167297,70.58207265,0,0.030368567
17/07/2015,29.16933594,20.93270264,61.2290893,0,0.002205372
18/07/2015,29.93854675,22.30198059,63.69216786,0,0.002592802
19/07/2015,27.63173828,22.17395935,72.2259667,0,0.022158027
20/07/2015,27.97133789,20.77164612,64.98614324,12.23974609,0.025942922
21/07/2015,27.73441467,20.2413269,63.77013625,0,0.005140901
22/07/2015,29.1796051,20.3774353,59.13549973,0,0.004053116
23/07/2015,28.55124817,20.64405212,62.34101405,0,0.021055341
24/07/2015,27.19011841,20.90116272,68.56423164,0,0.009402633
25/07/2015,29.59797058,20.37784729,57.72845496,0,0.004202127
26/07/2015,27.7388855,20.58851013,65.13399756,4.185578823,0.00500679
27/07/2015,26.23549805,21.62540588,75.81482199,12.55673695,0.032410026
28/07/2015,27.09856567,19.77102051,64.2871232,0,0.068083405
29/07/2015,27.72576294,21.12069092,67.35236676,0,0.01129508
30/07/2015,28.72306213,20.77552185,62.22501217,0,0.026464462
31/07/2015,28.35915527,21.14168701,64.99812169,0,0.008881092
01/08/2015,27.17331848,22.64945374,76.36332156,4.997329235,0.068902969
02/08/2015,28.1533905,20.84679565,64.59918085,0,0.026986003
03/08/2015,28.4238678,21.22931824,65.10338247,0,0.007271767
04/08/2015,28.78930054,20.77253113,61.97543679,0,0.004813075
05/08/2015,27.19602356,21.39689026,70.65718295,0,0.011101365
06/08/2015,29.26503906,21.01383362,61.19620875,11.37473202,0.020086765
07/08/2015,29.04892883,21.53501282,63.97578549,11.37473202,0.038176775
08/08/2015,26.25374756,21.82239685,76.64999532,0,0.031530857
09/08/2015,25.01848755,22.63128052,86.63377413,0,0.05197525
10/08/2015,29.32590637,21.14225159,61.46443955,0,0.006660819
11/08/2015,30.23667297,20.75684509,56.96578763,0,0.012874603
12/08/2015,26.67197571,23.21608887,81.38755364,0,0.15103817
13/08/2015,28.7078949,20.46305237,61.09227634,0,0.00436604
14/08/2015,26.71375427,21.31669006,72.3293649,0,0.01321733
15/08/2015,28.60701904,20.71485291,62.41128323,0,0.004738569
16/08/2015,29.47397766,21.17583618,61.06799209,10.33783245,0.009834766
17/08/2015,26.23572693,23.19585571,83.40432302,10.33783245,0.108882785
18/08/2015,27.64399109,20.98000488,67.09250994,0,0.008627772
19/08/2015,29.73627625,21.39473877,60.96590522,0,0.009894371
20/08/2015,30.33576355,21.43865356,59.06434909,20.6756649,0.039175153
21/08/2015,26.86618958,22.41893921,76.6711657,0,0.06262958
22/08/2015,28.97449646,21.03222046,62.30175635,0,0.002563
23/08/2015,28.48052368,21.83944092,67.3572675,17.73492432,0.074014068
24/08/2015,28.58164368,21.72200928,66.48502568,0,0.043019652
25/08/2015,26.57467041,21.1839386,72.33249513,0,0.006988645
26/08/2015,29.51069031,21.10396729,60.67091127,0,0.006407499
27/08/2015,28.04580078,21.3280426,66.95373672,15.00378036,0.007554889
28/08/2015,23.7595459,22.7854248,94.28991458,30.00756073,0.134572387
29/08/2015,25.84824524,22.21228943,80.39664429,0,0.040963292
30/08/2015,30.07050476,21.04345093,58.53291195,0,0.007539988
31/08/2015,26.48175964,22.35639343,78.12686773,45.01134109,0.044554472
01/09/2015,23.33190308,22.69162903,96.20171477,0,0.079676509
02/09/2015,27.91359863,19.91677246,61.85293185,0,0.003278255
03/09/2015,28.51157532,21.52514038,65.95715621,0,0.017464161
04/09/2015,30.24509583,21.96503601,61.31193474,9.442803383,0.037193298
05/09/2015,30.10392151,20.94263611,58.06022916,28.3284111,0.082328916
06/09/2015,26.88149414,21.92159424,74.31796732,0,0.051781535
07/09/2015,29.3515564,21.62360535,63.20982186,8.931909561,0.01630187
08/09/2015,27.19576416,22.14020691,73.93914456,0,0.040739775
09/09/2015,29.57583008,20.68190918,58.89575883,0,0.013634562
10/09/2015,30.15828857,21.83640442,61.13593173,8.931909561,0.013023615
11/09/2015,30.33721313,22.46317444,62.86657641,13.57711697,0.0038445
12/09/2015,31.27068481,21.79268799,57.22359306,13.57711697,0.003963709
13/09/2015,29.37519226,22.55547485,66.81031082,27.15423393,0.049486756
14/09/2015,28.66950378,21.36591492,64.72218184,13.57711697,0.027760863
15/09/2015,27.53600464,22.30199585,73.19894818,13.57711697,0.185206532
16/09/2015,28.84125671,22.20032654,67.4309604,0,0.070735812
17/09/2015,28.05812988,22.91568909,73.69713181,10.21937943,1.772865653
18/09/2015,27.29273376,22.47052917,75.01216359,0,0.008076429
19/09/2015,28.66721497,21.91707764,66.94851912,0,0.006780028
20/09/2015,30.23475037,21.83635864,60.86861842,10.21937943,0.068724155
21/09/2015,27.49932251,21.94831238,71.79306625,15.62499714,0.023797154
22/09/2015,29.96407471,21.98046265,62.36605475,0,0.012725592
23/09/2015,29.87529907,22.36391602,64.16495961,0,0.004351139
24/09/2015,27.42762146,22.36020813,73.92533245,15.62499714,0.124245882
25/09/2015,29.17626343,22.88469849,68.94336314,0,4.199787974
26/09/2015,30.71347961,20.35318909,54.07214822,0,0.001370907
27/09/2015,30.36225281,22.06316528,61.26755272,0,0.013709068
28/09/2015,30.08078918,22.79863892,65.10800733,9.567602158,0.022649765
29/09/2015,24.88114319,22.86777649,88.60653985,14.35140228,1.024588943
30/09/2015,27.53106079,21.69996033,70.58199835,0,0.0064224
01/10/2015,30.09986267,21.99541626,61.93875247,0,0.00295043
02/10/2015,30.71346436,22.06722412,60.06538762,3.205557823,0.013589859
03/10/2015,26.01262817,23.75553284,87.40951742,3.205557823,1.927644014
04/10/2015,27.90885315,21.87893066,69.80164691,6.411115646,0.009790063
05/10/2015,31.19112549,21.83439026,57.62942938,6.411115646,0.008061528
06/10/2015,28.53534851,22.97876892,71.95610993,22.09049416,0.028058887
07/10/2015,26.8819519,22.77868042,78.29047701,11.04524708,0.800043344
08/10/2015,25.47869263,23.32598267,87.91362515,11.04524708,0.837177038
09/10/2015,29.78836975,22.44703064,64.81258348,0,0.042796135
10/10/2015,29.48742065,22.9351593,67.92490054,11.04524708,0.200673938
11/10/2015,28.46836243,24.14394531,77.48729948,6.483827591,1.216590405
12/10/2015,30.29313049,23.03597412,65.25151669,0,0.046893954
13/10/2015,31.01917419,22.97281799,62.36404206,0,0.028267503
14/10/2015,29.7925354,23.32294617,68.32573507,2.161275864,0.008225441
15/10/2015,30.66896973,22.8454834,63.13292619,0,0.009164214
16/10/2015,30.19727478,23.19591675,66.24782749,0,0.020086765
17/10/2015,30.33623657,23.31478271,66.19622548,0,0.011876225
18/10/2015,29.80492554,22.38982544,64.52632001,0,0.003814697
19/10/2015,31.46526489,22.68030701,59.73525372,0,0.023305416
20/10/2015,29.39518127,23.23348389,69.52926604,3.824257612,0.024884939
21/10/2015,29.8364502,23.05777893,67.07082456,0,0.107958913
22/10/2015,30.71625671,22.46849976,61.53969423,4.306635857,0.007033348
23/10/2015,31.07714233,21.47322998,56.73798142,0,0.001952052
24/10/2015,31.07148132,21.8660675,58.13519078,0,0.000954
25/10/2015,30.92119751,22.05132446,59.30078359,0,0.005915761
26/10/2015,31.90726624,21.44132385,54.02268186,3.188729763,0.002682209
27/10/2015,29.40053711,23.8855072,72.29155614,9.566188812,0.057518482
28/10/2015,29.95066223,21.83464966,61.86142564,0,0.009298325
29/10/2015,30.85901794,20.58783875,54.4070029,6.377459526,0.009596348
30/10/2015,30.21555481,21.24848328,58.78331893,3.188729763,0.018581748
31/10/2015,26.70702515,24.03254089,85.31137309,3.188729763,0.103577971
01/11/2015,30.48496399,21.60109863,59.14747964,1.248637915,0.009000301
02/11/2015,28.46981201,21.55283508,66.22924744,2.497275829,0.000522
03/11/2015,32.44094238,17.79589233,41.80186807,0,0.000224
04/11/2015,31.93796692,18.45838318,44.8326853,0,0.000224
05/11/2015,32.57203064,17.13631592,39.80192254,0,0.000238
06/11/2015,32.15784607,17.96817932,42.93751103,0,0.000827
07/11/2015,31.28823242,17.8093811,44.65627228,0.353267431,0.001259148
08/11/2015,31.34732971,20.10079346,51.34898501,0,0.013038516
09/11/2015,32.1537262,19.2963501,46.66888026,0,0.010699034
10/11/2015,31.74619446,19.34008179,47.88665467,0,0.000387
11/11/2015,33.10390625,17.60566101,39.79345246,0,0.000566
12/11/2015,33.66237793,14.70423279,32.05207448,0,0.000268
13/11/2015,34.10750732,10.50145874,23.73008721,0,0.000238
14/11/2015,33.99292908,8.459970093,20.81640627,0,0.000209
15/11/2015,33.37381897,15.06127319,33.33119273,0,0.000224
16/11/2015,33.51514587,16.07213745,35.28230064,0,0.000209
17/11/2015,32.12648926,18.06807861,43.28457456,0,0.002011657
18/11/2015,34.45571289,9.543145752,21.8279375,0,0.000104
19/11/2015,34.15397034,11.82171021,25.83693525,0,0.000164
20/11/2015,34.41030273,13.70083008,28.80989891,0,0.000149
21/11/2015,34.64736328,10.92540894,23.68908667,0,0.000179
22/11/2015,34.60572205,13.61994324,28.3496774,0,0.000209
23/11/2015,35.34603271,13.62911377,27.22914066,0,0.000104
24/11/2015,34.99338684,13.95116577,28.35174804,0,0.000119
25/11/2015,35.72406921,13.80587158,26.97664915,0,0.000253
26/11/2015,35.47428284,12.83999023,25.67961823,0,0.000238
27/11/2015,34.71305237,13.8615509,28.62784582,0,0.000164
28/11/2015,35.30077515,14.01325378,27.98719757,0,0.000179
29/11/2015,35.22669373,13.29664001,26.82144429,0,0.000149
30/11/2015,35.75159607,7.453881836,17.63525323,0,0.000149
01/12/2015,35.70543823,9.288659668,20.02585061,0,0.000134
02/12/2015,34.55094299,10.48209534,23.12284614,2.040504694,0.000268
03/12/2015,33.62293396,8.95256958,21.97112203,0,0.000104
04/12/2015,33.99706421,7.420663452,19.38872733,0,0.0000894
05/12/2015,34.42902527,8.46239624,20.32115407,0,0.0000894
06/12/2015,34.2104126,8.068292236,20.02581929,0,0.000119
07/12/2015,33.90238342,6.57102356,18.3865935,0,0.0000894
08/12/2015,34.04259644,5.883477783,17.39707243,0,0.000104
09/12/2015,34.54523621,6.829614258,18.05978222,0,0.000104
10/12/2015,34.69118652,6.717034912,17.776072,0,0.0000894
11/12/2015,34.6357666,6.001977539,16.9720029,0,0.0000894
12/12/2015,33.77042542,2.87154541,14.29811284,0,0.0000894
13/12/2015,33.43763123,2.187310791,13.87320853,3.353879929,0.000104
14/12/2015,33.75692139,3.851159668,15.33590611,0,0.000134
15/12/2015,32.91947327,-0.15201416,12.06348471,0,0.0000894
16/12/2015,32.15296326,-0.02701416,12.71051872,0,0.000119
17/12/2015,32.13999329,1.838388062,14.55438358,0,0.000119
18/12/2015,32.14763794,2.18984375,14.91861705,0,0.0000894
19/12/2015,32.96097717,2.564523315,14.63721613,0,0.0000894
20/12/2015,33.06185303,3.420220947,15.46599144,0,0.0000894
21/12/2015,33.86002502,4.639642334,16.11631749,0,0.000104
22/12/2015,33.87955627,4.24831543,15.66300491,0,0.0000894
23/12/2015,33.76604614,2.388986206,13.81863861,0,0.0000894
24/12/2015,33.27494202,2.689492798,14.51044499,0,0.0000894
25/12/2015,32.91944275,3.312585449,15.47175811,0,0.0000894
26/12/2015,33.50682983,4.550454712,16.33479028,0,0.0000894
27/12/2015,34.35367737,5.335244751,16.45993368,0,0.0000894
28/12/2015,34.92115173,5.498620605,16.13266282,0,0.0000894
29/12/2015,34.86211548,3.422616577,13.99285919,0,0.0000894
30/12/2015,34.3401886,2.577813721,13.56539833,0,0.0000894
31/12/2015,34.08994446,1.815057373,13.02584905,0,0.0000894
01/01/2016,33.90036926,3.260888672,14.59239675,0,0.0000894
02/01/2016,33.62528381,4.667672729,16.36082048,0,0.0000894
03/01/2016,33.80413208,5.31585083,16.9481608,2.788507462,0.0000745
04/01/2016,34.34943542,5.967126465,17.20219264,0,0.000104
05/01/2016,36.17023621,6.987588501,16.69255787,2.788507462,0.0000894
06/01/2016,35.75971375,7.021569824,17.11279052,0,0.0000894
07/01/2016,36.13012085,3.786157227,13.38841238,0,0.0000894
08/01/2016,36.99900208,1.990930176,11.23892689,0,0.0000894
09/01/2016,36.5516449,9.416955566,19.28410249,0,0.0000894
10/01/2016,36.7492157,7.483575439,16.73152571,0,0.0000894
11/01/2016,37.27478943,0.715158081,10.10044067,0,0.0000745
12/01/2016,36.24759827,4.465783691,13.95360697,0,0.0000894
13/01/2016,35.96276245,2.836404419,12.63332022,0,0.000104
14/01/2016,35.96140442,3.450250244,13.19616001,0,0.0000894
15/01/2016,36.27001343,2.677514648,12.28273664,0,0.0000894
16/01/2016,36.58167419,2.984643555,12.34160466,0,0.0000745
17/01/2016,36.3039032,10.13364563,20.51065638,0,0.000119
18/01/2016,36.06792603,10.67676697,21.54513729,0,0.000134
19/01/2016,34.47191772,14.88067017,30.9907172,0,0.001043081
20/01/2016,35.75614319,2.650933838,12.61005881,0,0.0000894
21/01/2016,35.78307495,-0.594168091,9.962903133,0,0.0000894
22/01/2016,35.72686157,-4.668569946,7.379642644,0,0.0000745
23/01/2016,35.29483948,-3.627615356,8.174272388,0,0.0000894
24/01/2016,33.67012939,-2.553884888,9.692506629,0,0.0000894
25/01/2016,33.88921509,-1.993643188,9.981170119,0,0.0000745
26/01/2016,33.70574341,0.169412231,11.81739316,0,0.0000894
27/01/2016,33.59214172,-0.44258728,11.37392134,0,0.0000745
28/01/2016,33.72886047,-0.103857422,11.56982417,0,0.0000894
29/01/2016,33.92952881,1.122705078,12.50461109,0,0.0000745
30/01/2016,34.13077698,1.562646484,12.76303481,0,0.0000745
31/01/2016,34.99179993,2.150384521,12.69137131,0,0.000104
01/02/2016,35.65523682,2.11739502,12.20666823,0,0.0000894
02/02/2016,36.76596985,5.514031982,14.59356371,0,0.0000894
03/02/2016,37.00524292,7.222192383,16.20695651,0,0.0000894
04/02/2016,37.63892517,7.068673706,15.49437808,0,0.0000745
05/02/2016,37.64394531,2.099969482,10.93684641,0,0.0000745
06/02/2016,37.56453857,1.726235962,10.69394464,0,0.0000745
07/02/2016,36.75991211,1.588265991,11.06237596,0,0.0000894
08/02/2016,36.42637024,2.130700684,11.71226319,0,0.0000596
09/02/2016,36.15482483,0.861016846,10.85095602,0,0.0000745
10/02/2016,35.91495667,-0.582723999,9.899275499,0,0.0000745
11/02/2016,37.04007874,-0.419882202,9.420101235,0,0.0000745
12/02/2016,36.61908875,0.240853882,10.11407002,0,0.0000745
13/02/2016,37.13175354,1.216744995,10.5546554,0,0.0000745
14/02/2016,36.79725037,9.695977783,19.38765105,0,0.0000894
15/02/2016,36.47446594,14.00960693,26.23410851,0,0.000149
16/02/2016,36.62882385,16.60132751,30.72520013,0,0.000179
17/02/2016,39.23267517,9.446237183,16.71263095,0,0.0000745
18/02/2016,37.96044312,12.49981079,21.92634483,0,0.0000894
19/02/2016,38.9026886,10.47039185,18.22005344,0,0.0000894
20/02/2016,39.33884583,3.391488647,10.94268139,0,0.0000745
21/02/2016,38.25704346,11.83764038,20.65710563,0,0.000134
22/02/2016,38.69095764,11.74231873,20.05304428,0,0.0000745
23/02/2016,39.03869019,3.825448608,11.46621801,0,0.000134
24/02/2016,38.41188965,10.82183228,19.15115356,0,0.000119
25/02/2016,37.63871155,13.29781494,23.5083069,0,0.0000894
26/02/2016,38.38787231,14.39527283,24.24364435,0,0.0000745
27/02/2016,38.02457581,15.97156677,27.36065367,0,0.000179
28/02/2016,38.34404907,17.82016907,30.23806254,3.575212002,0.003993511
29/02/2016,38.21694336,17.64199219,30.10627608,0,0.000477
01/03/2016,38.2240387,18.3288208,31.42302837,0,0.000507
02/03/2016,39.64031372,10.48453674,17.53059266,0,0.0000745
03/03/2016,38.64138184,14.61759338,24.26092384,0,0.0000596
04/03/2016,38.3665863,14.87467346,25.0345284,0,0.0000745
05/03/2016,29.51685486,22.11599121,64.52031748,0,0.026956201
06/03/2016,35.11350403,20.54544983,42.74278194,0,0.001817942
07/03/2016,36.81006775,18.72080383,34.77202401,2.524259329,0.001564622
08/03/2016,37.779245,16.68221436,29.01043901,2.524259329,0.000536
09/03/2016,38.22330627,14.64042053,24.85046765,0,0.0000894
10/03/2016,39.25771484,13.67301331,22.07712152,0,0.0000894
11/03/2016,37.15245972,16.80452881,30.24849999,4.179125786,0.003606081
12/03/2016,36.8588501,19.29087219,35.93515499,8.358251572,0.041991472
13/03/2016,28.45081482,23.17995605,73.19457961,16.71650314,0.034511089
14/03/2016,32.63129578,19.95397339,47.32301529,0,0.000417
15/03/2016,37.47898254,17.16954956,30.41199183,0,0.007718801
16/03/2016,32.44944153,22.43227539,55.65859341,4.615719795,0.032484531
17/03/2016,31.11805115,23.11701355,62.55718608,4.615719795,0.010609627
18/03/2016,29.75046692,22.74962769,66.15738371,4.615719795,0.020086765
19/03/2016,32.49501953,21.17554626,51.41622854,0,0.007688999
20/03/2016,33.67409668,21.55535278,49.26047793,2.307859898,0.003635883
21/03/2016,28.60166321,23.15519104,72.44856591,0,0.01001358
22/03/2016,35.78016052,20.0283905,39.90645753,0,0.001296401
23/03/2016,37.2290741,20.0553833,36.92922612,6.572187424,4.168748856
24/03/2016,29.35515747,23.15281067,69.35109834,6.572187424,0.005081296
25/03/2016,33.85595093,21.42421875,48.3736244,3.286093712,0.018492341
26/03/2016,33.11048279,21.50792847,50.69075379,0,0.001341105
27/03/2016,36.36725769,17.62790833,33.26083161,0,0.000298
28/03/2016,36.50953064,17.9105011,33.59576441,0,0.000387
29/03/2016,37.29659424,19.14251099,34.76623009,0,0.001356006
30/03/2016,35.3930603,21.45916138,44.51833711,0,0.000596
31/03/2016,35.52637634,21.28965149,43.73617617,0,0.004991889
01/04/2016,33.98548279,21.85871277,49.31828068,0,0.01116097
02/04/2016,34.41564331,20.87839661,45.34659964,0,0.000492
03/04/2016,35.86403809,20.7517334,41.53646252,0,0.000194
04/04/2016,36.51667175,20.23508606,38.82070584,0,0.000626
05/04/2016,35.71856079,21.51688538,43.88251983,11.32557297,0.034689903
06/04/2016,33.55854187,21.8134552,50.36741386,13.68288898,0.027149916
07/04/2016,34.78354797,20.32285461,42.9360261,0,0.000507
08/04/2016,35.24819336,20.47841797,42.25120381,0,0.014930964
09/04/2016,32.57297668,22.4465271,55.32073517,13.68288898,0.052064657
10/04/2016,27.69669495,25.32741699,86.97786727,0,0.069633126
11/04/2016,30.77498779,24.2541748,68.30886418,8.64520359,0.007078052
12/04/2016,33.22838745,22.86399231,54.68966371,4.322601795,0.000671
13/04/2016,34.72878418,21.20276794,45.46265635,0,0.0000894
14/04/2016,35.41201172,21.83756409,45.51235139,8.64520359,15.58357477
15/04/2016,33.19500122,19.77007446,45.32964161,12.96780586,9.685099125
16/04/2016,32.96477661,22.44179688,54.10064625,0,0.0012815
17/04/2016,33.82351074,22.04012451,50.31892473,3.95488286,0.000611
18/04/2016,33.84909973,21.49457703,48.6009454,0,0.001728535
19/04/2016,34.45719299,21.06546936,45.76513325,0,0.000224
20/04/2016,35.28397522,21.04236755,43.65700312,0,0.000402
21/04/2016,36.02756653,19.09116516,37.14161549,0,0.000194
22/04/2016,35.73832092,18.28798828,35.8876171,5.429883957,0.000134
23/04/2016,36.11112366,18.39295349,35.39281226,0,0.0000894
24/04/2016,36.35730896,19.16549072,36.64598349,0,0.000507
25/04/2016,35.92751465,19.90734253,39.28919492,5.429883957,0.000626
26/04/2016,34.24431763,22.28287659,49.88571776,0,0.00192225
27/04/2016,33.31757507,22.37508545,52.8271019,3.357024908,0.001177192
28/04/2016,32.40056763,21.94457397,54.17971376,10.07107449,0.034034252
29/04/2016,34.27559814,21.30959473,46.92637018,0,0.002533197
30/04/2016,34.76796875,21.45902405,46.08196349,3.357024908,0.000924
01/05/2016,36.59064636,18.69017944,35.12368598,2.276891947,0.000134
02/05/2016,34.86535034,20.39829407,42.94159728,0,0.002413988
03/05/2016,35.97519836,18.67356262,36.28971835,0,0.001251698
04/05/2016,33.22168884,19.81922302,45.40007735,4.553783894,0.001102686
05/05/2016,32.18364868,20.73717651,50.93595736,0,0.001788139
06/05/2016,34.59780273,21.51821289,46.68723041,0,0.024527311
07/05/2016,30.39690552,22.0571228,61.12373711,4.084703445,0.004291534
08/05/2016,33.78011475,21.3827301,48.45533201,8.169406891,0.018149614
09/05/2016,33.94011841,21.21917114,47.54616885,4.084703445,0.0012815
10/05/2016,34.08521423,21.52494202,48.05523214,0,0.000119
11/05/2016,33.57918701,22.2013031,51.51277676,4.629883766,0.002592802
12/05/2016,33.03608093,21.77724609,51.74745596,9.259767532,0.000566
13/05/2016,35.21253357,20.86351929,43.35038068,0,0.000775
14/05/2016,32.74593506,21.84261475,52.80750555,0,0.024601817
15/05/2016,31.92307434,22.13579712,56.31205165,0,0.019818544
16/05/2016,26.87813721,22.69155273,77.89559365,0,0.031739473
17/05/2016,31.70627747,22.24842224,57.39923306,11.68764305,0.025823712
18/05/2016,32.32846985,21.88547668,54.20457322,0,0.003695488
19/05/2016,32.21819458,22.55533752,56.81179842,17.53146362,0.025004148
20/05/2016,33.01575623,22.48789368,54.09739444,0,0.002115965
21/05/2016,31.95232544,23.35598145,60.53377114,9.296152115,0.079184771
22/05/2016,30.26441345,22.29923401,62.5032012,9.296152115,0.029817224
23/05/2016,26.79190979,23.00864563,79.80894981,13.94422913,0.032812357
24/05/2016,31.72654114,20.39568481,51.18066743,0,0.000924
25/05/2016,31.32221375,21.52575073,56.1331223,0,0.004768372
26/05/2016,31.90995178,22.97367249,59.29368039,0,0.007092953
27/05/2016,32.58980713,23.06298218,57.37203582,0,0.002965331
28/05/2016,31.80858765,21.07314453,53.11268879,14.86947918,0.018894672
29/05/2016,31.41628418,22.37531433,58.80267787,0,0.02259016
30/05/2016,30.67859802,21.37218628,57.68330373,0,0.033035874
31/05/2016,32.50054321,20.7489563,50.07050613,9.912986755,0.002563
01/06/2016,31.98473511,21.28202209,53.26432976,21.83920479,0.060349703
02/06/2016,31.26548157,22.92943726,61.33535111,0,0.01642108
03/06/2016,32.14878235,21.49439392,53.46391962,5.459801197,0.011578202
04/06/2016,32.34383545,21.8247467,53.95732315,0,0.010028481
05/06/2016,30.3649231,21.50110779,59.1917195,10.91960239,0.002980232
06/06/2016,33.43625793,20.7061554,47.38469907,0,0.000879
07/06/2016,27.9170166,23.51281128,77.03333078,13.95211315,0.021994114
08/06/2016,32.87716064,21.53463135,51.44252424,0,0.026151538
09/06/2016,25.6297699,23.66829834,88.94512177,13.95211315,0.058576465
10/06/2016,30.79837952,21.59943542,58.09278496,6.976056576,0.001430511
11/06/2016,32.06147156,21.59127197,54.04747181,0,0.019863248
12/06/2016,29.07772217,23.83852539,73.44275182,30.33429527,0.047624111
13/06/2016,29.10836182,21.64823303,64.19946233,6.066859245,0.002890825
14/06/2016,29.84302673,21.80498657,62.13222556,0,0.005602837
15/06/2016,29.48796997,22.45317993,65.96671461,12.13371849,0.886559486
16/06/2016,28.99204407,21.54754028,64.23561228,0,0.01168251
17/06/2016,27.31263123,22.76769409,76.28773038,0,0.006884336
18/06/2016,31.13930664,21.62407837,57.06175901,6.124077797,0.002563
19/06/2016,27.37735901,21.8270813,71.77411226,12.24815559,0.00692904
20/06/2016,25.48294983,20.87474976,75.70224842,6.124077797,0.043928623
21/06/2016,25.66532288,20.93506775,75.16606606,6.391187668,0.022992492
22/06/2016,29.95275269,20.09716187,55.5911074,0,0.002682209
23/06/2016,31.12459717,21.1112915,55.34368579,6.391187668,0.065743923
24/06/2016,27.00638733,21.57915649,72.24839519,12.78237534,0.042885542
25/06/2016,28.5596405,21.80767212,66.91901611,0,0.013038516
26/06/2016,29.55040894,22.47007141,65.79750497,3.817619085,0.023722649
27/06/2016,27.60180054,23.20401917,77.01494811,7.635238171,0.067427754
28/06/2016,28.57705078,21.74509583,66.59656926,3.817619085,0.006884336
29/06/2016,30.68921814,21.95791016,59.74915135,0,0.009864569
30/06/2016,27.08544312,21.95682678,73.59187355,0,0.051096082
01/07/2016,30.97275696,21.24083862,56.26937223,6.229042053,0.00153482
02/07/2016,30.590448,21.76098022,59.36928345,6.229042053,0.003889203
03/07/2016,29.75570068,22.63262329,65.66998773,0,0.028684735
04/07/2016,30.68244324,20.89219055,55.99682485,0,0.002250075
05/07/2016,28.73627625,22.23832092,67.9989701,0,0.014290214
06/07/2016,29.09349976,21.51171265,63.72040844,0,0.007584691
07/07/2016,30.64370117,21.19268188,57.16590312,0,0.003635883
08/07/2016,30.39853821,20.84589539,56.75064116,10.34291458,0.00192225
09/07/2016,28.90458069,21.84838257,65.75881918,5.171457291,0.036418438
10/07/2016,28.80957947,21.66681824,65.39216134,10.34291458,0.004291534
11/07/2016,28.93711243,20.5069519,60.45073461,0,0.004887581
12/07/2016,28.68692932,20.79186401,62.41809773,0,0.059276819
13/07/2016,26.3787323,23.11789856,82.31528054,17.52094078,0.091701746
14/07/2016,27.60944519,21.67221985,70.14057102,8.76047039,0.021338463
15/07/2016,28.72158203,22.09757385,67.47625805,8.76047039,0.010147691
16/07/2016,23.81730042,22.87420044,94.46964954,17.37273598,1.099646091
17/07/2016,23.56096802,21.60958252,88.83347793,0,0.028848648
18/07/2016,29.71759949,21.10712585,59.96469853,5.790912151,0.020772219
19/07/2016,26.34557495,22.3280426,78.62075225,11.5818243,0.041872263
20/07/2016,24.91770325,23.10387573,89.68541075,5.790912151,0.444352627
21/07/2016,24.85340271,22.63948975,87.53386967,8.055090904,1.180678606
22/07/2016,24.85175476,22.69613037,87.8436644,8.055090904,0.94127655
23/07/2016,28.34487305,21.7156311,67.3784535,24.16527367,0.041350722
24/07/2016,27.32784424,22.65609131,75.7059382,0,0.042721629
25/07/2016,24.54876099,22.71225891,89.53464837,24.16527367,0.974133611
26/07/2016,27.64992676,20.59234009,65.48848322,3.689068794,0.010833144
27/07/2016,27.3494812,21.01760254,68.41521057,0,0.00962615
28/07/2016,28.90397034,20.99851379,62.42694351,7.378137589,0.029206276
29/07/2016,29.87310181,20.81839905,58.38640597,7.378137589,0.008434057
30/07/2016,27.42339478,23.17911682,77.70515865,0,0.063568354
31/07/2016,28.20725403,21.2491394,66.00789282,11.06720638,0.036656857
01/08/2016,29.31221924,21.33925781,62.2604468,0,0.015631318
02/08/2016,28.04284058,21.79012451,68.88475318,0,0.022262335
03/08/2016,26.40352783,21.58719788,74.89215028,0,0.04145503
04/08/2016,30.23996887,20.82598267,57.19781889,0,0.003054738
05/08/2016,27.87854919,22.23371277,71.45291092,19.36600685,0.034093857
06/08/2016,25.9782196,21.25760803,75.2620039,0,1.766622066
07/08/2016,28.08599243,21.42449341,67.1930668,0,0.015422702
08/08/2016,28.36353455,20.17385254,61.2214321,0,0.002115965
09/08/2016,29.67893372,20.73258362,58.73045889,0,0.00654161
10/08/2016,28.63117371,22.31537781,68.73561964,0,0.018507242
11/08/2016,27.73536072,22.87638245,74.91788848,0,0.07815659
12/08/2016,30.10700378,21.37912903,59.62543475,16.69374084,0.010728836
13/08/2016,29.31228027,21.94858704,64.62263082,0,0.015377998
14/08/2016,23.65741882,22.47684631,93.11177806,16.69374084,0.075757504
15/08/2016,29.61348877,22.22440491,64.58735919,0,0.052705407
16/08/2016,27.79929504,22.08065186,71.11802948,0,0.092476606
17/08/2016,28.50718079,21.81388245,67.14836135,14.19623661,0.008508563
18/08/2016,27.91959534,22.02546082,70.38402131,14.19623661,0.052377582
19/08/2016,28.54277954,22.80111084,71.15572807,0,0.012889504
20/08/2016,29.63096008,21.88424072,63.19902584,14.19623661,0.015720725
21/08/2016,28.57364807,21.06762085,63.90306717,0,0.00244379
22/08/2016,27.03530273,23.20299683,79.60626009,0,0.04401803
23/08/2016,28.20400391,23.12029419,73.98425456,0,0.066280365
24/08/2016,29.18752441,21.77016602,64.38456095,9.577390671,0.041931868
25/08/2016,26.99953613,22.44629822,76.19993987,0,0.029578805
26/08/2016,26.69031677,22.92707214,79.89173491,13.75854492,0.060722232
27/08/2016,22.83591614,21.90323792,94.48900575,20.63781548,1.489922404
28/08/2016,22.89434204,22.58335266,98.13287662,6.879272461,16.96673036
29/08/2016,29.92264709,20.12453613,55.78159239,0,0.045865774
30/08/2016,27.91272888,23.42046509,76.62493155,20.63781548,0.102907419
31/08/2016,28.55991516,22.34975586,69.16452592,6.879272461,0.027537346
01/09/2016,25.74047241,21.82564697,79.02705138,3.557291508,1.318186522
02/09/2016,25.97718201,23.94443665,88.59284027,0,0.021100044
03/09/2016,28.33295593,22.33222351,70.00682981,3.557291508,0.100106001
04/09/2016,28.66733704,21.95429382,67.10015756,3.557291508,0.097721815
05/09/2016,28.37734375,22.20089111,69.27102496,10.67187405,0.081211329
06/09/2016,27.97576294,22.75229797,73.32223877,10.23071575,8.212074637
07/09/2016,29.17550049,21.99347839,65.31302226,0,0.009119511
08/09/2016,28.70093689,22.91204224,70.98169311,0,0.081628561
09/09/2016,28.41541443,22.07764587,68.60138268,0,0.029593706
10/09/2016,26.64598999,22.93563232,80.14179524,20.4614315,0.042393804
11/09/2016,30.03611145,22.36835632,63.59279937,0,0.199988484
12/09/2016,30.67804871,22.40389404,61.43243383,16.14450455,0.08200109
13/09/2016,24.44291077,23.03507385,91.88145023,16.14450455,5.057230592
14/09/2016,24.61963806,22.28270874,86.86097402,0,1.377001405
15/09/2016,24.63038025,21.7552124,84.0590958,0,1.720011234
16/09/2016,29.4407135,21.87201843,63.8472386,4.904901505,0.014185905
17/09/2016,26.77889404,22.96146545,79.64239163,0,0.095397234
18/09/2016,29.15084229,22.2114502,66.28011395,4.904901505,0.672891736
19/09/2016,29.87627563,20.99152527,59.00032116,14.71470451,0.0282377
20/09/2016,28.08204041,22.78565369,73.01743813,9.809803009,0.052616
21/09/2016,26.68154297,24.67777405,88.80380157,19.78081703,1.346126199
22/09/2016,28.7940155,22.65212402,69.49713545,9.890408516,0.054478645
23/09/2016,27.15218506,22.68143616,76.60636929,9.890408516,2.26598978
24/09/2016,24.81891785,23.69706116,93.50046796,29.6712265,21.29082382
25/09/2016,26.45212708,21.72979126,75.33160336,0,0.056222081
26/09/2016,25.61133728,23.4265686,87.75534889,10.59280682,0.045269728
27/09/2016,28.24920044,23.72692261,76.53877804,0,0.75083971
28/09/2016,30.79847107,22.24318848,60.41865477,10.59280682,0.025495887
29/09/2016,31.24463806,22.21979675,58.81977016,21.18561363,0.027477741
30/09/2016,28.49448547,24.18888245,77.57865338,21.18561363,2.78532505
01/10/2016,28.10680542,22.49195251,71.62496405,10.72455311,0.319331884
02/10/2016,30.18253479,22.22120056,62.49956378,3.574851036,0.037670135
03/10/2016,30.40986023,21.89190063,60.46634541,0,0.001192093
04/10/2016,31.14496765,22.65110168,60.72435158,7.149702072,0.018283725
05/10/2016,31.09977112,22.78463135,61.3754245,7.149702072,0.011354685
06/10/2016,31.28836975,21.64083252,56.63830177,0,0.002548099
07/10/2016,25.65924988,23.11557922,85.87921528,4.190020561,0.066325068
08/10/2016,29.03440247,23.34084473,71.45319877,0,0.008404255
09/10/2016,27.40532837,22.41575012,74.27204157,7.332535744,0.003993511
10/10/2016,31.0356842,22.94251404,62.19133089,7.332535744,0.104308128
11/10/2016,25.95243225,23.10834656,84.36461437,4.707033157,2.297610044
12/10/2016,30.49840698,22.93255005,64.08777334,0,0.044137239
13/10/2016,30.65786133,23.79291687,66.88943804,0,0.021308661
14/10/2016,27.74456177,24.14560852,80.82803895,9.414066315,0.095307827
15/10/2016,30.3217865,22.46090088,62.91340273,0,0.033900142
16/10/2016,32.02199707,21.85648499,55.05278109,0,0.019967556
17/10/2016,31.07776794,22.28193054,59.60542169,0,0.007912517
18/10/2016,30.47297058,22.36179504,61.9973615,4.934665203,0.090092421
19/10/2016,29.86210022,20.91677246,58.77775535,4.934665203,0.001817942
20/10/2016,32.35097656,20.51650391,49.77627065,0,0.001013279
21/10/2016,28.41176758,23.5881897,75.18911981,12.3145256,0.080347061
22/10/2016,29.42182312,23.12212524,68.9572407,12.3145256,0.019028783
23/10/2016,31.96264038,19.48789368,47.74069992,8.209683418,0.001519918
24/10/2016,32.13192139,18.60735474,44.75969035,0,0.000969
25/10/2016,32.92157898,17.2971283,39.42678254,0,0.000939
26/10/2016,32.91788635,17.35431824,39.57776884,0,0.001311302
27/10/2016,32.20296631,17.90776978,42.66587214,0,0.001266599
28/10/2016,32.07099304,18.30930481,44.08304013,0,0.001251698
29/10/2016,30.75245056,19.97426758,52.70285626,0,0.005811453
30/10/2016,30.60769043,20.70899353,55.6060413,0,0.00269711
31/10/2016,31.13540039,21.40316162,56.30821533,12.5028286,0.065535307
01/11/2016,31.30375061,22.06243286,58.0635679,1.868554473,0.015050173
02/11/2016,29.27498779,22.58451233,67.31588119,0.934277236,0.005543232
03/11/2016,33.07149658,18.32024536,41.69840264,0,0.000954
04/11/2016,32.98224792,17.30559692,39.31383603,0,0.001057982
05/11/2016,32.56891785,17.12238464,39.77380059,0,0.001505017
06/11/2016,33.26920471,15.93695984,35.46345749,0,0.000909
07/11/2016,33.02974854,15.71213684,35.42930594,0,0.000909
08/11/2016,33.18068848,16.44025574,36.80224953,0,0.000969
09/11/2016,34.75925598,10.93901978,23.56403971,0,0.000909
10/11/2016,34.53087769,8.599404907,20.39525871,0,0.001043081
11/11/2016,33.44121704,13.37474976,29.76900086,0,0.001356006
12/11/2016,32.75870667,15.10810242,34.60479762,0,0.000924
13/11/2016,33.37029419,14.36832581,31.87995057,0,0.000894
14/11/2016,34.78618774,9.077859497,20.77022647,0,0.000909
15/11/2016,34.60888062,10.77475891,23.50283811,0,0.001251698
16/11/2016,35.01816711,10.93126831,23.2169911,0,0.000909
17/11/2016,34.94712219,11.86460266,24.79529023,0,0.000909
18/11/2016,34.10627136,15.4162384,32.73493744,0,0.001013279
19/11/2016,33.84780273,17.4690033,37.84499313,0,0.001370907
20/11/2016,35.20792542,15.16559753,30.3046324,0,0.000894
21/11/2016,35.48945007,14.23197327,28.09323902,0,0.000983
22/11/2016,33.3197113,18.78963623,42.34904955,0,0.001326203
23/11/2016,32.57232056,20.16562805,48.1061717,0,0.007033348
24/11/2016,35.49730835,15.73684082,30.93825422,0,0.001102686
25/11/2016,36.14888916,13.50701294,25.84726821,0,0.001087785
26/11/2016,35.53582153,13.67623291,27.02866859,0,0.001043081
27/11/2016,34.53106079,15.51621399,32.17723954,0,0.000909
28/11/2016,34.78130493,15.72768555,32.16699751,0,0.000864
29/11/2016,35.16282043,15.63070068,31.30067231,0,0.000954
30/11/2016,36.04845581,12.88842163,24.96090715,0,0.000924
01/12/2016,36.27539978,11.42589722,22.38870188,0,0.000998
02/12/2016,35.83910522,10.65296326,21.78284131,0,0.000864
03/12/2016,35.32773743,10.15664063,21.67404236,0,0.00082
04/12/2016,35.3696991,7.490151978,18.05462572,0,0.00082
05/12/2016,33.57941589,16.43705139,35.9832117,0,0.000805
06/12/2016,35.58776245,8.53963623,19.16069574,0,0.00079
07/12/2016,35.17302856,12.14980469,24.95260498,0,0.000805
08/12/2016,35.22507629,12.73407898,25.85480013,0,0.000805
09/12/2016,35.64345703,12.84908447,25.45675498,0,0.00079
10/12/2016,34.79281006,15.04351196,30.76540367,0,0.00079
11/12/2016,34.11199341,16.05814514,34.09704086,0,0.000924
12/12/2016,35.06995544,13.23407898,26.94429663,0,0.000775
13/12/2016,35.428125,13.88620911,27.56314402,0,0.00082
14/12/2016,36.35767517,10.41451416,20.83805438,0,0.000745
15/12/2016,33.06568298,18.11498413,41.17801973,0,0.005036592
16/12/2016,34.97762451,13.77118835,28.04660496,0,0.000775
17/12/2016,35.95462952,11.77243958,23.31427493,0,0.000745
18/12/2016,35.25216064,14.59923706,29.1473229,0,0.000805
19/12/2016,36.42264709,9.824121094,19.95943269,0,0.00073
20/12/2016,35.84363708,11.77344666,23.45835385,0,0.000745
21/12/2016,36.47628174,3.600411987,12.96601909,0,0.00076
22/12/2016,36.05085144,4.799432373,14.43826726,2.973888397,0.000715
23/12/2016,36.45566711,2.610406494,12.10064306,0,0.0007
24/12/2016,35.63677368,4.848336792,14.8210139,0,0.000745
25/12/2016,35.4591156,3.854425049,13.95828435,0,0.0007
26/12/2016,35.08693848,5.046594238,15.49009024,2.287417412,0.000685
27/12/2016,34.32146606,4.597192383,15.66116931,0,0.000685
28/12/2016,34.7688385,4.341943359,15.00643564,0,0.000685
29/12/2016,35.25655518,5.610299683,15.9599142,0,0.000656
30/12/2016,35.43346558,6.087762451,16.33685675,0,0.0007
31/12/2016,35.21618042,6.235604858,16.70363594,0,0.000656
01/01/2017,34.7146698,5.706338501,16.5552197,0,0.000685
02/01/2017,34.69877014,6.602578735,17.62911829,0,0.000671
03/01/2017,35.1823822,6.78963623,17.3863823,0,0.000641
04/01/2017,35.26690063,4.79960022,15.07464993,0,0.000641
05/01/2017,35.59191284,5.514703369,15.56399461,0,0.000626
06/01/2017,36.21584473,5.333139038,14.85108699,0,0.000626
07/01/2017,35.62679443,9.551690674,20.47200255,0,0.000626
08/01/2017,35.69184265,5.997018433,16.0053281,0,0.000626
09/01/2017,35.31824646,2.700860596,12.96372935,0,0.000611
10/01/2017,35.57810364,2.367745972,12.47974095,0,0.000611
11/01/2017,34.65435181,12.93599854,27.03900183,0,0.000626
12/01/2017,33.83449707,14.84267578,32.03053901,0,0.00079
13/01/2017,35.08219299,8.792245483,20.04234343,0,0.000581
14/01/2017,35.44959412,3.020837402,13.16618306,0,0.000596
15/01/2017,35.98085938,7.859368896,17.90361827,0,0.000581
16/01/2017,36.46114502,11.93981323,22.92817171,0,0.000581
17/01/2017,36.63904724,11.7051178,22.35716428,0,0.000581
18/01/2017,36.3671051,12.81922302,24.41804223,0,0.000551
19/01/2017,35.78673706,14.40006409,27.9398823,0,0.000581
20/01/2017,37.31977234,11.73166809,21.58110985,0,0.000566
21/01/2017,36.87326965,11.45852051,21.71604472,0.749331117,0.000551
22/01/2017,36.31340942,15.12255249,28.43928098,0.749331117,0.000671
23/01/2017,36.80109558,12.63657532,23.56207267,0,0.000566
24/01/2017,36.50057373,9.921533203,20.00485503,0,0.000581
25/01/2017,36.79715881,2.735604858,11.98333933,0,0.000522
26/01/2017,36.83693848,6.720697021,15.80251503,0,0.000522
27/01/2017,37.32746277,8.574594116,17.46322147,0,0.000522
28/01/2017,37.24378357,8.420327759,17.36021609,0,0.000536
29/01/2017,37.24793396,8.584848022,17.5510678,0,0.000522
30/01/2017,35.31260071,15.21981201,30.23533258,0,0.000671
31/01/2017,34.81565247,18.60640869,38.52227291,4.575859547,0.005558133
01/02/2017,35.04256592,17.34385071,35.13814168,0,0.002115965
02/02/2017,36.74749146,13.69785461,25.32754729,0,0.000536
03/02/2017,37.35286865,10.44410095,19.77648004,0,0.000507
04/02/2017,36.25631104,14.35320435,27.14691096,0,0.000641
05/02/2017,37.04793701,1.315713501,10.67874924,0,0.000507
06/02/2017,37.14307556,0.837991333,10.26380369,0,0.000522
07/02/2017,37.25827942,-0.780874634,9.066338084,0,0.000462
08/02/2017,36.81348572,11.80179749,22.28723766,0,0.000656
09/02/2017,36.76677856,12.63465271,23.60324758,0,0.000492
10/02/2017,37.46346436,11.56780396,21.18256804,0,0.000477
11/02/2017,37.08065186,14.13330994,25.5851545,0,0.000566
12/02/2017,37.02695618,15.99981079,28.93467413,0,0.0007
13/02/2017,37.55341492,-2.935079956,7.60857821,0,0.000447
14/02/2017,37.86846313,-3.679769897,7.074279256,0,0.000462
15/02/2017,37.1929718,-2.863821411,7.800365409,0,0.000432
16/02/2017,36.47174988,-1.751074219,8.811723805,0,0.000462
17/02/2017,35.6592804,-3.481710815,8.099992369,0,0.000432
18/02/2017,35.12555847,-3.615957642,8.258215098,0,0.000432
19/02/2017,35.82660828,-2.870474243,8.401113497,0,0.000417
20/02/2017,37.11982117,0.422799683,9.972510397,0,0.000417
21/02/2017,37.69588623,4.577661133,12.99645843,0,0.000417
22/02/2017,38.48873291,0.383309937,9.233531916,0,0.000417
23/02/2017,37.88367615,10.03003845,18.69054964,0,0.000417
24/02/2017,38.43335876,8.022729492,15.84337246,0,0.000432
25/02/2017,38.00156555,12.18079529,21.42345939,0,0.000671
26/02/2017,37.65836487,11.00048218,20.18584017,0,0.000462
27/02/2017,37.47667847,13.24588928,23.63560693,0,0.000477
28/02/2017,38.86983643,9.290505981,16.86341259,0,0.000387
01/03/2017,37.84742126,11.73569641,20.97784065,0,0.000417
02/03/2017,37.83271179,12.1846405,21.62555257,0,0.000402
03/03/2017,39.08564148,10.73121033,18.35852545,0,0.000402
04/03/2017,39.62362061,10.47495422,17.53501776,1.398123264,0.000417
05/03/2017,38.69457397,12.4782959,21.04522203,0,0.000432
06/03/2017,37.79192505,13.41710815,23.49607031,2.495230675,0.000402
07/03/2017,38.48865662,6.556726074,14.28690933,1.247615337,0.000417
08/03/2017,39.06420288,7.555978394,14.83487263,0,0.000358
09/03/2017,37.14597473,13.01845703,23.7092366,0,0.000358
10/03/2017,36.33596191,16.22905884,30.4898774,0,0.005856156
11/03/2017,37.63657532,9.726373291,18.56046853,0,0.000358
12/03/2017,37.83835754,7.596063232,15.89156494,0,0.000343
13/03/2017,37.94486389,8.019555664,16.26333403,0,0.000343
14/03/2017,38.10831604,12.89829407,22.32761037,0,0.000373
15/03/2017,38.13561401,10.61591492,19.17396797,0,0.000447
16/03/2017,39.22393188,-9.364706421,4.245865036,0,0.000402
17/03/2017,38.90961609,3.651330566,11.40502001,0,0.000328
18/03/2017,37.54062805,13.88521729,24.55502552,0,0.000343
19/03/2017,36.93621216,17.28164063,31.54599352,0.971157789,0.001594424
20/03/2017,38.86652527,15.36290894,25.14721173,1.942315578,0.000387
21/03/2017,39.66770325,10.25119934,17.2341781,0,0.000358
22/03/2017,36.93802795,16.7113739,30.42326674,0,0.00082
23/03/2017,34.24830017,20.098703,43.62137702,2.583543062,0.068709254
24/03/2017,36.26821289,18.03902588,34.31853409,5.167086124,0.016257167
25/03/2017,38.09453735,14.26546631,24.42449615,5.167086124,0.000328
26/03/2017,36.11550293,17.86249695,34.22473856,1.763380885,0.000343
27/03/2017,38.13170776,14.40516052,24.59687746,0,0.000298
28/03/2017,38.3888031,13.38320313,22.70008731,0,0.000298
29/03/2017,38.84984741,12.27147827,20.5884015,0,0.000298
30/03/2017,38.50278625,15.3230835,25.57872291,0.881690443,0.000477
31/03/2017,38.56084595,15.99729309,26.62400897,1.763380885,0.000641
01/04/2017,37.42040405,16.60238037,29.4308149,4.828937054,0.000447
02/04/2017,37.00527344,17.83545837,32.54510893,0,0.008232892
03/04/2017,35.95980225,17.28528748,33.28393281,0,0.004455447
04/04/2017,37.82254944,15.77633057,27.31820533,0,0.000432
05/04/2017,37.05097351,18.47338257,33.79120166,0,0.008001924
06/04/2017,35.71775208,19.7688385,39.40485126,3.862349272,0.243008137
07/04/2017,35.78196106,15.22826538,29.48013193,0,0.001877546
08/04/2017,33.28739319,21.19332275,49.23293396,2.574899673,0.014528632
09/04/2017,31.56722412,21.2534729,54.44272945,2.574899673,0.003620982
10/04/2017,34.68277893,19.45997009,40.92869843,0,0.001475215
11/04/2017,36.49624023,20.1703125,38.70881203,0,0.010147691
12/04/2017,32.6776062,22.52089844,55.24505519,0,0.005125999
13/04/2017,30.55497131,22.8699585,63.63943178,4.29183054,0.002920628
14/04/2017,29.48986206,22.24273071,65.12109185,4.29183054,0.006049871
15/04/2017,29.12545166,22.90114746,69.21475896,8.583661079,0.038191676
16/04/2017,32.49691162,16.06980286,37.35043167,2.136814833,0.000268
17/04/2017,37.26926575,16.53319702,29.54322692,0,0.000283
18/04/2017,36.44405518,17.93308411,33.76418914,6.41044426,0.000328
19/04/2017,35.91892395,19.60135803,38.56879851,4.273629665,0.011146069
20/04/2017,30.13408813,23.43396912,67.4499642,6.41044426,0.013127923
21/04/2017,34.87482605,20.42914734,43.00087818,0,0.002771616
22/04/2017,35.71289978,18.5659729,36.56934363,0,0.000939
23/04/2017,32.40007935,20.415979,49.33190673,5.063348293,0.000268
24/04/2017,35.84822998,18.25673828,35.60165391,0,0.001505017
25/04/2017,32.47298584,20.66925964,49.90281387,0,0.009760261
26/04/2017,36.23389587,19.0480896,36.62541226,0,0.000849
27/04/2017,33.32868347,20.58066711,47.30362746,6.037203789,0.002741814
28/04/2017,34.42987976,20.65192566,44.68370097,6.037203789,0.001296401
29/04/2017,34.82717285,20.00596008,42.00148542,3.018601894,0.000268
30/04/2017,36.54512939,19.83626709,37.81543043,0,0.001519918
01/05/2017,34.75412903,21.19841919,45.38678817,8.898877144,0.004678965
02/05/2017,35.53554688,19.49324951,39.1266796,0,0.001311302
03/05/2017,35.01799927,20.26267395,42.22559775,4.449438572,0.032767653
04/05/2017,30.14730225,22.3792511,63.23064728,22.24719238,0.032365322
05/05/2017,34.37276611,21.0589386,45.96168017,8.898877144,0.003382564
06/05/2017,35.90575562,20.61045227,41.08245848,8.672645569,0.005826354
07/05/2017,33.11861572,19.80449829,45.62132398,17.34529114,0.000328
08/05/2017,31.9681488,22.71457825,58.17889718,0,0.006601214
09/05/2017,32.89408264,22.49672852,54.49721651,8.672645569,0.020757318
10/05/2017,34.79523621,18.8490387,39.15529868,0,0.000656
11/05/2017,29.27880249,22.15088806,65.55050314,0,0.034883618
12/05/2017,33.22443542,21.56540833,50.54558944,14.88360119,0.008612871
13/05/2017,29.24042664,25.19968567,78.92448165,4.961200714,0.028461218
14/05/2017,33.77428589,22.21917114,51.01034061,0,0.002637506
15/05/2017,30.73919067,22.20298157,60.47512734,14.88360119,0.010505319
16/05/2017,28.90593872,22.79198608,69.63642711,6.609661102,0.039115548
17/05/2017,32.83391724,20.27443848,47.72374037,0,0.000611
18/05/2017,33.46305237,20.22640381,45.93423759,3.304830551,0.002905726
19/05/2017,31.95488892,20.90711365,52.14050656,3.304830551,0.005125999
20/05/2017,31.26860962,23.46242676,63.3305366,3.304830551,0.033333898
21/05/2017,34.76629028,21.14432678,45.20598615,7.058639526,0.013798475
22/05/2017,32.51680908,22.57111511,55.91725937,7.058639526,0.003948808
23/05/2017,33.57998047,21.7313324,50.05551175,7.058639526,0.00590086
24/05/2017,33.40134583,21.65587769,50.32521687,0,0.002726912
25/05/2017,25.60723267,23.14678345,86.30700905,3.529319763,0.107228756
26/05/2017,31.42281494,20.95882568,53.90680572,4.271555424,0.115424395
27/05/2017,31.72385559,21.69434509,55.43749321,3.737610579,0.003710389
28/05/2017,31.29665527,23.14960632,62.04736424,0,0.010535121
29/05/2017,32.74323425,22.58999023,55.27291605,0,0.003248453
30/05/2017,33.48005066,19.55362854,44.01710116,7.475221157,0.000387
31/05/2017,31.22449646,22.3383728,59.31335973,11.2128315,0.001788139
01/06/2017,33.26719055,20.96434937,48.60068769,0,0.00230968
02/06/2017,28.96203003,23.79017029,73.72076331,0,0.104978681
03/06/2017,29.1823822,22.01647339,65.37865378,0,0.014573336
04/06/2017,32.07619629,20.79363403,51.42422962,16.76603508,0.001013279
05/06/2017,29.25855408,22.81231079,68.31669449,0,1.726806164
06/06/2017,29.42861328,22.28095398,65.50332531,0,0.027745962
07/06/2017,31.13091431,22.43834839,59.9931689,4.588028431,0.008493662
08/06/2017,32.91098938,22.63242493,54.8957334,0,0.00166893
09/06/2017,29.10244141,25.51081238,81.03957032,4.588028431,0.04529953
10/06/2017,30.43045959,23.39425049,66.15681892,13.76408672,0.032424927
11/06/2017,27.54000244,24.26474915,82.38526488,22.99127007,0.060856342
12/06/2017,28.94617615,23.10294495,70.79418838,15.32751465,0.033244491
13/06/2017,28.84401855,22.73217163,69.63344934,15.32751465,0.412762165
14/06/2017,25.62507019,22.72628174,84.04960555,0,1.125648618
15/06/2017,30.0650116,21.71828613,61.02194709,0,0.011697412
16/06/2017,30.96785889,22.71216736,61.56700504,14.65065193,0.034585595
17/06/2017,28.26563416,21.52320251,66.89773435,21.97597694,0.062063336
18/06/2017,28.5387207,21.34765015,65.14174343,7.325325966,0.009313226
19/06/2017,28.17949829,22.86634216,72.96035586,7.325325966,0.019580126
20/06/2017,26.95037231,22.7786499,77.97650314,21.97597694,0.076085329
21/06/2017,31.15479431,21.48708496,56.53583852,0,0.004455447
22/06/2017,29.00997314,22.87238464,69.55674854,0,0.005543232
23/06/2017,26.85848389,22.71576843,78.10011664,7.05132246,0.03041327
24/06/2017,24.87346802,22.56052551,87.01134911,0,0.296443701
25/06/2017,30.00846252,21.96616516,62.15325885,21.1539669,0.041469932
26/06/2017,28.0776001,23.598703,76.7122092,0,0.069975853
27/06/2017,31.59467468,20.93348083,53.30084297,5.443141937,0.013887882
28/06/2017,29.13755188,22.38352356,67.02872418,10.88628387,0.065162778
29/06/2017,26.1068512,21.94214783,77.88449545,10.88628387,0.02323091
30/06/2017,30.41181335,21.51876221,59.09699523,5.443141937,0.002279878
01/07/2017,29.92046509,21.91394958,62.2692569,9.02682972,0.026285648
02/07/2017,29.66610107,20.88556824,59.32953515,0,0.005155802
03/07/2017,30.2784668,21.40635071,59.14125154,9.02682972,0.023677945
04/07/2017,30.17151794,22.0356842,61.83653172,13.5402441,0.006124377
05/07/2017,26.81078491,22.35134277,76.60575611,0,0.038713217
06/07/2017,24.8857666,22.08309326,84.45992274,0,0.032186508
07/07/2017,29.94651184,19.5410553,53.72660306,0,0.000611
08/07/2017,26.80193481,21.52868042,72.895454,10.69421482,0.031381845
09/07/2017,25.68543396,21.26499329,76.61232136,0,0.041842461
10/07/2017,28.09310303,18.54937134,56.21336274,0,0.001966953
11/07/2017,30.21883545,18.19667969,48.63484617,0,0.000402
12/07/2017,30.15659485,20.50167236,56.33512798,0,0.004827976
13/07/2017,27.62848816,23.85820923,79.9857375,0,0.102832913
14/07/2017,29.00208435,20.91660461,61.76223812,0,0.046983361
15/07/2017,30.52715454,21.31238708,57.97151442,0,0.021249056
16/07/2017,29.30001221,21.11834106,61.46601833,6.819038391,0.005885959
17/07/2017,27.40418396,21.66103516,70.93854708,13.63807678,0.015810132
18/07/2017,29.73070679,21.7729126,62.41211112,0,0.012859702
19/07/2017,29.45713196,21.53870544,62.50118391,20.45711517,0.011652708
20/07/2017,30.44689331,21.23793945,57.97288818,0,0.005632639
21/07/2017,31.07306824,21.15949402,55.67057435,0,0.016361475
22/07/2017,27.94683228,23.12615356,75.12638886,8.144887924,0.15565753
23/07/2017,26.33548889,21.16166077,73.25870413,0,0.013053417
24/07/2017,28.46273193,20.31180725,61.39099205,0,0.006139278
25/07/2017,28.76487122,21.54873047,65.08998689,0,0.012353063
26/07/2017,29.17850647,20.64364014,60.11794943,0,0.007852912
27/07/2017,30.07926331,20.71592102,57.3372212,12.09799671,0.00475347
28/07/2017,29.41884766,21.81211243,63.69442626,0,0.020295382
29/07/2017,29.66668091,21.64931641,62.17107256,12.09799671,0.023424625
30/07/2017,29.61593018,22.65343628,66.28344266,0,0.028371811
31/07/2017,29.59189758,21.27216492,61.01423741,12.09799671,0.038161874
01/08/2017,28.97658691,21.99852905,66.08804165,12.65507793,0.042304397
02/08/2017,27.62708435,21.19715271,68.05992558,12.65507793,0.005230308
03/08/2017,25.09682617,22.18938599,83.94622165,0,0.039637089
04/08/2017,25.7907959,23.95697937,89.64270857,0,0.051185489
05/08/2017,28.03618774,21.58384094,68.0483438,0,0.017225742
06/08/2017,29.02970276,20.49964294,60.10101005,0,0.008195639
07/08/2017,28.30787048,22.26906738,69.84017027,0,0.04093349
08/08/2017,27.81269226,20.74927673,65.49948522,0,0.019773841
09/08/2017,29.65639648,21.1904541,60.48450607,0,0.005364418
10/08/2017,30.14692078,20.82036743,57.48360029,0,0.002503395
11/08/2017,30.7229248,21.43570862,57.761832,6.117621899,0.001758337
12/08/2017,30.67563782,21.9901825,59.91323344,12.2352438,0.035554171
13/08/2017,28.64037476,21.24039612,64.33474512,6.117621899,0.008642673
14/08/2017,24.93326721,21.68798218,82.21533599,18.35286713,17.03841984
15/08/2017,27.58143005,20.95023499,67.21501397,18.35286713,0.009804964
16/08/2017,28.66263733,21.99862061,67.3000479,8.967496872,0.056087971
17/08/2017,25.70566711,22.60172424,83.01965643,26.90249062,0.040173531
18/08/2017,26.932901,20.83191833,69.3105075,0,0.020861626
19/08/2017,28.28019104,19.90421448,60.50052337,0,0.005215406
20/08/2017,29.16240845,20.42102966,59.35368355,0,0.003993511
21/08/2017,27.7973114,21.79448853,69.89583355,0,0.078186393
22/08/2017,28.34093628,19.67736206,59.4453657,8.578829765,0.003546476
23/08/2017,28.37493286,21.46056519,66.22006941,0,0.006511807
24/08/2017,29.97820435,21.72472534,61.35061385,0,0.008836389
25/08/2017,28.92099915,22.66062317,69.02403642,34.31531906,0.01642108
26/08/2017,28.49282227,20.2643219,61.10443611,18.75174522,0.073969364
27/08/2017,27.5666748,21.00873718,67.51518818,9.375872612,0.012099743
28/08/2017,27.62833557,22.61551819,74.2049075,0,0.053688884
29/08/2017,26.67073975,22.30747375,77.03326335,9.375872612,2.590298653
30/08/2017,26.72611389,21.7950531,74.42267793,0,0.780403614
31/08/2017,28.0911499,21.26285706,66.51103773,0,0.030502677
01/09/2017,28.36550293,21.11638794,64.87337885,0,0.006571412
02/09/2017,29.54743347,21.59069214,62.37509028,8.297166824,0.00333786
03/09/2017,27.38634644,21.49814758,70.3087877,24.89150238,0.018566847
04/09/2017,26.89742432,21.66253052,73.08343082,0,0.019982457
05/09/2017,29.53154907,21.07129822,60.47671005,0,0.019222498
06/09/2017,29.28565369,21.74810181,63.934924,13.3536377,0.072866678
07/09/2017,27.38485107,21.03284607,68.33772928,20.03045654,0.08264184
08/09/2017,24.85553894,21.77269897,83.02567306,0,0.02746284
09/09/2017,30.57323608,20.52163086,55.07612763,0,0.002577901
10/09/2017,31.26824341,22.12178955,58.39153214,20.03045654,0.07905066
11/09/2017,29.17841492,20.81766663,60.76570398,0,0.001907349
12/09/2017,30.94030151,20.25327454,53.04915385,0,0.003248453
13/09/2017,30.0667511,21.24129639,59.26053374,0,0.006705523
14/09/2017,30.16671143,20.87984619,57.62886509,0,0.001117587
15/09/2017,30.25705872,21.49512634,59.53641563,0,0.00628829
16/09/2017,27.4026123,21.2264801,69.08274904,33.97153473,0.019043684
17/09/2017,29.35462341,19.56661377,55.67517152,0,0.002011657
18/09/2017,30.83768616,22.2953125,60.47516478,0,0.027909875
19/09/2017,30.60372314,22.58474121,62.37482376,0,0.047147274
20/09/2017,29.78981934,21.55393372,61.37366663,11.32384491,0.006437302
21/09/2017,27.73398743,22.67325745,74.00744389,15.91191769,0.428214669
22/09/2017,23.26177368,22.80158386,97.25561686,0,1.527830958
23/09/2017,29.47934875,21.42829285,62.00093055,0,0.011742115
24/09/2017,25.19867859,23.09865723,88.16973391,15.91191769,0.263690948
25/09/2017,28.49651489,23.45095215,74.20423649,0,0.048339367
26/09/2017,30.50182495,22.96943054,64.21840251,10.80960846,0.032693148
27/09/2017,30.51740417,22.79837952,63.5002921,0,0.072777271
28/09/2017,25.20076904,23.00400696,87.65571712,21.61921692,0.457316637
29/09/2017,29.67156372,21.66661987,62.21937958,0,0.003993511
30/09/2017,31.14084778,21.78821716,57.63175749,0,0.009775162
01/10/2017,30.80869446,22.50151978,61.33898512,0,0.016227365
02/10/2017,31.48363647,22.19680176,57.94586037,4.281898022,0.021442771
03/10/2017,31.57105408,22.17505798,57.58306126,0,0.003457069
04/10/2017,26.92398987,23.29947815,80.59595844,4.281898022,0.100523233
05/10/2017,28.3958374,22.70838318,71.36284281,4.281898022,0.471875072
06/10/2017,30.36106262,22.30663452,62.18645215,0,0.005349517
07/10/2017,27.07973633,22.5911499,76.51223648,10.66049004,0.019028783
08/10/2017,28.79590759,22.77645264,70.01520781,0,0.043213367
09/10/2017,31.29773865,22.03008423,57.96903057,5.330245018,0.157266855
10/10/2017,29.37084351,22.99733887,68.64029842,5.330245018,0.009745359
11/10/2017,30.38912354,21.54610596,59.27278714,0,0.004678965
12/10/2017,29.70488892,22.32132874,64.62866607,5.60175705,1.441210508
13/10/2017,30.75664673,21.46677551,57.76056501,5.60175705,0.011205673
14/10/2017,29.92545471,21.53392944,60.82307459,5.60175705,0.003159046
15/10/2017,32.13701782,18.01424561,43.11272549,0,0.000313
16/10/2017,32.60564575,18.10193787,42.22112393,0,0.0007
17/10/2017,33.5055481,15.84932861,34.80224181,0,0.000253
18/10/2017,30.65053711,19.75457153,52.29341555,0,0.000283
19/10/2017,32.28458557,17.92728577,42.52207541,0,0.000417
20/10/2017,31.9576355,20.30280457,50.22704683,0,0.001072884
21/10/2017,32.81951294,19.16062317,44.57341895,2.553277969,0.000417
22/10/2017,32.43964539,19.05535278,45.23819066,5.106555939,0.000417
23/10/2017,31.74216614,20.8016449,52.43061799,0,0.002548099
24/10/2017,33.24524841,17.74555359,39.82930154,2.553277969,0.000432
25/10/2017,32.66060791,18.504953,43.16842961,2.553277969,0.000656
26/10/2017,34.12015686,16.25933228,34.52179508,3.778146982,0.000328
27/10/2017,34.12581787,12.02436218,26.22575576,3.778146982,0.000253
28/10/2017,33.59076843,14.85714111,32.4993966,0,0.000283
29/10/2017,33.99532471,16.50771484,35.31668517,0,0.000238
30/10/2017,34.75000916,14.65418396,30.07412404,0,0.000224
31/10/2017,33.56629333,17.30466614,38.0470657,0,0.001356006
01/11/2017,34.78180847,15.30202637,31.3000716,0,0.000328
02/11/2017,34.83809814,16.44672546,33.57204032,0,0.000343
03/11/2017,34.12189636,15.00335083,31.84995058,0,0.000253
04/11/2017,32.88808594,18.41532288,42.38154965,0,0.004038215
05/11/2017,32.6524292,18.12326965,42.16663936,0,0.001162291
06/11/2017,33.58558044,14.4600769,31.68611785,0,0.000343
07/11/2017,34.14632568,14.81440125,31.42184904,0,0.000462
08/11/2017,35.01723633,11.07041321,23.43392964,0,0.000238
09/11/2017,34.97884521,13.36417542,27.3111829,0,0.000238
10/11/2017,34.88115845,10.4372345,22.63589183,0,0.000268
11/11/2017,35.0468689,12.40734253,25.55644551,0,0.000224
12/11/2017,35.16517029,12.64570007,25.79052154,0,0.000268
13/11/2017,33.90151367,16.10439453,34.60096269,0,0.000283
14/11/2017,34.59433899,17.11374817,35.50019657,0,0.000596
15/11/2017,36.06485901,16.19065247,30.87042044,0,0.000462
16/11/2017,34.56269226,14.76288757,30.60180704,0,0.000283
17/11/2017,34.30872498,17.16590271,36.18662623,0,0.000373
18/11/2017,34.24482117,17.46799622,37.01551299,0,0.000805
19/11/2017,34.22416077,16.52021179,34.89764947,0,0.004053116
20/11/2017,32.73156128,18.77329407,43.72450813,0,0.000358
21/11/2017,36.32566223,13.9754425,26.38996359,0,0.000358
22/11/2017,33.55487976,17.81466064,39.31629776,0,0.001296401
23/11/2017,34.34430847,15.58554993,32.65730323,0,0.000432
24/11/2017,34.93985901,12.35630188,25.62194075,0,0.000328
25/11/2017,34.62456665,12.2783905,25.9398138,0,0.000298
26/11/2017,35.46734009,1.224145508,11.56776557,0,0.000358
27/11/2017,35.21672974,2.254251099,12.62805032,0,0.000224
28/11/2017,34.94101868,4.097772217,14.61134026,0,0.000194
29/11/2017,35.42180786,5.819223022,16.04612557,0,0.000224
30/11/2017,35.89806519,7.322229004,17.33698092,0,0.000194
01/12/2017,36.21462402,4.742105103,14.25198032,0,0.000194
02/12/2017,35.44423828,11.21665344,23.11158037,0,0.000581
03/12/2017,35.61560974,11.24698792,22.94067122,0,0.000209
04/12/2017,36.22658691,11.70214233,22.86275335,0,0.000209
05/12/2017,36.90764771,5.609902954,14.57803334,0,0.000194
06/12/2017,36.36361084,8.236016846,17.98739896,0,0.000417
07/12/2017,34.20896301,15.36312256,32.4377451,2.623957872,0.000805
08/12/2017,35.10018311,14.64786682,29.48531358,0,0.000238
09/12/2017,35.42409668,10.07311401,21.43901134,0,0.000179
10/12/2017,34.44773254,6.500039673,17.75032262,0,0.000209
11/12/2017,35.20385132,6.967630005,17.57955636,0,0.000179
12/12/2017,34.79020081,14.00690613,28.77611413,0,0.000253
13/12/2017,37.00959167,9.482095337,18.89093824,0,0.000179
14/12/2017,37.52842102,6.981942749,15.49498412,0,0.000179
15/12/2017,36.18944702,11.98674927,23.34386084,0,0.000194
16/12/2017,36.33025513,7.155297852,16.73845096,0,0.000194
17/12/2017,36.3063446,10.49389038,21.00771849,0,0.000194
18/12/2017,35.76635132,15.44197998,29.91311563,0,0.000224
19/12/2017,33.62708435,18.47675476,40.82070687,1.952049851,0.004038215
20/12/2017,34.39301453,17.35421143,36.44913428,3.904099703,0.002205372
21/12/2017,36.53966675,14.71856079,27.36788552,0,0.000209
22/12/2017,36.89563904,6.137139893,15.13046086,1.729428768,0.000298
23/12/2017,36.42589722,5.53347168,14.88731293,2.594143152,0.000179
24/12/2017,35.81839905,10.3893219,21.42733826,0,0.000179
25/12/2017,36.10289917,6.630075073,16.34735806,0,0.000179
26/12/2017,36.1408783,4.991998291,14.56177052,0,0.000149
27/12/2017,35.70501099,2.297143555,12.33063217,0,0.000194
28/12/2017,35.85102234,3.808816528,13.6167611,0,0.000164
29/12/2017,35.69922791,6.505975342,16.57140947,0,0.000156
30/12/2017,35.53087769,5.43631897,15.5314908,0,0.000186
31/12/2017,34.54871521,3.658624268,14.47728961,0,0.000179
01/01/2018,35.28757629,3.546853638,13.78838178,0,0.000164
02/01/2018,34.79102478,3.616586304,14.24189994,0,0.000164
03/01/2018,34.97654114,2.879342651,13.37932396,0,0.000149
04/01/2018,34.30976257,0.053964233,11.33107723,0,0.000164
05/01/2018,33.71100769,-2.467993164,9.732367444,0,0.000164
06/01/2018,33.98224792,-1.565985107,10.2483203,0,0.000149
07/01/2018,34.89980469,6.639382935,17.47828639,0,0.000164
08/01/2018,35.97553406,6.430291748,16.23681417,0,0.000164
09/01/2018,36.48108826,0.296624756,10.23198366,0,0.000164
10/01/2018,35.527948,-0.026327515,10.53113399,0,0.000164
11/01/2018,35.11348877,0.410409546,11.1219729,0,0.000149
12/01/2018,35.11679993,0.353799438,11.07436695,0,0.000149
13/01/2018,34.95925293,-2.269049072,9.215614632,0,0.000149
14/01/2018,34.68822632,-1.905554199,9.610192307,0,0.000149
15/01/2018,36.14946899,3.913369751,13.4946595,0,0.000149
16/01/2018,36.49474487,7.210839844,16.6518081,0,0.000149
17/01/2018,36.33323059,-1.331518555,9.157703914,0,0.000149
18/01/2018,36.17427979,-2.702841187,8.345981271,0,0.000149
19/01/2018,35.94484863,7.970681763,18.07564884,0,0.000149
20/01/2018,35.77462158,8.166009521,18.48964744,0,0.000149
21/01/2018,36.03788147,2.317300415,12.12469935,0,0.000194
22/01/2018,35.90429077,-3.230612183,8.143344497,0,0.000149
23/01/2018,35.91452942,3.409249878,13.19185333,0,0.000149
24/01/2018,35.54136047,0.073495483,10.60007398,0,0.000149
25/01/2018,35.52939758,-0.502737427,10.1706591,0,0.000149
26/01/2018,36.03473816,0.488626099,10.63222378,4.302404404,0.000134
27/01/2018,36.11895142,1.32668457,11.24360093,0,0.000164
28/01/2018,36.85143433,2.430795288,11.6913503,0,0.000134
29/01/2018,37.38277588,2.113580322,11.10374989,0,0.000119
30/01/2018,36.20948181,-1.459036255,9.133794981,0,0.000164
31/01/2018,36.41988525,-0.996618652,9.34151105,0,0.000134
01/02/2018,37.31989441,0.174890137,9.6886539,0,0.000134
02/02/2018,37.21907959,9.127740479,18.2360799,0,0.000149
03/02/2018,38.45928345,4.770257568,12.64044391,0,0.000134
04/02/2018,39.53930054,2.093667603,9.871362136,0,0.000119
05/02/2018,38.44489441,10.75315247,19.02988716,0,0.000149
06/02/2018,38.71994934,11.39985046,19.57319889,0,0.000119
07/02/2018,38.25115356,12.52132568,21.61514763,0,0.000179
08/02/2018,37.76662598,15.44954834,26.83334065,0,0.000194
09/02/2018,35.59591064,18.89142761,37.56198613,4.659068584,0.014066696
10/02/2018,37.55910645,13.49404297,23.91405482,0,0.000194
11/02/2018,35.86937866,16.14223633,31.10715976,0,0.001773238
12/02/2018,37.22780762,0.439767456,9.92630612,0,0.000164
13/02/2018,37.181604,0.076165771,9.691961424,0,0.000134
14/02/2018,38.90262756,6.549462891,13.96523882,0,0.000134
15/02/2018,38.53501282,11.38564453,19.75041481,0,0.000119
16/02/2018,37.54581604,13.47527466,23.90205361,0,0.000119
17/02/2018,38.17426453,10.70409546,19.24677536,0,0.000246
18/02/2018,36.73475037,14.50692139,26.71029154,0,0.000797
19/02/2018,36.5566803,16.88379822,31.40482006,0,0.001735985
20/02/2018,36.46360168,18.87853394,35.78719324,4.653670788,0.03002584
21/02/2018,35.70424805,18.37371216,36.14872497,0,0.000283
22/02/2018,34.93213806,18.28519592,37.51219159,0,0.001147389
23/02/2018,28.61252747,23.12488708,72.27051564,5.469818592,0.051081181
24/02/2018,31.10543213,18.20810852,46.26822364,5.469818592,0.000522
25/02/2018,34.56743774,17.20900879,35.76818718,0,0.002399087
26/02/2018,35.7829834,17.34514771,33.7361346,1.328611851,0.001326203
27/02/2018,35.3071991,18.47687683,37.18742414,1.328611851,0.000492
28/02/2018,35.74009094,17.73174438,34.6508755,0,0.000834
01/03/2018,37.04395447,12.70232544,23.35276147,0,0.000194
02/03/2018,36.57332764,13.29615173,24.90901102,0,0.000149
03/03/2018,38.06484375,7.477700806,15.57155025,0,0.000119
04/03/2018,38.20853577,7.124047852,15.08135374,0,0.000209
05/03/2018,35.67583618,13.90421448,27.22166345,2.546458244,0.000164
06/03/2018,36.00078735,14.10474548,27.09029972,3.627230644,0.000119
07/03/2018,35.2474762,17.68816528,35.50612968,7.254461288,0.000238
08/03/2018,37.50248108,16.22388611,28.6023726,0,0.001311302
09/03/2018,37.34647522,14.72098694,26.19486827,7.254461288,0.000119
10/03/2018,37.40593872,14.39278564,25.56257341,7.254461288,0.000134
11/03/2018,37.52799377,14.94002686,26.30684024,0,0.000164
12/03/2018,38.13323364,13.50583801,23.20007479,0,0.000149
13/03/2018,38.23600159,12.04735718,20.96868456,0,0.000149
14/03/2018,39.24906311,10.63134155,18.07765007,0,0.000119
15/03/2018,37.9765564,12.95467529,22.5703413,0,0.000149
16/03/2018,36.53809509,15.33287964,28.47420018,0,0.000119
17/03/2018,37.39919434,15.34839783,27.19632697,7.355017662,0.000209
18/03/2018,36.17229614,15.48919067,29.34280398,3.677508831,0.000179
19/03/2018,37.56762085,13.86895142,24.49320263,0,0.000194
20/03/2018,36.303125,17.73265991,33.59890808,0,0.001057982
21/03/2018,30.84569702,20.78283081,55.10599988,0,0.003024936
22/03/2018,37.79296265,17.66468201,30.84853144,3.986893892,0.005170703
23/03/2018,35.93769226,17.23392639,33.2162803,3.986893892,0.030264258
24/03/2018,33.31867371,18.74225769,42.22628266,0,0.004708767
25/03/2018,35.47083435,12.81696472,25.64578686,0,0.000238
26/03/2018,37.87159119,13.99393616,24.28941877,0,0.000134
27/03/2018,37.51778564,15.59407959,27.45099242,0,0.000149
28/03/2018,36.77153931,16.95557556,31.18014013,0,0.001445413
29/03/2018,33.12694702,20.32119141,47.08137681,3.011791706,0.011324883
30/03/2018,36.53669128,15.59305725,28.95561825,1.505895853,0.000134
31/03/2018,37.79882202,15.29358826,26.51976181,0,0.000134
01/04/2018,38.3102356,14.90250549,25.15581271,0,0.000119
02/04/2018,34.95679626,16.97631226,34.49331016,0,0.001043081
03/04/2018,37.69747314,13.59478149,23.89156235,5.134970188,0.000268
04/04/2018,37.90024719,15.47338257,26.68068859,0,0.000343
05/04/2018,37.460672,15.68410645,27.69546932,0,0.000134
06/04/2018,37.71956787,14.68026123,25.60256672,13.49359608,0.000894
07/04/2018,36.23970947,16.2164093,30.62627077,4.497864723,0.000462
08/04/2018,35.49233398,18.37009583,36.56444395,0,0.002712011
09/04/2018,30.84395752,21.89316711,58.99081264,8.995729446,0.042811036
10/04/2018,33.04667053,19.44880066,44.8052605,4.497864723,0.001862645
11/04/2018,34.58609924,17.34885559,36.04856965,2.5752244,0.000253
12/04/2018,34.47571716,18.06136475,37.93571459,0,0.000134
13/04/2018,35.55095825,18.54480896,36.84775003,0,0.000492
14/04/2018,33.08596191,20.90174255,48.90806143,5.150448799,0.003069639
15/04/2018,32.55399475,21.65262756,52.76483244,10.3008976,0.030010939
16/04/2018,35.41828308,20.6252533,42.2373752,5.231598377,0.013515353
17/04/2018,35.56786499,19.22107849,38.40136035,0,0.001490116
18/04/2018,35.49573669,18.49912415,36.85437005,10.46319675,0.000305
19/04/2018,34.27582703,19.68328247,42.44801261,5.231598377,0.000432
20/04/2018,29.85596619,21.48375854,60.87901821,0,0.002354383
21/04/2018,33.58953247,19.13520203,42.62441179,0,0.001341105
22/04/2018,35.07142029,19.15412292,39.30282505,0,0.003218651
23/04/2018,35.61696777,19.25821838,38.38640744,0,0.000224
24/04/2018,36.31694946,18.76899109,35.82944672,0,0.000164
25/04/2018,33.6287323,20.65502319,46.73049897,0,0.000149
26/04/2018,36.06453857,18.51166687,35.74823869,0,0.001490116
27/04/2018,36.48076782,19.15609131,36.37803213,2.908448458,0.026464462
28/04/2018,33.93181763,21.4354187,48.20259716,0,0.007361174
29/04/2018,34.5467926,21.04139099,45.47095335,0,0.019684434
30/04/2018,31.77677307,21.28507385,53.90461249,0,0.001043081
01/05/2018,30.75507507,22.2058197,60.43079687,0,0.003486872
02/05/2018,34.66394958,21.27498779,45.82870206,6.04146719,0.01937151
03/05/2018,30.65932617,22.05553589,60.20834967,15.10366821,0.020191073
04/05/2018,34.61885986,20.21785889,43.04937792,3.020733595,0.000641
05/05/2018,28.47016296,24.07579956,77.163208,9.062200546,0.089436769
06/05/2018,32.31128845,22.09043274,54.93921775,0,0.002741814
07/05/2018,33.76793823,20.64223633,46.33239399,3.690196991,0.000745
08/05/2018,32.89699707,20.44649658,48.06279115,7.380393982,0.000104
09/05/2018,32.6816803,20.35642395,48.37805147,0,0.000536
10/05/2018,30.77163086,21.31530151,57.17836617,11.07059097,0.01385808
11/05/2018,26.73005066,22.21401367,76.32989787,0,0.043854117
12/05/2018,27.61489258,23.32325134,77.51194533,7.55104351,0.015243888
13/05/2018,32.37519226,19.61225281,47.00367461,0,0.000313
14/05/2018,31.7546936,22.3756958,57.68680126,0,0.026643276
15/05/2018,32.89621887,20.88700256,49.38663293,0,0.000432
16/05/2018,33.93352661,20.05426941,44.2702504,0,0.002041459
17/05/2018,31.64211426,22.15104065,57.26783361,13.64510918,0.011950731
18/05/2018,29.80379639,22.08677063,63.35160796,4.548369884,0.00192225
19/05/2018,33.30759583,20.94368896,48.42937687,0,0.000566
20/05/2018,33.37130127,21.67611084,50.47222313,0,0.005751848
21/05/2018,31.54636536,21.17055664,54.23070034,5.237744808,0.014483929
22/05/2018,30.68131409,22.05381165,60.12652637,2.618872404,0.002026558
23/05/2018,33.84073792,21.7751709,49.4647358,0,0.002041459
24/05/2018,33.47016296,20.30243835,46.1321627,0,0.000119
25/05/2018,32.40464172,21.13982544,51.56548407,5.237744808,0.005453825
26/05/2018,28.32065735,21.39644775,66.16887615,0,0.002250075
27/05/2018,29.51566467,21.29642639,61.37369934,9.947527885,0.00667572
28/05/2018,32.44526062,19.43676147,46.31077486,0,0.003233552
29/05/2018,28.81774292,23.02124939,70.97066602,9.947527885,0.00834465
30/05/2018,30.04415283,21.4755188,60.19482226,0,0.002086163
31/05/2018,33.37578735,20.4510437,46.80358226,4.973763943,0.001788139
01/06/2018,33.58506165,21.40224609,49.04426732,4.010993004,0.003129244
02/06/2018,32.7781311,20.45412598,48.4074798,4.010993004,0.000417
03/06/2018,31.96360168,21.85172424,55.21871408,12.03297997,0.080689788
04/06/2018,31.15987549,21.62575684,57.00090098,0,0.00333786
05/06/2018,33.28333435,20.75376282,47.93206509,0,0.000209
06/06/2018,28.02094421,22.54937134,72.23512053,13.35412788,0.011622906
07/06/2018,32.64675293,21.32875977,51.4601901,6.677063942,0.005871058
08/06/2018,32.52602539,22.20533142,54.659651,6.677063942,0.002831221
09/06/2018,29.2973114,22.34139404,66.24388834,6.677063942,0.027015805
10/06/2018,28.34465942,21.91044006,68.18528309,13.35412788,0.00461936
11/06/2018,32.24497375,19.20189819,46.15696042,0,0.000134
12/06/2018,32.68662415,20.63410339,49.19989243,7.354620457,0.000834
13/06/2018,31.29062805,21.94637451,57.69728597,14.70924091,0.020176172
14/06/2018,30.30652771,20.88398132,57.18390246,14.70924091,0.001266599
15/06/2018,25.51017151,22.52524719,83.59863317,0,0.041246414
16/06/2018,29.84919128,22.91243896,66.43511184,0,0.002339482
17/06/2018,26.55072937,22.54190979,78.69198789,12.62960911,0.0230968
18/06/2018,30.1954895,21.11394653,58.36725284,6.314804554,0.059276819
19/06/2018,29.21114502,19.66295776,56.47454991,0,0.001400709
20/06/2018,28.84658203,20.05271301,59.08677,6.314804554,0.002890825
21/06/2018,22.75690613,22.41610107,97.95333768,0,0.452801585
22/06/2018,28.91890869,20.59465942,60.84243278,5.894721508,0.006318092
23/06/2018,25.96279297,22.73638306,82.43614988,5.894721508,0.065565109
24/06/2018,27.3191925,21.55683289,70.83945143,5.894721508,0.084489584
25/06/2018,29.94567261,21.12919006,59.2645793,5.894721508,0.007480383
26/06/2018,29.25348816,22.43869934,66.80537929,0,0.018820167
27/06/2018,29.36972961,20.42339478,58.65677368,0,0.004768372
28/06/2018,29.36246643,21.63820801,63.22649869,5.859171391,0.018551946
29/06/2018,27.49788818,21.57637939,70.18679597,11.71834278,0.037372112
30/06/2018,23.90108643,22.55445251,92.1909492,11.71834278,0.083804131
01/07/2018,25.92453918,21.72301636,77.68242825,0,0.019624829
02/07/2018,29.81813965,19.8086792,55.03044284,8.565000534,0.004976988
03/07/2018,26.90319214,21.79854736,73.66816411,12.8475008,0.029012561
04/07/2018,28.72597656,22.06456909,67.32360267,4.282500267,0.052824616
05/07/2018,29.55137024,21.04950867,60.32699847,4.282500267,0.021293759
06/07/2018,29.41629944,21.09139404,60.95454906,3.527061462,0.000522
07/07/2018,30.18876038,21.88244019,61.2009826,3.527061462,0.039696693
08/07/2018,29.5543457,21.04729614,60.30847547,0,0.003680587
09/07/2018,27.61277161,21.00597534,67.32223733,0,0.018402934
10/07/2018,30.6357666,21.42339478,58.00610331,7.054122925,0.002786517
11/07/2018,29.81954346,20.87070618,58.75495075,4.916642666,0.002130866
12/07/2018,30.32013855,21.54631958,59.50793775,4.916642666,0.061646104
13/07/2018,30.17077026,21.21691284,58.8203244,0,0.020951033
14/07/2018,29.76131592,22.36766968,64.60114429,4.916642666,0.001430511
15/07/2018,27.82917175,21.30317078,67.7007476,0,0.006228685
16/07/2018,25.67327271,22.02341614,80.30507891,7.150005817,0.099748373
17/07/2018,26.44512329,21.21180115,73.01104555,7.150005817,0.029072165
18/07/2018,29.30706177,21.42301331,62.59924282,0,0.011473894
19/07/2018,29.98137817,21.55120239,60.69231044,14.30001163,0.020116568
20/07/2018,27.13375244,21.25969849,70.32187702,14.30001163,0.041365623
21/07/2018,26.01348267,21.03304443,74.07755797,6.928428173,0.010490417
22/07/2018,29.9899231,20.44048462,56.6617342,0,0.002145767
23/07/2018,28.29065857,22.16347656,69.46229337,6.928428173,0.027060509
24/07/2018,29.70397339,22.06751404,63.64135205,6.928428173,0.004306436
25/07/2018,27.07383118,21.55802307,71.87023186,6.928428173,0.016376376
26/07/2018,27.29670105,20.96274719,68.39600187,3.833487511,0.004768372
27/07/2018,30.73909912,21.44700012,57.74846406,0,0.014692545
28/07/2018,28.94835815,21.61649475,64.6701269,3.833487511,0.027701259
29/07/2018,26.98040161,20.99685059,69.82181287,3.833487511,0.010624528
30/07/2018,25.97585449,20.88132629,73.55362726,0,0.025257468
31/07/2018,27.27912292,19.22025452,61.47026747,0,0.000864
01/08/2018,29.93235168,20.33188782,56.4694573,0,0.008970499
02/08/2018,28.30974731,20.81473694,63.88865657,0,0.013768673
03/08/2018,27.86251221,20.34746704,63.71184109,0,0.006571412
04/08/2018,30.35259399,18.38227234,48.82915436,0,0.002160668
05/08/2018,30.2854248,19.90926514,53.91063976,0,0.001385808
06/08/2018,27.25179443,20.59061584,67.02367459,0,0.006616116
07/08/2018,28.28202209,20.82080994,64.0155558,0,0.002101064
08/08/2018,30.5559021,19.00339661,50.17660434,0,0.002115965
09/08/2018,28.99266968,21.10263977,62.50599546,31.2927227,0.009268522
10/08/2018,28.50028381,21.1534668,64.51452187,0,0.007688999
11/08/2018,30.10120544,20.1682373,55.36265597,0,0.006765127
12/08/2018,30.72365723,20.39693604,54.18687802,13.14451218,0.073954463
13/08/2018,24.86377869,22.28673706,85.62547417,39.43354034,1.48640573
14/08/2018,29.62767944,20.75330505,58.9789909,0,0.013202429
15/08/2018,30.15128479,20.10714111,54.99584166,0,0.002622604
16/08/2018,29.30927429,21.83429871,64.18477856,0.492118418,0.005453825
17/08/2018,26.58832703,22.22219238,77.00715942,1.467809319,0.083208084
18/08/2018,24.17904053,22.50428162,90.39040578,1.603585601,0.896140933
19/08/2018,24.72719727,22.77926025,88.94588192,1.53951335,2.60591507
20/08/2018,28.21967468,22.47927246,71.10160179,3.112063408,2.717167139
21/08/2018,23.99421082,22.14020691,89.39714613,11.56492329,0.875145197
22/08/2018,25.28450928,22.05259094,82.32568128,34.694767,0.077620149
23/08/2018,25.4432312,23.55281982,89.31179157,23.12984657,2.923130989
24/08/2018,21.97890625,21.56638489,97.51265716,23.12984657,4.176065326
25/08/2018,23.67501221,22.1171814,91.0009519,0,0.058472157
26/08/2018,29.12110291,21.52147827,63.65694731,0,0.01475215
27/08/2018,29.34874878,21.65793762,63.3528529,19.76322746,0.003948808
28/08/2018,25.22590027,22.50112305,84.89777316,0,0.102981925
29/08/2018,29.43670044,22.34755859,65.73851031,29.64484215,0.075444579
30/08/2018,24.54996643,23.46380005,93.6888646,0,1.932889223
31/08/2018,25.32441101,21.9061676,81.40084845,19.76322746,0.043034554
01/09/2018,25.63215027,21.02855835,75.74780724,8.878239632,0.021353364
02/09/2018,27.32743225,21.81366882,71.92518508,8.878239632,0.012636185
03/09/2018,25.24489746,23.20749817,88.5078083,26.63471985,0.366002321
04/09/2018,26.31020508,22.89039001,81.51905935,17.75647926,0.078976154
05/09/2018,29.30692444,21.92563782,64.55218674,17.75647926,0.014260411
06/09/2018,27.52707825,22.4276062,73.79841783,33.20423508,0.138789415
07/09/2018,23.48499451,21.9639679,91.19283213,16.60211754,3.931596875
08/09/2018,29.01159058,21.66768799,64.63613431,0,0.01975894
09/09/2018,26.97384033,22.10120544,74.72978247,0,2.225026488
10/09/2018,23.76821289,22.21206055,91.0163923,0,3.150060773
11/09/2018,27.79300842,22.58246765,73.34805001,17.13109016,0.139981508
12/09/2018,29.43396912,21.37851868,61.97400721,0,0.019222498
13/09/2018,29.64519653,21.91239319,63.25583553,17.13109016,0.046476722
14/09/2018,29.19101868,21.87870178,64.79941778,0,0.007793307
15/09/2018,28.36959229,21.07346497,64.6873278,0,0.028342009
16/09/2018,29.62095032,22.7427002,66.62387293,20.66051102,0.022098422
17/09/2018,30.3099762,21.89045105,60.80744513,0,0.002861023
18/09/2018,26.0611969,24.24450073,89.75491639,13.77367306,0.170484185
19/09/2018,30.34168396,21.8999115,60.73226283,6.886836529,0.02412498
20/09/2018,30.81650696,22.89434204,62.78932039,0,0.554412603
21/09/2018,27.00089417,22.36667786,75.826148,12.46983337,0.083819032
22/09/2018,29.45372925,22.89811096,67.90438129,6.234916687,0.335156918
23/09/2018,29.3011261,21.72983704,63.80669157,12.46983337,0.032410026
24/09/2018,31.2567688,21.32628784,55.65835977,6.234916687,0.009685755
25/09/2018,25.34987793,23.07103882,87.23511375,6.234916687,1.10219419
26/09/2018,28.80774841,22.2988678,67.9680637,8.992711067,0.024080276
27/09/2018,30.81777344,21.37693176,57.24384495,8.992711067,0.017985702
28/09/2018,28.81179199,21.94791565,66.51537847,0,0.00987947
29/09/2018,29.48188171,21.75388489,63.23839567,4.496355534,0.002548099
30/09/2018,29.63015137,23.02591858,67.74015965,4.496355534,0.069066882
01/10/2018,29.06835327,22.05275879,65.95616336,7.853979588,0.207647681
02/10/2018,29.72301636,21.8339325,62.67271961,0,0.025808811
03/10/2018,30.04128418,22.12589417,62.64308548,0,0.01104176
04/10/2018,29.34530029,22.75180969,67.72714181,7.853979588,0.005185604
05/10/2018,24.23005066,22.75255737,91.48187866,10.47197247,0.787749887
06/10/2018,29.10563049,22.6874176,68.40260068,0,0.057458878
07/10/2018,31.23012695,22.91175232,61.39295662,5.61826849,1.457169652
08/10/2018,26.46151123,22.96738586,81.17264545,16.85480499,0.287994742
09/10/2018,30.93169556,21.98955688,59.04266329,0,0.001654029
10/10/2018,26.63207397,22.13884888,76.42053501,11.23653698,0.041604042
11/10/2018,30.00589905,23.21157227,67.04182293,0,0.207319856
12/10/2018,29.06432495,22.84163818,69.20970837,5.566489697,0.086933374
13/10/2018,27.46875916,21.6796814,70.75176009,5.566489697,0.016599894
14/10/2018,29.35764465,22.87018738,68.16599988,5.566489697,0.550881028
15/10/2018,28.71346436,23.23090515,72.31069412,5.566489697,0.080019236
16/10/2018,29.11812744,23.55721436,72.04197513,0,0.013381243
17/10/2018,30.79454956,22.26046143,60.49569934,7.141878128,0.005066395
18/10/2018,30.07692871,22.79648743,65.11393008,3.570939064,0.006064773
19/10/2018,31.81780396,21.53296814,54.60211433,0,0.000998
20/10/2018,32.9656311,18.47574768,42.35757212,0,0.000358
21/10/2018,31.76395569,21.28122864,53.93102471,2.724202871,0.003248453
22/10/2018,31.96735535,22.11031494,56.08416871,2.724202871,0.012904406
23/10/2018,30.90207825,22.72275696,61.83779601,0,0.0012815
24/10/2018,31.21270142,22.16262207,58.72193643,0,0.002205372
25/10/2018,30.35706482,21.5523468,59.40424617,1.556687474,0.001162291
26/10/2018,30.89495239,21.73349915,58.24915893,0,0.020310283
27/10/2018,29.80144653,23.44638977,68.80104655,3.724116802,0.069826841
28/10/2018,25.88085327,23.61719666,87.36317296,11.17235088,0.483766198
29/10/2018,27.39406738,22.38253174,74.17111235,18.62058449,0.002831221
30/10/2018,31.45792542,23.20910034,61.7032142,0,0.004380941
31/10/2018,32.44480286,19.6340271,46.88303845,0,0.001206994
01/11/2018,32.99912415,17.71576843,40.30675833,0,0.000507
02/11/2018,31.78260193,18.40966187,45.09056631,0,0.000536
03/11/2018,31.52817688,18.62412415,46.36372771,1.461312056,0.000671
04/11/2018,28.77915344,23.76574097,74.39541323,2.922624111,0.043198466
05/11/2018,31.04056702,21.13140259,55.6775884,0,0.00949204
06/11/2018,33.01239929,17.43937073,39.58055565,0,0.000477
07/11/2018,30.50385437,20.0528656,53.7168494,0.413921922,0.00308454
08/11/2018,33.57428894,16.63491211,36.44934753,0.413921922,0.000402
09/11/2018,33.73858032,16.65967712,36.17349091,0,0.000417
10/11/2018,33.26755676,16.65432129,37.12567027,0,0.000477
11/11/2018,33.53302917,15.11638794,33.153193,0,0.000432
12/11/2018,33.51166687,14.32106934,31.53238211,0,0.000477
13/11/2018,34.6218811,14.4712616,29.93252338,0,0.000432
14/11/2018,34.34456787,13.29975281,28.16943548,0,0.000551
15/11/2018,33.0287262,15.26894531,34.43847146,0,0.000849
16/11/2018,33.65844116,15.98690186,34.81107365,0,0.000432
17/11/2018,32.55747375,17.98017273,42.01292831,0,0.000462
18/11/2018,32.40607605,20.55404053,49.7369184,0,0.002756715
19/11/2018,34.98996887,14.40223083,29.19822644,0,0.000417
20/11/2018,35.14695129,13.53736267,27.36588922,0,0.000402
21/11/2018,34.87632141,15.21032104,30.95386734,0,0.000447
22/11/2018,33.88971863,15.16837463,32.60872185,0,0.000626
23/11/2018,34.34989319,15.04915771,31.5417395,0,0.000566
24/11/2018,35.01435242,13.09339294,26.77994145,0,0.000402
25/11/2018,35.66091309,7.680535889,18.00010509,0,0.000432
26/11/2018,34.60019836,13.77544556,28.64667398,0,0.000939
27/11/2018,33.50750122,15.20395813,33.38798541,0,0.000745
28/11/2018,34.72510681,12.82390747,26.73627901,0,0.000432
29/11/2018,34.90662537,9.013146973,20.54230213,0,0.000387
30/11/2018,35.16143188,8.950479126,20.16951442,0,0.000402
01/12/2018,34.60100708,11.78783569,25.14719844,0,0.000432
02/12/2018,34.46312866,13.22309265,27.84495099,0,0.000417
03/12/2018,34.65778503,11.88729248,25.23334828,0,0.000387
04/12/2018,34.68270264,14.88997803,30.64903035,0,0.000581
05/12/2018,34.97562561,7.578302002,18.56320865,0,0.000387
06/12/2018,34.8996521,7.086022949,18.02340843,0,0.000387
07/12/2018,35.05558167,7.683114624,18.61416672,0,0.000387
08/12/2018,34.72522888,9.324502563,21.19002955,0,0.000387
09/12/2018,34.06470642,10.85563049,24.35479666,0,0.000358
10/12/2018,34.31343994,10.67888794,23.73921837,4.862010002,0.000387
11/12/2018,33.40064392,8.403039551,21.43294658,0,0.000358
12/12/2018,34.63260803,10.4094635,22.90704048,0,0.000373
13/12/2018,34.79764709,10.06705627,22.184696,0,0.000387
14/12/2018,35.59539185,8.568658447,19.19037706,0,0.000343
15/12/2018,36.13430176,7.176660156,16.94387677,0,0.000387
16/12/2018,36.20037231,5.016976929,14.53970248,0,0.000373
17/12/2018,35.41550598,5.940652466,16.18734478,4.149856567,0.000387
18/12/2018,35.06534729,4.99704895,15.45504231,0,0.000373
19/12/2018,34.83223877,6.43833313,17.30230667,0,0.000358
20/12/2018,34.42342529,6.124841309,17.31968396,0,0.000343
21/12/2018,34.54857788,5.750085449,16.75910686,0,0.000358
22/12/2018,34.19318542,6.33475647,17.79895007,0,0.000358
23/12/2018,33.7914978,4.944940186,16.52708319,0,0.000343
24/12/2018,34.04081116,7.168099976,19.00981694,0,0.000358
25/12/2018,34.25364075,6.691033936,18.18034405,0,0.000358
26/12/2018,34.24810181,7.416009521,19.11375978,0,0.000343
27/12/2018,34.68927917,7.133599854,18.29413289,0,0.000343
28/12/2018,34.97495422,6.715280151,17.49699628,0,0.000343
29/12/2018,35.50705872,6.206552124,16.40496879,0,0.000343
30/12/2018,35.73104248,5.807855225,15.76291015,0,0.000328
31/12/2018,35.59960327,7.71366272,18.10181786,0,0.000343
01/01/2019,35.19332275,6.252099609,16.74379185,0,0.000298
02/01/2019,34.78289185,4.89927063,15.59152098,0,0.000343
03/01/2019,35.44649658,5.303567505,15.46034439,0,0.000328
04/01/2019,35.40303955,6.18833313,16.47847555,0,0.000298
05/01/2019,35.23316345,4.84156189,15.14710209,0,0.000313
06/01/2019,35.39724121,5.917214966,16.17735914,0,0.000328
07/01/2019,34.86811218,5.606134033,16.30139329,7.651269913,0.000313
08/01/2019,34.65558777,4.732492065,15.51982673,0,0.000298
09/01/2019,35.39534912,4.885202026,15.05809152,0,0.000343
10/01/2019,35.43622742,11.85302124,24.11644577,0,0.000313
11/01/2019,36.60157166,8.950479126,18.63584893,0,0.000298
12/01/2019,37.00855408,3.115029907,12.16958703,0,0.000283
13/01/2019,36.75560913,8.753015137,18.23461049,0,0.000298
14/01/2019,35.83344421,13.38414917,26.08877418,0,0.000328
15/01/2019,36.22309265,8.32114563,18.23147504,0,0.000298
16/01/2019,36.25386963,5.519158936,15.01319977,0,0.000373
17/01/2019,36.56284485,9.749902344,19.70860387,0,0.000298
18/01/2019,36.95839844,10.80127869,20.69246032,0,0.000417
19/01/2019,35.93198547,14.57042847,28.02482331,0,0.000492
20/01/2019,36.3256012,11.04694519,21.77290722,0,0.000328
21/01/2019,36.50917969,9.904794312,19.97301447,0,0.000298
22/01/2019,37.22194824,6.747766113,15.50350011,0,0.000298
23/01/2019,36.640802,13.12531433,24.54204085,0,0.000358
24/01/2019,33.17850647,18.54729614,42.04303712,0,0.005766749
25/01/2019,36.74242554,14.32834778,26.39250704,0,0.000276
26/01/2019,37.60593567,8.523080444,17.1412517,0,0.000283
27/01/2019,36.42650757,12.49454651,23.82596314,0,0.000328
28/01/2019,32.99689636,20.36916504,47.5665931,0,0.009328127
29/01/2019,34.99651489,16.68953857,33.79701268,0,0.001132488
30/01/2019,35.53757629,16.27694092,31.95320159,0,0.000581
31/01/2019,35.71738586,16.87386475,32.86258483,0,0.000477
01/02/2019,36.85656128,16.96987305,31.06402674,0,0.006884336
02/02/2019,31.94144592,21.05484924,52.65588355,0,0.005573034
03/02/2019,36.71218262,12.46035156,23.40432112,0,0.000313
04/02/2019,37.59946594,10.24924622,19.26110044,0,0.000298
05/02/2019,36.97985229,12.146875,22.59445939,0,0.000358
06/02/2019,37.35779724,10.48137817,19.8204501,1.696764827,0.000343
07/02/2019,36.06629333,13.32750854,25.66248362,0,0.000849
08/02/2019,36.7703186,8.77388916,18.24574234,0,0.000387
09/02/2019,37.23716125,3.030160522,11.94699494,0,0.000268
10/02/2019,36.83574829,1.907556152,11.27188447,0,0.000253
11/02/2019,37.44303284,2.615609741,11.47108545,0,0.000253
12/02/2019,37.35079346,1.965661621,11.00596987,0,0.000253
13/02/2019,37.7166687,3.515252686,12.04683943,0,0.000238
14/02/2019,36.80678711,7.072549438,16.2159344,0,0.000224
15/02/2019,36.52811584,1.643502808,11.2478141,0,0.000224
16/02/2019,37.48127136,2.403222656,11.27534723,0,0.000253
17/02/2019,36.27895508,13.01418457,24.85127466,0,0.000268
18/02/2019,38.01212463,9.267022705,17.63338773,0,0.000238
19/02/2019,38.42006836,7.65241394,15.45933424,0,0.000209
20/02/2019,38.27340088,10.01545105,18.28313886,0,0.000298
21/02/2019,38.50104675,12.4934021,21.28675414,0,0.000268
22/02/2019,37.48494873,13.18457947,23.5306034,0,0.000238
23/02/2019,36.80225525,16.20263062,29.67282553,0,0.000417
24/02/2019,32.24480591,20.02749023,48.58511765,0,0.005930662
25/02/2019,33.56606445,19.21999512,42.90638001,5.472205162,0.006765127
26/02/2019,29.92159424,21.50719604,60.73713575,2.222083569,0.022247434
27/02/2019,34.31098328,15.47744141,32.49183023,0,0.001177192
28/02/2019,35.29070435,16.22419128,32.28210703,2.222083569,0.003665686
01/03/2019,32.94942627,18.72770081,43.06988242,0,0.00166893
02/03/2019,36.55413208,11.41829834,22.03883605,0,0.000224
03/03/2019,37.67847595,7.963220215,16.43642691,0,0.000209
04/03/2019,37.87590942,10.70731506,19.56393792,0,0.000209
05/03/2019,37.27892456,12.48252258,22.72593941,0,0.000238
06/03/2019,35.60170898,18.13312683,35.80848279,0,0.018581748
07/03/2019,35.74865112,17.61577759,34.3823098,0,0.000954
08/03/2019,36.62482605,16.03254089,29.63813584,7.377820015,0.000238
09/03/2019,37.05967102,16.39936218,29.62859277,11.06672955,0.004023314
10/03/2019,35.92077026,19.1836792,37.57595,0,0.054851174
11/03/2019,37.63964233,12.810495,22.7699063,0,0.000209
12/03/2019,35.41422424,17.66214905,35.1235359,0,0.000417
13/03/2019,37.03663025,17.81316528,32.44400826,2.015252829,0.002920628
14/03/2019,36.94515381,17.67307434,32.31955397,2.015252829,0.002592802
15/03/2019,37.95623169,15.87494812,27.29290261,0,0.000238
16/03/2019,36.93251953,16.88164673,30.76309203,5.622808933,0.00244379
17/03/2019,37.30838928,13.72480164,24.60871805,0,0.000253
18/03/2019,38.79953918,11.99416504,20.27047777,0,0.000253
19/03/2019,37.64118347,15.84342346,27.70661799,0,0.000775
20/03/2019,36.14148865,18.57262573,35.73386431,2.459978819,0.005453825
21/03/2019,35.92614136,20.31485901,40.29508895,4.264692307,0.037908554
22/03/2019,34.90735779,20.32608948,42.65140256,0,0.001698732
23/03/2019,36.739328,18.74936829,34.9688706,0,0.000581
24/03/2019,37.33245239,15.92922363,28.32976143,0,0.000194
25/03/2019,35.58414612,19.98293457,40.22562376,0,0.021278858
26/03/2019,36.22498474,17.71793518,33.71169395,0,0.000224
27/03/2019,37.47472534,17.8660675,31.78608698,0,0.000417
28/03/2019,39.18401489,15.75727234,25.35519708,0,0.000179
29/03/2019,37.75811157,17.45032654,30.49162157,5.672084332,0.003248453
30/03/2019,37.77102051,18.18956909,31.92212843,5.672084332,0.000492
31/03/2019,37.3890625,17.77982483,31.76133606,0,0.000492
01/04/2019,38.9286438,15.20112,24.80430113,0,0.000194
02/04/2019,39.29859314,15.24375305,24.38367116,0,0.000164
03/04/2019,38.62423096,15.56913147,25.8162904,0,0.000224
04/04/2019,39.56809387,15.89597473,25.06050598,14.75794315,0.000194
05/04/2019,38.13143311,17.55449829,30.07917018,0,0.000358
06/04/2019,36.89125977,18.69942627,34.57217955,10.67633343,0.000507
07/04/2019,37.58710632,19.27138672,34.49798932,3.558778048,0.027924776
08/04/2019,32.83361206,22.35445557,54.21196132,3.558778048,0.014603138
09/04/2019,35.38279114,20.8784729,42.98474167,10.67633343,0.038221478
10/04/2019,35.00969849,20.78333435,43.62302549,7.117556095,0.009655952
11/04/2019,31.29804382,22.36623535,59.16613008,6.129323006,0.001519918
12/04/2019,37.12368164,18.74373779,34.23200378,6.129323006,0.001609325
13/04/2019,32.67876587,20.72405396,49.49502582,3.064661503,0.044241548
14/04/2019,33.68958435,21.14798889,48.00492502,0,0.002354383
15/04/2019,34.50829468,20.37732849,43.74280992,3.064661503,0.003889203
16/04/2019,35.18944702,19.22435913,39.21873546,9.083167076,0.000864
17/04/2019,35.93357239,19.78960571,38.99058355,0,0.003874302
18/04/2019,38.10640869,14.65601501,25.03304518,0,0.000149
19/04/2019,36.86933289,16.8605896,30.82801915,0,0.000343
20/04/2019,35.95348511,19.16938171,37.4751363,3.027722597,0.015750527
21/04/2019,36.51914368,19.14040527,36.26632864,0.091657102,0.000387
22/04/2019,34.99489746,20.8749176,43.90534509,6.860316753,0.016137958
23/04/2019,31.87186584,22.22107849,56.76928407,10.73423576,0.042125583
24/04/2019,29.85254822,24.35811768,72.46104046,4.415022373,0.019654632
25/04/2019,33.92391357,22.13761292,50.33616075,4.656574249,0.001206994
26/04/2019,34.56836853,22.07227478,48.37227988,9.301882744,0.001221895
27/04/2019,34.65683899,20.13059387,42.72774225,0,0.000969
28/04/2019,36.36287842,18.93982849,36.12288099,4.650941372,0.000209
29/04/2019,36.13651428,21.06113586,41.70580818,4.650941372,0.004023314
30/04/2019,34.5420166,21.74483643,47.48511048,0,0.002533197
01/05/2019,31.00710449,22.81629333,61.81839618,7.077973366,0.007420778
02/05/2019,36.12505493,20.05254517,39.21671462,14.15594673,0.022605062
03/05/2019,27.79151306,23.33774719,76.78426098,10.61696053,0.026807189
04/05/2019,31.35123596,21.82285461,57.06736816,3.538986683,0.004649162
05/05/2019,35.50756226,21.48882446,44.31879365,0,0.000745
06/05/2019,32.31157837,22.04465637,54.78532729,0,0.000805
07/05/2019,33.37824402,21.14176331,48.82861132,0,0.000387
08/05/2019,35.05489502,20.28066406,42.18645519,12.44629669,0.002086163
09/05/2019,33.42011414,21.83104858,50.81313234,0,0.018686056
10/05/2019,31.92293701,22.06430969,56.06784226,0,0.002801418
11/05/2019,34.00048218,21.44713745,48.05307588,6.626309872,0.002250075
12/05/2019,35.41706238,20.77266846,42.62533517,6.626309872,0.050902367
13/05/2019,29.37082825,22.54842529,66.79852852,13.25261974,0.004380941
14/05/2019,30.4460083,23.53501282,66.66117014,13.25261974,0.007525086
15/05/2019,31.05397949,23.32380066,63.57451203,13.25261974,3.107041121
16/05/2019,29.80675659,22.37745056,64.47103049,23.24235725,0.014603138
17/05/2019,32.01850281,21.58417664,54.15532552,0,0.004425645
18/05/2019,33.61998901,21.19217834,48.32259336,0,0.002041459
19/05/2019,33.30832825,22.03934631,51.78552385,0,0.000641
20/05/2019,27.41983948,22.69384155,75.47215151,4.648471832,0.031873584
21/05/2019,30.29937134,21.51687012,59.47146524,11.34213734,0.001877546
22/05/2019,31.00086365,22.38125,60.22946707,0,0.023454428
23/05/2019,33.69458923,21.50408325,49.05009423,11.34213734,0.030100346
24/05/2019,28.54395447,25.23529968,82.34277015,17.01320648,0.923380256
25/05/2019,31.18009338,22.14293823,58.76043212,5.671068668,0.00102818
26/05/2019,31.51833496,22.41700134,58.61149707,6.383076668,0.006899238
27/05/2019,31.88497314,20.63533936,51.47890653,3.191538334,0.000373
28/05/2019,34.07735596,20.94040833,46.38370397,0,0.005215406
29/05/2019,32.37656555,21.94689331,54.26071079,9.574614525,0.029161572
30/05/2019,27.53223572,22.80257568,75.47359654,0,0.071763992
31/05/2019,25.37449036,22.63770447,84.8517558,6.383076668,0.196874142
01/06/2019,29.9631134,21.49729309,60.55589992,0,0.005617738
02/06/2019,28.09305725,23.03730164,74.0905748,20.86038971,0.028893352
03/06/2019,30.76011047,20.97571716,56.03616674,0,0.000969
04/06/2019,32.53304443,22.11345825,54.33332584,0,0.002965331
05/06/2019,31.05137024,22.57807312,60.77869469,15.64529419,0.038847327
06/06/2019,30.46846924,22.17337952,61.30666386,12.73388767,0.045150518
07/06/2019,25.49311218,22.58699951,83.99751776,0,0.643491745
08/06/2019,30.06632385,21.66030273,60.80157489,0,0.024482608
09/06/2019,24.63231812,23.181604,91.65509377,6.366943836,2.823933959
10/06/2019,27.47414551,22.34330139,73.64878981,0,0.00834465
11/06/2019,30.59330139,22.77054749,63.11907715,0.443705827,0.0179708
12/06/2019,26.73156128,23.49831543,82.49537446,3.029018402,0.064015388
13/06/2019,28.52433167,23.59017334,74.70857692,18.07115936,0.033020973
14/06/2019,30.26650391,21.67533264,60.16354131,2.960941315,0.001624227
15/06/2019,30.28763733,22.80663452,64.37232937,0.536194265,0.023424625
16/06/2019,31.71813354,20.56604919,51.74587334,0,0.000238
17/06/2019,31.84052429,21.70691833,55.11493674,0,0.000864
18/06/2019,32.68270264,20.56357727,48.99735904,0,0.000298
19/06/2019,32.96575317,21.21776733,50.20357948,0,0.000447
20/06/2019,28.93647156,22.6025177,68.71968869,10.19830704,0.007167459
21/06/2019,30.21897278,20.74138794,56.96933221,0,0.001102686
22/06/2019,30.4734436,22.73929749,63.43252747,0,0.003173947
23/06/2019,28.49518738,22.6219574,70.58171418,0,0.011518598
24/06/2019,29.35823975,22.41993103,66.32744626,0,0.038936734
25/06/2019,28.18586121,21.62825928,67.64182021,0,0.010073185
26/06/2019,28.86072693,22.58558044,68.95048763,8.867070198,0.016912818
27/06/2019,29.55870972,21.30001221,61.23528672,0,0.044301152
28/06/2019,28.53592834,21.90148315,67.39578645,8.867070198,0.068262219
29/06/2019,29.6993042,20.68126831,58.47668781,0,0.003159046
30/06/2019,28.1151062,22.56762085,71.91997726,8.867070198,0.016450882
01/07/2019,28.55256042,23.46343384,74.01909592,6.385438442,0.022903085
02/07/2019,29.61902771,21.92661438,63.40608612,12.77087688,0.002637506
03/07/2019,28.42546997,22.73952637,71.37480566,0,0.031635165
04/07/2019,26.14376221,22.87940369,82.26896007,19.15631485,0.295177102
05/07/2019,27.53177795,22.531427,74.24477304,0,0.023409724
06/07/2019,30.42041931,22.28901062,61.9093234,0,0.00448525
07/07/2019,30.28991089,22.73973999,64.10360656,0,2.46912241
08/07/2019,25.8515564,22.19140015,80.27877176,4.992723465,0.036150217
09/07/2019,24.13683472,21.71489868,86.36605707,0,0.085890293
10/07/2019,29.76615295,22.46035156,64.9478931,4.992723465,1.763239503
11/07/2019,28.36463318,22.98551331,72.70213414,14.01922798,0.060066581
12/07/2019,25.02851257,21.33332214,79.9953718,18.69230461,0.041931868
13/07/2019,28.63852844,20.13565979,60.11049711,0,0.012546778
14/07/2019,30.39077148,21.115625,57.72449399,0,5.321979523
15/07/2019,25.8699585,23.60764465,87.36925407,14.01922798,2.435490489
16/07/2019,27.80671082,21.86638794,70.16475055,0,0.051394105
17/07/2019,30.47930298,21.21279297,57.77643639,0,0.003263354
18/07/2019,27.65441284,23.48879395,78.10906759,0,0.067934394
19/07/2019,28.0047699,22.10526428,70.37704833,27.52920341,0.147163868
20/07/2019,27.97130737,21.83979187,69.38226944,0,0.610649586
21/07/2019,29.11608276,20.44979248,59.61832577,0,0.002130866
22/07/2019,27.44561157,21.83710632,71.53193115,7.257860661,0.047102571
23/07/2019,28.53263245,21.09983215,64.18200529,7.257860661,0.011593103
24/07/2019,27.56221924,22.64055786,74.60522749,0,0.013917685
25/07/2019,26.31630859,22.53406677,79.7484453,7.257860661,0.090301037
26/07/2019,27.23874817,22.14640198,73.78105219,14.51680279,0.06633997
27/07/2019,28.4289032,21.70783386,67.01861977,0,0.020846725
28/07/2019,27.83605347,21.80783997,69.79498601,29.03360558,0.034362078
29/07/2019,24.6214386,22.35300598,87.2236512,0,0.191166997
30/07/2019,29.05680237,21.89730225,65.37764535,0,0.017553568
31/07/2019,29.3625885,21.72054443,63.54494376,0,0.006943941
01/08/2019,29.0198761,22.77640686,69.11402982,0,0.004798174
02/08/2019,26.78164063,22.45220337,77.20878773,0,0.08392334
03/08/2019,26.19194946,21.50888977,75.4702355,0,0.012665987
04/08/2019,29.17266235,20.20119629,58.51873159,0,0.003755093
05/08/2019,27.05355225,21.33904419,70.99768184,0,0.009357929
06/08/2019,27.77042542,21.13556824,67.23846732,0,0.013574958
07/08/2019,29.14377747,21.25499878,62.54461589,0,0.013232231
08/08/2019,26.7340332,23.00144348,80.04601132,17.6005249,0.047042966
09/08/2019,25.32085571,22.82291565,86.08348596,0,0.090256333
10/08/2019,26.81316528,21.86190186,74.34561251,0,0.04093349
11/08/2019,29.17580566,21.68963013,64.11197283,0,0.009387732
12/08/2019,27.9263092,21.86617432,69.67644378,0,0.012405217
13/08/2019,28.36930237,21.49746094,66.39145919,0,0.007279217
14/08/2019,29.04450378,21.56261597,64.10027264,0,0.009641051
15/08/2019,29.87243042,21.91109619,62.43032256,0,0.017270446
16/08/2019,28.44329224,22.05921326,68.41361255,0,0.09894371
17/08/2019,28.99031982,21.08577881,62.44982063,0,0.021368265
18/08/2019,28.84139404,21.03170166,62.78115698,0,0.005573034
19/08/2019,24.20906982,21.77604065,86.3146032,27.4588871,0.084519386
20/08/2019,27.59278259,21.37198792,68.93108539,0,0.029951334
21/08/2019,28.94284973,20.76481018,61.39820381,5.439917088,0.029668212
22/08/2019,26.04271851,21.07966003,74.16162573,5.439917088,0.03670156
23/08/2019,25.64382324,23.64647827,88.75443511,16.31975174,0.119432807
24/08/2019,26.7890564,21.43973694,72.55465288,0,0.057339668
25/08/2019,26.72690735,20.66343079,69.4305982,0,0.006914139
26/08/2019,28.54425964,21.74897156,66.73910105,8.416359901,0.043317676
27/08/2019,27.86554871,21.70995483,69.25985814,8.416359901,0.022098422
28/08/2019,24.36565552,22.02396545,86.81191729,8.416359901,0.073820353
29/08/2019,29.79297791,21.28328857,60.35410284,16.8327198,0.218421221
30/08/2019,29.32050476,22.97872314,68.76227376,0,3.307178617
31/08/2019,27.53363953,23.65891418,79.47195663,16.8327198,13.8104111
01/09/2019,23.92159424,23.5440155,97.75464158,24.17362022,2.403482795
02/09/2019,29.24503479,22.32323608,66.37059896,12.08681011,0.018194318
03/09/2019,29.73664246,22.06272278,63.50342289,6.043405056,0.033080578
04/09/2019,24.96953735,22.91825256,88.41069594,18.13021469,1.671522856
05/09/2019,28.40256653,22.57517395,70.76095889,0,0.039592385
06/09/2019,26.1410614,22.5884491,80.84382261,0,0.078007579
07/09/2019,29.91604004,21.6688324,61.35995647,0,0.003874302
08/09/2019,27.45176086,22.3355957,73.71069628,8.750433922,0.038951635
09/09/2019,26.12128601,22.18120728,78.9597692,0,0.044837594
10/09/2019,26.31063232,23.18190918,82.96667803,17.50086784,0.603035092
11/09/2019,22.5055481,21.95107422,96.68260679,16.7241745,3.839939833
12/09/2019,27.9347168,21.9802948,70.12872242,0,0.023022294
13/09/2019,29.62531433,22.22690735,64.5532686,0,0.028088689
14/09/2019,28.25440369,21.77749023,67.98987881,11.14944935,0.038400292
15/09/2019,25.42788086,22.57833252,84.27904561,0,0.418007374
16/09/2019,29.49839172,23.17791138,68.88561024,9.689452171,1.491978765
17/09/2019,26.78397522,24.00315247,84.77671395,19.37890434,1.477122307
18/09/2019,27.36173401,23.98179016,81.84782567,19.37890434,9.179592133
19/09/2019,29.74550781,22.79908142,66.37482522,9.689452171,0.267609954
20/09/2019,27.89473877,21.78092346,69.44245995,0,0.006660819
21/09/2019,29.95955811,22.29807434,63.60031581,17.31153297,0.910907984
22/09/2019,29.81302795,22.62700806,65.4317711,17.31153297,0.013306737
23/09/2019,30.1769043,23.20842896,66.37530398,25.9672966,0.038206577
24/09/2019,28.36779175,22.96154175,72.58346501,25.9672966,0.004917383
25/09/2019,30.31922302,22.53896484,63.22158216,0,0.0141114
26/09/2019,28.85054932,23.182901,71.53151446,8.496815681,0.014066696
27/09/2019,27.37861023,23.29868469,78.47340568,16.99363136,0.076800585
28/09/2019,26.02132568,22.17092285,79.37776563,0,0.031754375
29/09/2019,29.56173096,21.87163696,63.40246822,0,0.00244379
30/09/2019,26.47251282,22.67130432,79.67828836,25.49044609,0.109806657
01/10/2019,26.24680481,21.98632202,77.45197388,10.13913345,0.064477324
02/10/2019,29.86863098,22.03489075,62.91699273,5.069566727,0.014960766
03/10/2019,28.50101624,21.95609436,67.75768149,10.13913345,0.070691109
04/10/2019,24.51888428,22.49808655,88.53679371,5.069566727,0.1193434
05/10/2019,25.08335266,22.101297,83.56420246,5.069566727,2.716869116
06/10/2019,29.95287476,21.46689758,60.47888387,11.20836163,0.021159649
07/10/2019,24.87397156,22.91384277,88.89197494,5.604180813,3.230378032
08/10/2019,25.72188721,22.25631104,81.21764177,11.20836163,0.292792916
09/10/2019,25.80581055,21.93291626,79.238754,5.604180813,0.058799982
10/10/2019,28.40335999,22.06516418,68.59722272,5.604180813,0.019431114
11/10/2019,26.5225769,22.136026,76.90139792,2.167005062,0.090405345
12/10/2019,28.56716309,22.37671814,69.24885911,0,0.11433661
13/10/2019,30.39055786,21.71799622,59.89392326,0,0.004708767
14/10/2019,29.49002991,23.94292603,72.16834524,4.334010124,0.057742
15/10/2019,29.06292114,23.30707703,71.19039177,2.167005062,0.034615397
16/10/2019,29.57431946,22.28278503,64.9633738,7.184638023,0.008821487
17/10/2019,26.85097656,23.57052002,82.27561225,0,0.085815787
18/10/2019,25.04265747,23.57981262,91.61319019,7.184638023,0.153854489
19/10/2019,24.57038269,22.61771545,88.90783865,0,2.493351698
20/10/2019,27.52025757,22.71798096,75.1402777,0,0.147178769
21/10/2019,28.28490601,22.69172058,71.75156775,0,0.019490719
22/10/2019,28.73104248,23.54778442,73.63077382,0,0.135034323
23/10/2019,28.34595642,23.35341797,74.41658071,3.084139585,0.020831823
24/10/2019,23.87365112,23.16513977,95.82148149,3.084139585,2.028048038
25/10/2019,26.56800232,23.05875549,81.11222014,3.084139585,2.489715815
26/10/2019,26.09562073,23.00292358,83.12217348,4.757397652,0.198215246
27/10/2019,24.44745789,22.51539001,89.00923507,14.272192,1.96069479
28/10/2019,23.40473328,22.54992065,94.96025207,14.272192,0.106438994
29/10/2019,26.77663574,22.33458862,76.6814856,4.757397652,1.48370862
30/10/2019,27.7394043,22.92780457,75.13371189,4.757397652,0.153928995
31/10/2019,29.86855469,23.03804932,66.86748187,4.757397652,0.064209104
01/11/2019,31.48194275,20.61251221,52.59359708,0,0.001758337
02/11/2019,28.69089661,22.87442932,70.86145946,2.297235966,0.016182661
03/11/2019,27.35219727,23.45136414,79.32181813,3.44585371,0.100389123
04/11/2019,32.25138245,19.96053467,48.36620767,0,0.001654029
05/11/2019,32.00293884,21.11358032,52.66270576,0,0.005841255
06/11/2019,32.02488098,21.24225769,53.0142526,0,0.005379319
07/11/2019,31.46932373,20.6135498,52.63462546,0,0.002473593
08/11/2019,32.44396362,18.87882385,44.73170465,0,0.002294779
09/11/2019,32.38382874,18.94680176,45.07438287,0,0.002071261
10/11/2019,29.92221985,21.9278656,62.31585252,0,0.008359551
11/11/2019,31.07016907,21.91604004,58.31703866,0.069393724,0.006482005
12/11/2019,30.48925171,22.19710693,61.32238388,0.374098897,0.00500679
13/11/2019,31.0500885,23.11184082,62.77992015,0.209223837,0.08392334
14/11/2019,30.78640137,16.55603943,42.44645348,0,0.003039837
15/11/2019,33.17289124,17.18963013,38.61166387,0.144940808,0.00230968
16/11/2019,33.37546692,17.16060791,38.10623646,0,0.002086163
17/11/2019,33.479776,17.27939758,38.17040543,0,0.002205372
18/11/2019,34.09571228,16.60740051,35.34324364,0,0.002160668
19/11/2019,32.80907593,18.62833557,43.1416462,0,0.002577901
20/11/2019,34.28771362,15.55440674,32.69480941,0,0.002101064
21/11/2019,33.76409302,16.42141113,35.57877762,0,0.00217557
22/11/2019,31.85997925,19.20374451,47.17716351,0,0.002399087
23/11/2019,33.67911682,17.01722107,37.1265235,0,0.002212822
24/11/2019,33.57692871,17.67585144,38.92599394,0,0.002294779
25/11/2019,33.84888611,16.22091064,34.9614901,0,0.002160668
26/11/2019,34.65168152,14.77904663,30.48298214,0,0.00217557
27/11/2019,34.46308289,13.48134766,28.3180712,0,0.002324581
28/11/2019,33.78188477,8.144754028,20.61638503,0,0.002354383
29/11/2019,33.71148071,12.2708374,27.27740981,0,0.002205372
30/11/2019,34.20620117,9.513269043,22.08811497,0,0.002130866
01/12/2019,34.28312073,12.85352478,27.45310807,0,0.002115965
02/12/2019,32.96326599,15.96836243,36.14921353,0,0.002115965
03/12/2019,33.51842651,15.5956665,34.21706,0,0.002115965
04/12/2019,34.01093445,12.40450439,27.06276122,0,0.002086163
05/12/2019,33.68067322,12.73531494,28.17069502,0,0.002086163
06/12/2019,31.90975342,17.9633728,43.53039686,0,0.002473593
07/12/2019,34.35239563,12.31214294,26.39300767,0,0.00205636
08/12/2019,33.80819092,13.30777893,29.03811787,0,0.002071261
09/12/2019,34.23458252,12.9787384,27.75380544,0,0.002190471
10/12/2019,34.25431213,9.575646973,22.12174066,0,0.002041459
11/12/2019,34.18590698,9.06194458,21.45053473,0,0.002026558
12/12/2019,33.30976257,12.58422241,28.47711491,0,0.002086163
13/12/2019,34.13521729,10.09427795,23.05730257,0,0.001981854
14/12/2019,34.28185425,11.64168701,25.35053486,0,0.001981854
15/12/2019,34.14956055,11.89527283,25.96907786,0,0.001952052
16/12/2019,34.29252014,9.197885132,21.52032399,0,0.001952052
17/12/2019,34.96032104,9.603173828,21.31214594,0,0.001937151
18/12/2019,35.21791992,10.6993042,22.6104336,0,0.001966953
19/12/2019,34.88735352,9.761483765,21.62711984,4.665984154,0.001907349
20/12/2019,34.84098206,9.054116821,20.6741635,0,0.001892447
21/12/2019,34.30887756,10.10578308,22.85339012,4.360554695,0.001877546
22/12/2019,34.46582947,6.305093384,17.49556675,0,0.001847744
23/12/2019,33.92492065,2.717279053,14.0208924,0,0.001832843
24/12/2019,34.11434326,2.926934814,14.08210454,0,0.001832843
25/12/2019,34.69284973,5.11739502,15.90985196,0,0.001817942
26/12/2019,34.6605011,5.501977539,16.37094024,0,0.001803041
27/12/2019,34.96402893,7.270593262,18.18808511,0,0.001788139
28/12/2019,34.75188599,6.28031311,17.19089692,0,0.001773238
29/12/2019,34.53257141,2.081246948,12.95401179,0,0.001758337
30/12/2019,34.01545105,0.89574585,12.2427584,0,0.001743436
31/12/2019,33.36570129,2.756997681,14.50642863,0,0.001728535
01/01/2020,32.70321045,4.364709473,16.86624884,0,0.001728535
02/01/2020,30.25704346,3.327905273,18.01158102,0,0.001698732
03/01/2020,29.75144348,3.732080078,19.07870572,0,0.001698732
04/01/2020,31.23656616,6.098291016,20.67643411,0,0.00166893
05/01/2020,32.84325562,8.282052612,21.93204477,0,0.001683831
06/01/2020,33.93888245,10.31983337,23.66507956,0,0.001639128
07/01/2020,34.54726563,12.13668213,25.80932513,0,0.001624227
08/01/2020,35.18459473,12.93984375,26.2642247,0,0.001624227
09/01/2020,35.98139343,9.754006958,20.35181213,0,0.001624227
10/01/2020,35.18940125,13.84598694,27.85551881,0,0.001594424
11/01/2020,33.12716064,18.79158936,42.8133801,4.19310379,0.004827976
12/01/2020,34.60660706,15.67878113,32.37826602,0,0.001683831
13/01/2020,36.31394348,10.72026978,21.31837749,0,0.001579523
14/01/2020,36.36924133,8.056832886,17.76400352,0,0.001549721
15/01/2020,36.36837158,8.12482605,17.84724483,0,0.001519918
16/01/2020,35.43566284,7.050973511,17.45588358,0,0.001519918
17/01/2020,34.84957275,4.180978394,14.77159041,0,0.001490116
18/01/2020,34.14324341,5.45194397,16.78934049,0,0.001519918
19/01/2020,33.79229126,6.295388794,18.15132507,0,0.001460314
20/01/2020,35.24263916,7.808877563,18.58172605,0,0.001490116
21/01/2020,35.74196777,9.086831665,19.71543434,0,0.001460314
22/01/2020,36.0806366,8.92069397,19.13625707,0,0.00141561
23/01/2020,35.89823303,3.775567627,13.54970192,0,0.001430511
24/01/2020,34.56003723,-1.505987549,9.968507318,0,0.001400709
25/01/2020,33.948526,-2.414862061,9.642335474,0,0.001385808
26/01/2020,34.52298889,-0.196600342,10.99528972,0,0.001400709
27/01/2020,35.375177,1.53737793,11.89161767,0,0.001370907
28/01/2020,35.84920654,2.941873169,12.80793246,0,0.001356006
29/01/2020,36.2100769,0.617456055,10.62925384,0,0.001356006
30/01/2020,36.0790802,-2.876242065,8.281937919,0,0.001326203
31/01/2020,35.1004425,-1.590185547,9.614924808,0,0.001311302
01/02/2020,34.84829102,0.628503418,11.46599144,0,0.001311302
02/02/2020,34.44169006,-0.410864258,10.8736676,0,0.001296401
03/02/2020,35.06655273,-0.066000366,10.77139141,0,0.001266599
04/02/2020,35.05446777,1.57253418,12.13455304,0,0.001251698
05/02/2020,34.71877441,3.391564941,14.07338721,0,0.001236796
06/02/2020,35.31174622,4.682168579,14.91438702,0,0.001236796
07/02/2020,36.16021118,4.023355103,13.59155382,0,0.001221895
08/02/2020,36.76192627,4.66791687,13.76023266,0,0.001221895
09/02/2020,37.19313965,4.944497681,13.70319768,0,0.001192093
10/02/2020,36.30089722,5.756677246,15.22361217,0,0.001177192
11/02/2020,35.75936279,2.805322266,12.74704944,0,0.001177192
12/02/2020,35.61138306,0.686349487,11.03935304,0,0.001162291
13/02/2020,35.87783203,1.801644897,11.78872824,0,0.001147389
14/02/2020,36.76133118,2.253488159,11.60122878,0,0.001117587
15/02/2020,37.33001099,2.089685059,11.11661433,0,0.001117587
16/02/2020,37.81881104,2.644219971,11.26265527,0,0.001072884
17/02/2020,37.98116455,4.302850342,12.55301724,0,0.001102686
18/02/2020,37.60238037,10.32018433,19.34960784,0,0.001072884
19/02/2020,37.77881775,7.231729126,15.55029349,0,0.001072884
20/02/2020,38.30014954,7.920159912,15.846485,0,0.001072884
21/02/2020,39.12093506,5.426248169,12.76979642,0,0.00102818
22/02/2020,38.73252258,9.280084229,16.97642838,0,0.001013279
23/02/2020,38.18651733,3.03196106,11.34940755,0,0.00102818
24/02/2020,37.74103699,2.174584961,10.93763425,0,0.000998
25/02/2020,37.43737183,3.261651611,12.01325752,0,0.000983
26/02/2020,37.70177612,6.809381104,15.16904812,0,0.000969
27/02/2020,37.84282837,14.52973328,25.18618098,0,0.001072884
28/02/2020,37.87667236,15.47307739,26.71422629,0,0.001639128
29/02/2020,39.4868103,10.89551697,18.16581003,0,0.000939
01/03/2020,37.89255676,14.2714325,24.70226779,0,0.000954
02/03/2020,31.85204468,21.46952209,54.28528885,2.511784077,0.031784177
03/03/2020,35.47528992,15.86199341,31.22479993,5.023568153,0.000939
04/03/2020,37.54084167,16.67229614,29.36926132,0,0.001132488
05/03/2020,38.43058167,14.60015259,24.51033621,0,0.000924
06/03/2020,36.45771179,17.8288208,33.51831768,0,0.004291534
07/03/2020,36.15970764,17.70705566,33.80929243,0,0.010430813
08/03/2020,36.95635376,18.01120911,32.99477581,0,0.005066395
09/03/2020,38.27596436,15.14716492,25.60240859,0,0.000864
10/03/2020,37.81578979,15.61597595,27.04906205,0.959410191,0.000924
11/03/2020,36.26140747,18.69364319,35.76967555,5.180510998,0.01475215
12/03/2020,35.5415741,18.55585632,36.89229744,7.770766735,0.000849
13/03/2020,36.26506958,18.33168945,34.96098299,0,0.001996756
14/03/2020,36.02671204,16.13114319,30.81786432,0,0.000983
15/03/2020,37.73227844,12.09253845,21.61199487,0,0.000805
16/03/2020,38.71393738,10.55875549,18.51472104,0,0.000805
17/03/2020,38.34932861,13.39388428,22.76431272,0,0.00082
18/03/2020,38.21219788,15.26177368,25.88063473,2.651984215,0.00079
19/03/2020,37.50492249,16.41594849,28.95068664,3.977976561,0.00079
20/03/2020,36.43578491,18.69417725,35.43112538,1.325992107,0.000924
21/03/2020,37.69147644,17.85532532,31.39336681,0,0.000924
22/03/2020,36.92144165,17.57311401,32.15798705,0,0.001132488
23/03/2020,35.67130432,19.47805176,38.79881711,3.699733973,0.004455447
24/03/2020,32.53164063,19.56166992,46.44521471,3.699733973,0.003695488
25/03/2020,29.9762207,21.5438324,60.68290891,1.849866986,0.015556812
26/03/2020,35.78421936,17.95328674,35.05241792,3.195669889,0.002279878
27/03/2020,38.19909058,14.45656738,24.58914045,6.391339779,0.000775
28/03/2020,37.77066956,15.5440155,26.99047792,0,0.000715
29/03/2020,37.66689453,15.15976868,26.48127241,3.195669889,0.0007
30/03/2020,37.06307373,16.65484009,30.10842832,0,0.000775
31/03/2020,38.60404358,16.40528259,27.26232599,3.195669889,0.00073
01/04/2020,38.83144531,16.45780334,27.02106301,0,0.000834
02/04/2020,37.47788391,16.11919556,28.44996009,0,0.000685
03/04/2020,38.30840454,17.8618103,30.37578772,4.947412968,0.001959503
04/04/2020,35.85764465,19.9024292,39.42821739,24.73706627,0.001274049
05/04/2020,38.70227966,16.37960205,27.07426777,0,0.000656
06/04/2020,36.9588562,19.04967651,35.2067521,0,0.001221895
07/04/2020,37.65459595,17.68126831,31.11318246,6.868218899,0.00079
08/04/2020,36.13694153,18.91730652,36.52125643,3.434109449,0.001296401
09/04/2020,35.74239502,19.99846802,39.91538199,6.868218899,0.045657158
10/04/2020,35.77155457,18.28861389,35.82352687,0,0.00718236
11/04/2020,36.11757813,15.98911438,30.38788676,0,0.00073
12/04/2020,36.89682922,15.66773376,28.52815805,0,0.000626
13/04/2020,35.66718445,18.51426086,36.54288437,0,0.000745
14/04/2020,37.30350647,17.17110596,30.70624512,0,0.001132488
15/04/2020,38.1375061,16.61109314,28.32537629,0,0.000596
16/04/2020,39.41677246,13.70153198,21.93052356,3.147752523,0.000626
17/04/2020,37.60056458,17.74335632,31.32679601,9.443256378,0.000805
18/04/2020,36.07438049,17.45545349,33.43293282,0,0.001013279
19/04/2020,36.53081665,17.87706909,33.48617597,3.147752523,0.001609325
20/04/2020,35.6958252,18.52156982,36.50207429,0,0.001072884
21/04/2020,37.32462463,18.62583313,33.61122679,8.973919868,0.001400709
22/04/2020,35.51844177,20.55747375,41.82993065,13.46088028,0.004529953
23/04/2020,35.09380493,20.62383423,42.99649205,4.486959934,0.001996756
24/04/2020,36.73954163,18.55874023,34.55394571,0,0.001266599
25/04/2020,34.19178162,20.93850098,46.08401759,4.486959934,0.001564622
26/04/2020,33.49369202,20.29560242,46.0520882,4.678943157,0.00295043
27/04/2020,33.48226318,20.55471191,46.82412683,0,0.013619661
28/04/2020,35.71685181,19.90255127,39.73475379,0,0.000983
29/04/2020,33.94112549,19.53382263,42.84636502,2.339471579,0.000656
30/04/2020,34.49067078,20.18146667,43.25906543,2.339471579,0.003278255
01/05/2020,36.06589661,18.89737854,36.61820215,0,0.000775
02/05/2020,35.1594635,20.4837738,42.4726346,0,0.001728535
03/05/2020,33.14937744,21.13355408,49.43334546,10.01632881,0.010967255
04/05/2020,34.16182861,20.25180969,44.24841442,0,0.010967255
05/05/2020,34.97539673,19.6753479,40.81360151,0,0.000477
06/05/2020,36.14611206,19.76995239,38.49173267,0,0.006705523
07/05/2020,36.06133423,18.44324646,35.60160572,0,0.000596
08/05/2020,34.66852722,19.33088074,40.6334813,0,0.000477
09/05/2020,36.47365723,18.61087952,35.17405866,0,0.001013279
10/05/2020,31.06492004,22.22719727,59.45073896,3.568049669,0.031650066
11/05/2020,32.22902832,19.98066101,48.48761971,0,0.003442168
12/05/2020,34.09923706,19.56600342,42.55586631,0,0.000447
13/05/2020,34.86792908,19.57485352,40.80152958,19.61166382,0.000894
14/05/2020,37.08460388,18.95513306,34.76084594,0,0.0007
15/05/2020,31.89185486,21.4462677,54.08615056,0,0.009268522
16/05/2020,36.22202454,19.45258484,37.58400446,0,0.001713634
17/05/2020,35.19884644,20.6463562,42.80720237,10.81679821,0.000939
18/05/2020,32.33576355,23.03766785,58.10972361,5.408399105,0.005632639
19/05/2020,33.61974487,21.76059875,50.03382982,5.408399105,0.03182888
20/05/2020,33.11623535,20.25797424,46.92606571,0,0.001043081
21/05/2020,35.04882202,19.68984375,40.6849011,4.552355766,0.002354383
22/05/2020,31.45748291,22.23818359,58.17821283,9.2230196,0.009298325
23/05/2020,32.55922852,21.51041565,52.29256977,0.812301397,0.003799796
24/05/2020,33.0666748,21.41469727,50.52624475,8.879482269,0.02168119
25/05/2020,30.94609985,21.78385315,58.25855388,2.314842463,0.013381243
26/05/2020,33.3338562,21.76586304,50.8561147,11.0510664,0.069528818
27/05/2020,31.86956177,22.57084045,57.99630667,11.0510664,0.010713935
28/05/2020,32.71297607,22.46474609,54.94764383,7.367377758,0.008523464
29/05/2020,33.3469635,21.34687195,49.53310347,3.683688879,0.001341105
30/05/2020,26.07952271,22.83402405,82.355095,3.683688879,0.029787421
31/05/2020,32.93496094,21.06456909,49.81989033,7.367377758,0.000924
01/06/2020,31.17518005,22.25882874,59.19285457,8.675468445,0.003576279
02/06/2020,31.09446106,20.60904846,53.7526729,4.4938941,0.034600496
03/06/2020,32.65393982,20.91692505,50.15567354,1.388587356,0.000745
04/06/2020,28.50313721,22.93857727,71.91557254,7.914909363,0.01502037
05/06/2020,32.17902527,21.40578613,53.08404131,6.510392666,0.005543232
06/06/2020,32.99654541,20.62076721,48.31130133,26.64037132,0.008046627
07/06/2020,32.80608521,20.39676819,48.16078212,0,0.004217029
08/06/2020,34.3048645,20.85074768,45.54891407,0,0.007241964
09/06/2020,29.25274048,20.56742249,59.58056922,39.96055984,0.013738871
10/06/2020,30.86202393,20.28080139,53.37695398,0,0.012367964
11/06/2020,32.56443176,19.80161438,47.05504251,17.02951431,0.013411045
12/06/2020,30.6039978,21.47481689,58.29460904,9.055509567,0.033378601
13/06/2020,30.50010071,20.22770081,54.31238144,4.760751724,0.000983
14/06/2020,32.46749268,19.42199097,46.21036779,2.031864882,0.000536
15/06/2020,31.70760498,20.44666443,51.39699267,0.774137199,0.001519918
16/06/2020,31.0940033,21.72910461,57.57731255,0,0.001981854
17/06/2020,27.58751831,22.790979,75.17741005,7.472390175,0.065565109
18/06/2020,26.52822266,22.9487854,80.76341969,7.472390175,0.034809113
19/06/2020,27.8063446,22.44751892,72.6930274,0,0.069409609
20/06/2020,31.22670898,22.13240967,58.56737497,3.736195087,0.00153482
21/06/2020,29.59121094,21.35169373,61.31472206,4.485296249,0.00205636
22/06/2020,30.06678162,21.13712463,58.88300273,0,0.003546476
23/06/2020,29.08524475,22.57668457,68.02474316,0,0.046789646
24/06/2020,31.82053528,20.44161377,51.05356205,0,0.001132488
25/06/2020,31.87706909,21.11403809,53.04027697,8.970592499,0.001206994
26/06/2020,31.70221863,21.53417358,54.96461472,13.27279854,0.002905726
27/06/2020,30.92067871,21.39724121,56.97996281,0,0.017717481
28/06/2020,25.80191956,22.95931396,84.35566402,0,0.037223101
29/06/2020,26.09880981,21.94950256,77.95645152,6.636399269,0.030428171
30/06/2020,27.19074402,22.27234802,74.55804012,6.636399269,0.015705824
01/07/2020,30.59154663,20.19953308,53.93543442,0,0.001370907
02/07/2020,31.88515625,21.3035675,53.63581899,0,0.002592802
03/07/2020,30.12610779,20.6760498,57.0432826,0,0.003159046
04/07/2020,27.63045654,20.63207397,65.72366285,27.1659584,0.028178096
05/07/2020,28.79755554,21.37539063,64.28134718,0,0.010102987
06/07/2020,30.43355713,21.44460449,58.75631793,4.724684715,0.006958842
07/07/2020,25.24295959,21.94962463,82.01294885,14.1740551,0.055164099
08/07/2020,28.02337036,21.43135986,67.46676878,4.724684715,0.030562282
09/07/2020,26.70240173,21.42385254,72.8542785,0,0.019237399
10/07/2020,27.58887634,21.78873596,70.72642606,4.724684715,0.007256866
11/07/2020,25.03624878,23.39708862,90.64459677,0,0.081434846
12/07/2020,27.38271484,23.50386963,79.4312557,10.38833809,0.101953745
13/07/2020,27.52253113,21.18760071,68.43675125,0,0.033050776
14/07/2020,26.94243774,21.7096344,73.10065173,0,0.039517879
15/07/2020,25.71151123,22.4807373,82.38369264,0,0.11049211
16/07/2020,27.31427917,21.735849,71.63936934,35.06459045,0.080540776
17/07/2020,27.73754272,21.22484741,67.73750209,0.993069291,0.038146973
18/07/2020,28.70679626,20.92945251,62.87602743,3.362285376,0.004202127
19/07/2020,28.25519714,21.70450745,67.68437969,3.115179062,0.042915344
20/07/2020,27.45614014,22.5863739,74.82282693,4.207182884,0.056684017
21/07/2020,26.35787354,21.70588074,75.64064434,0,2.009138465
22/07/2020,29.43493042,20.94414673,60.34100618,5.491004944,0.01104176
23/07/2020,29.41011963,21.87261353,63.96218219,0,0.029534101
24/07/2020,28.43792114,21.13407288,64.67137766,0,0.001698732
25/07/2020,28.94014893,20.73552856,61.29722886,0,0.001817942
26/07/2020,27.31244812,21.34369812,69.94887623,0,0.007808208
27/07/2020,29.07245789,20.2307373,58.96581868,0,0.004887581
28/07/2020,27.9447876,21.84633789,69.51728655,0,0.004291534
29/07/2020,29.64898071,20.81920776,59.14611652,0,0.000924
30/07/2020,29.8428894,20.95372925,58.97642385,0,0.007748604
31/07/2020,22.78415833,22.28907166,97.03952313,19.49642563,0.184327364
01/08/2020,29.31673584,20.09305725,57.64766858,0,0.007763505
02/08/2020,29.02488098,20.49016724,60.08263801,0,0.001043081
03/08/2020,29.2318512,18.49120483,52.43304969,0,0.003352761
04/08/2020,31.52523193,17.08664856,42.09389982,0,0.000373
05/08/2020,28.94051514,19.13771973,55.52064187,0,0.00230968
06/08/2020,27.40821228,17.43311462,54.53902353,0,0.011369586
07/08/2020,26.8794342,19.26630554,63.10851624,0,0.002369285
08/08/2020,29.97210083,15.51629028,41.61347727,0,0.000328
09/08/2020,30.0705658,17.47142944,46.86048817,0,0.000373
10/08/2020,29.39292297,18.84513245,53.11123006,0,0.002712011
11/08/2020,28.63440857,17.44751892,50.82767342,0,0.001847744
12/08/2020,32.14899597,16.59485779,39.38586462,0,0.000358
13/08/2020,30.82067261,19.35485229,50.5183042,0,0.001132488
14/08/2020,22.92997131,22.68692932,98.53859807,15.97319984,0.179365277
15/08/2020,29.0445343,19.21956787,55.47000784,0,0.004082918
16/08/2020,29.51551208,19.44457397,54.74484576,0,0.000894
17/08/2020,31.56228027,20.50473938,52.00791245,0,0.000924
18/08/2020,28.28061829,20.83356628,64.07102792,0,0.00372529
19/08/2020,30.04325256,20.29615173,55.98767245,0,0.003278255
20/08/2020,29.67113647,21.84415588,62.89914905,0,0.007599592
21/08/2020,26.47796021,22.18358765,77.32728807,15.32367897,0.06493926
22/08/2020,29.40429077,20.31226501,58.13988792,0,0.005945563
23/08/2020,29.35038147,18.95273743,53.60050143,0,0.000879
24/08/2020,27.7328125,19.1055542,59.43550515,0,0.01424551
25/08/2020,28.01455078,18.7676178,57.24718526,7.661839485,0.006973743
26/08/2020,25.72094116,21.70064697,78.51692916,0,0.031456351
27/08/2020,27.90958557,21.52944336,68.32422755,15.94439697,0.008702278
28/08/2020,27.1715332,20.301828,66.15047933,0,0.013396144
29/08/2020,28.4420105,20.81343994,63.39485385,0,0.017881393
30/08/2020,27.90169678,20.82393799,65.46056841,0,0.002756715
31/08/2020,27.51436768,21.19819031,68.51389169,15.94439697,0.04042685
01/09/2020,24.44971619,23.36638794,93.70021401,11.78025913,0.200852752
02/09/2020,27.66782532,21.90422974,70.89907437,0,0.063896179
03/09/2020,29.51026306,21.01653442,60.34758602,23.56051826,0.006258488
04/09/2020,28.18026123,22.55533752,71.59456284,23.56051826,0.087946653
05/09/2020,26.1254364,22.28516541,79.4413004,0,0.365883112
06/09/2020,26.58950195,20.74715576,70.35573282,0,0.056564808
07/09/2020,29.59324036,21.67389832,62.52810387,0,0.004917383
08/09/2020,29.03727112,22.27326355,66.96761005,5.73222971,0.021249056
09/09/2020,22.9034668,22.18718872,95.74561889,11.46445942,69.02176142
10/09/2020,26.15647278,21.98702393,77.86935863,0,0.0205338
11/09/2020,26.33126221,21.55129395,75.04691008,0,0.001445413
12/09/2020,29.16309509,21.69994507,64.19946816,4.225743771,0.007346272
13/09/2020,25.70174561,21.78270874,79.00121632,0,0.102773309
14/09/2020,28.53598938,23.25213013,73.15193341,4.225743771,0.021308661
15/09/2020,29.64934692,21.38024292,61.21697952,12.67723083,0.003114343
16/09/2020,26.91338501,22.54625854,77.05242813,31.29381371,0.104755163
17/09/2020,29.34090576,21.18103943,61.55762285,3.829788208,0.010922551
18/09/2020,29.43860779,22.39246521,65.91093622,2.565063,0.059232116
19/09/2020,30.61416016,23.1945282,64.68178363,4.852878571,0.065028667
20/09/2020,25.81815491,22.03075562,79.65453991,3.713363886,0.012367964
21/09/2020,29.4777771,21.33582458,61.65638829,0,0.132322311
22/09/2020,26.42145691,22.42974243,78.75515628,22.316082,0.140279531
23/09/2020,28.9959198,22.08028564,66.34392174,0,0.067636371
24/09/2020,28.15252075,21.30065308,66.4277154,44.632164,0.00082
25/09/2020,29.07242737,21.5006958,63.75501431,0,0.003099442
26/09/2020,25.45096741,22.38811646,83.19704429,6.280217648,0.089883804
27/09/2020,26.83179626,21.2566925,71.56570135,0,0.001952052
28/09/2020,29.64612732,21.88952026,63.16426084,6.280217648,0.380754471
29/09/2020,28.06922302,22.12810669,70.21110093,6.280217648,2.380356193
30/09/2020,24.10740051,23.19396362,94.6510267,25.12087059,0.605911016
01/10/2020,28.93311462,21.03641663,62.46707107,0,0.01502037
02/10/2020,29.71051941,22.22683105,64.2374756,0,0.684723258
03/10/2020,27.16686401,22.49047241,75.65874031,0,0.016748905
04/10/2020,29.84580383,22.59032593,65.16354652,5.510430336,0.034302473
05/10/2020,28.66787109,23.17081604,72.23929357,5.510430336,0.021249056
06/10/2020,26.50591431,23.43802795,83.29472602,14.01328659,0.185787678
07/10/2020,27.37287292,21.69254456,71.20555654,9.342190742,0.004202127
08/10/2020,27.10639343,22.05115662,73.92534825,4.671095371,0.031203032
09/10/2020,27.13915405,22.52678833,75.94896571,4.671095371,0.04696846
10/10/2020,23.97770081,21.93087158,88.35157319,4.671095371,0.072941184
11/10/2020,30.07485352,21.64833984,60.72743678,0,0.056505203
12/10/2020,31.29694519,21.04094849,54.56800886,2.812294006,0.000775
13/10/2020,30.8038269,21.41504822,57.42325472,2.812294006,0.003099442
14/10/2020,29.2656189,21.9788147,64.91627092,2.812294006,0.007733703
15/10/2020,29.23156128,21.71192322,63.99314152,0,0.003427267
16/10/2020,30.92458496,21.76914368,58.27762744,2.967694521,0.006973743
17/10/2020,30.65749512,22.35485229,61.32150079,0,0.009804964
18/10/2020,30.6242157,21.43007813,58.06812118,0,0.003516674
19/10/2020,30.93505249,22.03518066,59.19574459,2.967694521,0.030726194
20/10/2020,32.0066925,21.5629364,54.12113348,2.967694521,0.013008714
21/10/2020,32.08309326,19.97854004,48.88224669,0,0.000596
22/10/2020,32.63134155,19.00426636,44.61034024,5.435301304,0.000492
23/10/2020,32.88710938,18.31136475,42.10851519,0,0.000611
24/10/2020,32.57836304,18.33831177,42.91804636,0,0.000536
25/10/2020,30.8677002,19.68117676,51.4150844,10.87060261,0.002086163
26/10/2020,32.37774048,17.65697632,41.58536767,1.468515992,0.000536
27/10/2020,32.92096863,16.41277466,37.2768389,0.4163073,0.000462
28/10/2020,32.70591125,15.9662262,36.67047152,0.120278575,0.000507
29/10/2020,32.49302063,15.80788574,36.73852491,0.14582786,0.000566
30/10/2020,34.07097778,14.59601746,31.1122862,0.188789576,0.000536
31/10/2020,33.98592529,14.24215088,30.55260564,0.147043616,0.000507
01/11/2020,33.94327698,12.95194397,28.15792097,0,0.000536
02/11/2020,32.39046631,16.34401855,38.23786721,0,0.0007
03/11/2020,34.04934082,14.51807556,30.9933097,0,0.000492
04/11/2020,33.6269165,15.36498413,33.51086015,1.980195165,0.000507
05/11/2020,34.46601257,14.1536499,29.57796174,0,0.000477
06/11/2020,34.92455444,10.55333862,22.75729263,0,0.000492
07/11/2020,33.489328,12.98096619,28.93511731,0,0.000596
08/11/2020,33.5992981,11.80620728,26.6208023,0,0.000492
09/11/2020,34.11860046,13.48876343,28.87923205,0,0.000447
10/11/2020,32.32138977,16.97786865,39.96464513,0,0.000492
11/11/2020,33.2199646,16.15926514,36.06972101,0,0.000492
12/11/2020,33.93792114,10.99570618,24.75691035,0,0.00076
13/11/2020,34.20009766,11.09177551,24.55457086,0,0.000462
14/11/2020,34.6894928,11.69469604,24.87065798,0,0.000447
15/11/2020,35.16199646,11.4838501,23.89358107,0,0.000447
16/11/2020,34.59269104,9.16791687,21.1220493,0,0.000477
17/11/2020,34.03174744,13.28893433,28.6434527,0,0.000611
18/11/2020,34.00420532,9.11423645,21.74512331,0,0.000447
19/11/2020,33.71080933,8.831704712,21.6856741,0,0.000447
20/11/2020,33.76011047,11.33016357,25.56486097,0,0.000462
21/11/2020,34.33403931,12.0133606,25.90517437,0,0.000432
22/11/2020,35.02987061,10.98526917,23.28544236,0,0.000432
23/11/2020,34.93227539,12.33477173,25.59642347,0,0.000432
24/11/2020,34.25872192,13.38674316,28.4651781,0,0.000462
25/11/2020,34.35306702,12.96016846,27.53822725,0,0.000432
26/11/2020,34.20479736,13.64621887,29.03733111,0,0.000432
27/11/2020,32.92943726,18.18044434,41.66486239,0,0.001907349
28/11/2020,32.66599426,18.30918274,42.62906746,0,0.000864
29/11/2020,34.64627991,13.22762451,27.57174413,0,0.000462
30/11/2020,35.67714844,4.982156372,14.92701957,0,0.000417
01/12/2020,35.55025635,8.278009033,18.86231282,0,0.000507
02/12/2020,35.09440002,9.568963623,21.10622169,0,0.000477
03/12/2020,35.35210571,10.76035461,22.53517437,0,0.000432
04/12/2020,35.1262146,11.32116089,23.68415347,0,0.000432
05/12/2020,35.02047119,13.26116333,27.06588161,0,0.000402
06/12/2020,36.09537659,10.49959717,21.2600341,0,0.000417
07/12/2020,35.1565033,12.60967407,25.74194825,0,0.000507
08/12/2020,36.18065796,10.60314331,21.30756974,5.99969244,0.000387
09/12/2020,34.93830261,13.58472595,27.76872055,2.99984622,0.000447
10/12/2020,35.2401825,11.8339325,24.34782181,0,0.000507
11/12/2020,35.63077698,11.15975342,22.78922315,0,0.000656
12/12/2020,35.24862061,12.12703857,24.81149722,0,0.000417
13/12/2020,34.7290741,13.85318909,28.58692017,0,0.000447
14/12/2020,35.48339233,12.38613281,24.91363868,0,0.000387
15/12/2020,34.60112915,13.65574036,28.42303693,0,0.000402
16/12/2020,35.54734192,9.71277771,20.78553723,0,0.000477
17/12/2020,35.40297852,3.792825317,13.94086049,0,0.000402
18/12/2020,35.04833374,8.39989624,19.55293071,0,0.000373
19/12/2020,35.09108887,11.2700592,23.64986314,0,0.000373
20/12/2020,34.91289673,12.13829956,25.29466715,0,0.000373
21/12/2020,35.5181366,11.17849121,22.95948448,0,0.000373
22/12/2020,35.36644897,11.53946838,23.71276159,0,0.000387
23/12/2020,35.48058472,11.74924622,23.8932688,0,0.000387
24/12/2020,35.10469971,12.88289795,26.28218223,0,0.000343
25/12/2020,35.6447998,6.070199585,16.12827775,0,0.000358
26/12/2020,34.79039917,2.945352173,13.5813256,0,0.000358
27/12/2020,34.74013672,4.900582886,15.62990656,0,0.000343
28/12/2020,35.19230042,6.671960449,17.23671414,0,0.000358
29/12/2020,35.34430847,6.883950806,17.34387939,0,0.000343
30/12/2020,35.66732178,7.232049561,17.4500748,0,0.000343
31/12/2020,35.96419678,7.544671631,17.53908498,0,0.000343
01/01/2021,36.48356018,8.595758057,18.31149078,0,0.000343
02/01/2021,35.97635803,12.73970947,24.8168793,0,0.000343
03/01/2021,35.3048645,15.15702209,30.12638555,0,0.000387
04/01/2021,36.94736633,9.270791626,18.68723993,0,0.000328
05/01/2021,36.8467041,8.944985962,18.38136086,0,0.000343
06/01/2021,36.90419922,9.337503052,18.81565126,0,0.000343
07/01/2021,36.78284607,6.828057861,15.96669802,0,0.000358
08/01/2021,36.15198669,9.937203979,20.41165435,0,0.000477
09/01/2021,36.08103333,9.145257568,19.42827586,0,0.000447
10/01/2021,35.79154358,10.50249634,21.62175019,0,0.000328
11/01/2021,35.49241028,9.560174561,20.63576732,0,0.000328
12/01/2021,35.95868835,5.7900177,15.54778717,0,0.000358
13/01/2021,35.88765869,2.503442383,12.38845457,0,0.000328
14/01/2021,35.49649963,6.945932007,17.27245188,0,0.000313
15/01/2021,35.50568542,5.299890137,15.40608039,0,0.000328
16/01/2021,35.21914063,4.744393921,15.05618144,0,0.000328
17/01/2021,35.7603241,6.636026001,16.66451524,0,0.000298
18/01/2021,35.94870911,10.1609436,20.95216678,0,0.000283
19/01/2021,35.78821716,2.679055786,12.61306904,0,0.000298
20/01/2021,35.43372498,2.95067749,13.11223789,0,0.000298
21/01/2021,35.81495056,3.391519165,13.24757185,0,0.000283
22/01/2021,35.19507751,2.781381226,13.12707916,0,0.000268
23/01/2021,35.21994934,1.743585205,12.17270777,0,0.000268
24/01/2021,36.41706238,3.654260254,13.05762707,0,0.000283
25/01/2021,36.37589417,1.94677124,11.5911168,0,0.000268
26/01/2021,36.49054871,2.415658569,11.91113481,0,0.000268
27/01/2021,36.82010803,0.129434204,9.923045701,0,0.000268
28/01/2021,36.52027283,9.896051025,19.94920639,0,0.000283
29/01/2021,36.74831543,5.596810913,14.69189275,0,0.000283
30/01/2021,36.69805298,-0.088934326,9.831879626,0,0.000268
31/01/2021,36.64074097,3.243997192,12.53016379,0,0.000268
01/02/2021,36.71300659,5.816552734,14.94643306,0,0.000283
02/02/2021,37.00705872,5.225061035,14.11627085,0,0.000298
03/02/2021,36.84159241,10.20241699,20.00872801,0,0.000343
04/02/2021,37.59884033,1.793466187,10.72565216,0,0.000268
05/02/2021,37.16677246,10.06055603,19.47168336,0,0.000268
06/02/2021,37.48835144,7.69022522,16.30044546,0,0.000313
07/02/2021,37.68531189,7.101785278,15.49062332,0,0.000268
08/02/2021,37.64537964,5.398477173,13.80066669,0,0.000268
09/02/2021,37.39519653,-0.069219971,9.479266382,0,0.000268
10/02/2021,37.28504333,9.712945557,18.90100473,0,0.000253
11/02/2021,37.35393677,12.15757141,22.15489444,0,0.000253
12/02/2021,37.64812622,9.923226929,18.79550413,0,0.000238
13/02/2021,37.83399353,7.886178589,16.21319681,0,0.000253
14/02/2021,37.20499573,11.80304871,21.81883642,0,0.000507
15/02/2021,37.91303406,10.22747192,18.90914595,0,0.000283
16/02/2021,37.73256836,11.58751831,20.90292693,0,0.000328
17/02/2021,37.41213379,-1.243933105,8.690403123,0,0.000253
18/02/2021,35.11602173,-1.951116943,9.353888987,0,0.000224
19/02/2021,33.37426147,-5.365133667,7.974750411,0,0.000238
20/02/2021,35.31060181,-3.15328064,8.462555226,0,0.000209
21/02/2021,35.9657074,-1.555090332,9.191394631,0,0.000209
22/02/2021,36.26758728,-0.934011841,9.463069534,0,0.000224
23/02/2021,36.58530579,7.449319458,16.84242361,0,0.000224
24/02/2021,36.62555847,10.19494019,20.23589705,0,0.000224
25/02/2021,37.74866638,5.761865234,14.07450052,0,0.000224
26/02/2021,37.24996338,8.108850098,16.99088251,0,0.000253
27/02/2021,37.46767578,7.055963135,15.62535546,0,0.000224
28/02/2021,38.30388794,6.97940979,14.85572366,0,0.000194
01/03/2021,38.5510498,6.62331543,14.30444677,0,0.000209
02/03/2021,38.98945007,0.396875,8.997036863,0,0.000224
03/03/2021,39.02512512,3.692910767,11.36781316,0,0.000224
04/03/2021,38.42305908,9.066781616,17.01507644,0,0.000209
05/03/2021,38.35050354,10.13753662,18.35671571,0,0.000224
06/03/2021,38.77922974,11.12270508,19.15549363,0,0.000194
07/03/2021,38.75873718,11.96138916,20.27113104,2.065914869,0.000224
08/03/2021,38.66402588,11.34021912,19.55474571,0,0.000209
09/03/2021,38.60276184,12.00995789,20.50755115,0,0.000209
10/03/2021,37.34465942,14.97692261,26.63321821,4.131829739,0.000209
11/03/2021,35.2209259,18.05903015,36.39793674,4.428889751,0.001594424
12/03/2021,36.2007843,18.85608826,36.25485609,6.643334866,0.025063753
13/03/2021,35.2764679,15.08419189,30.03259104,4.428889751,0.000343
14/03/2021,35.75441895,13.51078186,26.41947702,2.214444876,0.000224
15/03/2021,36.77842102,14.56534729,26.74751167,0,0.000224
16/03/2021,36.18924866,17.72763977,33.79842008,0,0.00628829
17/03/2021,30.49234924,21.54740295,58.92870431,0,0.020116568
18/03/2021,33.88517151,19.09743652,41.82860475,17.33256721,0.000834
19/03/2021,33.92063293,18.08710632,39.18805587,0,0.014230609
20/03/2021,31.53330383,19.78804932,49.83532269,8.666283607,0.002354383
21/03/2021,34.76604614,19.30617676,40.3525207,2.975139856,0.001519918
22/03/2021,36.53728638,17.97817383,33.68793714,0,0.000417
23/03/2021,35.12526855,17.47271118,35.26387152,2.975139856,0.000313
24/03/2021,34.07953796,18.21557007,39.15750642,2.975139856,0.002592802
25/03/2021,34.42408142,17.80722961,37.44117939,0,0.000283
26/03/2021,37.15044556,14.59664307,26.26387552,0,0.000194
27/03/2021,36.93822632,14.09227905,25.71588915,0,0.000253
28/03/2021,37.56255493,3.995523071,12.56643887,0,0.000238
29/03/2021,38.42038879,4.376535034,12.32238214,0,0.000179
30/03/2021,37.76107178,10.83298645,19.85140563,0,0.000194
31/03/2021,38.54544983,6.247888184,13.94294077,0,0.000179
01/04/2021,38.65937195,6.062997437,13.68165869,0,0.000313
02/04/2021,38.52634583,4.709191895,12.54116439,0,0.000283
03/04/2021,38.51990662,7.096109009,14.80182096,0,0.000313
04/04/2021,38.43831787,11.87497864,20.50660412,0,0.000238
05/04/2021,38.56585083,11.59130249,19.98796719,0,0.000194
06/04/2021,39.05370483,10.7579895,18.42284278,3.278566837,0.000164
07/04/2021,38.90450439,12.90096436,21.39387587,0,0.000209
08/04/2021,39.58468018,13.28939209,21.15857427,6.557133675,0.000179
09/04/2021,34.22098694,19.02214966,40.86178165,13.11426735,0.00475347
10/04/2021,38.01969299,14.20577393,24.42886671,6.557133675,0.000149
11/04/2021,36.86179504,17.83199463,32.79341519,14.91954327,0.001892447
12/04/2021,38.317453,14.95444641,25.23029624,0,0.000536
13/04/2021,36.78051147,15.89351807,29.12745581,7.459771633,0.000462
14/04/2021,37.80074463,13.77121887,24.0325626,0,0.000164
15/04/2021,37.59778748,15.91994629,27.90809183,14.91954327,0.000939
16/04/2021,37.40081177,15.61647949,27.66553886,0,0.00073
17/04/2021,34.88526306,19.48819885,40.54355727,0,0.004783273
18/04/2021,36.25283203,16.88764343,31.93898124,12.81952953,0.000298
19/04/2021,37.31327209,16.13892517,28.74160953,0,0.000387
20/04/2021,36.82161865,18.12336121,33.47309238,0,0.000283
21/04/2021,37.17037354,18.89141235,34.46163214,2.59741044,0.001251698
22/04/2021,35.2918335,18.5389801,37.36398943,10.38964176,0.001177192
23/04/2021,36.70638428,17.2489563,31.87793715,0,0.00692904
24/04/2021,36.93755493,18.31374512,33.66207358,5.194820881,0.003948808
25/04/2021,37.53051147,18.45090637,32.87551998,5.194820881,0.002518296
26/04/2021,36.85382996,18.40239868,34.00454477,1.773311019,0.000238
27/04/2021,36.73046265,17.79598389,32.95438115,1.773311019,0.001221895
28/04/2021,35.82219849,18.55259094,36.31988714,5.319933414,0.000462
29/04/2021,36.91098938,15.01360474,27.33368828,0,0.000164
30/04/2021,36.49280701,15.82425842,29.45797381,0,0.000149
01/05/2021,37.58609924,15.50132141,27.18731159,0,0.000119
02/05/2021,37.54421387,16.14156494,28.38823176,0,0.000134
03/05/2021,30.77596436,21.56974182,58.06156609,0,0.008061528
04/05/2021,36.29625854,17.44603882,33.00930953,16.51651382,0.001579523
05/05/2021,36.2902771,17.42171631,32.96943729,0,0.001475215
06/05/2021,34.63338623,18.67801819,39.08782248,11.22419739,0.001192093
07/05/2021,32.87272034,19.3719574,45.02900882,16.83629608,0.0007
08/05/2021,30.6369873,19.79004822,52.44913909,0,0.00073
09/05/2021,32.62964783,17.00646362,39.34816841,11.22419739,0.005528331
10/05/2021,34.2685791,19.45437012,41.86561749,0,0.013500452
11/05/2021,36.36849365,18.00423584,34.05609954,0,0.000387
12/05/2021,34.94565735,19.63015137,40.76623756,0,0.000298
13/05/2021,34.08846436,19.91158447,43.5040078,0,0.000328
14/05/2021,36.34710083,17.58806763,33.21397703,0,0.000596
15/05/2021,36.01059875,19.4115387,37.92523956,9.959290504,0.008195639
16/05/2021,35.09397278,19.9768158,41.3118863,0,0.000507
17/05/2021,35.01621399,19.30115662,39.78553488,7.948734283,0.001177192
18/05/2021,33.30623779,20.08649597,45.93978837,7.948734283,0.00102818
19/05/2021,35.94585571,17.87030945,34.56170946,7.948734283,0.000492
20/05/2021,30.94602356,21.23356018,56.32995997,3.974367142,0.003218651
21/05/2021,35.64968262,17.77359924,34.91551582,0,0.000328
22/05/2021,31.22364197,19.16079102,48.77976201,12.03010845,0.000119
23/05/2021,35.58095703,17.53582153,34.52630685,0,0.000179
24/05/2021,36.58233032,18.91518555,35.63716658,0,0.000268
25/05/2021,35.58294067,19.29746399,38.55242386,0,0.000238
26/05/2021,35.17055664,19.08439026,38.91872818,0,0.000209
27/05/2021,36.79747925,18.79508362,34.95783597,0,0.000641
28/05/2021,35.37906799,19.50310669,39.48958117,5.593251228,0.000671
29/05/2021,35.46767578,19.53663025,39.37919456,5.593251228,0.005975366
30/05/2021,35.62351379,20.03763733,40.27471788,5.593251228,0.004604459
31/05/2021,35.5214325,19.77501831,39.84805796,5.593251228,0.006690621
01/06/2021,33.90499268,20.39159546,45.27467815,19.87182045,0.000805
02/06/2021,35.42272339,17.53199158,34.82005066,0,0.000685
03/06/2021,36.40957031,18.27857361,34.57020272,0,0.001505017
04/06/2021,32.0666748,21.78554688,54.67675986,19.87182045,0.023245811
05/06/2021,31.99295959,18.64095459,45.20733093,6.623939514,0.002205372
06/06/2021,34.70627747,16.96778259,34.95593372,0,0.000939
07/06/2021,35.23621521,17.42601929,34.94538718,0,0.000417
08/06/2021,34.11478577,19.04024658,41.15024076,21.25453568,0.001162291
09/06/2021,33.58934937,19.95150146,44.84215139,0,0.010401011
10/06/2021,34.99927673,18.37372742,37.58129551,0,0.000596
11/06/2021,30.58670959,21.18688354,57.33182606,4.379514694,0.006258488
12/06/2021,35.90740356,17.49796448,33.83133645,8.759029388,0.018790364
13/06/2021,34.04473267,20.34710083,44.80050598,0,0.002235174
14/06/2021,33.02271423,20.34940491,47.4398612,0,0.000536
15/06/2021,34.39032898,20.70453796,44.92722923,8.759029388,0.011563301
16/06/2021,32.74152527,19.24173889,44.99592267,3.177160978,0.003814697
17/06/2021,33.73258362,18.89705811,41.66190212,0,0.002160668
18/06/2021,34.18735657,18.76981506,40.29831818,0,0.002652407
19/06/2021,33.5763031,20.31908569,45.90655061,0,0.007554889
20/06/2021,24.08516846,23.05166016,93.96582619,15.88580608,0.053986907
21/06/2021,29.30651245,21.93071899,64.57372696,8.252123833,0.022515655
22/06/2021,29.98517761,20.22338257,55.9224937,16.50424767,0.001579523
23/06/2021,30.52892456,21.48731384,58.58989413,8.252123833,0.02387166
24/06/2021,31.55378113,19.93959961,50.24717221,0,0.00076
25/06/2021,32.0982605,21.08521423,52.28878951,0,0.002413988
26/06/2021,26.04114685,22.17104492,79.2854241,11.4261837,0.023126602
27/06/2021,31.36821899,17.59208069,43.84922289,0,0.0000894
28/06/2021,33.05439148,18.23363647,41.51222486,7.617455959,0.012345612
29/06/2021,30.20079956,19.79999695,53.8068775,0,0.001080334
30/06/2021,32.58431396,19.28780518,45.52584339,7.617455959,0.013723969
01/07/2021,30.41968689,21.15560303,57.77066585,3.35030055,0.009521842
02/07/2021,29.84687195,21.0460907,59.29840024,0,0.002413988
03/07/2021,28.52250061,21.46940002,65.6909419,6.700601101,0.00333786
04/07/2021,32.19736633,18.85411987,45.28797529,0,0.001445413
05/07/2021,32.83538208,18.2782074,42.14324531,0,0.000775
06/07/2021,31.85779724,20.49553833,51.11577323,10.77319336,0.010967255
07/07/2021,31.54960022,20.72518311,52.75696868,0,0.005379319
08/07/2021,32.00963745,20.21335754,49.80367599,0,0.001430511
09/07/2021,28.11318359,21.23496399,66.3123367,0,0.001937151
10/07/2021,30.69117126,19.31760559,50.77500387,0,0.002399087
11/07/2021,30.89756165,20.84134827,55.14150542,6.988321781,0.020131469
12/07/2021,30.99401245,20.7121521,54.40520927,13.97664356,0.00564754
13/07/2021,31.71856079,20.16582642,50.4819515,0,0.001132488
14/07/2021,30.63713989,19.40723572,51.2166112,0,0.001817942
15/07/2021,31.54598389,20.38695679,51.67912585,0,0.010609627
16/07/2021,29.89214478,21.69568787,61.54507991,3.366456509,0.026851892
17/07/2021,29.95652161,19.51769409,53.61787519,0,0.002324581
18/07/2021,30.96938477,18.42411194,47.26388799,0,0.000671
19/07/2021,29.34740601,20.81673584,60.17287483,0,0.0012815
20/07/2021,30.35952148,20.5475708,55.84226382,0,0.001847744
21/07/2021,31.06243286,20.47940979,53.42210251,0,0.000611
22/07/2021,31.14129028,16.91260681,42.54989623,0,0.000119
23/07/2021,32.2441803,16.17519531,38.14184984,0,0.000149
24/07/2021,30.63559875,18.1612793,47.38421443,0,0.000209
25/07/2021,30.39818726,19.4961792,52.20854446,0,0.006869435
26/07/2021,25.75548706,19.64722595,69.04902478,0,0.001564622
27/07/2021,26.21865234,19.33651123,65.89906782,0,0.001549721
28/07/2021,30.52784119,19.14083252,50.68962435,0,0.000432
29/07/2021,31.37119446,18.64612732,46.84298809,0,0.000253
30/07/2021,28.62928162,21.14698181,64.00833729,0,0.009641051
31/07/2021,30.73987732,19.50809631,51.23748171,0,0.005811453
01/08/2021,31.65369568,18.94265137,46.96057541,0,0.000685
02/08/2021,29.54277954,19.61132202,55.22820895,9.311828613,0.001043081
03/08/2021,29.96412048,21.21961365,59.53117079,4.655914307,0.00821054
04/08/2021,28.02715454,20.99491272,65.67054576,4.655914307,0.006824732
05/08/2021,26.3308197,20.31304321,69.54960298,0,0.002682209
06/08/2021,31.01259766,20.31524048,53.03381383,0,0.008001924
07/08/2021,25.42611084,21.89519653,80.85650111,21.57452583,0.033646822
08/08/2021,24.31789551,22.06655273,87.28668551,14.38301659,0.118985772
09/08/2021,27.23208008,21.6668335,71.68208846,0,0.081941485
10/08/2021,27.91402588,21.49575195,68.16589913,0,0.051811337
11/08/2021,27.77622375,21.35186157,68.11299307,27.96118355,0.057712197
12/08/2021,27.53270874,20.56150208,65.81317598,0,0.010982156
13/08/2021,27.37534485,22.21839294,73.51493519,9.320394516,1.929029822
14/08/2021,28.44046936,21.25541077,65.14481559,0,0.018194318
15/08/2021,27.89296875,21.15111694,66.82353095,0,0.012487173
16/08/2021,26.21172485,21.48635254,75.27831571,6.424622059,0.056639314
17/08/2021,29.57387695,21.72309265,62.78622397,19.27386475,4.152446985
18/08/2021,25.06231079,22.28707275,84.62030815,0,2.135112882
19/08/2021,25.50792847,21.858255,80.28365248,6.424622059,0.08559227
20/08/2021,28.26748047,21.15038452,65.38005636,19.27386475,0.009819865
21/08/2021,26.72203979,21.46099243,72.9358392,0,0.024497509
22/08/2021,29.27295837,21.27153931,62.14314225,0,0.068694353
23/08/2021,29.21882019,22.43518982,66.92484707,25.12143517,0.008255243
24/08/2021,26.35120544,22.32187805,78.56520591,50.24287033,0.027686357
25/08/2021,28.94460449,21.47205505,64.11520409,0,0.011533499
26/08/2021,23.75849304,22.66259155,93.59643519,15.44504261,1.841202378
27/08/2021,25.37583313,21.98775635,81.55730326,7.722521305,2.718731761
28/08/2021,29.61489258,20.99093018,59.89106095,0,0.012204051
29/08/2021,28.98801575,21.8051239,65.26983471,23.16756439,0.108376145
30/08/2021,24.11333618,22.57375488,91.13066826,15.44504261,2.796635032
31/08/2021,31.06359253,21.04348145,55.30539672,7.722521305,0.000775
01/09/2021,29.37696228,24.29036865,74.1692796,34.59464645,2.277240157
02/09/2021,26.14681396,21.86821899,77.35130516,11.5315485,0.273227692
03/09/2021,28.46135864,22.98708496,72.30197058,23.063097,1.278460026
04/09/2021,27.20432434,22.44365845,75.2785493,0,0.05236268
05/09/2021,29.73798523,21.92717896,62.97606315,0,0.00411272
06/09/2021,27.03333435,21.75481567,72.91276352,0,0.04093349
07/09/2021,30.60418091,21.7230011,59.18530573,12.9441061,0.000581
08/09/2021,28.20638428,20.72649536,63.92552302,12.9441061,0.044107437
09/09/2021,31.1493927,20.65924988,53.75094616,38.83231354,0.002026558
10/09/2021,30.00603638,22.68729553,64.94793642,25.8882122,1.249864697
11/09/2021,26.79610596,23.85288391,83.95523067,7.224854469,2.475678921
12/09/2021,31.51526794,22.02973328,57.25647907,14.44970894,0.042617321
13/09/2021,29.13578186,21.23404846,62.49317206,21.67456245,0.019013882
14/09/2021,28.58043823,22.74616394,70.76454997,14.44970894,0.069230795
15/09/2021,28.59736023,22.68503723,70.43370696,7.224854469,0.037997961
16/09/2021,28.29024658,22.15340576,69.42138199,7.35495615,0.053778291
17/09/2021,29.67649231,22.4216095,65.13000819,7.35495615,0.030934811
18/09/2021,29.96392212,22.19747314,63.19643888,14.7099123,0.01052022
19/09/2021,29.85604248,21.99852905,62.82311361,7.35495615,0.002622604
20/09/2021,30.31658325,22.29102478,62.28575182,7.35495615,0.002503395
21/09/2021,27.73677979,22.82068787,74.65946728,17.35503387,0.007376075
22/09/2021,25.89525757,22.32766113,80.7379014,10.41301918,0.099658966
23/09/2021,28.41880188,22.09491882,68.66009593,0,0.041007996
24/09/2021,31.02933655,20.90708313,54.95091046,6.942013264,0.009909272
25/09/2021,28.23424683,22.9442688,73.07235905,3.471006632,0.043258071
26/09/2021,29.84859619,21.66036377,61.56612311,0,0.013202429
27/09/2021,29.25740967,20.97294006,61.069544,0,0.000179
28/09/2021,30.22609863,20.99135742,57.82812148,3.862918139,0.00295043
29/09/2021,27.75942383,24.12809143,80.67321679,11.5887537,0.149384141
30/09/2021,28.89779053,22.73354492,69.4229717,7.725836277,0.225484371
01/10/2021,29.83608398,22.3572937,64.28372322,0,0.034585595
02/10/2021,31.72078857,21.72715149,55.55835335,13.49306774,0.001132488
03/10/2021,30.88091431,21.70415649,58.19137555,0,0.007972121
04/10/2021,31.56569824,21.58731995,55.57178503,0,0.002205372
05/10/2021,32.26856384,21.07138977,51.74473984,26.98613548,0.009506941
06/10/2021,27.98616943,22.97712097,74.28212358,9.672470093,0.031411648
07/10/2021,30.52277527,21.86271057,59.97045685,9.672470093,0.00295043
08/10/2021,32.49576721,21.14052734,51.30372539,0,0.000566
09/10/2021,31.87226257,21.3006073,53.665212,14.50870609,0.001639128
10/10/2021,31.17897949,21.6627594,57.06793516,9.672470093,0.003308058
11/10/2021,33.08780823,20.23240051,46.92668735,0,0.000253
12/10/2021,33.72646484,19.55295715,43.41375087,0,0.000149
13/10/2021,32.65140686,20.93427429,50.21633464,6.927422047,0.000641
14/10/2021,31.82203064,21.23244629,53.59354461,0,0.002577901
15/10/2021,32.60056458,19.35024414,45.66132057,3.463711023,0.001721084
16/10/2021,32.49311218,19.10163269,45.23251692,0,0.000246
17/10/2021,31.32938538,17.65995178,44.13451476,10.88330269,0.000715
18/10/2021,30.65230713,20.99758301,56.45768207,2.720825672,0.019297004
19/10/2021,31.82410583,20.54413757,51.36697992,5.441651344,0.009313226
20/10/2021,29.14521179,21.32640991,62.8137432,8.162477493,0.019133091
21/10/2021,31.09150085,22.00438843,58.56089942,0,0.011086464
22/10/2021,29.69967041,22.55965576,65.5907864,10.88977528,0.016242266
23/10/2021,24.85457764,22.44519958,86.50159254,10.88977528,0.06519258
24/10/2021,32.01876221,20.50306091,50.67622445,0,0.000283
25/10/2021,34.00544128,17.48002014,37.54020012,0,0.000194
26/10/2021,31.30562744,20.72988281,53.50796943,0,0.006631017
27/10/2021,32.37462769,21.42099915,52.55063638,7.104346752,0.01861155
28/10/2021,31.09810791,21.56302795,56.9825323,0,0.001639128
29/10/2021,33.76357422,17.28782043,37.59034889,0,0.000119
30/10/2021,33.69857178,17.65935669,38.62235834,0,0.000268
31/10/2021,33.89682922,14.90931091,32.0568216,7.104346752,0.000179
01/11/2021,33.0508667,16.14905701,36.38941753,2.503791571,0.000238
02/11/2021,32.02601013,16.82377014,40.24123158,2.503791571,0.000209
03/11/2021,33.79548035,16.25936279,35.1518084,0,0.000119
04/11/2021,34.02770386,18.68256531,40.43667191,5.007583141,0.002428889
05/11/2021,32.28687439,19.83484802,47.89510084,2.503791571,0.000179
06/11/2021,33.52430115,17.11412964,37.67945859,0,0.000149
07/11/2021,34.06910095,16.55458984,35.27696716,0,0.000164
08/11/2021,33.38311157,18.31890259,40.97364147,0,0.000194
09/11/2021,33.84081421,18.28287659,39.84957199,0,0.000775
10/11/2021,30.69461975,20.77158508,55.54438215,2.331091404,0.007122755
11/11/2021,34.30880127,17.48261414,36.91821003,0.370653242,0.000477
12/11/2021,33.73796997,17.26357422,37.58640338,0.370653242,0.000179
13/11/2021,34.28133545,15.26210938,32.09862395,0,0.000283
14/11/2021,34.58800659,14.88579712,30.80199859,0.185326621,0.000164
15/11/2021,34.06800232,16.30524597,34.72357654,0,0.000194
16/11/2021,34.22515259,14.4972168,30.65035058,0,0.000134
17/11/2021,34.36759338,15.59975586,32.64480517,0,0.000179
18/11/2021,34.55291138,14.88125,30.85295188,0,0.000134
19/11/2021,35.47565613,12.44783936,25.02553728,0,0.000179
20/11/2021,35.69315491,11.89440308,23.84283192,0,0.000194
21/11/2021,35.06446228,13.59214172,27.589084,0,0.000119
22/11/2021,34.68163452,14.62246094,30.12646226,0,0.000119
23/11/2021,35.57789001,12.52321777,25.00858503,0,0.000171
24/11/2021,35.63718567,13.8693634,27.21791552,0,0.000164
25/11/2021,36.06730042,11.14710388,22.23062298,0,0.000179
26/11/2021,35.94181213,9.598550415,20.18415212,0,0.000119
27/11/2021,34.96128235,13.03824768,26.76195471,0,0.000313
28/11/2021,35.79525146,9.114282227,19.6942409,0,0.000104
29/11/2021,35.1025177,10.31235657,22.17484554,0,0.000209
30/11/2021,36.10971985,9.673791504,20.10048008,0,0.000253
01/12/2021,36.40618286,4.109506226,13.49124705,0,0.000104
02/12/2021,35.2206665,12.15067444,24.88851191,0,0.000179
03/12/2021,35.76094971,7.647958374,17.86158653,0,0.000194
04/12/2021,35.97739563,5.097817993,14.8018105,0,0.000119
05/12/2021,36.19985352,8.393624878,18.34477176,0,0.000119
06/12/2021,36.2771698,10.35708008,20.84993846,0,0.000104
07/12/2021,35.65784607,11.08657227,22.64499897,0,0.000127
08/12/2021,35.40032349,7.293130493,17.78274526,0,0.000104
09/12/2021,35.08695374,4.492181396,14.9009552,0,0.000104
10/12/2021,36.22489319,6.199365234,15.76296843,0,0.000134
11/12/2021,35.76287231,6.481378174,16.48554629,0,0.0000894
12/12/2021,36.05016479,5.826470947,15.50910331,0,0.0000894
13/12/2021,36.85532532,5.178857422,14.18772211,0,0.000104
14/12/2021,36.20992432,10.11248169,20.58730113,0,0.000104
15/12/2021,35.13608704,7.716333008,18.57366016,2.182677746,0.0000894
16/12/2021,34.63994751,2.385858154,13.16036848,3.174372673,0.0000894
17/12/2021,34.76162109,4.070352173,14.72866546,0,0.0000894
18/12/2021,33.61210022,4.417123413,16.08793933,0,0.000104
19/12/2021,33.67711792,5.216012573,16.95039241,0,0.0000894
20/12/2021,33.29273376,6.210794067,18.55627398,0,0.000104
21/12/2021,34.31707153,6.81105957,18.26661736,0,0.0000894
22/12/2021,35.19156799,6.461938477,16.98973596,0,0.0000894
23/12/2021,36.35480652,7.825357056,17.49983087,0,0.000104
24/12/2021,36.39917908,8.017770386,17.68782431,0,0.0000894
25/12/2021,35.96849976,9.278207397,19.72464483,0,0.0000894
26/12/2021,36.31878052,5.131387329,14.56148612,0,0.000104
27/12/2021,35.90531311,6.411447144,16.27834161,0,0.0000894
28/12/2021,35.01108704,5.787042236,16.37737261,0,0.0000894
29/12/2021,34.77457581,5.935601807,16.76477376,0,0.000119
30/12/2021,35.22069702,4.55300293,14.85451672,0,0.0000894
31/12/2021,35.5732666,4.539682007,14.55508694,0,0.000104
01/01/2022,35.157724,9.713830566,21.23831671,0,0.0000894
02/01/2022,35.02245483,3.969659424,14.41517857,0,0.000104
03/01/2022,34.33577881,4.137811279,15.15233142,0,0.0000894
04/01/2022,34.81116638,5.319146729,16.02972808,0,0.0000894
05/01/2022,34.40830383,5.839135742,16.99467687,0,0.0000894
06/01/2022,36.00655518,7.022363281,16.88331088,0,0.0000894
07/01/2022,36.54668579,10.92748413,21.341066,0,0.0000894
08/01/2022,36.40857849,7.108560181,16.61352162,0,0.0000894
09/01/2022,36.39272461,5.005654907,14.37602426,0,0.0000894
10/01/2022,36.22683105,5.371286011,14.88161196,0,0.0000894
11/01/2022,36.0987793,4.168099976,13.77693236,0,0.0000894
12/01/2022,37.17408142,10.59401855,20.17041211,0,0.0000894
13/01/2022,36.58968506,3.050256348,12.39377512,0,0.0000894
14/01/2022,36.40166626,-1.205740356,9.208280535,0,0.0000894
15/01/2022,36.25562439,-0.985586548,9.433506885,0,0.0000894
16/01/2022,35.86081848,-2.243658447,8.785496606,0,0.0000745
17/01/2022,35.28888855,-0.044012451,10.65705384,0,0.000104
18/01/2022,33.61065063,8.140405273,20.80817253,0,0.000082
19/01/2022,33.22860107,4.997354126,17.11773468,0,0.000082
20/01/2022,33.41187439,3.749871826,15.52306291,0,0.0000894
21/01/2022,34.09641418,3.910379028,15.11150397,0,0.0000894
22/01/2022,35.13553772,3.693917847,14.04968844,0,0.0000745
23/01/2022,35.54329834,2.538873291,12.65715913,0,0.0000894
24/01/2022,35.33274231,1.617913818,11.9886104,0,0.0000894
25/01/2022,34.62616882,-0.873876953,10.4044424,0,0.0000745
26/01/2022,35.35016785,0.801477051,11.29295971,0,0.0000894
27/01/2022,35.65819702,4.103662109,14.05053186,0,0.0000745
28/01/2022,35.81359253,1.189141846,11.32092452,0,0.0000894
29/01/2022,35.56968079,1.462884521,11.7020857,0,0.0000745
30/01/2022,34.33019409,-1.375830078,10.19375165,0,0.0000745
31/01/2022,34.16178284,-1.221090698,10.40743714,0,0.0000745
01/02/2022,34.8525177,-0.509680176,10.55245814,0,0.0000894
02/02/2022,35.35164795,-1.188955688,9.766914944,0,0.0000745
03/02/2022,35.36733398,-0.905264282,9.963870629,0,0.0000745
04/02/2022,35.35653076,2.082696533,12.37835956,0,0.0000969
05/02/2022,35.57999573,-1.103414917,9.705655574,0,0.0000894
06/02/2022,36.47031555,-1.347052002,9.078897515,0,0.0000745
07/02/2022,36.59172974,0.440179443,10.27677807,0,0.0000745
08/02/2022,37.41239319,1.997796631,10.99446627,0,0.0000745
09/02/2022,37.81228027,2.583383179,11.2179418,0,0.0000745
10/02/2022,37.79334412,0.824533081,9.898199235,0,0.0000894
11/02/2022,37.44043884,-1.496466064,8.517217392,0,0.0000745
12/02/2022,36.91535339,0.374124146,10.04863897,0,0.0000745
13/02/2022,37.21476135,8.623971558,17.62943775,0,0.0000745
14/02/2022,38.18792114,-1.198736572,8.360621371,0,0.0000745
15/02/2022,38.3545166,-3.755636597,6.851763812,0,0.0000745
16/02/2022,37.01563416,9.45194397,18.84644061,0,0.0000894
17/02/2022,37.52936707,8.985467529,17.75985405,0,0.000104
18/02/2022,38.74437866,7.059640503,14.5875059,0,0.0000745
19/02/2022,38.50148926,7.168069458,14.8898283,0,0.0000745
20/02/2022,37.45282898,2.76204834,11.58507496,0,0.000127
21/02/2022,37.00983582,8.312265015,17.45409011,0,0.000082
22/02/2022,37.52416382,0.774316406,10.00729341,0,0.0000745
23/02/2022,37.13083801,9.243569946,18.46755434,0,0.0000745
24/02/2022,38.02907715,7.151681519,15.25717559,0,0.0000745
25/02/2022,38.3509613,1.762765503,10.27547933,0,0.000104
26/02/2022,38.82154236,2.231027222,10.35982364,0,0.0000596
27/02/2022,36.53476868,13.29419861,24.95836975,0,0.000268
28/02/2022,38.54668579,9.109353638,16.95075514,0,0.0000596
01/03/2022,38.747995,10.72261963,18.68382583,0,0.000119
02/03/2022,37.33391724,13.70453796,24.54223699,3.4771595,0.0000596
03/03/2022,37.31356201,14.59160767,26.02349166,3.4771595,0.000224
04/03/2022,37.29309998,16.01679382,28.54968891,3.4771595,0.002831221
05/03/2022,35.71709595,17.98911438,35.26134803,5.215739727,0.001788139
06/03/2022,35.96244202,18.03380737,34.88720361,1.081643462,0.000611
07/03/2022,36.59890137,16.68253479,30.93469483,0,0.000134
08/03/2022,39.14283142,12.59002075,20.69581788,0,0.0000596
09/03/2022,39.79641113,7.751779175,14.45686797,0,0.0000745
10/03/2022,39.57677612,9.482110596,16.44729617,0,0.0000596
11/03/2022,39.34159241,14.60776672,23.35103578,6.151228905,0.000462
12/03/2022,37.43251953,15.07497559,26.67424944,3.075614452,0.000477
13/03/2022,36.80445251,16.87310181,30.96185088,0,0.003784895
14/03/2022,38.14527283,11.63768921,20.50936887,0,0.0000596
15/03/2022,38.40421448,10.2917572,18.49343119,0,0.0000894
16/03/2022,37.1460968,14.31887207,25.80248596,0,0.000104
17/03/2022,38.58196411,11.82581482,20.28258485,0,0.0000745
18/03/2022,37.96669922,12.34797058,21.70130065,0,0.0000894
19/03/2022,37.99830017,14.98388062,25.71767839,0,0.000164
20/03/2022,38.45345459,13.20876465,22.36505831,1.97335577,0.000104
21/03/2022,38.01665649,15.47690735,26.51921715,2.394497871,0.0000745
22/03/2022,37.13491211,16.79165039,30.25265483,1.197248936,0.000104
23/03/2022,36.91744385,15.54621277,28.27511005,2.394497871,0.000164
24/03/2022,37.27778015,16.75184021,29.94273035,1.197248936,0.001057982
25/03/2022,38.58226929,13.52694092,22.67612618,0,0.0000894
26/03/2022,39.72489319,10.01825867,16.91578847,0,0.000119
27/03/2022,39.09554443,11.68129883,19.54290343,0,0.0000596
28/03/2022,39.73806152,5.437020874,12.36421235,0,0.0000596
29/03/2022,38.31865845,13.14223633,22.43051853,0,0.000432
30/03/2022,38.07309875,13.79017029,23.71026333,0,0.000134
31/03/2022,37.70890198,15.73206482,27.4091291,0,0.001341105
01/04/2022,38.1385437,14.72103271,25.09470625,6.694608688,0.000194
02/04/2022,36.65476379,16.31600342,30.12959149,0,0.0000894
03/04/2022,37.83809814,15.38848267,26.62515646,0,0.000119
04/04/2022,35.70163879,18.32363281,36.04055815,3.347304344,0.001132488
05/04/2022,37.49648438,17.90607605,31.82860915,6.694608688,0.000224
06/04/2022,38.53615723,16.82810364,28.10752622,3.017644167,0.000447
07/04/2022,38.10270081,17.37664185,29.78947852,0,0.001162291
08/04/2022,37.33062134,18.94458923,34.27628978,9.052931786,0.003486872
09/04/2022,35.36968384,16.7257782,33.18429369,6.035288334,0.000209
10/04/2022,38.45095215,15.39203796,25.76406707,0,0.000179
11/04/2022,36.65125427,17.87444458,33.26108046,0,0.000238
12/04/2022,34.01995239,18.45784912,39.88906167,8.427206993,0.000179
13/04/2022,27.82213745,21.98861084,70.62614614,0,0.009208918
14/04/2022,33.90757141,16.88211975,36.34392644,0,0.002771616
15/04/2022,31.62940369,20.91791687,53.14518041,12.64081001,0.020980835
16/04/2022,33.39901123,19.3840271,43.75329019,0,0.001937151
17/04/2022,32.9006134,21.188974,50.29854237,14.64502144,0.083237886
18/04/2022,29.05932007,17.2002655,48.82430365,10.9837656,0.006809831
19/04/2022,31.71843872,20.87011108,52.72264618,3.66125536,0.004768372
20/04/2022,35.0730072,19.15114746,39.29209401,7.322510719,0.000715
21/04/2022,30.98745117,21.18265686,56.02207257,10.19361115,0.001147389
22/04/2022,36.07276306,18.19773254,35.03563219,0,0.0007
23/04/2022,35.97557983,19.4578186,38.10767891,0,0.001445413
24/04/2022,34.58143005,20.4755188,43.83048707,13.59148312,0.000134
25/04/2022,35.69155273,18.28138123,35.96510611,0,0.00076
26/04/2022,33.68990479,17.17289124,37.47175055,0,0.000834
27/04/2022,35.24916992,18.3986908,37.12431565,7.233530521,0.000626
28/04/2022,34.78217468,18.20261536,37.62921711,0,0.00076
29/04/2022,30.96151123,19.1025177,49.33317776,3.616765261,0.003010035
30/04/2022,35.24170837,17.83887634,35.8562301,0,0.000492
01/05/2022,34.78399048,19.42072449,40.60074724,0,0.000224
02/05/2022,32.1680542,19.9636322,48.6034566,12.62443447,0.001698732
03/05/2022,36.00409851,19.58799133,38.35707463,0,0.010430813
04/05/2022,33.32473145,21.33091125,49.54628745,6.312217236,0.001907349
05/05/2022,35.53865967,19.11078796,38.19974225,0,0.004291534
06/05/2022,33.33791504,18.02552185,40.32757444,6.190603733,0.006407499
07/05/2022,34.52332458,18.30240784,38.41263309,0,0.0000447
08/05/2022,37.16619263,18.79082642,34.25357756,0,0.000253
09/05/2022,33.6065155,22.24155579,51.56034929,6.190603733,0.014200807
10/05/2022,32.89264832,21.79415283,52.21944624,2.063534498,0.004976988
11/05/2022,34.94313965,19.4014679,40.19665784,0,0.001236796
12/05/2022,34.58309326,21.27123413,46.02394777,0,0.000253
13/05/2022,31.80516968,23.24042664,60.61553862,21.78897476,0.021547079
14/05/2022,34.30605469,20.84893188,45.54081696,0,0.000805
15/05/2022,34.0911499,20.91011963,46.26191682,0,0.00667572
16/05/2022,34.73525391,19.7362915,41.51619506,0,0.001013279
17/05/2022,35.06995544,19.10527954,39.18653605,0,0.000119
18/05/2022,35.25394592,18.0624939,36.33959486,0,0.00102818
19/05/2022,31.53911743,21.19008789,54.31802723,3.407984018,0.003650784
20/05/2022,33.38050232,20.72693787,47.59352509,6.815968037,0.050842762
21/05/2022,30.16393433,20.99369202,58.04270344,19.66485214,0.000134
22/05/2022,32.32120667,18.19513855,43.15473608,9.832426071,0.001817942
23/05/2022,30.90575562,20.22823486,53.07147797,0,0.009164214
24/05/2022,32.45293579,16.33234558,38.07521904,0,0.0000894
25/05/2022,32.48116455,19.57976685,46.62976595,0,0.002086163
26/05/2022,32.28608093,19.85436401,47.95521326,0,0.003367662
27/05/2022,31.84682617,19.70617065,48.71017031,0,0.000656
28/05/2022,34.04152832,18.55378113,40.08126952,0,0.0000596
29/05/2022,32.81496582,19.47518311,45.46618689,0,0.000179
30/05/2022,33.22362671,21.13179932,49.22287777,0,0.005304813
31/05/2022,31.13633118,20.20072327,52.29049411,11.07202911,0.000507
01/06/2022,33.98430786,18.87253723,41.01859798,4.934299946,0.000194
02/06/2022,35.55283508,19.017099,37.94760426,0,0.001147389
03/06/2022,33.66748962,18.81034241,41.58765561,0,0.000507
04/06/2022,33.41494141,18.90450439,42.42737011,0,0.000164
05/06/2022,33.26389465,18.40809021,41.47919323,9.868599892,0.02270937
06/06/2022,32.91680298,18.23739014,41.84372837,0,0.003039837
07/06/2022,34.60082397,18.20682678,38.0192003,0,0.003188848
08/06/2022,35.19802246,18.72416077,37.99555565,0,0.012844801
09/06/2022,33.15374146,20.69463501,48.10578175,0,0.003665686
10/06/2022,32.15447388,20.05939636,48.92990118,19.83366203,0.013381243
11/06/2022,23.58632813,23.25385437,98.01549019,19.6446991,0.098705292
12/06/2022,32.20720825,18.46296082,44.16876615,0,0.001907349
13/06/2022,32.56812439,20.56704102,49.32468205,3.274116516,0.008225441
14/06/2022,26.78014526,23.29602966,81.26283886,6.548233032,0.063255429
15/06/2022,29.12287292,21.9059082,65.16286372,0,0.016063452
16/06/2022,27.77778015,21.26685486,67.75296402,6.604049206,0.016003847
17/06/2022,30.48290405,21.56240234,59.01463588,8.886064529,3.180652857
18/06/2022,29.73191223,19.80901489,55.30489914,2.817841053,0.008702278
19/06/2022,30.50977478,20.97619019,56.84436539,1.405327797,0.003233552
20/06/2022,30.55220947,20.70842896,55.78056961,2.56723094,0.00230968
21/06/2022,29.9586731,21.14862976,59.29106722,29.6924324,0.050216913
22/06/2022,28.13295898,20.98174438,65.21468973,0,0.020250678
23/06/2022,30.76044617,20.33304749,53.86045993,0,0.001475215
24/06/2022,30.63384399,20.71051941,55.52829011,19.7949543,0.001132488
25/06/2022,29.91044006,19.71535645,54.42368088,0,0.0000894
26/06/2022,30.42171631,21.38865051,58.59502525,7.996908188,0.006660819
27/06/2022,30.36715088,20.88434753,56.98718886,7.996908188,0.004783273
28/06/2022,30.51717529,19.71256409,52.5560763,0,0.00082
29/06/2022,30.13218079,21.5690094,60.23538916,7.996908188,0.018745661
30/06/2022,23.45110474,22.31864319,93.37402792,3.998454094,0.089600682
01/07/2022,27.6383606,20.58616028,65.50776966,6.516853333,0.013723969
02/07/2022,28.10485229,20.9637085,65.2490663,6.516853333,0.005587935
03/07/2022,31.32090149,19.55350647,49.71077939,0,0.000358
04/07/2022,29.91135559,21.45284424,60.57103327,6.516853333,0.0218153
05/07/2022,25.53063354,21.80031738,79.89257171,6.516853333,0.017851591
06/07/2022,30.69262085,19.99471436,52.95003533,0,0.001013279
07/07/2022,31.85099182,20.91974792,52.48849748,3.572322607,0.005125999
08/07/2022,29.80703125,22.48150024,64.87882143,3.572322607,0.003814697
09/07/2022,26.91088257,21.60238037,72.75771016,0,0.005096197
10/07/2022,30.2081543,21.08330688,58.21535072,0,0.003516674
11/07/2022,29.92063293,20.30535278,56.41493403,0,0.002667308
12/07/2022,30.33921204,19.43731079,52.1936202,0,0.002890825
13/07/2022,27.27723083,20.35727844,65.967713,12.67837715,0.000417
14/07/2022,29.57729492,19.0271698,53.15088559,0,0.000119
15/07/2022,29.98597107,20.88105164,58.23337408,0,0.00166893
16/07/2022,28.20964966,20.22902832,61.98226328,0,0.003159046
17/07/2022,30.032724,19.50841675,53.35325867,0,0.003263354
18/07/2022,31.56391296,16.22953186,39.77529111,0,0.000238
19/07/2022,31.25180969,15.47867737,38.58815467,0,0.0000596
20/07/2022,29.44260559,17.71550903,49.33603999,0,0.000164
21/07/2022,28.76127014,19.41860352,57.08894076,0,0.004544854
22/07/2022,28.02529297,21.234552,66.65069852,8.585204124,0.026598573
23/07/2022,26.39164124,21.47258911,74.42103578,4.292602062,0.009462237
24/07/2022,29.45751343,19.50190125,55.124045,4.292602062,0.003814697
25/07/2022,30.09015808,21.38067017,59.68866556,4.292602062,0.006601214
26/07/2022,27.67992554,21.0683075,67.31598201,10.22584629,0.008955598
27/07/2022,29.78322754,20.34533081,57.00234585,0,0.018447638
28/07/2022,29.04885254,20.40653381,59.6907369,10.22584629,0.010877848
29/07/2022,28.95316467,20.79662476,61.48183524,0,0.041872263
30/07/2022,28.73389587,22.30948792,68.30336174,20.45169258,0.093117356
31/07/2022,27.76671753,21.60688171,69.22270707,10.22584629,0.03798306
01/08/2022,27.21131287,20.72547302,67.74307226,0,0.013619661
02/08/2022,27.58913574,18.92192993,59.25347268,0,0.002101064
03/08/2022,28.37584839,19.49419556,58.6539687,0,0.001639128
04/08/2022,28.32108459,18.80892334,56.381102,0,0.000507
05/08/2022,30.28702698,16.79633484,44.34671166,0,0.000119
06/08/2022,30.35440979,17.94266663,47.49469104,0,0.000522
07/08/2022,30.75809631,19.93705139,52.56460927,5.342468262,0.000507
08/08/2022,30.27770386,20.40979919,55.62962587,5.342468262,0.002488494
09/08/2022,30.16137085,19.70020447,53.59577931,0,0.008553267
10/08/2022,30.03927002,20.45641479,56.55715251,0,0.002115965
11/08/2022,27.5942627,21.42273865,69.1396633,15.43515968,0.028431416
12/08/2022,23.86879883,21.93798218,88.96988971,0,0.019788742
13/08/2022,28.66604004,20.77573547,62.43169194,0,0.004783273
14/08/2022,22.20646057,21.97200928,98.58211289,30.87031937,10.34209132
15/08/2022,25.06034241,21.13033447,78.85631601,0,0.056490302
16/08/2022,28.14136658,18.74787292,56.75618901,0,0.004798174
17/08/2022,30.39597473,18.22171936,48.22006014,0,0.000924
18/08/2022,30.70388184,18.87801514,49.36665381,12.53678226,0.000834
19/08/2022,23.47583923,21.37810669,88.03443225,18.80517387,0.048965216
20/08/2022,28.29000244,19.65032349,59.52153291,0,0.002816319
21/08/2022,30.71351013,19.24045715,50.46737057,0,0.000775
22/08/2022,27.09229431,21.91324768,73.367084,37.47280884,0.03105402
23/08/2022,26.68468628,21.06786499,71.35577006,0,0.09547174
24/08/2022,27.11872253,19.14515076,61.76092557,0,0.000849
25/08/2022,28.6532074,20.77222595,62.46463592,0,0.006511807
26/08/2022,27.15308533,22.15671692,74.19880852,39.01237488,0.114709139
27/08/2022,24.22815857,22.20719299,88.51182021,13.00412464,0.072598457
28/08/2022,27.63804016,20.9585968,67.02760553,0,0.008910894
29/08/2022,26.48540649,22.83995972,80.43568065,0,0.080645084
30/08/2022,23.5254303,22.41307983,93.49186114,0,0.896543264
31/08/2022,24.93914185,22.03223572,83.93118424,26.00824928,3.422439098
01/09/2022,26.83213196,21.97879944,74.79416811,0,0.045269728
02/09/2022,26.63094482,22.32772217,77.30891778,17.77477837,0.994950533
03/09/2022,26.02163086,21.56203613,76.48153559,0,1.664489508
04/09/2022,28.88308105,21.55501709,64.67113233,0,0.005751848
05/09/2022,29.2776123,20.96853027,60.98190587,17.77477837,0.014424324
06/09/2022,28.30385742,21.43409119,66.38631293,0,0.013768673
07/09/2022,26.75516663,22.78659973,78.91364356,0,0.046730042
08/09/2022,27.59917603,21.95084534,71.38647956,0,0.018566847
09/09/2022,27.50658569,21.66071472,70.51372743,0,0.021636486
10/09/2022,27.40049133,21.46445618,70.10594734,0,0.016435981
11/09/2022,23.69516907,23.11177979,96.54347829,10.02025795,1.438438892
12/09/2022,25.90656433,21.14542542,75.06339772,15.03038597,0.163093209
13/09/2022,28.29735718,21.32689819,65.97682969,0,0.004172325
14/09/2022,29.78417358,20.98435364,59.2871043,0,0.002220273
15/09/2022,26.49613342,22.91216431,80.7370447,20.0405159,11.66646183
16/09/2022,28.65383301,20.81679688,62.63388521,0,0.004172325
17/09/2022,28.84514771,21.94465027,66.37390439,0,0.020176172
18/09/2022,24.65589294,21.97937927,85.08694221,0,0.044539571
19/09/2022,23.72884521,22.23668823,91.3689416,33.36966705,0.972434878
20/09/2022,24.98175964,23.04082642,89.00386016,0,0.471130013
21/09/2022,26.43396912,22.80976257,80.53235452,20.39501953,0.04170835
22/09/2022,28.79436646,23.08727417,71.35099629,0,1.48396194
23/09/2022,27.31391296,22.33399353,74.30024868,0,0.052392483
24/09/2022,29.51815186,21.94637451,63.85210751,0,0.023722649
25/09/2022,30.16248474,21.82988892,61.09693724,20.39501953,0.00667572
26/09/2022,26.33075867,21.87052307,76.52703417,7.423045635,0.050440431
27/09/2022,26.39707336,22.01671753,76.91104026,9.155703545,0.011891127
28/09/2022,26.73569641,21.13608704,71.44059085,29.18858528,0.004589558
29/09/2022,29.39803467,20.03122864,57.15910334,12.41003609,0.001519918
30/09/2022,23.96405945,22.63831482,92.31146467,18.29470253,0.046268106
01/10/2022,25.95891724,21.5747467,76.82531222,4.58430481,0.093221664
02/10/2022,29.60924683,21.47174988,61.70304671,9.168609619,0.051349401
03/10/2022,30.7343689,22.14412842,60.27544544,0,0.008061528
04/10/2022,30.27214966,22.10752258,61.75087363,4.58430481,0.008240342
05/10/2022,30.13572083,21.43909607,59.74636739,9.168609619,0.007137656
06/10/2022,24.82186279,22.17177734,85.24146202,24.59556961,0.190913677
07/10/2022,27.01799927,23.01352844,78.77985863,0,0.108003616
08/10/2022,28.65444336,21.03632507,63.48242762,0,0.000715
09/10/2022,26.10682068,22.38352356,80.005671,8.198524475,0.021994114
10/10/2022,28.64930115,21.24808655,64.33180247,8.198524475,0.004723668
11/10/2022,30.54973755,21.19335327,57.47582125,0,0.000611
12/10/2022,30.32084045,20.93959961,57.33275305,6.607365608,0.004440546
13/10/2022,25.01630554,22.48925171,85.90139787,6.607365608,0.252738595
14/10/2022,29.22658691,22.05294189,65.35718538,6.607365608,0.197276473
15/10/2022,28.29061279,22.78759155,72.14575409,3.303682804,0.097796321
16/10/2022,31.0574585,19.77060852,51.1454406,0,0.000119
17/10/2022,31.64264832,19.63894043,49.07134579,0,0.000268
18/10/2022,30.9777771,21.07673035,55.68977977,3.479876041,0.001445413
19/10/2022,31.49544678,19.49717102,49.04875002,0,0.000373
20/10/2022,31.82981262,18.79078064,46.05574595,0,0.000283
21/10/2022,31.86260376,20.16207275,50.06045703,7.216332912,0.002563
22/10/2022,32.71468506,17.06017456,39.29396078,3.608166456,0.0000894
23/10/2022,32.83388672,16.03914795,36.57770529,7.216332912,0.0000894
24/10/2022,32.89737854,19.02744446,44.01202993,3.608166456,0.000462
25/10/2022,29.53617249,22.25687561,65.00362362,7.216332912,0.008806586
26/10/2022,32.04345093,18.41686401,44.45042835,0,0.000179
27/10/2022,32.95745239,15.71967468,35.59044767,0,0.000104
28/10/2022,32.87438354,11.83274231,27.77220599,0,0.000119
29/10/2022,33.45494995,13.19375,29.39683009,0,0.000119
30/10/2022,33.50921021,15.26828918,33.52309327,0,0.0000745
31/10/2022,33.48978577,14.73677979,32.43057974,0,0.000119
01/11/2022,34.09385071,13.37319336,28.70197079,0.702972889,0.0000894
02/11/2022,34.70380554,11.91378174,25.21313246,0,0.0000894
03/11/2022,34.57360229,13.66181335,28.47769643,0,0.0000894
04/11/2022,32.52207336,18.80367432,44.32683557,0.702972889,0.000894
05/11/2022,33.8243042,15.29554138,32.99638097,0.702972889,0.000119
06/11/2022,33.87879333,12.00678406,26.55815463,0,0.000238
07/11/2022,33.9934021,9.107141113,21.74778981,0,0.0000894
08/11/2022,34.88482056,11.2184082,23.83922524,0,0.000119
09/11/2022,33.83098755,14.17649231,30.6866834,0,0.0000894
10/11/2022,33.89208374,13.77073059,29.78742932,0,0.0000894
11/11/2022,32.19251404,17.43285522,41.43188959,0.303210825,0.000462
12/11/2022,33.05736694,17.06343994,38.55322911,0,0.000268
13/11/2022,33.67685852,15.26291809,33.19923873,0,0.000149
14/11/2022,34.51928101,7.621118164,19.09404639,0,0.0000894
15/11/2022,33.90557251,7.291696167,19.31646586,0,0.0000894
16/11/2022,34.14844666,9.224267578,21.73200045,0,0.0000894
17/11/2022,33.95542297,10.42925415,23.81675614,0,0.0000894
18/11/2022,33.88462219,12.40581665,27.25618699,0,0.0000894
19/11/2022,34.07723389,12.34830627,26.86364456,0,0.0000894
20/11/2022,34.87233887,9.829492188,21.74412254,0,0.0000894
21/11/2022,34.86643372,9.557015991,21.3567122,0,0.0000894
22/11/2022,34.58548889,13.20826111,27.62984467,0,0.0000894
23/11/2022,34.59378967,11.26619873,24.3034713,0,0.000119
24/11/2022,34.6920105,5.013208008,15.79536001,0,0.0000894
25/11/2022,34.95238647,6.198449707,16.90534311,0,0.000082
26/11/2022,34.96050415,10.00914917,21.90060543,0,0.000082
27/11/2022,34.31090698,11.96628723,25.85808738,0,0.0000894
28/11/2022,33.68361816,13.28634033,29.19972831,0,0.0000894
29/11/2022,34.11373291,11.18396912,24.82429029,0,0.0000894
30/11/2022,34.21320496,10.26960144,23.22843232,0,0.0000745
01/12/2022,34.39692078,15.02919922,31.41909846,0,0.000104
02/12/2022,34.73256836,13.43282471,27.81009025,0,0.0000894
03/12/2022,35.60492859,12.54656372,25.00970707,0,0.0000745
04/12/2022,36.1625,10.39847717,21.03942476,0,0.0000745
05/12/2022,35.95913086,11.15674744,22.37726194,0,0.000119
06/12/2022,35.69968567,2.843362427,12.8235629,0,0.0000894
07/12/2022,35.49909363,7.786950684,18.29351992,0,0.0000969
08/12/2022,35.10358582,10.35309753,22.23399239,0,0.0000894
09/12/2022,34.86535034,6.446710205,17.28061839,0,0.0000745
10/12/2022,34.98514709,2.370629883,12.89729787,0,0.0000745
11/12/2022,35.26497803,3.122796631,13.39739973,0,0.0000596
12/12/2022,34.87259827,9.723565674,21.58973832,0,0.000104
13/12/2022,35.20446167,10.27790222,21.99966223,0,0.000082
14/12/2022,35.65818176,4.516519165,14.46374537,0,0.000082
15/12/2022,35.26999817,7.565026855,18.24733022,0,0.000104
16/12/2022,35.41356812,8.857019043,19.76568249,0,0.000104
17/12/2022,35.2224823,8.322671509,19.26452485,3.430342913,0.0000894
18/12/2022,32.97948608,7.051812744,20.01106354,3.430342913,0.0000745
19/12/2022,34.19957886,2.574075317,13.66816618,0,0.0000894
20/12/2022,34.70810852,3.682290649,14.37395109,0,0.0000745
21/12/2022,34.06398926,3.628961182,14.84132273,0,0.0000745
22/12/2022,32.6629425,4.467782593,17.02713545,0,0.0000745
23/12/2022,32.56180725,3.424172974,15.91099699,0,0.0000745
24/12/2022,32.52689514,2.306008911,14.72472824,0,0.0000596
25/12/2022,32.63431702,3.111505127,15.49922674,0,0.0000596
26/12/2022,33.56640015,5.649346924,17.57739688,0,0.000104
27/12/2022,34.45282898,6.783761597,18.09544459,0,0.0000745
28/12/2022,34.02214966,4.720361328,16.06191411,0,0.0000596
29/12/2022,34.50159607,4.150018311,15.02639736,0,0.0000745
30/12/2022,33.63314209,1.685479736,13.2381567,0,0.0000745
31/12/2022,32.74491272,0.806100464,13.05960544,0,0.0000894
01/01/2023,33.57787476,3.357919312,14.95970169,0,0.0000596
02/01/2023,34.1302887,4.414865112,15.62749532,0,0.0000596
03/01/2023,34.40981445,4.366860962,15.33490066,0,0.0000894
04/01/2023,34.68837891,6.128656006,17.07158569,0,0.0000745
05/01/2023,34.84415588,6.757058716,17.67477224,0,0.0000745
06/01/2023,35.40036926,7.689508057,18.27135835,1.626214504,0.0000596
07/01/2023,35.39309082,6.177087402,16.47470034,0,0.0000745
08/01/2023,35.48780212,4.295251465,14.37515241,0,0.0000596
09/01/2023,35.31850586,1.709512329,12.077157,0,0.0000745
10/01/2023,34.30223999,1.92699585,12.97665605,0,0.0000745
11/01/2023,34.26383362,1.885720825,12.96599078,0,0.0000596
12/01/2023,34.74213562,1.621789551,12.3897512,0,0.0000596
13/01/2023,34.85770569,2.90569458,13.49277757,0,0.0000596
14/01/2023,34.99993286,3.853753662,14.31578119,0,0.0000596
15/01/2023,34.61126099,3.900140381,14.67497424,0,0.0000596
16/01/2023,34.79926453,2.127984619,12.80673073,0,0.0000596
17/01/2023,35.11954651,1.861245728,12.34403776,0,0.0000745
18/01/2023,35.55355225,1.879373169,12.06783034,0,0.0000596
19/01/2023,36.17023621,3.719491577,13.29634461,0,0.0000596
20/01/2023,36.13430176,7.219354248,16.99354237,0,0.0000596
21/01/2023,36.10621033,9.683862305,20.11795517,0,0.0000596
22/01/2023,35.8322998,10.97806702,22.26773469,0,0.000104
23/01/2023,36.5536438,10.75270996,21.08623492,0,0.0000596
24/01/2023,36.74581299,8.487878418,17.91949461,0,0.0000894
25/01/2023,37.0695282,5.698587036,14.53929667,0,0.0000745
26/01/2023,36.87941895,9.316323853,18.81421766,0,0.0000596
27/01/2023,37.11264954,10.01409302,19.46841986,1.926194191,0.000104
28/01/2023,35.47416077,14.41562805,28.45313841,0.963097095,0.000477
29/01/2023,34.85901794,15.53945313,31.64506387,1.926194191,0.002503395
30/01/2023,37.09447632,4.701867676,13.54525268,0,0.0000596
31/01/2023,37.75515137,0.877175903,9.956496804,0,0.0000596
01/02/2023,38.20295105,3.904977417,12.06123495,0,0.0000745
02/02/2023,36.60883484,13.27608643,24.82820498,0,0.000104
03/02/2023,37.73394165,10.16092834,19.00857203,0,0.0000596
04/02/2023,37.49239502,9.037362671,17.85801274,0,0.0000894
05/02/2023,37.82305298,9.650888062,18.28095403,0,0.0000596
06/02/2023,37.1059967,10.78305969,20.50192697,1.455543876,0.000104
07/02/2023,35.3774353,13.36164246,26.71244277,0,0.0000894
08/02/2023,36.83303223,8.927758789,18.37366347,0,0.0000671
09/02/2023,37.15252075,5.760202026,14.53578546,0,0.000134
10/02/2023,37.80626831,7.982461548,16.34443988,0,0.0000745
11/02/2023,38.21187744,3.766503906,11.9383392,0,0.0000596
12/02/2023,38.32265625,0.66086731,9.505842956,0,0.0000596
13/02/2023,38.10279236,-0.041723633,9.141070087,0,0.0000596
14/02/2023,36.83640442,1.197595215,10.71105385,0,0.0000596
15/02/2023,35.54604492,1.087792969,11.40510558,0,0.0000596
16/02/2023,34.93557129,0.996255493,11.71815257,0,0.0000447
17/02/2023,35.19243774,0.979684448,11.53923092,0,0.0000596
18/02/2023,36.43882141,1.619363403,11.28329086,0,0.0000596
19/02/2023,36.84250793,1.658654785,11.06843963,0,0.0000596
20/02/2023,37.5057312,0.451715088,9.786043441,0,0.0000596
21/02/2023,38.05376587,1.715982056,10.40671807,0,0.0000596
22/02/2023,37.62160645,11.45429382,20.84438657,0,0.0000596
23/02/2023,38.50618896,9.811181641,17.80945674,0,0.0000596
24/02/2023,38.32828674,10.62929688,18.99251516,0,0.0000596
25/02/2023,37.66733704,12.26447449,21.93511679,0,0.0000596
26/02/2023,38.11443481,10.35794983,18.86822403,0,0.0000596
27/02/2023,38.71029053,10.5828949,18.5481949,2.068237066,0.0000596
28/02/2023,37.39585266,12.03791199,21.93091996,3.10235548,0.0000894
01/03/2023,38.11594543,11.25936279,20.03355682,0,0.0000596
02/03/2023,37.35163269,13.28925476,23.86410408,3.156945467,0.0000447
03/03/2023,36.53052673,16.91564331,31.51332085,0,0.005215406
04/03/2023,37.10093079,17.49616394,31.69089007,0,0.004813075
05/03/2023,37.48835144,16.5455719,29.21672708,3.156945467,0.000119
06/03/2023,36.75937805,18.32238159,34.00913197,6.279373646,0.010147691
07/03/2023,38.04525146,16.54671631,28.35065126,9.419061661,0.001460314
08/03/2023,36.50893555,18.29535828,34.41909576,3.139686823,0.00153482
09/03/2023,37.58780823,15.14244995,26.56546679,6.279373646,0.0000596
10/03/2023,37.94063721,13.89165649,24.03868474,3.139686823,0.0000447
11/03/2023,37.13601074,17.0095459,30.67179305,0,0.001072884
12/03/2023,38.50232849,6.513391113,14.23380913,2.122267008,0.0000596
13/03/2023,36.36608276,9.573922729,19.68761299,0,0.0000596
14/03/2023,37.29338989,10.68827209,20.16629678,0,0.0000596
15/03/2023,37.37316284,10.23562012,19.48137426,0,0.0000447
16/03/2023,37.37374268,9.767831421,18.87958303,0,0.0000596
17/03/2023,37.93644104,7.572869873,15.78240132,0,0.0000447
18/03/2023,37.41016541,9.92232666,19.03860264,0.976852238,0.0000745
19/03/2023,35.92524109,14.41199646,27.74955146,1.953704476,0.001013279
20/03/2023,36.06537781,16.61348877,31.71191442,0,0.001192093
21/03/2023,35.07764587,17.03292236,34.38684803,5.684403896,0.014320016
22/03/2023,31.78730164,18.48945007,45.30449407,2.842201948,0.008866191
23/03/2023,31.83442078,19.8199707,49.08960138,8.526605606,0.004380941
24/03/2023,36.58428345,11.92948303,22.75885669,5.684403896,0.000238
25/03/2023,34.36210022,17.01397095,35.73403721,0,0.0000447
26/03/2023,35.50391541,16.94736633,33.40621323,10.49546146,0.014156103
27/03/2023,33.58457336,17.9458252,39.57649904,0,0.000209
28/03/2023,37.04885254,13.91262207,25.26511965,0,0.0000596
29/03/2023,38.16484985,10.63152466,19.16364791,5.247730732,0.0000447
30/03/2023,36.56841431,14.97850952,27.78663481,5.247730732,0.0000745
31/03/2023,37.18105469,13.39852295,24.25872638,0,0.0000596
01/04/2023,37.33246765,14.4056488,25.68616311,0,0.000298
02/04/2023,37.46956787,13.25974426,23.66612698,0,0.000104
03/04/2023,37.90018616,12.90293274,22.58715784,0,0.0000894
04/04/2023,37.61226807,15.86405334,27.78672268,3.847612381,0.000924
05/04/2023,37.61483154,15.39013062,26.95203797,0,0.000134
06/04/2023,36.92243347,15.00553284,27.30245427,0,0.0000596
07/04/2023,37.25405273,17.43177185,31.30049924,3.931446075,0.0000596
08/04/2023,30.54087219,23.10260925,64.59337412,11.79433727,0.02220273
09/04/2023,32.57544861,18.94300232,44.58008199,11.79433727,0.003039837
10/04/2023,36.96192322,16.42096863,29.82774965,0,0.0000894
11/04/2023,37.53710327,13.71791992,24.29411154,4.397162914,0.0000745
12/04/2023,36.31487427,18.90735779,36.14457457,4.397162914,0.003114343
13/04/2023,38.33641968,15.2204071,25.63947696,0,0.0000745
14/04/2023,38.7962738,14.41196594,23.74199987,0,0.0000596
15/04/2023,35.22103271,17.71752319,35.62382351,13.19148827,0.001817942
16/04/2023,36.99768982,16.01853333,29.01550618,6.616876125,0.000596
17/04/2023,31.89577637,20.00866089,49.49466331,6.616876125,0.0000596
18/04/2023,35.40732727,18.5236145,37.09114283,0,0.002101064
19/04/2023,35.05126343,20.99535522,44.09395698,9.92531395,0.008367002
20/04/2023,36.69666443,18.81569824,35.19598346,0,0.002615154
21/04/2023,33.642099,19.74169312,44.13265412,0,0.000983
22/04/2023,34.5813385,19.74477539,41.8938162,0,0.000238
23/04/2023,31.12313232,21.53005371,56.78682808,8.497783661,0.002399087
24/04/2023,35.62685547,16.7950531,32.86186537,4.24889183,0.0000894
25/04/2023,39.01595459,14.04947815,22.91896015,8.497783661,0.000149
26/04/2023,34.84908447,19.91045532,41.70322806,0,0.000909
27/04/2023,28.89551697,18.95435486,55.03236404,19.66941643,0.085011125
28/04/2023,33.9421936,19.08602295,41.66627026,0,0.000805
29/04/2023,33.50161133,19.46935425,43.73446856,0,0.013500452
30/04/2023,30.82413635,19.39029846,50.6198217,0,0.001579523
01/05/2023,34.1983429,18.55700073,39.7411488,0,0.000939
02/05/2023,34.44817505,19.43789063,41.40770753,0,0.001192093
03/05/2023,34.94785461,19.46645508,40.34888654,13.99098969,0.0007
04/05/2023,34.98638306,19.66816101,40.77063382,20.98648262,0.001385808
05/05/2023,32.13308105,20.379953,49.9691499,6.995494843,0.002622604
06/05/2023,34.10073242,19.90801392,43.46470756,0,0.000507
07/05/2023,31.61101685,21.66159973,55.68147288,11.22716618,0.004857779
08/05/2023,36.62999878,18.99707947,35.72662073,16.84074974,0.001713634
09/05/2023,35.71218262,19.79064331,39.47025097,0,0.000179
10/05/2023,36.05436096,19.13244019,37.18260843,0,0.000387
11/05/2023,34.22545776,19.91855774,43.19247091,0,0.001758337
12/05/2023,36.3093811,19.79725037,38.21365783,6.883553505,0.001356006
13/05/2023,36.26941833,19.96224365,38.69088689,6.883553505,0.003054738
14/05/2023,29.46593628,24.90950928,76.57086466,6.883553505,0.05415082
15/05/2023,32.63660583,20.05137024,47.59497154,13.76710701,0.000119
16/05/2023,34.93111572,19.99614868,41.73531029,0,0.000238
17/05/2023,35.58660278,20.00367126,40.27185052,0,0.013202429
18/05/2023,32.92043457,20.96061096,49.54317955,21.69939804,0.001743436
19/05/2023,34.82824097,21.64112244,46.44288138,0,0.012770295
20/05/2023,34.20075378,21.98270569,49.1009892,5.42484951,0.03489852
21/05/2023,33.39428101,20.90895996,48.0923178,2.143163204,0.018745661
22/05/2023,32.50428162,22.45743713,55.57185529,8.572652817,0.001311302
23/05/2023,32.73487244,21.39598999,51.41718343,2.143163204,0.002130866
24/05/2023,33.56704102,21.76622925,50.19856775,6.429490089,0.011533499
25/05/2023,33.95107422,21.25882874,47.63283845,0,0.005543232
26/05/2023,35.73056946,20.43932495,41.04445655,3.211749554,0.000566
27/05/2023,32.73153076,20.59749756,48.96530197,12.84699821,0.000149
28/05/2023,34.90285645,19.72298584,41.09894168,0,0.000238
29/05/2023,30.5798584,22.14110718,60.79817854,6.423499107,0.005781651
30/05/2023,34.37906799,20.26001892,43.73965535,0,0.000834
31/05/2023,35.68068848,20.75934753,41.97679019,6.423499107,0.024810433
01/06/2023,32.90551147,20.24878845,47.45703045,13.74310207,0.002428889
02/06/2023,32.09212646,21.85605774,54.83370448,0,0.008404255
03/06/2023,32.65325317,20.74250183,49.62239589,20.61465454,0.000656
04/06/2023,34.70456848,20.34255371,43.17669979,0,0.00079
05/06/2023,34.46161804,20.71140442,44.76873052,6.871551037,0.000954
06/06/2023,32.61579285,20.57434998,49.21473934,55.98526382,0.00539422
07/06/2023,31.71637878,20.62510071,51.93965931,33.59115601,0.025242567
08/06/2023,31.22239075,18.7394043,47.51699293,0,0.000596
09/06/2023,32.41948853,19.81525574,47.48075546,0,0.002771616
10/06/2023,31.3658844,21.38593445,55.51694546,11.19705296,0.008583069
11/06/2023,26.70093689,21.75060425,74.33091862,0,0.010743737
12/06/2023,32.40384827,16.68906555,39.05699707,0,0.000164
13/06/2023,33.39618835,17.77019653,39.55566244,0,0.000879
14/06/2023,30.63149414,21.14911804,57.0530829,27.41234398,0.009328127
15/06/2023,29.10852966,21.95525513,65.41341006,27.41234398,0.045150518
16/06/2023,30.46752319,20.28212891,54.59687435,0,0.000417
17/06/2023,34.0256897,20.20572815,44.45808577,11.30007744,0.000179
18/06/2023,30.60419617,21.82595215,59.55846206,22.60015488,0.001057982
19/06/2023,29.21199951,22.65252075,67.84021125,0,0.01758337
20/06/2023,32.78869019,20.65957031,48.99527358,33.90023041,0.002086163
21/06/2023,33.46495972,18.82613525,42.10231949,0,0.001654029
22/06/2023,26.72902832,20.60160217,69.15804278,20.87306976,0.0012815
23/06/2023,32.55422363,18.18273315,42.55887728,6.957689285,0.001847744
24/06/2023,23.02088318,22.77248535,98.50764034,6.957689285,0.085026026
25/06/2023,28.1092926,21.52420959,67.51278407,0,0.007838011
26/06/2023,28.07914124,21.22963867,66.42212074,6.644835949,0.011533499
27/06/2023,31.58905945,21.07433472,53.78109614,6.644835949,0.011280179
28/06/2023,24.07224426,22.05983887,88.54504759,6.644835949,7.606938481
29/06/2023,29.22257385,21.37703857,62.72817705,0,0.032678246
30/06/2023,29.2362915,22.7933136,68.32580717,3.322417974,1.239955425
01/07/2023,30.61513672,22.07789001,60.44267689,0,0.006571412
02/07/2023,29.17720947,22.62790833,67.87514249,4.186821461,0.004768372
03/07/2023,30.89545593,22.21166382,59.97045658,0,0.004887581
04/07/2023,31.10999451,21.71029053,57.45888654,12.56046391,0.013053417
05/07/2023,31.72654114,20.94552002,52.94330045,4.186821461,0.025689602
06/07/2023,30.36208496,21.8824707,60.5969191,4.614220619,0.000894
07/07/2023,28.19104919,23.4190155,75.38708787,4.614220619,0.02785027
08/07/2023,29.98310242,21.42070923,60.20363309,4.614220619,0.000998
09/07/2023,23.77520142,23.2762085,97.03876376,9.228441238,0.068247318
10/07/2023,30.1949707,20.53444824,56.32513013,0,0.002637506
11/07/2023,30.13025818,20.91636047,57.87912406,16.29103661,0.028312206
12/07/2023,26.48087463,22.35476074,78.1231867,0,0.053375959
13/07/2023,28.08295593,21.94477234,69.37564702,16.29103661,0.030249357
14/07/2023,29.7912384,21.85419617,62.50475693,16.29103661,0.009179115
15/07/2023,30.68270264,21.98645935,59.87549263,0,0.030323863
16/07/2023,30.55024109,21.15653381,57.34450601,0,0.003650784
17/07/2023,30.85296021,22.74083862,62.07911182,8.462004662,0.008434057
18/07/2023,26.1705719,22.76133118,81.55352595,16.92400932,0.042200089
19/07/2023,30.81636963,22.71112976,62.09680704,16.92400932,0.011414289
20/07/2023,28.79596863,21.92051086,66.46514887,0,0.00667572
21/07/2023,30.12131653,22.56136475,64.02912487,8.347284317,0.006884336
22/07/2023,27.52828369,22.6574646,74.82998307,25.04185486,0.031292439
23/07/2023,29.03006897,21.70238647,64.70419241,8.347284317,0.025898218
24/07/2023,29.07900391,21.57982788,64.04003111,0,0.018119812
25/07/2023,31.15783081,19.61112366,50.35345854,0,0.000715
26/07/2023,29.71245728,20.90145264,59.22943674,0,0.001847744
27/07/2023,30.67559204,22.63872681,62.32322725,0,0.004082918
28/07/2023,29.49393616,22.15265808,64.74990335,10.51214504,0.006467104
29/07/2023,26.57142029,23.65995178,84.09063181,31.53643799,0.013589859
30/07/2023,29.42936096,22.2913147,65.54178978,0,0.011861324
31/07/2023,30.09510193,22.26516113,62.98167262,21.02429008,0.0205338
01/08/2023,24.44922791,22.75911865,90.32525985,19.84513664,0.232964754
02/08/2023,28.7889801,20.89963684,62.46297555,0,0.012338161
03/08/2023,28.56670532,21.71289978,66.50561228,0,0.008553267
04/08/2023,30.58428345,21.40619812,58.11564181,0,0.007018447
05/08/2023,30.21535645,21.5853363,60.0089592,0,0.005036592
06/08/2023,29.27591858,20.74407349,60.151861,0,0.009328127
07/08/2023,26.82166443,23.24134216,80.79769405,0,0.04914403
08/08/2023,29.52304993,22.29515991,65.20439548,0,0.014469028
09/08/2023,26.59795532,21.09290466,71.8310912,0,0.006780028
10/08/2023,28.78865967,20.87378845,62.36495011,6.109127522,0.013202429
11/08/2023,27.71247253,22.19658813,71.98548224,0,0.004291534
12/08/2023,28.56488953,22.27633057,68.83656594,0,0.06249547
13/08/2023,24.51996765,23.28896484,92.87256943,0,0.114411116
14/08/2023,27.53899536,21.97796021,71.75640484,0,4.742205143
15/08/2023,29.92104492,20.42945251,56.84740084,0,0.003769994
16/08/2023,28.68157349,22.57698975,69.632985,27.91580963,0.00551343
17/08/2023,28.36782227,23.27544556,73.97330716,9.305269241,0.027239323
18/08/2023,30.59578857,21.98829041,60.18001599,0,0.013723969
19/08/2023,31.26416931,20.29093323,52.20201493,18.61053848,0.001847744
20/08/2023,25.04090271,23.39627991,90.61506077,0,0.042259693
21/08/2023,29.5230957,21.41433105,61.79212763,0,0.003233552
22/08/2023,30.72057495,20.78345642,55.50271544,0,0.00230968
23/08/2023,28.8946167,23.2451416,71.61807161,32.83107376,0.090494752
24/08/2023,27.41388855,20.98720703,68.03079511,0,0.005453825
25/08/2023,30.80292664,22.53313599,61.47704475,10.94369125,0.023961067
26/08/2023,30.56548462,22.73787842,63.09439705,0,0.017091632
27/08/2023,26.4271637,23.93726501,86.23370242,12.9468174,0.119537115
28/08/2023,29.35563049,22.05352173,64.87495496,0,0.016927719
29/08/2023,30.87000427,21.9731842,59.19144066,0,0.01744926
30/08/2023,25.87529907,23.84816895,88.61439546,38.84045029,0.296831131
31/08/2023,29.48578796,21.93439636,63.92448233,0,0.021621585
01/09/2023,30.67215881,21.8052002,59.25274348,16.86600685,0.01680851
02/09/2023,27.10961304,22.87546692,77.70589546,16.86600685,0.156760216
03/09/2023,28.17324219,21.50859985,67.19792854,0,0.029236078
04/09/2023,26.77628479,22.14537964,75.80540859,0,0.008955598
05/09/2023,27.01346741,22.33249817,75.61297503,0,0.004887581
06/09/2023,29.94614563,20.71026001,57.75651202,0,0.00153482
07/09/2023,30.60083923,21.90166626,59.84571381,0,0.004500151
08/09/2023,27.48453674,23.27297363,77.86790858,21.97311592,0.075191259
09/09/2023,28.31887207,21.31228027,65.83542832,0,0.004857779
10/09/2023,28.57294617,21.83204041,66.96694162,0,0.01296401
11/09/2023,30.71450195,22.77181396,62.68874264,0,0.005930662
12/09/2023,28.56321106,22.03925476,67.85681488,23.58928108,0.018417835
13/09/2023,29.34908447,20.7734314,60.00697139,0,0.005543232
14/09/2023,30.27250061,21.7661377,60.47741149,0,0.010699034
15/09/2023,30.09702454,21.88338623,61.52706142,23.58928108,0.013798475
16/09/2023,28.53618774,22.45101318,69.68720562,20.8155365,0.005304813
17/09/2023,27.90796814,21.73529968,69.19589872,0,0.007018447
18/09/2023,28.65978394,22.00415955,67.33390293,10.40776825,0.005200505
19/09/2023,30.72266541,22.36304626,61.1243179,0,0.023454428
20/09/2023,27.46561584,24.67769775,84.81318402,0,0.036180019
21/09/2023,27.09530029,22.74668274,77.1668101,7.511912823,0.020608306
22/09/2023,31.10424194,21.79248962,57.76694348,7.511912823,0.00487268
23/09/2023,30.45313416,21.3580719,58.38043226,7.511912823,0.055000186
24/09/2023,29.0861145,21.29030762,62.88916182,15.02382565,0.005245209
25/09/2023,30.93078003,20.58504639,54.17568093,15.02382565,0.000343
26/09/2023,32.1941925,21.55220947,53.51602562,25.11499786,0.001564622
27/09/2023,32.24808655,20.95691833,51.4415978,25.11499786,0.000134
28/09/2023,31.89400635,21.51615295,54.31134812,12.55749893,0.001877546
29/09/2023,27.89948425,22.76209412,73.6925017,0,0.010848045
30/09/2023,31.33258972,20.78830872,53.61853133,0,0.003069639
01/10/2023,30.32038269,21.84021912,60.58527322,4.066180706,0.010684133
02/10/2023,30.33420715,20.86234436,57.01750104,0,0.013679266
03/10/2023,25.89859924,23.63063965,87.3421467,8.132361412,0.074774027
04/10/2023,30.51920471,21.92191467,60.19971641,8.132361412,0.067934394
05/10/2023,28.07328186,23.53431091,76.43451506,4.066180706,0.047564507
06/10/2023,30.01744995,23.38085327,67.68534798,0,0.048696995
07/10/2023,29.47265015,22.57538757,66.5166119,6.851565361,0.078678131
08/10/2023,30.17569885,21.40560303,59.48757285,6.851565361,0.001877546
09/10/2023,30.67525635,23.07125244,63.97826961,13.70313072,0.408485532
10/10/2023,31.55812988,22.23969421,57.85237669,6.851565361,0.004649162
11/10/2023,29.88588867,22.37366638,64.16397627,9.309231758,0.002712011
12/10/2023,31.64763794,22.312677,57.81570977,3.103077173,0.02259016
13/10/2023,31.37842712,21.70125732,56.5578201,3.103077173,0.003069639
14/10/2023,30.41010437,22.39977417,62.36435721,6.206154346,0.009194016
15/10/2023,32.1322113,20.90221558,51.60527905,3.103077173,0.000641
16/10/2023,31.02976379,20.88521729,54.87576178,4.152697563,0.003039837
17/10/2023,27.9380127,21.92939148,69.89797838,0,0.004246831
18/10/2023,31.85680542,22.85834656,59.05851203,8.305395126,0.006064773
19/10/2023,31.98970947,22.23043213,56.4244112,8.305395126,0.001341105
20/10/2023,31.11777649,21.43062744,56.45955185,4.152697563,0.000745
21/10/2023,33.10132751,20.17348633,46.72071037,0,0.000417
22/10/2023,33.50550232,18.05713806,40.03090409,0,0.000194
23/10/2023,32.80091248,19.25353394,44.87898042,3.804929972,0.000134
24/10/2023,34.07479248,17.89278564,38.38125756,0,0.000119
25/10/2023,33.73439941,18.11799011,39.67394923,0,0.00192225
26/10/2023,32.93287048,17.593927,40.14727809,0,0.0000745
27/10/2023,32.88840637,17.46784363,39.92862401,9.303337097,0.000164
28/10/2023,32.11387024,19.30751953,46.80653061,4.651668549,0.00076
29/10/2023,33.95777283,17.64066467,38.02342803,0,0.000149
30/10/2023,30.78757629,20.25792847,53.52827713,9.303337097,0.003606081
31/10/2023,32.15497742,19.75800476,48.02347803,0,0.0000894
01/11/2023,33.50200806,16.77984009,36.93528632,0,0.0000596
02/11/2023,34.60515747,15.72072754,32.46794739,0,0.0000596
03/11/2023,32.61266479,18.5859314,43.50499835,0,0.0000894
04/11/2023,31.23069153,20.78092346,53.90532972,0,0.000551
05/11/2023,34.63401184,17.4868103,36.26761631,2.176607609,0.000119
06/11/2023,31.87926636,20.91854248,52.40073371,1.59641242,0.003099442
07/11/2023,33.60032043,18.84745178,41.84078713,0.532137454,0.006005168
08/11/2023,34.48063049,15.76264343,32.78076803,0.532137454,0.000149
09/11/2023,34.34003601,16.04891357,33.64771572,0,0.0000894
10/11/2023,35.08197937,14.41745911,29.07878409,0,0.0000298
11/11/2023,33.72600708,16.14490662,35.03165371,0,0.000224
12/11/2023,34.4873291,15.26046143,31.73024144,0,0.000179
13/11/2023,35.46003113,12.07692871,24.44317833,0,0.0000596
14/11/2023,35.70722351,10.50267944,21.7224625,0,0.0000447
15/11/2023,31.19335327,18.84737549,47.91769346,0,0.000477
16/11/2023,34.69838867,14.74530945,30.33811167,0,0.0000447
17/11/2023,36.20699463,11.87232361,23.14602839,0,0.0000447
18/11/2023,36.15404663,9.890237427,20.34517314,0,0.0000447
19/11/2023,35.53019104,10.04262695,21.27062087,0,0.0000447
20/11/2023,34.47901306,9.846124268,22.24796961,0,0.000149
21/11/2023,35.6496521,8.554299927,19.11455643,0,0.0000596
22/11/2023,34.47295532,15.6692749,32.59929594,0,0.0000596
23/11/2023,34.63269958,15.24894104,31.45221046,0,0.0000894
24/11/2023,34.127771,16.34203491,34.68950814,0,0.0000596
25/11/2023,32.43834839,20.25663147,48.74374644,0,0.043064356
26/11/2023,24.52173767,23.97467957,96.7757901,0,0.073418021
27/11/2023,33.94431458,15.97509155,34.2347298,0,0.0000298
28/11/2023,34.28838501,16.61672363,34.98737377,0,0.0000298
29/11/2023,34.15007935,16.99315796,36.10991805,0,0.000104
30/11/2023,34.45826111,15.44954834,32.16961655,0,0.0000894
01/12/2023,35.80594788,9.189782715,19.78319233,0,0.0000298
02/12/2023,35.42801819,6.998803711,17.40080335,0,0.000298
03/12/2023,35.89319763,4.653390503,14.41567921,0,0.0000596
04/12/2023,35.81737671,9.377069092,20.02192551,0,0.000179
05/12/2023,35.66365967,9.875482178,20.87971291,0,0.0000298
06/12/2023,35.12027893,7.133187866,17.86268338,0,0.000238
07/12/2023,35.24027405,8.4099823,19.36006463,0,0.0000745
08/12/2023,35.6252533,6.989022827,17.20130839,0,0.0000447
09/12/2023,35.89504395,5.22097168,14.99707795,0,0.0000596
10/12/2023,35.24427185,6.335153198,16.79283289,0,0.000283
11/12/2023,34.74454651,4.491525269,15.18512193,4.768736362,0.0000596
12/12/2023,33.22399292,4.485574341,16.52000667,0,0.0000298
13/12/2023,33.1405426,4.013040161,16.05557845,0,0.0000298
14/12/2023,34.83083496,6.34786377,17.19595775,0,0.0000298
15/12/2023,35.49955139,7.394464111,17.80894678,0,0.0000298
16/12/2023,35.87355957,7.830911255,17.97447242,0,0.0000298
17/12/2023,35.9323822,5.954446411,15.74870134,0,0.0000298
18/12/2023,36.00711975,2.741616821,12.51796413,0,0.0000298
19/12/2023,36.65044556,4.709985352,13.88503974,0,0.0000298
20/12/2023,35.84208069,4.870278931,14.67717241,0,0.0000298
21/12/2023,35.94741211,5.981454468,15.76517209,0,0.0000298
22/12/2023,36.29973755,8.612237549,18.51724738,3.670137882,0.0000298
23/12/2023,36.33139954,6.293496704,15.77356331,0,0.0000298
24/12/2023,36.15541992,4.747338867,14.30352389,0,0.0000298
25/12/2023,35.6980072,2.326593018,12.36133915,0,0.0000298
26/12/2023,35.20203552,2.079721069,12.48163698,0,0.0000298
27/12/2023,35.4366394,2.361566162,12.57179053,0,0.0000298
28/12/2023,35.73371277,4.163842773,14.05163523,0,0.0000298
29/12/2023,35.71888123,3.375024414,13.30217273,0,0.0000298
30/12/2023,35.74154053,3.515893555,13.4186077,0,0.0000298
31/12/2023,36.06611023,6.470956421,16.20171584,0,0.0000298
01/01/2024,36.55314026,5.838372803,15.10032628,0,0.0000298
02/01/2024,36.8104187,6.6650177,15.76484584,0,0.0000596
03/01/2024,36.8741394,10.14681396,19.89907525,0,0.0000447
04/01/2024,36.93131409,7.720376587,16.83643153,0,0.0000447
05/01/2024,36.636026,9.472543335,19.26737229,0,0.0000596
06/01/2024,36.77597961,11.62160645,22.06849241,0,0.0000298
07/01/2024,36.79451904,11.70446167,22.16728951,0,0.0000298
08/01/2024,37.29689941,3.107095337,11.97342189,0,0.0000298
09/01/2024,37.05991516,7.168878174,16.09982451,0,0.0000596
10/01/2024,36.5513855,8.155023193,17.70586153,0,0.0000745
11/01/2024,36.71058044,-0.615194702,9.454895764,0,0.0000447
12/01/2024,36.09247742,-0.960470581,9.535778191,0,0.0000447
13/01/2024,35.94924316,-4.259680176,7.518895019,0,0.0000298
14/01/2024,35.79075012,0.137246704,10.5042479,0,0.0000298
15/01/2024,35.92072449,-1.612509155,9.175176797,0,0.0000298
16/01/2024,35.94899902,-1.567007446,9.191745809,0,0.0000298
17/01/2024,35.40889893,-2.645986938,8.741405641,0,0.0000298
18/01/2024,35.68921814,-0.292349243,10.23768884,0,0.0000298
19/01/2024,36.19947205,0.454690552,10.51075188,0,0.0000298
20/01/2024,36.710672,-0.078421021,9.83263529,0,0.0000298
21/01/2024,37.19631348,-1.24236145,8.793951066,0,0.0000298
22/01/2024,37.53344116,-4.448492432,6.798542855,0,0.0000298
23/01/2024,36.36956177,9.602075195,19.72115849,0,0.000209
24/01/2024,36.02596436,11.5203186,22.83922916,0,0.0000298
25/01/2024,35.34949646,2.331079102,12.60486066,0,0.0000298
26/01/2024,35.3407074,2.189828491,12.4844058,0,0.0000298
27/01/2024,35.83954773,3.719476318,13.53977032,0,0.0000298
28/01/2024,35.71451721,1.788735962,11.88399323,0,0.0000298
29/01/2024,37.14325867,3.206765747,12.15947731,0,0.0000298
30/01/2024,37.96254883,5.362741089,13.53197694,0,0.0000298
31/01/2024,37.69069824,5.40682373,13.77480474,0,0.0000298
01/02/2024,37.26088867,4.869973755,13.58191455,3.458206415,0.0000298
02/02/2024,36.66455994,3.640817261,12.86998187,0,0.0000298
03/02/2024,37.13253174,2.893212891,11.89893117,0,0.0000298
04/02/2024,36.60387573,2.485513306,11.89669945,0,0.0000298
05/02/2024,36.19490967,1.506997681,11.34303272,0,0.0000298
06/02/2024,36.4290863,0.035012817,10.06787237,0,0.0000298
07/02/2024,36.97364197,1.113183594,10.56674971,0,0.0000298
08/02/2024,37.50527344,1.887536621,10.85315023,0,0.0000298
09/02/2024,37.8375946,2.967477417,11.51274382,0,0.0000298
10/02/2024,38.86173401,7.917947388,15.3721631,0,0.0000298
11/02/2024,39.38222656,10.00641785,17.21490486,0,0.0000298
12/02/2024,39.85714111,8.167825317,14.82439431,0,0.0000298
13/02/2024,39.99120483,8.159936523,14.71089859,0,0.0000596
14/02/2024,39.77854309,5.991799927,12.82175964,0,0.0000894
15/02/2024,39.05477295,0.077081299,8.759702482,0,0.0000894
16/02/2024,38.63352356,-0.803945923,8.402130617,0,0.0000298
17/02/2024,38.65865479,8.334100342,15.98727321,0,0.0000298
18/02/2024,39.12287292,11.93354187,19.84207817,0,0.0000298
19/02/2024,38.3809906,16.35354004,27.50117375,0,0.000447
20/02/2024,38.97051392,14.83519897,24.17245384,5.031952858,0.000149
21/02/2024,38.67055664,13.79384766,22.96400438,0,0.000238
22/02/2024,38.50235901,13.63479004,22.93441963,0,0.000164
23/02/2024,30.98804626,19.86753235,51.65736056,0,0.000164
24/02/2024,32.34346924,10.79158936,26.70546352,0,0.0000298
25/02/2024,36.95119629,6.292718506,15.24778452,0,0.0000596
26/02/2024,38.79099426,11.8414093,20.07641288,0,0.0000298
27/02/2024,39.7635437,11.62241516,18.78333948,0,0.0000298
28/02/2024,39.47823486,13.14121399,21.07444738,0,0.0000298
29/02/2024,39.99508057,11.86940918,18.85804422,0,0.0000447
01/03/2024,37.33426819,16.08571777,28.61152038,0,0.000224
02/03/2024,38.89267883,15.37171326,25.12609651,5.481475353,0.0000298
03/03/2024,38.19912109,14.46723328,24.60606281,1.827158332,0.0000298
04/03/2024,39.00379333,13.67991028,22.38987141,1.827158332,0.0000298
05/03/2024,39.75219116,12.80223999,20.3126023,0,0.0000298
06/03/2024,39.265802,14.58834229,23.41662961,6.981068611,0.000104
07/03/2024,36.95800171,18.32743225,33.65346831,0,0.000954
08/03/2024,38.11063538,16.2655426,27.74940677,4.654045582,0.000209
09/03/2024,39.15952454,12.10523376,20.02855164,2.327022791,0.0000298
10/03/2024,40.39063416,14.02747498,21.26612426,0,0.0000298
11/03/2024,40.05631409,17.2882019,26.67563269,0,0.001728535
12/03/2024,40.05932007,17.05326233,26.27772853,0,0.000387
13/03/2024,39.6969696,16.17003784,25.32791581,0,0.0000298
14/03/2024,38.96549377,16.60067139,27.07207749,4.003817081,0.005483627
15/03/2024,34.28395996,19.11538086,40.95642597,2.001908541,0.0000298
16/03/2024,39.83995972,15.49517212,24.07347637,3.741865396,0.0000298
17/03/2024,40.21987305,13.3638092,20.55334331,0,0.000149
18/03/2024,40.3308197,8.904138184,15.19515093,0,0.0000298
19/03/2024,40.29822693,5.57795105,12.11873099,0,0.0000298
20/03/2024,38.56347046,11.55272827,19.93957238,0,0.0000596
21/03/2024,39.30773315,14.79935608,23.68444255,1.702121854,0.0000596
22/03/2024,40.01670227,11.78557739,18.7323467,1.702121854,0.0000298
23/03/2024,37.98851929,15.89289246,27.27655877,1.702121854,0.000954
24/03/2024,39.14562378,14.39708862,23.27839172,0,0.0000298
25/03/2024,38.67740784,14.63770447,24.24539872,0.851060927,0.0000298
26/03/2024,38.42725525,15.82547913,26.5234469,0,0.0000298
27/03/2024,39.64147339,14.49299011,22.80966752,0,0.0000298
28/03/2024,40.28994141,15.27797852,23.17790774,1.019660711,0.0000298
29/03/2024,40.36089478,12.27428589,18.99451629,2.039321423,0.000104
30/03/2024,39.86152039,15.0586792,23.38091753,0,0.0000298
31/03/2024,39.5107666,15.20176086,24.04334827,0,0.0000298
01/04/2024,37.11281738,20.31607971,37.767245,0,0.0007
02/04/2024,40.49497375,13.68230591,20.67958441,4.149320602,0.0000298
03/04/2024,38.10871277,17.22171936,29.48954344,2.074660301,0.0000447
04/04/2024,37.6296936,17.4896637,30.78091933,0,0.0000894
05/04/2024,32.67037354,21.67546997,52.49375264,4.149320602,0.015571713
06/04/2024,37.59794006,18.72927246,33.3311621,9.442760468,0.000104
07/04/2024,38.23883972,16.7774292,28.47004944,14.16414165,0.0000298
08/04/2024,37.19536743,18.50315247,33.58929497,9.442760468,0.001102686
09/04/2024,36.25458679,18.08884583,34.4518498,4.721380234,0.001698732
10/04/2024,38.05431519,17.44507751,29.99686971,4.721380234,0.000492
11/04/2024,38.18059692,17.55648193,30.00315864,0,0.000119
12/04/2024,33.32471619,20.62105713,47.43202327,4.61140871,0.0000298
13/04/2024,36.2103363,21.54194031,42.77952029,0.984888673,0.016257167
14/04/2024,34.16234741,20.77259216,45.69096884,20.88920403,0.003412366
15/04/2024,37.07674561,20.1874176,37.5418606,0,0.009194016
16/04/2024,38.19552002,17.74071655,30.32925691,3.259150267,0.0000894
17/04/2024,38.29299316,16.15351257,27.28192577,3.259150267,0.000119
18/04/2024,39.28077087,15.2902771,24.48002172,0,0.0000298
19/04/2024,38.47625122,18.02077637,30.40465017,0,0.000238
20/04/2024,39.33881531,18.19495544,29.34736733,1.629575133,0.000447
21/04/2024,35.73821411,21.48619995,43.75290708,13.96164894,0.004887581
22/04/2024,38.58381042,18.43149719,31.01841012,2.473953247,0.000283
23/04/2024,34.03965149,20.88781128,46.33111349,10.63744831,0.061064959
24/04/2024,36.61531982,20.59543762,39.4801713,0,0.0000745
25/04/2024,35.13894043,21.4611145,45.15218611,0,0.001132488
26/04/2024,36.78054199,20.19761047,38.17682009,4.368637562,0.000894
27/04/2024,37.64537964,19.50464783,34.89172538,4.368637562,0.0000596
28/04/2024,38.11301575,20.10090027,35.30086862,4.368637562,0.000224
29/04/2024,36.37290344,21.20655212,41.5383649,4.368637562,0.000477
30/04/2024,39.31879578,16.81672058,26.93103362,4.368637562,0.0000447
01/05/2024,37.16964111,20.20992432,37.40455233,5.175924301,0.000343
02/05/2024,36.67389832,20.07000122,38.09783899,0,0.000656
03/05/2024,36.78511963,20.23493347,38.25542267,5.175924301,0.001460314
04/05/2024,37.30759583,17.93000183,32.20523767,0,0.000119
05/05/2024,37.29174194,19.90316162,36.45840072,5.175924301,0.000283
06/05/2024,34.69301758,20.53788147,43.72809966,12.70604324,0.000417
07/05/2024,36.84205017,18.9993988,35.32067856,0,0.007927418
08/05/2024,37.10334167,20.69312439,38.67551732,0,0.0007
09/05/2024,37.3192688,19.83594666,36.25259254,0,0.000253
10/05/2024,36.52150879,20.23180542,38.80257688,0,0.000328
11/05/2024,37.30410156,20.76944885,38.43567399,5.320446014,0.002503395
12/05/2024,34.2522522,20.14815674,43.74538323,5.320446014,0.004529953
13/05/2024,35.97014771,19.99938354,39.42141459,26.60223198,0.00192225
14/05/2024,37.21177063,18.17618713,32.87825323,0,0.000194
15/05/2024,36.57265625,20.18932495,38.59281784,0,0.002145767
16/05/2024,30.7862793,22.77930603,62.4609682,9.248379707,0.004082918
17/05/2024,35.96141968,18.61255798,36.17882929,23.46818542,0.000566
18/05/2024,36.56200562,19.40990601,36.79362342,0,0.000164
19/05/2024,37.21416626,18.02614746,32.56553959,4.943195343,0.000253
20/05/2024,36.54598389,18.895578,35.66432726,0.856794178,0.0000894
21/05/2024,37.29296265,19.28814087,35.0899244,3.129210472,0.00102818
22/05/2024,34.00936279,20.73955688,45.98798987,9.387631416,0.001400709
23/05/2024,36.44661865,18.62928162,35.26668822,0,0.0000894
24/05/2024,35.5543457,19.650354,39.46946611,9.387631416,0.000387
25/05/2024,34.32123718,18.70412598,39.83567267,6.258420944,0.002622604
26/05/2024,36.33545837,18.35947571,34.88725249,0,0.000685
27/05/2024,34.76746521,20.33680115,43.01129417,0,0.000268
28/05/2024,33.34627686,22.39029846,52.7911148,0,0.000954
29/05/2024,36.12667236,20.02401123,39.14405588,0,0.001132488
30/05/2024,33.74273071,20.8040863,46.86215044,0,0.000849
31/05/2024,33.66906128,20.75438843,46.91151524,0,0.001013279
01/06/2024,35.5538269,20.228479,40.90942182,0,0.001162291
02/06/2024,30.83628235,21.31157837,56.95499627,28.28326225,0.000864
03/06/2024,36.11701355,18.30335388,35.1831575,0,0.000447
04/06/2024,32.2134491,21.17804871,52.2467055,0,0.002384186
05/06/2024,36.1847168,19.48087463,37.72718663,0,0.000179
06/06/2024,31.95147095,22.18241272,56.38149344,11.31066322,0.005096197
07/06/2024,32.94072876,19.20954285,44.4062403,0,0.0000894
08/06/2024,34.43462524,19.92771301,42.71778495,0,0.000507
09/06/2024,34.85866699,18.35233459,37.82388685,0,0.000179
10/06/2024,34.32935486,21.07981262,46.13169972,0,0.002145767
11/06/2024,33.08574829,20.0264679,46.33821568,4.996887207,0.043779612
12/06/2024,32.37323914,19.47948608,46.62272671,10.66233063,0.000671
13/06/2024,33.26600037,20.21463928,46.40962908,0.531114101,0.000671
14/06/2024,35.35059509,20.0821167,40.99731718,5.942941666,0.007092953
15/06/2024,30.04726563,21.77811584,61.30766271,1.782360554,0.013440847
16/06/2024,31.51575623,20.14562378,51.0017385,0,0.001266599
17/06/2024,32.78856812,19.29006348,45.01236128,0,0.000194
18/06/2024,33.22689209,19.50670776,44.51499359,9.781490326,0.0000298
19/06/2024,34.68703613,19.61501465,41.3150955,4.890745163,0.001311302
20/06/2024,33.71610413,21.44934998,48.82741753,0,0.001460314
21/06/2024,33.21805725,20.10891113,46.2311914,10.0787096,0.001549721
22/06/2024,34.80811462,18.90857849,39.27314427,0,0.000566
23/06/2024,33.88614807,19.52132568,42.944449,0,0.000164
24/06/2024,32.77025757,20.35822449,48.14314912,10.0787096,0.000626
25/06/2024,25.14302979,23.52471313,90.76576974,10.0787096,0.023573637
26/06/2024,31.74846802,21.09365234,53.36086547,19.05064583,0.000864
27/06/2024,33.23670349,20.61789856,47.65700114,9.525322914,0.002235174
28/06/2024,32.25951538,20.98967896,51.51202337,9.525322914,0.001311302
29/06/2024,32.25164185,21.4740387,53.08835185,0,0.005841255
30/06/2024,31.4959198,21.46276245,55.36859887,0,0.025123358
01/07/2024,32.80622253,20.4041687,48.18241001,0,0.001102686
02/07/2024,30.94425354,21.53640137,57.39021884,12.29434013,0.006973743
03/07/2024,25.92275391,22.55440674,81.72461175,12.29434013,0.020861626
04/07/2024,29.94838867,21.41585693,60.30573622,0,0.011414289
05/07/2024,29.41892395,21.62641296,62.97573138,6.147170067,0.000775
06/07/2024,26.59708557,23.19068298,81.62159544,12.27250004,0.043004751
07/07/2024,30.94661865,21.95847473,58.88082175,4.090833187,0.043213367
08/07/2024,28.81723938,21.95678101,66.53036716,4.090833187,0.047057867
09/07/2024,30.35010681,20.59937439,56.05100694,0,0.001892447
10/07/2024,31.11531982,21.0176178,55.05536337,8.181666374,0.015854836
11/07/2024,27.90770874,21.98146973,70.24418786,7.272575855,0.015884638
12/07/2024,27.85959778,21.35624084,67.80087199,0,0.013887882
13/07/2024,30.75596008,21.8795105,59.2381554,0,0.002130866
14/07/2024,29.53963623,21.83059082,63.32433305,0,0.009611249
15/07/2024,29.2415863,22.15258179,65.69813265,0,0.003799796
16/07/2024,26.53218994,24.25802002,87.36660936,0,0.040531158
17/07/2024,26.09803162,22.46485291,80.44370668,19.88353157,0.043407083
18/07/2024,29.68132935,20.90836487,59.36073837,0,0.003606081
19/07/2024,29.10819397,22.01494751,65.65314018,6.62784338,0.022619963
20/07/2024,27.57367859,21.58381042,69.90842442,6.62784338,0.013560057
21/07/2024,28.99837646,20.4442688,60.00461685,0,0.0038445
22/07/2024,29.12920532,20.16797791,58.54537211,0,0.001132488
23/07/2024,30.23726807,20.37255249,55.630525,0,0.003889203
24/07/2024,27.42803345,20.1763092,64.6612754,0,0.000358
25/07/2024,29.32238159,20.4183136,58.79863629,0,0.000924
26/07/2024,30.78528748,21.12966309,56.48718064,0,0.001162291
27/07/2024,30.66436157,21.27364502,57.38267996,0,0.012218952
28/07/2024,25.19992981,22.02698669,82.61172953,0,0.019475818
29/07/2024,29.04369507,19.72826538,57.25471349,16.59961319,0.001862645
30/07/2024,29.94191895,20.30188904,56.33401094,0,0.004157424
31/07/2024,30.77434692,20.54252014,54.51777571,0,0.003248453
01/08/2024,29.5450531,21.49120483,62.00515717,0,0.003606081
02/08/2024,28.60941467,20.90023193,63.11831767,0,0.004947186
03/08/2024,31.11376343,18.06676636,45.8375648,0,0.000343
04/08/2024,30.68912659,18.07450256,46.98286142,0,0.0000596
05/08/2024,31.13259277,18.36574707,46.6559293,0,0.000387
06/08/2024,31.75039063,20.25745544,50.67721645,0,0.004515052
07/08/2024,29.43441162,20.62325439,59.16310358,0,0.004813075
08/08/2024,30.87354431,19.85286865,51.94814743,0,0.002980232
09/08/2024,30.67365417,18.168573,47.30306221,0,0.000179
10/08/2024,31.24472961,18.86782227,47.83902417,0.777329981,0.000715
11/08/2024,31.18052063,20.13240967,51.93944295,0,0.002354383
12/08/2024,30.31429443,20.34377441,55.28748705,0,0.001549721
13/08/2024,29.86051331,19.79181824,54.83933849,8.022950172,0.001758337
14/08/2024,31.53939209,19.70694885,49.56815436,0,0.002264977
15/08/2024,32.29543457,19.60036621,47.180635,0,0.000283
16/08/2024,26.1783844,20.66910706,71.73589885,0,0.008612871
17/08/2024,30.72136841,20.50083313,54.54240612,0,0.000849
18/08/2024,32.5858551,17.64911804,41.08054055,0,0.000343
19/08/2024,27.70801697,23.16735229,76.36956635,10.20991707,0.060781837
20/08/2024,22.57583008,22.27211914,98.17178995,0,10.3559792
21/08/2024,29.41968689,21.39994202,62.10644325,0.602397203,0.014320016
22/08/2024,26.13916931,23.08402405,83.31620986,3.347439289,3.432884812
23/08/2024,22.7539917,22.18602905,96.60949967,17.41746712,9.0931952
24/08/2024,26.26793823,21.74234924,76.21247102,2.976002932,0.036150217
25/08/2024,29.89524231,21.14771423,59.50395156,3.032039881,0.055208802
26/08/2024,29.35787354,23.38973389,70.33895215,3.709592819,0.058531761
27/08/2024,27.67852173,22.03200684,71.40894681,3.030332565,0.021353364
28/08/2024,29.44513855,20.53041992,58.78926095,0.907346547,0.002652407
29/08/2024,29.5776001,21.77904663,62.98763875,1.390683293,0.016793609
30/08/2024,25.43943176,22.817453,85.45108773,14.18430233,0.07507205
31/08/2024,27.00545654,22.22467957,75.15406604,3.35385108,0.027731061
01/09/2024,28.7038208,20.27903137,60.41653161,0,0.00295043
02/09/2024,30.31563721,17.83774719,47.28691578,0,0.0000298
03/09/2024,30.71445618,19.16922913,50.24125138,0,0.000626
04/09/2024,30.44677124,19.64049683,52.53249913,0,0.000149
05/09/2024,30.36893616,18.56229553,49.33679758,0,0.0000298
06/09/2024,30.04885254,20.78087769,57.66735065,12.01976585,0.004976988
07/09/2024,26.7088562,21.16944275,71.69998927,18.02964973,0.041395426
08/09/2024,29.89652405,22.13091431,63.18481731,0,0.009089708
09/09/2024,31.12079773,22.07460938,58.71407181,0,0.003635883
10/09/2024,28.52129517,23.33777771,73.59369411,12.01976585,0.119507313
11/09/2024,28.34290466,22.32235107,69.9244086,4.596811771,0.008672476
12/09/2024,25.9293457,22.68874512,82.36119078,0.87357986,0.067591667
13/09/2024,27.43642578,23.39016113,78.64126851,8.019493103,0.069707632
14/09/2024,26.89064941,23.16390381,80.09555394,5.185054779,0.108808279
15/09/2024,30.31191406,22.563974,63.34410543,4.518259525,0.067859888
16/09/2024,30.6252533,22.88199768,63.43074449,15.7243576,0.054210424
17/09/2024,29.08054504,23.06122742,70.06973366,0,0.03054738
18/09/2024,24.73497925,24.24038086,97.08567383,62.89743042,0.121504068
19/09/2024,28.21459351,21.47567139,66.90162761,15.7243576,0.009074807
20/09/2024,29.19976196,22.12633667,65.75170095,0,0.015854836
21/09/2024,25.36347351,23.30072937,88.38233578,11.69604874,0.090762973
22/09/2024,28.19474182,21.71688232,67.97401348,0,0.027090311
23/09/2024,29.30384216,22.09980164,65.25262203,0,0.010624528
24/09/2024,27.81499634,22.90322266,74.69198265,11.69604874,0.017940998
25/09/2024,29.13898621,22.45499573,67.31484104,0,0.094518065
26/09/2024,30.07587585,22.30539856,63.20560477,9.369551659,0.025451183
27/09/2024,30.1703125,21.73722229,60.72501332,18.73910332,0.00295043
28/09/2024,29.44059143,22.08017883,64.66308054,18.73910332,0.021919608
29/09/2024,27.75480042,22.20644531,71.85102004,0,0.075012445
30/09/2024,29.22554932,22.54985962,67.36630126,9.369551659,0.082358718
01/10/2024,27.67276917,22.25579224,72.41285849,7.67318821,0.004127622
02/10/2024,30.25336609,21.26937256,58.73135239,8.789116859,0.005364418
03/10/2024,29.32953796,23.19463501,69.62927222,8.909985542,0.063896179
04/10/2024,25.51809082,24.09108887,91.83954102,45.08604813,1.404583454
05/10/2024,24.91945801,22.74968872,87.7743001,20.88786888,1.605391502
06/10/2024,28.00385437,22.33027039,71.35104382,7.134552956,0.393643975
07/10/2024,25.07177124,23.43932495,90.6837097,0,1.836329699
08/10/2024,30.06414185,22.76827393,65.05039114,7.134552956,0.039100647
09/10/2024,28.79786072,23.4586731,72.95375837,14.26910591,1.771807671
10/10/2024,30.59336243,22.31328735,61.39110458,7.134552956,0.019490719
11/10/2024,30.39322815,22.17685852,61.58399972,14.01887512,1.977771521
12/10/2024,29.24848328,22.85437927,68.53076596,21.02831268,0.016748905
13/10/2024,29.67958984,21.68836365,62.27335593,0,0.053271651
14/10/2024,27.24042664,21.7368103,71.95400769,0,0.003054738
15/10/2024,28.60733948,22.05330811,67.74143126,0,0.003397465
16/10/2024,30.11091003,22.34769592,63.24123319,8.793941498,0.022515655
17/10/2024,25.98827515,23.31316528,85.23371102,17.587883,0.111863017
18/10/2024,28.55545959,23.77965698,75.42890045,17.587883,0.066682696
19/10/2024,31.12609253,20.75016174,54.12430859,0,0.000492
20/10/2024,30.54792175,21.77546082,59.56630305,17.587883,0.007271767
21/10/2024,30.2138916,22.71584473,64.29001963,4.55329752,0.043347478
22/10/2024,27.70661316,23.33786926,77.16606432,4.55329752,0.084191561
23/10/2024,31.09360657,22.70568237,61.10389893,0,0.002324581
24/10/2024,32.72992859,20.19292603,47.7622029,0,0.001460314
25/10/2024,29.50963745,22.46642456,65.93749479,9.106595039,0.01399219
26/10/2024,32.50260315,19.94262085,47.63346143,23.75741577,0.000954
27/10/2024,33.03489075,18.36913452,41.9123692,0,0.0000894
28/10/2024,31.47203979,19.78873596,50.01092035,0,0.000194
29/10/2024,31.8714386,20.06173096,49.7258855,0,0.000864
30/10/2024,33.36435852,17.94515381,40.06496293,0,0.000179
31/10/2024,34.0029541,15.82781372,33.8033716,0,0.0000596
01/11/2024,33.83799133,15.24466858,32.86363179,0,0.0000894
02/11/2024,33.11937866,15.84899292,35.56177143,2.104448318,0.000104
03/11/2024,32.53354797,17.6308075,41.15410007,4.208896637,0.000805
04/11/2024,33.80137024,11.55272827,25.88489417,0,0.0000447
05/11/2024,33.41858826,10.98598633,25.4685185,0,0.0000298
06/11/2024,33.26409302,12.77225647,28.90425189,0,0.0000298
07/11/2024,33.99341736,13.43731079,28.98378728,0,0.0000447
08/11/2024,34.81549988,14.49472961,29.65821457,0,0.0000298
09/11/2024,34.22553406,13.29480896,28.34721186,0,0.0000447
10/11/2024,33.23987732,13.5316864,30.41577553,0,0.0000298
11/11/2024,34.24480591,12.06781921,26.12755142,0,0.0000298
12/11/2024,34.66893921,11.87246094,25.19308396,0,0.0000298
13/11/2024,35.59336243,12.69620667,25.27255112,0,0.0000447
14/11/2024,34.77951965,14.06543884,28.90267914,0,0.0000298
15/11/2024,35.42368469,10.29909668,21.7661353,0,0.0000596
16/11/2024,34.54526672,4.370126343,15.22357327,0,0.0000596
17/11/2024,33.7204834,8.322351074,20.93838091,0,0.0000745
18/11/2024,34.47916565,7.627008057,19.14428692,0,0.0000298
19/11/2024,34.73720703,9.330773926,21.18492742,0,0.0000298
20/11/2024,35.05666504,8.925622559,20.25249776,0,0.0000298
21/11/2024,34.8552948,8.02767334,19.26887881,0,0.0000298
22/11/2024,34.48890076,10.55541382,23.31635227,0,0.000268
23/11/2024,34.81606445,7.66111145,18.83402115,0,0.0000596
24/11/2024,34.78121338,4.596078491,15.26575118,0,0.0000298
25/11/2024,34.7114502,4.163049316,14.86622842,0,0.0000298
26/11/2024,34.50960693,6.16300354,17.28260557,0,0.0000745
27/11/2024,34.34305725,6.153375244,17.43150224,0,0.0000298
28/11/2024,33.97782288,7.361703491,19.33134059,0,0.0000298
29/11/2024,33.78673706,7.584634399,19.8385106,0,0.0000298
30/11/2024,34.00332031,8.614282227,21.02320439,0,0.0000298
01/12/2024,34.80516968,10.11661682,22.24917436,0,0.0000447
02/12/2024,35.27097473,9.719995117,21.11474003,0,0.0000298
03/12/2024,35.50103149,8.036798096,18.60571705,0,0.0000298
04/12/2024,34.90665588,5.695718384,16.36816692,0,0.0000298
05/12/2024,34.74680481,4.469781494,15.16009637,0,0.0000298
06/12/2024,34.96431885,7.797692871,18.85516561,0,0.0000298
07/12/2024,35.00786743,7.032327271,17.84998951,0,0.0000298
08/12/2024,34.50705872,6.448236084,17.62889913,0,0.0000298
09/12/2024,35.47730408,6.798440552,17.11630873,3.797449827,0.0000298
10/12/2024,35.99649963,7.646386719,17.63013524,0,0.0000298
11/12/2024,36.4531189,8.456674194,18.16980482,0,0.0000298
12/12/2024,36.82006226,6.476983643,15.55371456,0,0.0000298
13/12/2024,35.74546204,4.72689209,14.60811017,0,0.0000596
14/12/2024,35.64119873,0.43984375,10.82621954,0,0.0000298
15/12/2024,34.7893158,1.67711792,12.40660112,0,0.0000298
16/12/2024,35.58521423,3.68026123,13.69249983,0,0.0000298
17/12/2024,35.83933411,6.078973389,15.96641554,0,0.0000298
18/12/2024,35.01218567,4.486428833,14.95660552,0,0.0000298
19/12/2024,33.00591431,2.28522644,14.31244083,0,0.0000298
20/12/2024,32.59151611,2.306695557,14.67199746,0,0.0000298
21/12/2024,33.89226685,3.554238892,14.9050652,0,0.0000298
22/12/2024,35.03647766,4.994058228,15.47648209,0,0.0000298
23/12/2024,35.62946472,5.702813721,15.73612748,0,0.0000298
24/12/2024,35.90548096,7.197366333,17.18228705,0,0.0000298
25/12/2024,35.62374268,6.173348999,16.26257788,0,0.0000298
26/12/2024,35.77623901,4.430673218,14.28393927,0,0.0000298
27/12/2024,36.07425842,1.565545654,11.46642569,0,0.0000298
28/12/2024,36.01026306,1.586022949,11.52368043,0,0.0000298
29/12/2024,36.61589966,4.153283691,13.37858625,0,0.0000298
30/12/2024,37.14231262,4.401498413,13.22868949,3.882505417,0.0000298
31/12/2024,37.36594543,4.118264771,12.81142543,0,0.0000298
01/01/2025,37.18544922,6.05085144,14.80492774,0,0.0000298
02/01/2025,37.25621948,6.999368286,15.74459071,0,0.0000298
03/01/2025,36.77126465,8.452554321,17.85179084,0,0.0000298
04/01/2025,36.52607117,7.216241455,16.62947444,0,0.0000298
05/01/2025,36.83851013,7.431100464,16.59056113,0,0.0000298
06/01/2025,36.41240845,4.109384155,13.48653751,0,0.0000298
07/01/2025,36.28417358,2.652459717,12.25135142,0,0.0000298
08/01/2025,35.86087952,3.396630859,13.21896978,0,0.0000298
09/01/2025,35.23374329,2.949807739,13.25679582,0,0.0000298
10/01/2025,34.43032227,2.867883301,13.77908928,0,0.0000298
11/01/2025,34.95241699,2.32769165,12.88112803,0,0.0000298
12/01/2025,35.16781006,1.882226563,12.3297069,0,0.0000298
13/01/2025,36.38399658,1.851525879,11.50720826,0,0.0000298
14/01/2025,36.35881958,4.610910034,14.01065855,0,0.0000298
15/01/2025,36.3117157,8.615960693,18.50977852,0,0.0000298
16/01/2025,37.54668579,5.451913452,13.92639931,0,0.0000298
17/01/2025,37.38727722,4.267129517,12.93115732,0,0.0000298
18/01/2025,37.20922241,4.654443359,13.41634655,0,0.0000298
19/01/2025,36.26374207,11.72106323,22.84482658,0,0.0000298
20/01/2025,36.93816528,9.373239136,18.82611766,0,0.0000298
21/01/2025,36.45453796,11.63768921,22.4832805,0,0.0000298
22/01/2025,37.11217651,8.441278076,17.50982345,0.021506181,0.0000447
23/01/2025,35.86776123,11.10842285,22.41774679,0.145221844,0.0000596
24/01/2025,36.82807312,5.679528809,14.71237068,1.463683248,0.0000298
25/01/2025,36.10799561,9.409173584,19.74776159,0.054958437,0.0000298
26/01/2025,35.91530762,4.283563232,14.02965415,0,0.000149
27/01/2025,36.24201355,4.443658447,13.93623791,0,0.0000447
28/01/2025,36.23473511,5.497399902,15.00622705,0,0.000104
29/01/2025,36.28106079,3.137185669,12.68269506,0,0.0000298
30/01/2025,36.22065125,8.041986084,17.89101231,0,0.0000298
31/01/2025,36.64940796,10.04517517,20.0079476,0,0.0000298
01/02/2025,36.43325195,13.79795227,25.93435527,0,0.0000596
02/02/2025,36.0480896,13.57245789,26.10153402,0,0.0000894
03/02/2025,37.24428711,10.70487366,20.2425788,0,0.0000298
04/02/2025,38.32827148,-1.901495361,7.878505356,0,0.0000298
05/02/2025,38.19843445,5.673257446,13.65206916,0,0.0000298
06/02/2025,37.69532166,12.81112061,22.70222042,1.136569381,0.0000447
07/02/2025,38.12163696,14.26545105,24.38873593,0.318241924,0.0000298
08/02/2025,37.37824402,15.85621033,28.12777785,0,0.000119
09/02/2025,37.36121521,12.24118958,22.26838505,0,0.0000596
10/02/2025,38.57868347,7.989022827,15.68377,0.488465697,0.0000298
11/02/2025,38.32644043,1.939904785,10.42050937,0,0.0000298
12/02/2025,38.39174805,6.315011597,14.12424083,0,0.0000447
13/02/2025,38.366922,3.794793701,11.86251835,0,0.0000298
14/02/2025,38.20801697,2.689035034,11.06335703,0,0.0000298
15/02/2025,38.33806763,6.195932007,14.0491329,0,0.0000298
16/02/2025,38.30153809,1.12166748,9.838774974,0,0.0000298
17/02/2025,38.11672363,8.372216797,16.50400142,0,0.0000596
18/02/2025,38.91651306,6.727410889,14.12689855,0,0.0000298
19/02/2025,36.5397583,15.09641418,28.0421738,0,0.0000596
20/02/2025,37.82673035,12.70437012,22.38404193,0,0.0000298
21/02/2025,38.01822815,13.7098938,23.65688452,0,0.0000745
22/02/2025,35.96380005,17.1446167,32.98179812,3.991736412,0.011026859
23/02/2025,36.45517883,16.35361633,30.53306517,0,0.000417
24/02/2025,37.93653259,10.94237671,19.80738192,1.995868206,0.0000298
25/02/2025,38.30401001,5.776635742,13.67221992,0,0.0000298
26/02/2025,38.13082275,9.242486572,17.49167433,2.333133221,0.0000298
27/02/2025,38.4356781,9.813043213,17.87948965,0,0.0000298
28/02/2025,37.50872192,16.52024231,29.13746436,0,0.008508563
01/03/2025,38.59232483,11.87044678,20.33109274,#N/A,0.0000298
02/03/2025,39.30304871,10.90477905,18.35668772,#N/A,0.0000447
03/03/2025,38.83864746,13.37462769,22.14459198,#N/A,0.0000596
04/03/2025,38.14428101,15.73400269,26.77438116,#N/A,0.0000745
05/03/2025,38.31618652,15.74181519,26.54033599,#N/A,0.000164
06/03/2025,38.6458374,13.67939148,22.82405689,#N/A,0.0000298
07/03/2025,38.78637085,14.39489136,23.72842151,#N/A,0.000119
08/03/2025,39.19432983,14.91040955,23.99997996,#N/A,0.0000298
09/03/2025,38.63497314,15.61383972,25.87539176,#N/A,0.0000298
10/03/2025,38.06395874,17.28289185,29.6755399,#N/A,0.0000894
11/03/2025,37.82648621,17.28450928,30.06228177,#N/A,0.000358
12/03/2025,38.86959229,15.23349915,24.93494898,#N/A,0.0000298
13/03/2025,38.3583313,14.66378174,24.70730571,#N/A,0.000104
14/03/2025,38.34266052,15.94291077,26.84550088,#N/A,0.0000447
15/03/2025,38.53963623,15.29032288,25.4743429,#N/A,0.0000596
16/03/2025,38.63123474,10.92666016,19.05867429,#N/A,0.0000298
17/03/2025,39.13224182,10.28415833,17.77441265,#N/A,0.0000298
18/03/2025,39.19654236,9.618661499,16.94036906,#N/A,0.0000298
19/03/2025,38.00934753,12.23278198,21.48785893,#N/A,0.0000298
20/03/2025,37.87493286,13.75991211,23.9186452,#N/A,0.0000596
21/03/2025,38.277948,15.26075134,25.7872543,#N/A,0.0000596
22/03/2025,36.09957275,16.478479,31.38188916,#N/A,0.0000298
23/03/2025,37.26453552,15.21637878,27.16469834,#N/A,0.000119
24/03/2025,36.52984009,15.59163818,28.96382858,#N/A,0.0000745
25/03/2025,37.32167969,17.60813293,31.53471738,#N/A,0.004157424
26/03/2025,38.07589111,14.68410645,25.11986879,#N/A,0.0000596
27/03/2025,37.02112732,17.45169983,31.73965122,#N/A,0.000447
28/03/2025,36.3911377,16.65183411,31.22708652,#N/A,0.0000745
29/03/2025,37.63668213,16.61997375,29.12001411,#N/A,0.0000447
30/03/2025,38.08313904,17.18818054,29.46772561,#N/A,0.000268
31/03/2025,37.44944153,19.09613953,34.3792645,#N/A,0.002279878
01/04/2025,36.8023468,17.30805359,31.83017832,#N/A,0.000164
02/04/2025,35.66156921,19.88805542,39.81995816,#N/A,0.040888786
03/04/2025,36.75229797,17.99067078,33.32087648,#N/A,0.000298
04/04/2025,37.63620911,17.38587341,30.5690156,#N/A,0.0000596
05/04/2025,38.51311646,14.19169006,23.76523518,#N/A,0.0000447
06/04/2025,37.045755,16.16956482,29.21997439,#N/A,0.0000596
07/04/2025,38.41758118,13.8928772,23.42930437,#N/A,0.0000894
08/04/2025,37.72103271,17.66269836,30.96508904,#N/A,0.000149
09/04/2025,36.41239319,19.05353699,36.28162985,#N/A,0.000387
10/04/2025,37.6196228,17.82088623,31.44762681,#N/A,0.005215406
11/04/2025,36.79274902,18.8150116,35.01042292,#N/A,0.010997057
12/04/2025,37.40322266,16.32253418,28.9382905,#N/A,0.0000596
13/04/2025,37.76430664,16.08403931,27.94875487,#N/A,0.0000596
14/04/2025,37.49407349,16.61495361,29.33678665,#N/A,0.000283
15/04/2025,36.83405457,15.48569641,28.29394573,#N/A,0.0000745
16/04/2025,37.40514526,16.34926758,28.98458883,#N/A,0.000134
17/04/2025,37.24505005,19.06318054,34.69179713,#N/A,0.000149
18/04/2025,39.4274231,16.447229,26.15342944,#N/A,0.001251698
19/04/2025,37.16192017,17.56321106,31.71982115,#N/A,0.000343
20/04/2025,37.13808594,17.58864746,31.8119884,#N/A,0.000864
21/04/2025,37.91059265,16.3721405,28.24233593,#N/A,0.0000298
